date,ensemble,buy_and_hold,seed_0,seed_1,seed_2
2012-01-03,0.00968101346181538,0.015814365950254806,0.015814365950254806,0.0,0.013228674435191334
2012-01-04,-0.0006202029997462555,-0.0006769667128699641,-0.0006769667128699641,0.0,-0.0011836422863688023
2012-01-05,0.002180354816025602,0.0036119246111191326,0.0036119246111191326,0.0,0.0029291398369576727
2012-01-06,-0.0005825046295684181,-0.0010575577541960812,-0.0010575577541960812,0.0,-0.0006899561345091731
2012-01-09,0.0007664434184851151,0.0009270197836337202,0.0009270197836337202,0.0,0.001372310471821625
2012-01-10,0.005276198335333704,0.008598003378287599,0.008598003378287599,0.0,0.007230591627713512
2012-01-11,0.0016152289699851387,0.002747477463821535,0.002747477463821535,0.0,0.002098209446133881
2012-01-12,0.0009607698560713196,0.0016634904520500316,0.0016634904520500316,0.0,0.0012188191161639273
2012-01-13,-0.0022027517187523014,-0.003653301521848851,-0.003653301521848851,0.0,-0.0029549536344080527
2012-01-17,0.0023156796810274455,0.0038628217744402283,0.0038628217744402283,0.0,0.0030842172686421088
2012-01-18,0.006225040061811334,0.009680241121849597,0.009680241121849597,0.0,0.008994879063584404
2012-01-19,0.001883011475479024,0.0026512181335008656,0.0026512181335008656,0.0,0.002997816292936206
2012-01-20,0.0008047671057034374,0.001207150658555156,0.001207150658555156,0.0,0.001207150658555156
2012-01-23,0.00040763682563197773,0.0006114552384479666,0.0006114552384479666,0.0,0.0006114552384479666
2012-01-24,-0.0006833442781092251,-0.0010250164171638377,-0.0010250164171638377,0.0,-0.0010250164171638377
2012-01-25,0.006016163438495019,0.009024245157742528,0.009024245157742528,0.0,0.009024245157742528
2012-01-26,-0.001736596179524626,-0.002604894269286939,-0.002604894269286939,0.0,-0.002604894269286939
2012-01-27,0.0013249782257435411,0.0019874673386153117,0.0019874673386153117,0.0,0.0019874673386153117
2012-01-30,-0.0012181857769009523,-0.0018272786653514284,-0.0018272786653514284,0.0,-0.0018272786653514284
2012-01-31,0.0012323961436940738,0.0018485942155411106,0.0018485942155411106,0.0,0.0018485942155411106
2012-02-01,0.004961458867827506,0.007442188301741259,0.007442188301741259,0.0,0.007442188301741259
2012-02-02,0.0019611590119977818,0.0029417385179966726,0.0029417385179966726,0.0,0.0029417385179966726
2012-02-03,0.005573348888248061,0.008360023332372091,0.008360023332372091,0.0,0.008360023332372091
2012-02-06,0.00017157714083545865,0.000257365711253188,0.000257365711253188,0.0,0.000257365711253188
2012-02-07,0.0013566693916062208,0.002035004087409331,0.002035004087409331,0.0,0.002035004087409331
2012-02-08,0.001063859304276297,0.0015957889564144456,0.0015957889564144456,0.0,0.0015957889564144456
2012-02-09,-0.00039699113812781867,-0.000595486707191728,-0.000595486707191728,0.0,-0.000595486707191728
2012-02-10,-0.0039044770718219546,-0.005856715607732932,-0.005856715607732932,0.0,-0.005856715607732932
2012-02-13,0.004650322945819063,0.006975484418728595,0.006975484418728595,0.0,0.006975484418728595
2012-02-14,-0.00010201463985136291,-0.00015302195977704436,-0.00015302195977704436,0.0,-0.00015302195977704436
2012-02-15,-0.0024697554891134417,-0.003704633233670163,-0.003704633233670163,0.0,-0.003704633233670163
2012-02-16,0.006230848026952278,0.009346272040428417,0.009346272040428417,0.0,0.009346272040428417
2012-02-17,0.00037687450907232615,0.0005653117636084892,0.0005653117636084892,0.0,0.0005653117636084892
2012-02-21,0.0007650883401049136,0.0011476325101573703,0.0011476325101573703,0.0,0.0011476325101573703
2012-02-22,-0.000506644666992299,-0.0007599670004884484,-0.0007599670004884484,0.0,-0.0007599670004884484
2012-02-23,0.0032330966349059707,0.004849644952358956,0.004849644952358956,0.0,0.004849644952358956
2012-02-24,0.0011636379744209317,0.0017454569616313976,0.0017454569616313976,0.0,0.0017454569616313976
2012-02-27,0.001032968419927601,0.0015494526298914014,0.0015494526298914014,0.0,0.0015494526298914014
2012-02-28,0.0019750542112187516,0.0029625813168281277,0.0029625813168281277,0.0,0.0029625813168281277
2012-02-29,-0.007518999027910904,-0.011278498541866355,-0.011278498541866355,0.0,-0.011278498541866355
2012-03-01,0.0037821960439936423,0.005673294065990464,0.005673294065990464,0.0,0.005673294065990464
2012-03-02,-0.0019285708635328116,-0.0028928562952992174,-0.0028928562952992174,0.0,-0.0028928562952992174
2012-03-05,-0.0031755476179220255,-0.0047633214268830385,-0.0047633214268830385,0.0,-0.0047633214268830385
2012-03-06,-0.008569194535444113,-0.01285379180316617,-0.01285379180316617,0.0,-0.01285379180316617
2012-03-07,0.004162335069080296,0.006243502603620443,0.006243502603620443,0.0,0.006243502603620443
2012-03-08,0.005204607144211359,0.007806910716317039,0.007806910716317039,0.0,0.007806910716317039
2012-03-09,0.0031860836375599074,0.004779125456339861,0.004779125456339861,0.0,0.004779125456339861
2012-03-12,-0.0009276363175081034,-0.001391454476262155,-0.001391454476262155,0.0,-0.001391454476262155
2012-03-13,0.008256402966926979,0.012384604450390468,0.012384604450390468,0.0,0.012384604450390468
2012-03-14,-0.0034138519722666312,-0.005120777958399947,-0.005120777958399947,0.0,-0.005120777958399947
2012-03-15,0.003696068170826698,0.005544102256240047,0.005544102256240047,0.0,0.005544102256240047
2012-03-16,0.001293259520490464,0.001939889280735696,0.001939889280735696,0.0,0.001939889280735696
2012-03-19,0.0017438426297738657,0.0026157639446607985,0.0026157639446607985,0.0,0.0026157639446607985
2012-03-20,-0.002431521123075653,-0.0036472816846134792,-0.0036472816846134792,0.0,-0.0036472816846134792
2012-03-21,-0.0006711151528762042,-0.0010066727293143063,-0.0010066727293143063,0.0,-0.0010066727293143063
2012-03-22,-0.004494656977140088,-0.006741985465710132,-0.006741985465710132,0.0,-0.006741985465710132
2012-03-23,0.003980927489377609,0.005971391234066414,0.005971391234066414,0.0,0.005971391234066414
2012-03-26,0.008951011446406103,0.013188386030325927,0.013188386030325927,0.00047626227856645276,0.013188386030325927
2012-03-27,-0.00214590405593084,-0.00295383758716562,-0.00295383758716562,0.00010602203837573043,-0.0035898966190026304
2012-03-28,-0.0031350625704503012,-0.004773107200893067,-0.004773107200893067,0.0,-0.004632080510457837
2012-03-29,-0.0009905304207044865,-0.0011106284868737104,-0.0011106284868737104,0.0,-0.0018609627752397494
2012-03-30,0.001282189138445918,0.0010777704756463114,0.0010777704756463114,0.0,0.0027687969396914423
2012-04-02,0.004868923739298903,0.007580402530116248,0.007580402530116248,0.0,0.00702636868778046
2012-04-03,-0.004649213655213787,-0.006740674130385438,-0.006740674130385438,-0.002199177293258825,-0.005007789541997099
2012-04-04,-0.00658709697063055,-0.009706162271934559,-0.009706162271934559,0.0010256500864469053,-0.011080778726403995
2012-04-05,0.0003256956061675827,0.0008498201581788156,0.0008498201581788156,0.0,0.00012726666032393253
2012-04-09,-0.004939987714404619,-0.0062409506258471305,-0.0062409506258471305,0.0,-0.008579012517366725
2012-04-10,-0.008188885058685669,-0.011716457587754091,-0.011716457587754091,0.0,-0.012850197588302914
2012-04-11,0.0035445519891092424,0.004717837952467252,0.004717837952467252,0.0,0.005915818014860475
2012-04-12,0.007976684643632263,0.011757142325025394,0.011757142325025394,0.0,0.012172911605871395
2012-04-13,-0.007840531796157483,-0.010951975725736385,-0.010951975725736385,0.0,-0.012569619662736065
2012-04-16,-0.0011837425410537042,-0.0018483204529730068,-0.0018483204529730068,0.0,-0.001702907170188106
2012-04-17,0.008562550632344864,0.01281380838083479,0.01281380838083479,0.0,0.012873843516199801
2012-04-18,-0.002830015205397437,-0.0040992222505423,-0.0040992222505423,0.0,-0.00439082336565001
2012-04-19,-0.0028152116011573858,-0.004175766284657312,-0.004175766284657312,0.0,-0.004269868518814846
2012-04-20,0.0002752804693431902,0.00042143241875549633,0.00042143241875549633,0.0,0.0004044089892740743
2012-04-23,-0.004131489445756335,-0.005834200932514033,-0.005834200932514033,0.0,-0.0065602674047549716
2012-04-24,0.0019656606517514737,0.0025965622151392976,0.0025965622151392976,0.0,0.0033004197401151235
2012-04-25,0.007974545026276095,0.011705588841273928,0.011705588841273928,0.0,0.012218046237554358
2012-04-26,0.004685288685282056,0.0073284160978576264,0.0073284160978576264,0.0,0.006727449957988541
2012-04-27,0.0013076778920258897,0.0020041559716926114,0.0020041559716926114,0.0,0.001918877704385058
2012-04-30,-0.0018192119749944095,-0.0027160303145621124,-0.0027160303145621124,0.0,-0.0027416056104211163
2012-05-01,0.002673963960662088,0.003751661249804894,0.003751661249804894,0.0,0.004270230632181371
2012-05-02,-0.0016432431359428698,-0.002112727217743815,-0.002112727217743815,0.0,-0.002817002190084794
2012-05-03,-0.005601827163188869,-0.008415579525314586,-0.008415579525314586,0.0,-0.008389901964252022
2012-05-04,-0.009232586557600989,-0.013456405352387546,-0.013456405352387546,0.0,-0.014241354320415423
2012-05-07,0.00016497464163736837,0.0002558844348258593,0.0002558844348258593,0.0,0.0002390394900862458
2012-05-08,-0.002926076715860478,-0.004122510960772763,-0.004122510960772763,0.0,-0.004655719186808671
2012-05-09,-0.0035193165311659725,-0.005245301612174702,-0.005245301612174702,0.0,-0.005312647981323216
2012-05-10,0.0008576719320481171,0.001139323357000499,0.001139323357000499,0.0,0.0014336924391438522
2012-05-11,-0.0020338244880833798,-0.002637333209043624,-0.002637333209043624,0.0,-0.0034641402552065157
2012-05-14,-0.006646122220606883,-0.009270437446732149,-0.009270437446732149,0.0,-0.0106679292150885
2012-05-15,-0.0036848495634350734,-0.0053250531516954355,-0.0053250531516954355,0.0,-0.0057294955386097855
2012-05-16,-0.002811090195343424,-0.004454667418436464,-0.004454667418436464,0.0,-0.0039786031675938084
2012-05-17,-0.006272343283549808,-0.00815569498037234,-0.00815569498037234,0.0,-0.010661334870277085
2012-05-18,-0.0043063328165938415,-0.006185636631396751,-0.006185636631396751,0.0,-0.006733361818384775
2012-05-21,0.009036081516348026,0.014631330392657339,0.014631330392657339,0.0,0.012476914156386743
2012-05-22,-0.001224093217357758,-0.0033460923498584206,-0.0033460923498584206,0.0,-0.00032618730221485316
2012-05-23,0.000797734209629523,0.0015760680572261098,0.0015760680572261098,0.0,0.000817134571662459
2012-05-24,0.000167194863150788,-4.708024585036164e-05,-4.708024585036164e-05,0.0,0.0005486648353027257
2012-05-25,-0.001101868943620965,-0.0012831613949599086,-0.0012831613949599086,0.0,-0.0020224454359029863
2012-05-29,0.005152270844869034,0.008373626929578515,0.008373626929578515,0.0,0.007083185605028586
2012-05-30,-0.0045848844626939275,-0.00896647046475003,-0.00896647046475003,0.0,-0.0047881829233317515
2012-05-31,-0.0009550031774929598,-0.0010191033312000996,-0.0010191033312000996,0.0,-0.0018459062012787797
2012-06-01,-0.008812457112937848,-0.01470231048604751,-0.01470231048604751,0.0,-0.011735060852766033
2012-06-04,0.00016577629462859826,-0.0008407294466608928,-0.0008407294466608928,0.0,0.0013380583305466875
2012-06-05,0.002518407597401932,0.004947311473112448,0.004947311473112448,0.0,0.0026079113190933477
2012-06-06,0.009338939089259724,0.017280967836522367,0.017280967836522367,0.0,0.010735849431256805
2012-06-07,-0.000948661135352069,-0.002540720750514236,-0.002540720750514236,0.0,-0.0003052626555419713
2012-06-08,0.0037050437956063294,0.00691444285702465,0.00691444285702465,0.0,0.004200688529794339
2012-06-11,-0.0057819231803335515,-0.010947555254617347,-0.010947555254617347,0.0,-0.006398214286383308
2012-06-12,0.005061794951139753,0.009584388649682796,0.009584388649682796,0.0,0.005600996203736464
2012-06-13,-0.0021879232802859013,-0.00396769406701859,-0.00396769406701859,0.0,-0.002596075773839113
2012-06-14,0.004477760142635686,0.008814666284660256,0.008814666284660256,0.0,0.004618614143246802
2012-06-15,0.004854813714123145,0.009914460115096002,0.009914460115096002,0.0,0.004649981027273431
2012-06-18,0.0013384358467307973,0.0016348836383894617,0.0016348836383894617,0.0,0.0023804239018029305
2012-06-19,0.003967941945809187,0.007485931106566868,0.007485931106566868,0.0,0.004417894730860694
2012-06-20,-0.00037045355647046625,-0.0008569883737880035,-0.0008569883737880035,0.0,-0.0002543722956233951
2012-06-21,-0.01053893460238946,-0.021173018349852434,-0.021173018349852434,0.0,-0.010443785457315946
2012-06-22,0.0036678481101081032,0.0063971930856661086,0.0063971930856661086,0.0,0.004606351244658202
2012-06-25,-0.006540502103525574,-0.011661914842795162,-0.011661914842795162,0.0,-0.007959591467781557
2012-06-26,0.0016639747273905457,0.002913235150590732,0.002913235150590732,0.0,0.002078689031580905
2012-06-27,0.004359821803525891,0.009140568825364136,0.009140568825364136,0.0,0.003938896585213536
2012-06-28,-0.002046417911339208,-0.0033046398944896137,-0.0033046398944896137,0.0,-0.0028346138395280106
2012-06-29,0.011614412111545945,0.022398778297360655,0.022398778297360655,0.0,0.012444458037277183
2012-07-02,0.0018610491140216253,0.004183363298162879,0.004183363298162879,0.0,0.0013997840439019971
2012-07-03,0.003589871335085497,0.0078858244673071,0.0078858244673071,0.0,0.0028837895379493885
2012-07-05,-0.0020451479605870424,-0.004829894280703806,-0.004829894280703806,0.0,-0.001305549601057321
2012-07-06,-0.004677068416199633,-0.008757106712044493,-0.008757106712044493,0.0,-0.005274098536554406
2012-07-09,-0.0001258470450488214,-0.0001285752193192047,-0.0001285752193192047,0.0,-0.0002489659158272595
2012-07-10,-0.004251450194635016,-0.008604960588488097,-0.008604960588488097,0.0,-0.004149389995416952
2012-07-11,-0.00010708367925565585,0.0011032879729907185,0.0011032879729907185,0.0,-0.001424539010757686
2012-07-12,-0.002052346807490202,-0.003711970067154513,-0.003711970067154513,0.0,-0.0024450703553160922
2012-07-13,0.0070295790035927825,0.01381672344759478,0.01381672344759478,0.0,0.007272013563183566
2012-07-16,-0.0004779316816999871,-0.0005997314358021199,-0.0005997314358021199,0.0,-0.0008340636092978415
2012-07-17,0.0025829801175564215,0.004317231463083137,0.004317231463083137,0.0,0.003431708889586127
2012-07-18,0.003510107784221065,0.005660577028398795,0.005660577028398795,0.0,0.004869746324264401
2012-07-19,0.0014462065152089513,0.0018278641084533364,0.0018278641084533364,0.0,0.0025107554371735174
2012-07-20,-0.004039074800268398,-0.006627834372450003,-0.006627834372450003,0.0,-0.00548939002835519
2012-07-23,-0.004587172178729822,-0.008503530240619584,-0.008503530240619584,0.0,-0.005257986295569883
2012-07-24,-0.0037641629482744743,-0.006689233981759479,-0.006689233981759479,0.0,-0.004603254863063943
2012-07-25,0.000744192895437242,0.00226954260908091,0.00226954260908091,0.0,-3.696392276918426e-05
2012-07-26,0.006414859887057281,0.012141640601295111,0.012141640601295111,0.0,0.007102939059876734
2012-07-27,0.008409880539340664,0.014920434593122733,0.014920434593122733,0.0,0.010309207024899259
2012-07-30,-0.00030387253692229683,-0.0002465240366947508,-0.0002465240366947508,0.0,-0.0006650935740721397
2012-07-31,-0.0019397445625078539,-0.004334831015976315,-0.004334831015976315,0.0,-0.001484402671547247
2012-08-01,-0.0015693978049797998,-0.003853289261225057,-0.003853289261225057,0.0,-0.000854904153714342
2012-08-02,-0.003200455876295905,-0.006237145580506642,-0.006237145580506642,0.0,-0.0033642220483810713
2012-08-03,0.007952558868384849,0.015125245122898612,0.015125245122898612,0.0,0.008732431482255932
2012-08-06,0.0018725898212018051,0.003794922876453155,0.003794922876453155,0.0,0.0018228465871522603
2012-08-07,0.0019302615387128332,0.003652133008112346,0.003652133008112346,0.0,0.0021386516080261543
2012-08-08,0.00024534984171668736,0.00013256962357049984,0.00013256962357049984,0.0,0.0006034799015795622
2012-08-09,0.0009037922197706495,0.002028697391163381,0.002028697391163381,0.0,0.0006826792681485672
2012-08-10,0.0009376306356879989,0.0016677685893679906,0.0016677685893679906,0.0,0.0011451233176960063
2012-08-13,-0.00046772746616933943,-0.001398095779295161,-0.001398095779295161,0.0,-5.086619212857357e-06
2012-08-14,-0.0007194983531197038,-0.0023083535190616344,-0.0023083535190616344,0.0,0.0001498584597025232
2012-08-15,0.0004914772192195753,0.0007957665174576301,0.0007957665174576301,0.0,0.0006786651402010957
2012-08-16,0.003232353945924042,0.006022752219172767,0.006022752219172767,0.0,0.0036743096185993585
2012-08-17,0.0010369987095802983,0.0023467239006154995,0.0023467239006154995,0.0,0.0007642722281253955
2012-08-20,0.0003690486665821169,0.0006784647351544826,0.0006784647351544826,0.0,0.00042868126459186804
2012-08-21,-0.0009659615852696627,-0.0007530985646472699,-0.0007530985646472699,0.0,-0.0021447861911617185
2012-08-22,0.0011420212992487226,0.0029589014234285838,0.0029589014234285838,0.0,0.00046716247431758393
2012-08-23,-0.0027866224213866308,-0.004948235239968857,-0.004948235239968857,0.0,-0.003411632024191036
2012-08-24,0.0027647879985482683,0.0048197297501066496,0.0048197297501066496,0.0,0.0034746342455381552
2012-08-27,0.00025375580818494116,0.0006212074331018114,0.0006212074331018114,0.0,0.00014005999145301208
2012-08-28,-0.0001544110321180625,0.0001716596594664388,0.0001716596594664388,0.0,-0.0006348927558206263
2012-08-29,2.1628282031227464e-05,-0.0005909706186085107,-0.0005909706186085107,0.0,0.0006558554647021931
2012-08-30,-0.0033289559436857664,-0.0060474031284658,-0.0060474031284658,0.0,-0.0039394647025915
2012-08-31,0.00394260415759334,0.008844068183536002,0.008844068183536002,0.0,0.0029837442892440167
2012-09-04,-0.00015382831525696897,2.393741952293471e-05,2.393741952293471e-05,0.0,-0.0004854223652938416
2012-09-05,-0.00041226664013504686,-0.0010836971025183217,-0.0010836971025183217,0.0,-0.00015310281788681878
2012-09-06,0.00830539948409577,0.01496228739246327,0.01496228739246327,0.0,0.00995391105982404
2012-09-07,0.0018136023705388287,0.005315890157750014,0.005315890157750014,0.0,0.00012491695386647185
2012-09-10,-0.0031266380802941903,-0.005768261985505163,-0.005768261985505163,0.0,-0.0036116522553774066
2012-09-11,0.0012112087699089483,0.0027440531192902905,0.0027440531192902905,0.0,0.0008895731904365545
2012-09-12,0.0010482804137455393,0.001706666460144679,0.001706666460144679,0.0,0.0014381747810919387
2012-09-13,0.0068984734430581505,0.013933283991626666,0.013933283991626666,0.0,0.006762136337547786
2012-09-14,0.0014019835552440277,0.002448510884934063,0.002448510884934063,0.0,0.0017574397807980202
2012-09-17,-0.0004954272080609871,-0.0016213227541819087,-0.0016213227541819087,0.0,0.00013504112999894734
2012-09-18,0.00021571698067894456,0.00019540718446268147,0.00019540718446268147,0.0,0.0004517437575741523
2012-09-19,0.00016967478183232227,-1.3776897266126743e-05,-1.3776897266126743e-05,0.0,0.0005228012427630935
2012-09-20,-8.349310258485657e-06,-0.0003293605786320652,-0.0003293605786320652,0.0,0.00030431264785660825
2012-09-21,0.00040533663704380346,0.000876830957473973,0.000876830957473973,0.0,0.00033917895365743745
2012-09-24,-0.0009779163880608583,-0.0017267563029720989,-0.0017267563029720989,0.0,-0.0012069928612104762
2012-09-25,-0.004188291776993495,-0.007891580090536088,-0.007891580090536088,0.0,-0.004673295240444397
2012-09-26,-0.0025301936440903137,-0.00465238266416027,-0.00465238266416027,0.0,-0.00293819826811067
2012-09-27,0.004522944495986263,0.008846405899556964,0.008846405899556964,0.0,0.004722427588401823
2012-09-28,-0.00245544789908525,-0.004539530552524318,-0.004539530552524318,0.0,-0.0028268131447314326
2012-10-01,0.0013199591471993418,0.0029260548797400477,0.0029260548797400477,0.0,0.0010338225618579777
2012-10-02,0.0006036625859622613,0.001061451966153637,0.001061451966153637,0.0,0.0007495357917331469
2012-10-03,0.0015664628629547762,0.002143518318894955,0.002143518318894955,0.0,0.0025558702699693737
2012-10-04,0.002608761090996044,0.0052362408267842,0.0052362408267842,0.0,0.002590042446203933
2012-10-05,-0.0011724274517442067,-0.0028971822504778033,-0.0028971822504778033,0.0,-0.0006201001047548172
2012-10-08,-0.001733938607720335,-0.002609758528409556,-0.002609758528409556,0.0,-0.0025920572947514486
2012-10-09,-0.004722860596577572,-0.008312339553496684,-0.008312339553496684,0.0,-0.005856242236236031
2012-10-10,-0.0026591877255285,-0.0047249906652624294,-0.0047249906652624294,0.0,-0.0032525725113230707
2012-10-11,0.00041881410980190524,0.0019517872141737946,0.0019517872141737946,0.0,-0.0006953448847680788
2012-10-12,-0.0014637739832605967,-0.003803108211421402,-0.003803108211421402,0.0,-0.000588213738360388
2012-10-15,0.0031424457398971594,0.005251007378512929,0.005251007378512929,0.0,0.00417632984117855
2012-10-16,0.004617332393601629,0.008029662325512355,0.008029662325512355,0.0,0.005822334855292532
2012-10-17,0.000845729471163222,0.002571429093668831,0.002571429093668831,0.0,-3.424068017916504e-05
2012-10-18,-0.002212021933378028,-0.004033861698130481,-0.004033861698130481,0.0,-0.0026022041020036025
2012-10-19,-0.007984199639389183,-0.014308529316012864,-0.014308529316012864,0.0,-0.009644069602154682
2012-10-22,0.0005868786173260069,0.0004798494343579929,0.0004798494343579929,0.0,0.0012807864176200279
2012-10-23,-0.0058052777521625035,-0.01088669164304611,-0.01088669164304611,0.0,-0.006529141613441402
2012-10-24,-0.00160677156993283,-0.0035939391647355047,-0.0035939391647355047,0.0,-0.0012263755450629854
2012-10-25,0.0013279062593986775,0.002888453507150579,0.002888453507150579,0.0,0.0010952652710454537
2012-10-26,0.00020064216992263793,0.0005817973861617198,0.0005817973861617198,0.0,2.012912360619401e-05
2012-10-31,-0.0004808269576757655,0.00044801884975073094,0.00044801884975073094,0.0,-0.0018904997227780274
2012-11-01,0.004470988770806491,0.007440466290997161,0.007440466290997161,0.0,0.005972500021422311
2012-11-02,-0.005192171410600692,-0.010791822821174846,-0.010791822821174846,0.0,-0.004784691410627229
2012-11-05,0.001809839905525453,0.0038094474923727863,0.0038094474923727863,0.0,0.0016200722242035726
2012-11-06,0.0030810309733940093,0.006830020288860072,0.006830020288860072,0.0,0.0024130726313219553
2012-11-07,-0.00942354419754226,-0.017363027972540423,-0.017363027972540423,0.0,-0.010907604620086353
2012-11-08,-0.007784488638535088,-0.008038904490434129,-0.008038904490434129,-0.00893678142389075,-0.006377780001280387
2012-11-09,0.0014259723958650568,0.0015289108373514604,0.0015289108373514604,0.0015451925128116884,0.0012038138374320217
2012-11-12,0.0005141527683100981,0.0005778163688553884,0.0005778163688553884,0.00043809040428973713,0.0005265515317851687
2012-11-13,-0.003167954732713807,-0.003885828585168616,-0.003885828585168616,-0.003301332657879119,-0.002316702955093686
2012-11-14,-0.0093603021374649,-0.010806746549432134,-0.010806746549432134,-0.01116525356343726,-0.006108906299525307
2012-11-15,-0.0019660151731545152,-0.0025791538858692675,-0.0025791538858692675,-0.001753690102240979,-0.0015652015313532997
2012-11-16,0.0033512215181105364,0.003825782444432391,0.003825782444432391,0.004073593791940455,0.0021542883179587633
2012-11-19,0.014120436302483242,0.01677597410869035,0.01677597410869035,0.01733785835337274,0.008247476445386637
2012-11-20,8.573933319031186e-05,-0.000720920505649647,-0.000720920505649647,0.0002817984375517946,0.000696340067668788
2012-11-21,0.001586209470267974,0.0020935998996278295,0.0020935998996278295,0.002149858175798591,0.0005151703353775017
2012-11-23,0.009249587175322427,0.011846168658641165,0.011846168658641165,0.011942674761019867,0.003959918106306248
2012-11-26,-0.0009600847146441048,-0.0007292121947617191,-0.0007292121947617191,-0.0012041596393618903,-0.0009468823098087054
2012-11-27,-0.003666692282251601,-0.00442298745656382,-0.00442298745656382,-0.004815650587683518,-0.0017614388025074645
2012-11-28,0.0038249213025681995,0.004498516914983863,0.004498516914983863,0.00464217139657056,0.002334075596150176
2012-11-29,0.0037824005241933784,0.004904647161665632,0.004904647161665632,0.004888682588259918,0.0015538718226545845
2012-11-30,-0.0008767587558588088,-0.001508367845538694,-0.001508367845538694,-0.0012366535078430553,0.00011474508580532339
2012-12-03,-0.0019919530985005427,-0.0023723657319891346,-0.0023723657319891346,-0.0024646996860549384,-0.0011387938774575558
2012-12-04,-0.0010235225471682246,-0.0012260876136481636,-0.0012260876136481636,-0.0018036835820322782,-4.0796445824231584e-05
2012-12-05,0.0008037938931742872,0.0006032641700429054,0.0006032641700429054,0.000651113281244986,0.00115700422823497
2012-12-06,0.0022577148163670734,0.003157463273660155,0.003157463273660155,0.002942043677981876,0.0006736374974591897
2012-12-07,0.0014647265409928965,0.0011092275485872992,0.0011092275485872992,0.0020327935670410914,0.0012521585073502982
2012-12-10,0.0014130747834705472,0.0020411329541795697,0.0020411329541795697,0.001599138974703973,0.0005989524215280984
2012-12-11,0.005201546821531774,0.006264475630786392,0.006264475630786392,0.007024563518308491,0.0023156013155004374
2012-12-12,-0.000528136390215365,-0.0013278268971081864,-0.0013278268971081864,-0.00016682265153806776,-8.97596219998409e-05
2012-12-13,-0.00490758669267766,-0.006331113891679163,-0.006331113891679163,-0.00640446140932126,-0.001987184777032558
2012-12-14,-0.0027039769754782874,-0.00316196740480551,-0.00316196740480551,-0.00391191405112602,-0.0010380494705033328
2012-12-17,0.006959654390735125,0.00833578422241844,0.00833578422241844,0.009832549510060606,0.002710629439726331
2012-12-18,0.006295758353104927,0.00795841178580139,0.00795841178580139,0.008194230196409458,0.002734633077103932
2012-12-19,-0.0037866752842871183,-0.00442576179194204,-0.00442576179194204,-0.00442576179194204,-0.002508502268977275
2012-12-20,0.0021822798219728397,0.0026972168437352064,0.0026972168437352064,0.0026972168437352064,0.0011524057784481068
2012-12-21,-0.0045304109212609784,-0.005549590985890207,-0.005549590985890207,-0.005549590985890207,-0.0024920507920025204
2012-12-24,-0.0026001681310780698,-0.0032361492996873407,-0.0032361492996873407,-0.0032361492996873407,-0.001328205793859527
2012-12-26,-0.002316151630147804,-0.0030276329926594457,-0.0030276329926594457,-0.0030276329926594457,-0.0008931889051245201
2012-12-27,-0.0006508057234535552,-0.000753759228108375,-0.000753759228108375,-0.000753759228108375,-0.00044489871414391533
2012-12-28,-0.0066603267020041565,-0.008374983500250243,-0.008374983500250243,-0.008374983500250243,-0.0032310131055119816
2012-12-31,0.009789121422025216,0.01271672690116874,0.01271672690116874,0.01271672690116874,0.0039339104637381665
2013-01-02,0.01629407417527018,0.020947668103242122,0.020947668103242122,0.020947668103242122,0.0069868863193262905
2013-01-03,-0.0029388838195268125,-0.0043045109527031,-0.0043045109527031,-0.0043045109527031,-0.0002076295531742378
2013-01-04,0.002683124629014507,0.0034231939056088346,0.0034231939056088346,0.0034231939056088346,0.0012029860758258515
2013-01-07,-0.0017511452712120552,-0.002443901862557918,-0.002443901862557918,-0.002443901862557918,-0.00036563208852032905
2013-01-08,-0.0005282950843369271,-0.0004922304934344756,-0.0004922304934344756,-0.0004922304934344756,-0.0006004242661418302
2013-01-09,0.0022469278017983227,0.00245076524117428,0.00245076524117428,0.00245076524117428,0.0018392529230464084
2013-01-10,0.004871481320416993,0.00624994085698991,0.00624994085698991,0.00624994085698991,0.0021145622472711566
2013-01-11,0.0003258880441093052,0.00043728779107471416,0.00043728779107471416,0.00043728779107471416,0.00010308855017848728
2013-01-14,-0.0007039138602630834,-0.001132798631888654,-0.001132798631888654,-0.001132798631888654,0.00015385568298805773
2013-01-15,0.0009199401713387992,0.0013352048898195856,0.0013352048898195856,0.0013352048898195856,8.941073437722658e-05
2013-01-16,0.0004431946289648714,0.0008497178056347421,0.0008497178056347421,0.0008497178056347421,-0.00036985172437487
2013-01-17,0.003444647814005508,0.004051551972722056,0.004051551972722056,0.004051551972722056,0.002230839496572412
2013-01-18,0.0019504349554963088,0.00249838904148546,0.00249838904148546,0.00249838904148546,0.0008545267835180059
2013-01-22,0.003696627892111167,0.00489421385800799,0.00489421385800799,0.00489421385800799,0.0013014559603175212
2013-01-23,0.0009673704370024536,0.0011664229169459418,0.0011664229169459418,0.0011664229169459418,0.000569265477115477
2013-01-24,-0.001192791351207682,-0.0023258528579978566,-0.0023258528579978566,-0.0023258528579978566,0.0010733316623726674
2013-01-25,0.0023718044208139275,0.0026712316601030127,0.0026712316601030127,0.0026712316601030127,0.0017729499422357575
2013-01-28,-0.0007990861164298702,-0.0009745034800206498,-0.0009745034800206498,-0.0009745034800206498,-0.00044825138924831087
2013-01-29,0.0032941958450645997,0.003996926188989669,0.003996926188989669,0.003996926188989669,0.0018887351572144605
2013-01-30,-0.002428399392106066,-0.0031274281284615958,-0.0031274281284615958,-0.0031274281284615958,-0.0010303419193950058
2013-01-31,-0.0006992840178993487,-0.0006601051432567173,-0.0006601051432567173,-0.0006601051432567173,-0.0007776417671846114
2013-02-01,0.005646412267891192,0.00707860339735149,0.00707860339735149,0.00707860339735149,0.002782030008970593
2013-02-04,-0.0062205174968724165,-0.00779516560090091,-0.00779516560090091,-0.00779516560090091,-0.003071221288815429
2013-02-05,0.005672678421023466,0.0071588069990950465,0.0071588069990950465,0.0071588069990950465,0.002700421264880304
2013-02-06,0.0011069935331697311,0.0015674764950748266,0.0015674764950748266,0.0015674764950748266,0.00018602760935954032
2013-02-07,-0.0016059537416392876,-0.002053824815838845,-0.002053824815838845,-0.002053824815838845,-0.0007102115932401731
2013-02-08,0.004279245972439931,0.005611192724568659,0.005611192724568659,0.005611192724568659,0.0016153524681824737
2013-02-11,-0.0011484440589140184,-0.0015338781983468164,-0.0015338781983468164,-0.0015338781983468164,-0.0003775757800484225
2013-02-12,0.000847538553146284,0.0010567086006390447,0.0010567086006390447,0.0010567086006390447,0.0004291984581607622
2013-02-13,-0.000424667193145926,-0.0005808321642313708,-0.0005808321642313708,-0.0005808321642313708,-0.00011233725097503644
2013-02-14,0.0013748313311293114,0.0019157264312315903,0.0019157264312315903,0.0019157264312315903,0.0002930411309247538
2013-02-15,-0.00249225603958146,-0.003775740905980418,-0.003775740905980418,-0.003775740905980418,7.471369321645493e-05
2013-02-19,0.004158387400061203,0.005365384891797919,0.005365384891797919,0.005365384891797919,0.00174439241658777
2013-02-20,-0.00970929613409961,-0.013230850787778858,-0.013230850787778858,-0.013230850787778858,-0.0026661868267411127
2013-02-21,-0.003318924584694849,-0.004310853107552426,-0.004310853107552426,-0.004310853107552426,-0.0013350675389796952
2013-02-22,0.006381837511300985,0.008394957321657381,0.008394957321657381,0.008394957321657381,0.00235559789058819
2013-02-25,-0.009426840355935684,-0.01186690866950657,-0.01186690866950657,-0.01186690866950657,-0.004546703728793911
2013-02-26,0.004087802448093776,0.005254444224838539,0.005254444224838539,0.005254444224838539,0.0017545188946042512
2013-02-27,0.00676606790420075,0.008317238358048207,0.008317238358048207,0.008317238358048207,0.003663726996505834
2013-02-28,-0.0014687916703729302,-0.0019446701398110223,-0.0019446701398110223,-0.0019446701398110223,-0.0005170347314967461
2013-03-01,0.0025043160704957415,0.0030478825878940685,0.0030478825878940685,0.0030478825878940685,0.0014171830356990878
2013-03-04,0.001996929381907002,0.002337814530596427,0.002337814530596427,0.002337814530596427,0.0013151590845281503
2013-03-05,0.006173052854345151,0.007929860859123372,0.007929860859123372,0.007929860859123372,0.0026594368447887097
2013-03-06,0.0009441487742229156,0.0010711533361207227,0.0010711533361207227,0.0010711533361207227,0.0006901396504273016
2013-03-07,0.0010435252161465384,0.0014034053327608542,0.0014034053327608542,0.0014034053327608542,0.0003237649829179068
2013-03-08,0.0016853048805243263,0.0020082529821345064,0.0020082529821345064,0.0020082529821345064,0.0010394086773039656
2013-03-11,0.0023716171694907915,0.002900731089646047,0.002900731089646047,0.002900731089646047,0.0013133893291802812
2013-03-12,0.00034951859504559114,0.0003992418810238929,0.0003992418810238929,0.0003992418810238929,0.0002500720230889875
2013-03-13,5.5696758493957906e-05,-1.9050717802049365e-05,-1.9050717802049365e-05,-1.9050717802049365e-05,0.00020519171108597246
2013-03-14,0.002334428160824431,0.005020897684645409,0.005020897684645409,0.0007588468670539306,0.0012235399307739536
2013-03-15,-0.0002635195371833987,-0.0003009450815495196,-0.0003009450815495196,0.0,-0.0004896135300006766
2013-03-18,-0.0013853203488817464,-0.002506894405117299,-0.002506894405117299,0.0,-0.0016490666415279408
2013-03-19,-0.00047251931308001094,-0.001342999142835899,-0.001342999142835899,0.0,-7.455879640413387e-05
2013-03-20,0.0018497444483283165,0.0036652639192868873,0.0036652639192868873,0.0,0.0018839694256980622
2013-03-21,-0.0024694903845299044,-0.005361351487614718,-0.005361351487614718,0.0,-0.002047119665974995
2013-03-22,0.002493562912022011,0.00521295478629592,0.00521295478629592,0.0,0.002267733949770112
2013-03-25,-0.0012847972872538436,-0.0026711697018150017,-0.0026711697018150017,0.0,-0.0011832221599465287
2013-03-26,0.0028006134725841055,0.0056990167212469965,0.0056990167212469965,0.0,0.0027028236965053187
2013-03-27,0.0005352770980415163,0.0013185267399992596,0.0013185267399992596,0.0,0.00028730455412528944
2013-03-28,0.0007779889524894205,0.0009001628780963222,0.0009001628780963222,0.0,0.0014338039793719392
2013-04-01,-0.0008913476206508361,-0.0025807816592413936,-0.0025807816592413936,0.0,-9.32612027111146e-05
2013-04-02,0.0012898130182492937,0.001309556296586667,0.001309556296586667,0.0,0.002559882758161214
2013-04-03,-0.003924779045140573,-0.009388915415094169,-0.009388915415094169,0.0,-0.002385421720327552
2013-04-04,0.0017222833539091006,0.0038749889538553183,0.0038749889538553183,0.0,0.0012918611078719833
2013-04-05,-0.00028540804705199746,0.0004655965967343523,0.0004655965967343523,0.0,-0.0013218207378903446
2013-04-08,0.0015610924805248949,0.0034799782153633217,0.0034799782153633217,0.0,0.001203299226211363
2013-04-09,0.0016141122362892779,0.0037900030277658757,0.0037900030277658757,0.0,0.001052333681101958
2013-04-10,0.003965864345121669,0.008131894352495872,0.008131894352495872,0.0,0.003765698682869134
2013-04-11,0.0014142116144903979,0.0025246277124613024,0.0025246277124613024,0.0,0.001718007131009891
2013-04-12,-0.0020650110799316813,-0.006151737285459124,-0.006151737285459124,0.0,-4.329595433592015e-05
2013-04-15,-0.011090514954648899,-0.027380383698681243,-0.027380383698681243,0.0,-0.005891161165265457
2013-04-16,0.005119230356888279,0.011373345501684552,0.011373345501684552,0.0,0.003984345568980285
2013-04-17,-0.004942315817635815,-0.011948071406933491,-0.011948071406933491,0.0,-0.002878876045973955
2013-04-18,-0.0022040641045261195,-0.004238700983575006,-0.004238700983575006,0.0,-0.002373491330003352
2013-04-19,0.003069168205566068,0.0068624027929681366,0.0068624027929681366,0.0,0.002345101823730067
2013-04-22,0.002501088182702812,0.006326297230081846,0.006326297230081846,0.0,0.0011769673180265893
2013-04-23,0.0036218498618574998,0.008189797115870256,0.008189797115870256,0.0,0.0026757524697022415
2013-04-24,4.193890946169545e-05,0.002023165864235199,0.002023165864235199,0.0,-0.0018973491358501126
2013-04-25,0.002051977532991996,0.005137757368890827,0.005137757368890827,0.0,0.001018175230085161
2013-04-26,-0.00043493833571544015,-0.0011890314481413755,-0.0011890314481413755,0.0,-0.00011578355900494497
2013-04-29,0.002813684137320886,0.006788434797856613,0.006788434797856613,0.0,0.0016526176141060446
2013-04-30,0.0008708858987697132,0.003020722561816025,0.003020722561816025,0.0,-0.00040806486550688527
2013-05-01,-0.0040597729797988,-0.009381302846875194,-0.009381302846875194,0.0,-0.002798016092521205
2013-05-02,0.0041646614971650635,0.009623475611906462,0.009623475611906462,0.0,0.002870508879588729
2013-05-03,0.0032053848433768427,0.006980009177626656,0.006980009177626656,0.0,0.0026361453525038715
2013-05-06,0.0007828526077488777,0.0026978677160376385,0.0026978677160376385,0.0,-0.0003493098927910054
2013-05-07,0.00104060617760785,0.0017428611610553646,0.0017428611610553646,0.0,0.0013789573717681858
2013-05-08,0.0022045956242659668,0.0054114837339948926,0.0054114837339948926,0.0,0.001202303138803007
2013-05-09,-0.0011453158208862945,-0.003214083259125666,-0.003214083259125666,0.0,-0.00022186420353321746
2013-05-10,0.0008334495601739009,0.0010572631853614013,0.0010572631853614013,0.0,0.0014430854951603012
2013-05-13,2.4599021605520293e-05,-0.0007168242479602682,-0.0007168242479602682,0.0,0.0007906213127768291
2013-05-14,0.003160424692246962,0.006597454897212263,0.006597454897212263,0.0,0.002883819179528624
2013-05-15,0.0009038090830272256,0.00121572424765638,0.00121572424765638,0.0,0.001495703001425297
2013-05-16,-0.0012586375845278109,-0.002056543015587686,-0.002056543015587686,0.0,-0.0017193697379957462
2013-05-17,0.0023736462929249804,0.004843583765406856,0.004843583765406856,0.0,0.002277355113368085
2013-05-20,0.0010231327006445356,0.003833142848147164,0.003833142848147164,0.0,-0.0007637447462135571
2013-05-21,0.000689296982385627,0.0005301570182710714,0.0005301570182710714,0.0,0.0015377339288858093
2013-05-22,-0.0033928496339582057,-0.009000385717840153,-0.009000385717840153,0.0,-0.0011781631840344642
2013-05-23,0.00035001765901920097,0.0014256498912466498,0.0014256498912466498,0.0,-0.00037559691418904696
2013-05-24,-0.0006624626322696263,-0.0015983215986578147,-0.0015983215986578147,0.0,-0.000389066298151064
2013-05-28,0.002147144853261566,0.0040981007182429256,0.0040981007182429256,0.0,0.0023433338415417724
2013-05-29,-0.0018456490047488875,-0.002639745803973714,-0.002639745803973714,0.0,-0.002897201210272948
2013-05-30,0.0021537081031477293,0.005205180149976662,0.005205180149976662,0.0,0.0012559441594665265
2013-05-31,-0.006304146018012272,-0.013975261442282616,-0.013975261442282616,0.0,-0.004937176611754202
2013-06-03,0.0029837062274806095,0.007059223623189293,0.007059223623189293,0.0,0.0018918950592525352
2013-06-04,-0.002885935768860859,-0.007117030176390804,-0.007117030176390804,0.0,-0.0015407771301917728
2013-06-05,-0.004513986096075736,-0.009149085724384942,-0.009149085724384942,0.0,-0.004392872563842265
2013-06-06,0.0035272528033805837,0.007590196109704306,0.007590196109704306,0.0,0.0029915623004374446
2013-06-07,0.003003753574824023,0.005446050370516975,0.005446050370516975,0.0,0.003565210353955095
2013-06-10,0.0002673766089734094,0.0007300072276689162,0.0007300072276689162,0.0,7.212259925131193e-05
2013-06-11,-0.003216860751266637,-0.007716038478293064,-0.007716038478293064,0.0,-0.0019345437755068473
2013-06-12,-0.005519850700689159,-0.007904541529457753,-0.007904541529457753,0.0,-0.008655010572609723
2013-06-13,0.008983805711355231,0.013285766478825789,0.013285766478825789,0.0,0.013665650655239902
2013-06-14,-0.003976642895372429,-0.005707005933354348,-0.005707005933354348,0.0,-0.0062229227527629384
2013-06-17,0.003952109115064631,0.005682687053063062,0.005682687053063062,0.0,0.006173640292130833
2013-06-18,0.003973400412609758,0.005347108416900459,0.005347108416900459,0.0,0.006573092820928816
2013-06-19,-0.007785766122346727,-0.012261411799130262,-0.012261411799130262,0.0,-0.011095886567909918
2013-06-20,-0.0159953782622534,-0.02666938183544636,-0.02666938183544636,0.0,-0.021316752951313845
2013-06-21,-4.9233038376746606e-05,0.0005127218807590928,0.0005127218807590928,0.0,-0.0006604209958893326
2013-06-24,-0.00660351883176423,-0.010353100206562427,-0.010353100206562427,0.0,-0.00945745628873026
2013-06-25,0.004509762174908039,0.006579054993444156,0.006579054993444156,0.0,0.00695023153127996
2013-06-26,0.00381962610659965,0.0034583127749163054,0.0034583127749163054,0.0,0.008000565544882644
2013-06-27,0.003440368611241799,0.004682544357853813,0.004682544357853813,0.0,0.005638561475871584
2013-06-28,-0.0015080075233991758,-0.0005530632922574385,-0.0005530632922574385,0.0,-0.003970959277940089
2013-07-01,0.004124221462385017,0.007135038226504209,0.007135038226504209,0.0,0.005237626160650844
2013-07-02,-0.00043771516449673625,-0.0011340567293349423,-0.0011340567293349423,0.0,-0.00017908876415526632
2013-07-03,0.0008439098789336316,0.0014036645964720985,0.0014036645964720985,0.0,0.0011280650403287962
2013-07-05,0.004330129892206269,0.00369343615527844,0.00369343615527844,0.0,0.009296953521340367
2013-07-08,0.0031461529095365335,0.005805116769857832,0.005805116769857832,0.0,0.003633341958751768
2013-07-09,0.0038806161592130684,0.006336616518091276,0.006336616518091276,0.0,0.0053052319595479295
2013-07-10,0.0002323029629825224,9.416645787607703e-05,9.416645787607703e-05,0.0,0.0006027424310714902
2013-07-11,0.008195146029774026,0.014239275739043444,0.014239275739043444,0.0,0.010346162350278632
2013-07-12,0.001593451639887648,0.002304182738655369,0.002304182738655369,0.0,0.0024761721810075744
2013-07-15,0.0018752212751369512,0.0030975331195471022,0.0030975331195471022,0.0,0.0025281307058637515
2013-07-16,-0.0015286835969687163,-0.0018362638053733837,-0.0018362638053733837,0.0,-0.002749786985532765
2013-07-17,0.0011275466760354552,0.0011547537677263243,0.0011547537677263243,0.0,0.002227886260380041
2013-07-18,0.0024120525862868724,0.003273194978211913,0.003273194978211913,0.0,0.003962962780648704
2013-07-19,0.0010645608920384724,0.002831041211005458,0.002831041211005458,0.0,0.00036264146510995855
2013-07-22,0.002261255622033076,0.004955850189327848,0.004955850189327848,0.0,0.0018279166767713796
2013-07-23,-0.0011385798101062772,-0.0015805455923137645,-0.0015805455923137645,0.0,-0.001835193838005067
2013-07-24,-0.0025735723150972904,-0.005353568694320454,-0.005353568694320454,0.0,-0.002367148250971418
2013-07-25,0.0023814714159266764,0.004020325788841483,0.004020325788841483,0.0,0.0031240884589385453
2013-07-26,0.000799100080062883,0.0015484147142242222,0.0015484147142242222,0.0,0.0008488855259644268
2013-07-29,-0.0025581419204099916,-0.004322838518015381,-0.004322838518015381,0.0,-0.003351587243214593
2013-07-30,0.0004882556774045291,0.0005775242096510813,0.0005775242096510813,0.0,0.0008872428225625062
2013-07-31,0.0003838643819257803,0.0006950878620722301,0.0006950878620722301,0.0,0.0004565052837051109
2013-08-01,0.005102990307532788,0.006163593109463827,0.006163593109463827,0.0,0.009145377813134537
2013-08-02,0.0009691399092634055,0.0019054216264175138,0.0019054216264175138,0.0,0.001001998101372703
2013-08-05,-0.0006656219836525201,-0.0016444813151749616,-0.0016444813151749616,0.0,-0.00035238463578259884
2013-08-06,-0.003891615689063281,-0.006378924575553324,-0.006378924575553324,0.0,-0.005295922491636518
2013-08-07,-0.0014480783034763226,-0.0017269005993361453,-0.0017269005993361453,0.0,-0.0026173343110928227
2013-08-08,0.0024703115195413125,0.0049326342030029165,0.0049326342030029165,0.0,0.0024783003556210215
2013-08-09,-0.001724701474510611,-0.0025076823315328236,-0.0025076823315328236,0.0,-0.00266642209199901
2013-08-12,0.0003847377741698077,0.00113145839712252,0.00113145839712252,0.0,2.2754925386903047e-05
2013-08-13,0.0009736103886205604,0.00019942857979026173,0.00019942857979026173,0.0,0.0027214025860714196
2013-08-14,-0.0021124976500304983,-0.002599344711110463,-0.002599344711110463,0.0,-0.0037381482389810317
2013-08-15,-0.007550397348415638,-0.010958206561649819,-0.010958206561649819,0.0,-0.011692985483597096
2013-08-16,-0.0012972405587530803,-0.0017814348921699752,-0.0017814348921699752,0.0,-0.002110286784089266
2013-08-19,-0.003999075932945021,-0.006648962366362909,-0.006648962366362909,0.0,-0.005348265432472155
2013-08-20,0.003295970055818224,0.005496117796014577,0.005496117796014577,0.0,0.004391792371440095
2013-08-21,-0.0033814420085936936,-0.005762763113191715,-0.005762763113191715,0.0,-0.0043815629125893655
2013-08-22,0.005560842052471412,0.00913056695910972,0.00913056695910972,0.0,0.007551959198304514
2013-08-23,0.003116991785040057,0.00600510460966106,0.00600510460966106,0.0,0.003345870745459112
2013-08-26,-0.0009448983181398642,-0.0009641902914002021,-0.0009641902914002021,0.0,-0.00187050466301939
2013-08-27,-0.008299404471638202,-0.011339520333027996,-0.011339520333027996,0.0,-0.013558693081886609
2013-08-28,0.002130810603151612,0.002776443425884989,0.002776443425884989,0.0,0.0036159883835698457
2013-08-29,0.0014369070684796981,0.0022471297758476227,0.0022471297758476227,0.0,0.0020635914295914714
2013-08-30,-0.003109990024533845,-0.005181540261311823,-0.005181540261311823,0.0,-0.0041484298122897115
2013-09-03,0.0027618656101481734,0.004106108726093405,0.004106108726093405,0.0,0.004179488104351115
2013-09-04,0.004098767216418338,0.005392765809147093,0.005392765809147093,0.0,0.006903535840107921
2013-09-05,-0.0002686360242068031,-0.002013560101772005,-0.002013560101772005,0.0,0.0012076520291515957
2013-09-06,0.0009975984097123339,0.0024825854677045676,0.0024825854677045676,0.0,0.0005102097614324341
2013-09-09,0.0056615138030167746,0.008534053374539285,0.008534053374539285,0.0,0.008450488034511039
2013-09-10,0.0024042310348397363,0.0032571912432423967,0.0032571912432423967,0.0,0.003955501861276811
2013-09-11,0.0016980027602195413,0.0029914372844770387,0.0029914372844770387,0.0,0.0021025709961815854
2013-09-12,-0.0037755555529454163,-0.0057311273893498995,-0.0057311273893498995,0.0,-0.005595539269486349
2013-09-13,0.0014457540611081323,0.002362531180430594,0.002362531180430594,0.0,0.0019747310028938037
2013-09-16,0.0011640264885563615,0.0014128737053100803,0.0014128737053100803,0.0,0.0020792057603590043
2013-09-17,0.002853476203053451,0.004693371428307636,0.004693371428307636,0.0,0.0038670571808527175
2013-09-18,0.00877052375945863,0.013772901879063859,0.013772901879063859,0.0,0.01253866939931203
2013-09-19,-0.0011048728785624056,-0.0019525471634732727,-0.0019525471634732727,0.0,-0.0013620714722139438
2013-09-20,-0.004906860870396941,-0.007096835519069899,-0.007096835519069899,0.0,-0.007623747092120925
2013-09-23,-0.0021925915760885244,-0.002921933221467621,-0.002921933221467621,0.0,-0.003655841506797952
2013-09-24,-0.0007927466781974942,-0.0006498405139163888,-0.0006498405139163888,0.0,-0.0017283995206760939
2013-09-25,-0.00044221504815865993,-0.0005603286868592239,-0.0005603286868592239,0.0,-0.0007663164576167559
2013-09-26,0.001228726950698052,0.001492799260460398,0.001492799260460398,0.0,0.0021933815916337584
2013-09-27,-0.0011885544545685133,-0.001660557090748882,-0.001660557090748882,0.0,-0.001905106272956658
2013-09-30,-0.0030194348171241115,-0.004604193110831889,-0.004604193110831889,0.0,-0.004454111340540445
2013-10-01,0.0026057196973853377,0.0037568704955994623,0.0037568704955994623,0.0,0.004060288596556549
2013-10-02,0.0007135853083181616,0.0011459834496934662,0.0011459834496934662,0.0,0.0009947724752610188
2013-10-03,-0.004890143129475422,-0.007415445930914854,-0.007415445930914854,0.0,-0.00725498345751141
2013-10-04,0.003717958842076282,0.005539139712939167,0.005539139712939167,0.0,0.005614736813289678
2013-10-07,-0.004168430709586864,-0.00604927257871235,-0.00604927257871235,0.0,-0.006456019550048242
2013-10-08,-0.007492193389048052,-0.011224141035555812,-0.011224141035555812,0.0,-0.011252439131588344
2013-10-09,-0.0011201492764237912,-0.002080555578722709,-0.002080555578722709,0.0,-0.0012798922505486642
2013-10-10,0.010779582009930906,0.01625012310789916,0.01625012310789916,0.0,0.01608862292189356
2013-10-11,0.003507257755574681,0.005246634801463079,0.005246634801463079,0.0,0.005275138465260965
2013-10-14,0.0026906835156520295,0.0036330346895515732,0.0036330346895515732,0.0,0.004439015857404516
2013-10-15,-0.0031357155202719456,-0.004737044349367547,-0.004737044349367547,0.0,-0.00467010221144829
2013-10-16,0.008209329791133653,0.012940562905573483,0.012940562905573483,0.0,0.011687426467827477
2013-10-17,0.005090477317515825,0.00808916590133658,0.00808916590133658,0.0,0.0071822660512108946
2013-10-18,0.003925180738436544,0.005995458812386079,0.005995458812386079,0.0,0.005780083402923552
2013-10-21,-0.00045861076900981885,-0.0008467442643006806,-0.0008467442643006806,0.0,-0.0005290880427287759
2013-10-22,0.0036840203053344124,0.0060836617365492285,0.0060836617365492285,0.0,0.004968399179454008
2013-10-23,-0.003366711664324769,-0.004855427805802381,-0.004855427805802381,0.0,-0.005244707187171927
2013-10-24,0.0023688088319581027,0.0033593283113341533,0.0033593283113341533,0.0,0.003747098184540154
2013-10-25,0.002653639794096644,0.004165860381404119,0.004165860381404119,0.0,0.0037950590008858144
2013-10-28,0.00033558411524339614,0.000332513333011053,0.000332513333011053,0.0,0.0006742390127191355
2013-10-29,0.0023237426147142046,0.003550492735608901,0.003550492735608901,0.0,0.0034207351085337122
2013-10-30,-0.0030686616021306547,-0.0049037576272163205,-0.0049037576272163205,0.0,-0.0043022271791756436
2013-10-31,-0.0032813982006252517,-0.004815041840700585,-0.004815041840700585,0.0,-0.005029152761175171
2013-11-01,-0.00025519633282172034,-0.0009240111888634162,-0.0009240111888634162,0.0,0.00015842219039825524
2013-11-04,0.0023098750164718407,0.003511910183063327,0.003511910183063327,0.0,0.003417714866352195
2013-11-05,-0.002334599436636294,-0.00409933128710922,-0.00409933128710922,0.0,-0.0029044670227996615
2013-11-06,0.00200735010763086,0.003034836340878433,0.003034836340878433,0.0,0.0029872139820141474
2013-11-07,-0.0072929869622050175,-0.010515923431371865,-0.010515923431371865,0.0,-0.011363037455243186
2013-11-08,0.006022024579727868,0.007829724737617371,0.007829724737617371,0.0,0.010236349001566235
2013-11-11,9.988430662595989e-05,-3.870549896496378e-05,-3.870549896496378e-05,0.0,0.00033835841884284347
2013-11-12,-0.0018004569064020183,-0.002467733850862208,-0.002467733850862208,0.0,-0.0029336368683438472
2013-11-13,0.00472078551293429,0.007264717195669368,0.007264717195669368,0.0,0.0068976393431335
2013-11-14,0.0030930529682979303,0.004947631436798938,0.004947631436798938,0.0,0.004331527468094854
2013-11-15,0.002333041873804853,0.003600013605844543,0.003600013605844543,0.0,0.003399112015570016
2013-11-18,-0.0029442487719245694,-0.004115562255871263,-0.004115562255871263,0.0,-0.004717184059902446
2013-11-19,-0.0009717570980809645,-0.0018373536887319574,-0.0018373536887319574,0.0,-0.0010779176055109364
2013-11-20,-0.0030980784803554557,-0.005498259660139959,-0.005498259660139959,0.0,-0.0037959757809264082
2013-11-21,0.005253723480284834,0.007963290584909822,0.007963290584909822,0.0,0.007797879855944679
2013-11-22,0.002971921759075154,0.004924134667604552,0.004924134667604552,0.0,0.0039916306096209105
2013-11-25,0.0004137306822989591,0.0007649997393601282,0.0007649997393601282,0.0,0.0004761923075367491
2013-11-26,0.00039794702354315853,0.0007840049548608286,0.0007840049548608286,0.0,0.00040983611576864696
2013-11-27,0.0013929554155894105,0.0015987123033909922,0.0015987123033909922,0.0,0.002580153943377239
2013-11-29,0.0005398164797017602,0.0013430958481805866,0.0013430958481805866,0.0,0.0002763535909246939
2013-12-02,-0.0026618679590160363,-0.005674135903476751,-0.005674135903476751,0.0,-0.0023114679735713574
2013-12-03,-0.0017662470055876732,-0.002303908619293826,-0.002303908619293826,0.0,-0.0029948323974691936
2013-12-04,-0.0002051932770775755,6.261597445840205e-05,6.261597445840205e-05,0.0,-0.0006781958056911285
2013-12-05,-0.0023381964388275666,-0.004340332905724975,-0.004340332905724975,0.0,-0.002674256410757725
2013-12-06,0.00529512031673592,0.00828753711025454,0.00828753711025454,0.0,0.007597823839953222
2013-12-09,0.0015753575506242568,0.002973077925435086,0.002973077925435086,0.0,0.0017529947264376844
2013-12-10,-0.0011255910743699878,-0.00045263776592231465,-0.00045263776592231465,0.0,-0.002924135457187649
2013-12-11,-0.007416374539108306,-0.011903583743148793,-0.011903583743148793,0.0,-0.010345539874176125
2013-12-12,-0.002076734374160409,-0.004367471981562976,-0.004367471981562976,0.0,-0.00186273114091825
2013-12-13,0.0003507355765179022,0.0012302532162520087,0.0012302532162520087,0.0,-0.00017804648669830225
2013-12-16,0.003846050651387134,0.005714820237742157,0.005714820237742157,0.0,0.005823331716419244
2013-12-17,-0.0017917038854962433,-0.00289835638097794,-0.00289835638097794,0.0,-0.0024767552755107893
2013-12-18,0.00834855694411909,0.011832864576683044,0.011832864576683044,0.0,0.013212806255674225
2013-12-19,-0.0018887020865461124,-0.003429956889997554,-0.003429956889997554,-0.0012757683585370217,-0.0009603810111037614
2013-12-20,0.005093974931744874,0.008197660172096888,0.008197660172096888,0.0014009485388825737,0.0056833160842551635
2013-12-23,0.0032794144604546735,0.004476617193586973,0.004476617193586973,0.0,0.005361626187777047
2013-12-24,0.0010984243693144807,0.001476570180108361,0.001476570180108361,0.0,0.0018187029278350809
2013-12-26,0.002445038794385557,0.00375048208654456,0.00375048208654456,0.0,0.0035846342966121105
2013-12-27,-1.3982201161237086e-05,-2.1697015931687602e-07,-2.1697015931687602e-07,0.0,-4.1729633324394386e-05
2013-12-30,-0.0009859900881701224,-0.0018737747286561412,-0.0018737747286561412,0.0,-0.0010841955358542265
2013-12-31,0.002642178329305696,0.003962550234662942,0.003962550234662942,0.0,0.003963984753254146
2014-01-02,-0.005550614545741905,-0.005235935066806108,-0.005235935066806108,-0.005235935066806108,-0.006179973503613501
2014-01-03,0.0009082111423016365,0.0011125011656393346,0.0011125011656393346,0.0011125011656393346,0.0004996310956262406
2014-01-06,-0.0016767974649949467,-0.0015346190655562975,-0.0015346190655562975,-0.0015346190655562975,-0.0019611542638722445
2014-01-07,0.005289225031028007,0.00548737924258017,0.00548737924258017,0.00548737924258017,0.004892916607923681
2014-01-08,-7.448102749728993e-05,-0.0003615899013532764,-0.0003615899013532764,-0.0003615899013532764,0.000499736720214683
2014-01-09,0.0006142959005854857,0.0006891291283115719,0.0006891291283115719,0.0006891291283115719,0.0004646294451333133
2014-01-10,0.002703598968995373,0.004335096513550374,0.004335096513550374,0.00235080413769283,0.0014248962557429135
2014-01-13,-0.009479158524049095,-0.00960298647713469,-0.00960298647713469,-0.009177437581207083,-0.009657051513805515
2014-01-14,0.008563789193409594,0.008662966133545946,0.008662966133545946,0.008662966133545946,0.008365435313136892
2014-01-15,0.0030218785935124276,0.0045150524408399725,0.0045150524408399725,0.0009485528235688489,0.003602030516128463
2014-01-16,-0.00015181447012143265,0.00014814658098015742,0.00014814658098015742,0.0,-0.0006035899913444554
2014-01-17,-0.0009183599866225117,-0.0009704419950285926,-0.0009704419950285926,0.0,-0.0017846379648389422
2014-01-21,0.001281240430413355,0.0024959144456667692,0.0024959144456667692,-0.0015859011041245764,0.0029337079496978722
2014-01-22,0.0006384493112866597,0.0004823045960353878,0.0004823045960353878,0.00016709872558232642,0.0012659446122422647
2014-01-23,-0.0031199014911063583,-0.0029792308032296154,-0.0029792308032296154,0.0,-0.006380473670089459
2014-01-24,-0.010528320166627345,-0.01622725123251777,-0.01622725123251777,0.0,-0.015357709267364262
2014-01-27,-0.0042376127749437185,-0.007718765056939558,-0.007718765056939558,0.0,-0.004994073267891597
2014-01-28,0.0036184399274896764,0.0052435930766813075,0.0052435930766813075,0.0,0.005611726705787723
2014-01-29,-0.004417250220194701,-0.005976536898979412,-0.005976536898979412,0.0,-0.007275213761604693
2014-01-30,0.005344453007444686,0.0073825041504303026,0.0073825041504303026,0.0,0.008650854871903757
2014-01-31,-0.003493985618702696,-0.004657558248625848,-0.004657558248625848,0.0,-0.00582439860748224
2014-02-03,-0.010616907407986412,-0.015852217093848563,-0.015852217093848563,0.0,-0.015998505130110675
2014-02-04,0.0033715803485744726,0.004581508881701735,0.004581508881701735,0.0,0.005533232164021684
2014-02-05,-0.002690520171988857,-0.003292904849594924,-0.003292904849594924,-0.0020747839257439947,-0.0027038717406276504
2014-02-06,0.008679768532613511,0.008892768787669026,0.008892768787669026,0.008892768787669026,0.008253768022502484
2014-02-07,0.010712234778650367,0.01144845208850942,0.01144845208850942,0.01144845208850942,0.009239800158932266
2014-02-10,0.0013461052159485676,0.002533596473527788,0.002533596473527788,6.538082576493798e-05,0.0014393383485529765
2014-02-11,0.005998381544378036,0.009905186570128899,0.009905186570128899,0.0,0.00808995806300521
2014-02-12,0.00022188295423770658,0.00029931060845918013,0.00029931060845918013,0.0,0.00036633825425393953
2014-02-13,0.0036815460783819073,0.006595235752931838,0.006595235752931838,0.0,0.004449402482213882
2014-02-14,0.0028659930619816237,0.00508576642900811,0.00508576642900811,0.0,0.0035122127569367613
2014-02-18,0.00223053762113421,0.0035844277984733884,0.0035844277984733884,0.0,0.003107185064929241
2014-02-19,-0.003742597913285732,-0.006434309443325037,-0.006434309443325037,0.0,-0.004793484296532158
2014-02-20,0.003364947444850634,0.005618702642000828,0.005618702642000828,0.0,0.004476139692551073
2014-02-21,-0.00047045942082752924,-0.0006435861748765092,-0.0006435861748765092,0.0,-0.0007677920876060784
2014-02-24,0.005317920583643813,0.00659095648968111,0.00659095648968111,0.0040132977096753565,0.005349507551574972
2014-02-25,-0.00047743595105178557,-0.00025776432610148393,-0.00025776432610148393,-0.00013037737899795898,-0.001044166148055914
2014-02-26,-9.378106495898653e-05,-0.0002592402652173531,-0.0002592402652173531,0.0,-2.2102929659606475e-05
2014-02-27,0.0027063442224248397,0.004770612706783717,0.004770612706783717,0.0,0.0033484199604908007
2014-02-28,0.0007127618752512998,0.0007601458557774277,0.0007601458557774277,0.0003309547431161186,0.0010471850268603533
2014-03-03,-0.0047355425673125335,-0.003395237186292788,-0.003395237186292788,-0.00572932152509722,-0.005082068990547595
2014-03-04,0.007222461999399965,0.010117256207307223,0.010117256207307223,0.0,0.011550129790892672
2014-03-05,0.0001730988014886803,0.0005169457674513711,0.0005169457674513711,0.0,2.3506370146697543e-06
2014-03-06,0.0007138509899854761,0.001143379977444381,0.001143379977444381,0.0,0.0009981729925120475
2014-03-07,-0.0005480459528132438,-0.0017018440920973043,-0.0017018440920973043,0.0,5.7706233657572883e-05
2014-03-10,7.752444350217491e-05,0.00012023643059583256,0.00012023643059583256,0.0,0.00011233689991069218
2014-03-11,-0.00267503906710486,-0.0037078903273755404,-0.0037078903273755404,0.0,-0.00431722687393904
2014-03-12,0.0010461478287533855,0.0027314847625929395,0.0027314847625929395,0.0,0.00040695872366721677
2014-03-13,-0.005457487497921051,-0.008173407548931467,-0.008173407548931467,0.0,-0.008199054944831686
2014-03-14,-0.0012038924827431888,-0.0018058387241147833,-0.0018058387241147833,0.0,-0.0018058387241147833
2014-03-17,0.003463689853641294,0.0051955347804619415,0.0051955347804619415,0.0,0.0051955347804619415
2014-03-18,0.00482457476736821,0.007236862151052315,0.007236862151052315,0.0,0.007236862151052315
2014-03-19,-0.004412134983497766,-0.006618202475246649,-0.006618202475246649,0.0,-0.006618202475246649
2014-03-20,0.0027109253861874534,0.00406638807928118,0.00406638807928118,0.0,0.00406638807928118
2014-03-21,-0.0018396099152030295,-0.0027594148728045443,-0.0027594148728045443,0.0,-0.0027594148728045443
2014-03-24,-0.0033782505644555684,-0.005067375846683353,-0.005067375846683353,0.0,-0.005067375846683353
2014-03-25,0.0023145471523003873,0.0034718207284505807,0.0034718207284505807,0.0,0.0034718207284505807
2014-03-26,-0.0048313189692067065,-0.00724697845381006,-0.00724697845381006,0.0,-0.00724697845381006
2014-03-27,-0.0010128916687918228,-0.0015193375031877343,-0.0015193375031877343,0.0,-0.0015193375031877343
2014-03-28,0.0013501727735876804,0.0020252591603815207,0.0020252591603815207,0.0,0.0020252591603815207
2014-03-31,0.004225028661048087,0.0063375429915721315,0.0063375429915721315,0.0,0.0063375429915721315
2014-04-01,0.0038160869889089914,0.005724130483363487,0.005724130483363487,0.0,0.005724130483363487
2014-04-02,0.0017016015228249841,0.002552402284237476,0.002552402284237476,0.0,0.002552402284237476
2014-04-03,-0.001389143499796123,-0.0020837152496941845,-0.0020837152496941845,0.0,-0.0020837152496941845
2014-04-04,-0.0066383713922238815,-0.009957557088335822,-0.009957557088335822,0.0,-0.009957557088335822
2014-04-07,-0.006317882430916866,-0.0094768236463753,-0.0094768236463753,0.0,-0.0094768236463753
2014-04-08,0.003029754081999725,0.0045446311229995874,0.0045446311229995874,0.0,0.0045446311229995874
2014-04-09,0.006543653021995562,0.009815479532993342,0.009815479532993342,0.0,0.009815479532993342
2014-04-10,-0.011682103553892742,-0.01752315533083911,-0.01752315533083911,0.0,-0.01752315533083911
2014-04-11,-0.004769432050934786,-0.007154148076402178,-0.007154148076402178,0.0,-0.007154148076402178
2014-04-14,0.004618312710410703,0.006927469065616055,0.006927469065616055,0.0,0.006927469065616055
2014-04-15,0.003065453656090352,0.004598180484135528,0.004598180484135528,0.0,0.004598180484135528
2014-04-16,0.005408072030951727,0.00811210804642759,0.00811210804642759,0.0,0.00811210804642759
2014-04-17,-0.00013859362850652998,-0.00020789044275979496,-0.00020789044275979496,0.0,-0.00020789044275979496
2014-04-21,0.002274888511031459,0.0034123327665471883,0.0034123327665471883,0.0,0.0034123327665471883
2014-04-22,0.003167474044177158,0.004751211066265737,0.004751211066265737,0.0,0.004751211066265737
2014-04-23,-0.0014024226991062796,-0.0021036340486594194,-0.0021036340486594194,0.0,-0.0021036340486594194
2014-04-24,0.0015875111811691543,0.0023812667717537316,0.0023812667717537316,0.0,0.0023812667717537316
2014-04-25,-0.005052111921985817,-0.007578167882978726,-0.007578167882978726,0.0,-0.007578167882978726
2014-04-28,0.0005052476622350902,0.0007578714933526354,0.0007578714933526354,0.0,0.0007578714933526354
2014-04-29,0.0030526712397327183,0.004579006859599078,0.004579006859599078,0.0,0.004579006859599078
2014-04-30,0.0012290448439707799,0.0018435672659561698,0.0018435672659561698,0.0,0.0018435672659561698
2014-05-01,0.000777193162769807,0.0011657897441547105,0.0011657897441547105,0.0,0.0011657897441547105
2014-05-02,8.195033336890015e-05,0.00012292550005335023,0.00012292550005335023,0.0,0.00012292550005335023
2014-05-05,0.0015106922573241866,0.00226603838598628,0.00226603838598628,0.0,0.00226603838598628
2014-05-06,-0.005049425973723731,-0.0075741389605855965,-0.0075741389605855965,0.0,-0.0075741389605855965
2014-05-07,0.0012745163149706492,0.0019117744724559738,0.0019117744724559738,0.0,0.0019117744724559738
2014-05-08,-0.0019044093834789035,-0.0028566140752183554,-0.0028566140752183554,0.0,-0.0028566140752183554
2014-05-09,0.0016332658182852896,0.001858776586643318,0.001858776586643318,0.0011822442815692335,0.001858776586643318
2014-05-12,0.007353431096342647,0.009894085166932631,0.009894085166932631,0.002272122955162681,0.009894085166932631
2014-05-13,-5.0099099934057045e-05,0.0004136115385105499,0.0004136115385105499,-0.0009775203768232709,0.0004136115385105499
2014-05-14,-0.002009330721556568,-0.0022018410831046607,-0.0022018410831046607,-0.0016243099984603825,-0.0022018410831046607
2014-05-15,-0.005020796734579632,-0.00719365660500676,-0.00719365660500676,-0.0006750769937253764,-0.00719365660500676
2014-05-16,0.0017508141358962986,0.0022883489724227824,0.0022883489724227824,0.0006757444628433307,0.0022883489724227824
2014-05-19,0.0029369403677391493,0.0036140549811867094,0.0036140549811867094,0.0015827111408440286,0.0036140549811867094
2014-05-20,-0.0041313124089987,-0.005136613037710169,-0.005136613037710169,-0.0021207111515757606,-0.005136613037710169
2014-05-21,0.004395027118118574,0.005724675016966385,0.005724675016966385,0.0017357313204229507,0.005724675016966385
2014-05-22,0.0025889347877871304,0.003074184852778783,0.003074184852778783,0.0016184346578038244,0.003074184852778783
2014-05-23,0.003286501031542281,0.0040274714604917605,0.0040274714604917605,0.0018045601736433215,0.0040274714604917605
2014-05-27,0.004009502420352747,0.004671319871143787,0.004671319871143787,0.002685867518770668,0.004671319871143787
2014-05-28,-0.0010595996313002194,-0.0009894778592992259,-0.0009894778592992259,-0.0011998431753022065,-0.0009894778592992259
2014-05-29,0.0026702577663233694,0.0036241551998780095,0.0036241551998780095,0.0007624628992140891,0.0036241551998780095
2014-05-30,-0.0002706042726068595,-0.00012756628935429727,-0.00012756628935429727,-0.0005566802391119841,-0.00012756628935429727
2014-06-02,-0.0013014485713460015,-0.0015942899030802703,-0.0015942899030802703,-0.0007157659078774637,-0.0015942899030802703
2014-06-03,-0.0005914057202942136,-0.0009096072197965932,-0.0009096072197965932,4.499727871054571e-05,-0.0009096072197965932
2014-06-04,0.0011620164078480768,0.0014836886021264207,0.0014836886021264207,0.0005186720192913886,0.0014836886021264207
2014-06-05,0.006319295053366606,0.0072835304535247445,0.0072835304535247445,0.00439082425305033,0.0072835304535247445
2014-06-06,0.003620150499599184,0.004361105383656916,0.004361105383656916,0.0021382407314837204,0.004361105383656916
2014-06-09,0.001338231066295877,0.0012840272582485767,0.0012840272582485767,0.0014466386823904775,0.0012840272582485767
2014-06-10,0.00046197711464717925,0.00047402097720615765,0.00047402097720615765,0.0004378893895292224,0.00047402097720615765
2014-06-11,-0.0018520318815538654,-0.0018761256330854237,-0.0018761256330854237,-0.0018038443784907487,-0.0018761256330854237
2014-06-12,-0.0017175862036852175,-0.0025995976549108347,-0.0025995976549108347,4.643669876601697e-05,-0.0025995976549108347
2014-06-13,0.0019880334980558116,0.00267092228701471,0.00267092228701471,0.0006222559201380151,0.00267092228701471
2014-06-16,0.0004967108396989477,0.0008199525024288779,0.0008199525024288779,-0.00014977248576091283,0.0008199525024288779
2014-06-17,0.0013052481489000548,0.001454290557535265,0.001454290557535265,0.0010071633316296347,0.001454290557535265
2014-06-18,0.00514518227853206,0.006272367934905865,0.006272367934905865,0.0028908109657844517,0.006272367934905865
2014-06-19,0.002854735620057199,0.0031580127488235908,0.0031580127488235908,0.002248181362524415,0.0031580127488235908
2014-06-20,0.0026150860137487205,0.003260455095500303,0.003260455095500303,0.0013243478502455552,0.003260455095500303
2014-06-23,5.905228365405967e-05,0.0001448258932811197,0.0001448258932811197,-0.00011249493560006041,0.0001448258932811197
2014-06-24,-0.0033954776453588163,-0.0044819914901073395,-0.0044819914901073395,-0.0012224499558617708,-0.0044819914901073395
2014-06-25,0.003665900058493691,0.004776071040116858,0.004776071040116858,0.0014455580952473569,0.004776071040116858
2014-06-26,-0.00028783438973872073,-0.0002484481723053933,-0.0002484481723053933,-0.0003666068246053755,-0.0002484481723053933
2014-06-27,0.0015679776301656177,0.0018932728402508369,0.0018932728402508369,0.0009173872099951796,0.0018932728402508369
2014-06-30,0.001368074112357679,0.0013123049632431604,0.0013123049632431604,0.001479612410586717,0.0013123049632431604
2014-07-01,0.004050755820541555,0.005420370345021486,0.005420370345021486,0.0013115267715816947,0.005420370345021486
2014-07-02,-0.0007659030512884783,-0.0004370790119134438,-0.0004370790119134438,-0.0014235511300385473,-0.0004370790119134438
2014-07-03,0.0028032250775420708,0.003584508848250678,0.003584508848250678,0.0012406575361248561,0.003584508848250678
2014-07-07,-0.0032609618557577825,-0.003950885832553508,-0.003950885832553508,-0.0018811139021663315,-0.003950885832553508
2014-07-08,-0.004082893600965579,-0.005364315159584687,-0.005364315159584687,-0.0015200504837273644,-0.005364315159584687
2014-07-09,0.003358232961175782,0.004281830479037074,0.004281830479037074,0.0015110379254531959,0.004281830479037074
2014-07-10,-0.0028597738412771724,-0.0035327144913665396,-0.0035327144913665396,-0.0015138925410984384,-0.0035327144913665396
2014-07-11,0.0015086066541716329,0.0017563970172600253,0.0017563970172600253,0.0010130259279948484,0.0017563970172600253
2014-07-14,0.0010809029915377097,0.001976147796346617,0.001976147796346617,-0.0007095866180801047,0.001976147796346617
2014-07-15,-0.0028599766822827092,-0.003382495960833942,-0.003382495960833942,-0.0018149381251802432,-0.003382495960833942
2014-07-16,0.0032709774900749333,0.003724871481766112,0.003724871481766112,0.002363189506692576,0.003724871481766112
2014-07-17,-0.0055919951011049705,-0.007208381730418845,-0.007208381730418845,-0.0023592218424772216,-0.007208381730418845
2014-07-18,0.006640739795055614,0.008051516193775676,0.008051516193775676,0.0038191869976154868,0.008051516193775676
2014-07-21,-0.0007829315005570863,-0.0009291983500161249,-0.0009291983500161249,-0.0004903978016390087,-0.0009291983500161249
2014-07-22,0.004068058159862134,0.004704322737029687,0.004704322737029687,0.002795529005527031,0.004704322737029687
2014-07-23,0.002153938911757351,0.002500588622888944,0.002500588622888944,0.0014606394894941643,0.002500588622888944
2014-07-24,-0.0020523227418634362,-0.002113486961765709,-0.002113486961765709,-0.0019299943020588905,-0.002113486961765709
2014-07-25,-0.0016470005267578468,-0.0019753857252980843,-0.0019753857252980843,-0.0009902301296773719,-0.0019753857252980843
2014-07-28,-0.0005938461016392504,-0.0005112863651944077,-0.0005112863651944077,-0.0007589655745289358,-0.0005112863651944077
2014-07-29,-0.0012683856722724653,-0.001537186755648401,-0.001537186755648401,-0.0007307835055205935,-0.001537186755648401
2014-07-30,-0.0008768805496884377,-0.0007071143379261291,-0.0007071143379261291,-0.0012164129732130547,-0.0007071143379261291
2014-07-31,-0.01582012491117343,-0.017780993922069832,-0.017780993922069832,-0.011898386889380618,-0.017780993922069832
2014-08-01,-0.0017260415734861442,-0.002103150756701455,-0.002103150756701455,-0.0009718232070555222,-0.002103150756701455
2014-08-04,0.005610894254502348,0.005818686235034054,0.005818686235034054,0.005195310293438937,0.005818686235034054
2014-08-05,-0.007735130139561476,-0.007735130139561475,-0.007735130139561475,-0.007735130139561475,-0.007735130139561475
2014-08-06,0.0022966611722419874,0.0022966611722419874,0.0022966611722419874,0.0022966611722419874,0.0022966611722419874
2014-08-07,-0.0031779674313735518,-0.0031779674313735518,-0.0031779674313735518,-0.0031779674313735518,-0.0031779674313735518
2014-08-08,0.008240153136578342,0.008240153136578342,0.008240153136578342,0.008240153136578342,0.008240153136578342
2014-08-11,0.002310630888114895,0.002310630888114895,0.002310630888114895,0.002310630888114895,0.002310630888114895
2014-08-12,-0.002177012523549715,-0.002177012523549715,-0.002177012523549715,-0.002177012523549715,-0.002177012523549715
2014-08-13,0.00689644306823647,0.006896443068236469,0.006896443068236469,0.006896443068236469,0.006896443068236469
2014-08-14,0.0038038020535699373,0.0038038020535699378,0.0038038020535699378,0.0038038020535699378,0.0038038020535699378
2014-08-15,0.0007864975860841118,0.0007864975860841117,0.0007864975860841117,0.0007864975860841117,0.0007864975860841117
2014-08-18,0.005775905561272855,0.005775905561272854,0.005775905561272854,0.005775905561272854,0.005775905561272854
2014-08-19,0.0036190068640770123,0.0036190068640770123,0.0036190068640770123,0.0036190068640770123,0.0036190068640770123
2014-08-20,0.00019281441095834185,0.00019281441095834185,0.00019281441095834185,0.00019281441095834185,0.00019281441095834185
2014-08-21,0.002413901846657007,0.002413901846657007,0.002413901846657007,0.002413901846657007,0.002413901846657007
2014-08-22,-0.0002577116691088288,-0.0002577116691088288,-0.0002577116691088288,-0.0002577116691088288,-0.0002577116691088288
2014-08-25,0.004393733761320695,0.004393733761320695,0.004393733761320695,0.004393733761320695,0.004393733761320695
2014-08-26,0.002566112773737539,0.002566112773737539,0.002566112773737539,0.002566112773737539,0.002566112773737539
2014-08-27,8.584050808698727e-05,8.584050808698728e-05,8.584050808698728e-05,8.584050808698728e-05,8.584050808698728e-05
2014-08-28,-0.0002060632083894176,-0.0002060632083894176,-0.0002060632083894176,-0.0002060632083894176,-0.0002060632083894176
2014-08-29,0.0030800983112571185,0.003080098311257118,0.003080098311257118,0.003080098311257118,0.003080098311257118
2014-09-02,-0.00379784069569915,-0.0037978406956991504,-0.0037978406956991504,-0.0037978406956991504,-0.0037978406956991504
2014-09-03,-0.00022162908298067885,-0.00022162908298067885,-0.00022162908298067885,-0.00022162908298067885,-0.00022162908298067885
2014-09-04,-0.004237253522058981,-0.004237253522058981,-0.004237253522058981,-0.004237253522058981,-0.004237253522058981
2014-09-05,0.0038861814901181902,0.0038861814901181902,0.0038861814901181902,0.0038861814901181902,0.0038861814901181902
2014-09-08,-0.002419414809422915,-0.002419414809422915,-0.002419414809422915,-0.002419414809422915,-0.002419414809422915
2014-09-09,-0.0056030858754414934,-0.0056030858754414934,-0.0056030858754414934,-0.0056030858754414934,-0.0056030858754414934
2014-09-10,0.002557343557027525,0.002557343557027525,0.002557343557027525,0.002557343557027525,0.002557343557027525
2014-09-11,-0.00013450388426662353,-0.00013450388426662353,-0.00013450388426662353,-0.00013450388426662353,-0.00013450388426662353
2014-09-12,-0.007207640636487755,-0.007207640636487755,-0.007207640636487755,-0.007207640636487755,-0.007207640636487755
2014-09-15,-0.0017161035103931191,-0.001716103510393119,-0.001716103510393119,-0.001716103510393119,-0.001716103510393119
2014-09-16,0.006039668171409163,0.006039668171409163,0.006039668171409163,0.006039668171409163,0.006039668171409163
2014-09-17,-0.0005208648963040297,-0.0005208648963040297,-0.0005208648963040297,-0.0005208648963040297,-0.0005208648963040297
2014-09-18,0.0048172685298334406,0.0048172685298334406,0.0048172685298334406,0.0048172685298334406,0.0048172685298334406
2014-09-19,-0.0010299212651034729,-0.0010299212651034729,-0.0010299212651034729,-0.0010299212651034729,-0.0010299212651034729
2014-09-22,-0.007148996179138489,-0.007148996179138489,-0.007148996179138489,-0.007148996179138489,-0.007148996179138489
2014-09-23,-0.002911199922952542,-0.0030056242262014197,-0.0030056242262014197,-0.0030056242262014197,-0.002722351316454785
2014-09-24,0.00586337295589191,0.005707478559775247,0.005707478559775247,0.005707478559775247,0.0061751617481252356
2014-09-25,-0.012568393195017931,-0.012471569521651515,-0.012471569521651515,-0.012471569521651515,-0.012762040541750763
2014-09-26,0.006974167083857119,0.006880461818567496,0.006880461818567496,0.006880461818567496,0.007161577614436365
2014-09-29,-0.0006409263565689752,-0.0006494686368590074,-0.0006494686368590074,-0.0006494686368590074,-0.0006238417959889108
2014-09-30,-0.004487055078087299,-0.00472061334046372,-0.00472061334046372,-0.00472061334046372,-0.004019938553334457
2014-10-01,-0.009369267672951183,-0.009208639625162551,-0.009208639625162551,-0.009208639625162551,-0.009690523768528447
2014-10-02,-0.0004869497511239551,-0.0004564149906142956,-0.0004564149906142956,-0.0004564149906142956,-0.0005480192721432741
2014-10-03,0.007494198555765105,0.00683316637635778,0.00683316637635778,0.00683316637635778,0.008816262914579754
2014-10-06,-0.0010566558824501415,-0.0006058561080092062,-0.0006058561080092062,-0.0006058561080092062,-0.001958255431332012
2014-10-07,-0.010373736234759111,-0.010713196672238768,-0.010713196672238768,-0.010713196672238768,-0.009694815359799802
2014-10-08,0.014913864080133643,0.015557055761419525,0.015557055761419525,0.015557055761419525,0.013627480717561879
2014-10-09,-0.016857647065696802,-0.018033318714598966,-0.018033318714598966,-0.018033318714598966,-0.01450630376789247
2014-10-10,-0.009167589616831546,-0.009957025683109444,-0.009957025683109444,-0.009957025683109444,-0.007588717484275753
2014-10-13,-0.006589547775352242,-0.011035878090618668,-0.011035878090618668,-0.00039500343403185977,-0.008337761801406196
2014-10-14,-0.001359056631710716,0.0006631721461520246,0.0006631721461520246,-0.005434674585049304,0.0006943325437651304
2014-10-15,-0.004001195784365104,-0.0029239856522036757,-0.0029239856522036757,-0.004050981055584846,-0.005028620645306792
2014-10-16,-0.0004174939548560704,0.00047026104897051056,0.00047026104897051056,0.0009135314188380983,-0.00263627433237682
2014-10-17,0.008015544235656528,0.007886371720641517,0.007886371720641517,0.008637762418841477,0.0075224985674865906
2014-10-20,0.006928374415749709,0.008184277589617395,0.008184277589617395,0.007140177468662223,0.0054606681889695086
2014-10-21,0.015049939647135349,0.01646992401104862,0.01646992401104862,0.01708456300694263,0.011595331923414786
2014-10-22,-0.006305190824836067,-0.007755527564190834,-0.007755527564190834,-0.007296783357238113,-0.003863261553079256
2014-10-23,0.009324798697429108,0.009782222392380347,0.009782222392380347,0.011356007191671647,0.006836166508235331
2014-10-24,0.00549772321281801,0.005376276991160967,0.005376276991160967,0.005419387549444277,0.0056975050978487875
2014-10-27,-0.0010411500626377969,-0.0018622230401931339,-0.0018622230401931339,-0.0018009449212768147,0.0005397177735565583
2014-10-28,0.009919299713806408,0.011442043324988226,0.011442043324988226,0.012033524179013867,0.006282331637417126
2014-10-29,-0.0007378406890947523,-0.0015862538087020206,-0.0015862538087020206,-0.0003818101732410706,-0.0002454580853411659
2014-10-30,0.004904509728057911,0.004397430048572815,0.004397430048572815,0.005361751450834817,0.004954347684766103
2014-10-31,0.008363300448869059,0.007749374525301211,0.007749374525301211,0.010896843412213485,0.0064436834090924825
2014-11-03,-0.00025418949372292646,-0.0009886378508146775,-0.0009886378508146775,-0.0009881847197866001,0.0012142540894324982
2014-11-04,-0.0020196773512575206,-0.002739122452349263,-0.002739122452349263,-0.003039650633628599,-0.0002802589677946998
2014-11-05,0.0003876260303119716,0.0017341951441222192,0.0017341951441222192,-0.0025333061080975773,0.001961989054911273
2014-11-06,0.0009123837822069084,0.002992568609986546,0.002992568609986546,-0.001475513366009984,0.0012200961026441637
2014-11-07,0.0016864120287994149,0.004565696722541224,0.004565696722541224,0.0,0.0004935393638570207
2014-11-10,0.00031403465737074305,-0.0008413154217467467,-0.0008413154217467467,0.0,0.0017834193938589759
2014-11-11,0.0010042040011987755,0.002405029722640084,0.002405029722640084,0.0,0.0006075822809562426
2014-11-12,-0.00033175250159163486,-0.0009540605094158882,-0.0009540605094158882,0.0,-4.119699535901633e-05
2014-11-13,0.0002753739637490186,-0.0005996173987311337,-0.0005996173987311337,0.0,0.0014257392899781896
2014-11-14,0.0013270730938400143,0.0036642472574131223,0.0036642472574131223,0.0,0.0003169720241069207
2014-11-17,-0.0006467464217395192,-0.0018301957397397818,-0.0018301957397397818,0.0,-0.00011004352547877572
2014-11-18,0.0032800096996320025,0.00568873051728922,0.00568873051728922,0.0,0.004151298581606788
2014-11-19,-0.0023607204566886844,-0.004407018689018094,-0.004407018689018094,0.0,-0.0026751426810479595
2014-11-20,0.00207437876313407,0.004816532728907197,0.004816532728907197,0.0,0.0014066035604950121
2014-11-21,0.002596835593197144,0.00483855426291877,0.00483855426291877,0.0,0.0029519525166726624
2014-11-24,0.001994528603571858,0.0030824659350380144,0.0030824659350380144,0.0,0.00290111987567756
2014-11-25,0.0002935572977066629,-0.0002184192367768123,-0.0002184192367768123,0.0,0.001099091129896801
2014-11-26,0.0015231361983100635,0.0017237030093245286,0.0017237030093245286,0.0,0.0028457055856056625
2014-11-28,-0.0020066141481246114,-0.008289281727187214,-0.008289281727187214,0.0,0.0022694392828133793
2014-12-01,-0.002248370973542768,-0.0019834564997457506,-0.0019834564997457506,0.0,-0.004761656420882554
2014-12-02,0.0021496525463970146,0.0037506307481223744,0.0037506307481223744,0.0,0.00269832689106867
2014-12-03,0.0025031101568499933,0.005364504616311105,0.005364504616311105,0.0,0.0021448258542388745
2014-12-04,-0.00017698700194430654,-0.0011306075005636962,-0.0011306075005636962,0.0,0.0005996464947307766
2014-12-05,0.000465114118529338,-0.00014821140348998397,-0.00014821140348998397,0.0,0.001543553759077998
2014-12-08,-0.0019607381623421645,-0.004999913842308501,-0.004999913842308501,0.0,-0.0008823006447179927
2014-12-09,0.00144984988601371,0.0045997137296796,0.0045997137296796,0.0,-0.0002501640716384701
2014-12-10,-0.007322616165715886,-0.01368428288311121,-0.01368428288311121,0.0,-0.008283565614036448
2014-12-11,0.0018904500259278184,0.002886933944290693,0.002886933944290693,0.0,0.002784416133492762
2014-12-12,-0.00645669504465568,-0.011339240281841556,-0.011339240281841556,0.0,-0.008030844852125485
2014-12-15,-0.004869882325317261,-0.009542369779727455,-0.009542369779727455,0.0,-0.005067277196224329
2014-12-16,-0.003037815455348795,-0.003939383049906942,-0.003939383049906942,0.0,-0.005174063316139443
2014-12-17,0.009225311961510281,0.01715957034975445,0.01715957034975445,0.0,0.010516365534776395
2014-12-18,0.010345642630581575,0.01760785298364237,0.01760785298364237,0.0,0.013429074908102356
2014-12-19,0.002874323596063303,0.0058580995676673076,0.0058580995676673076,0.0,0.0027648712205226023
2014-12-22,0.0010742416396042306,0.00047597647743029546,0.00047597647743029546,0.0,0.002746748441382396
2014-12-23,-0.0016952939955315663,-0.001787765612789405,-0.001787765612789405,0.0,-0.0032981163738052934
2014-12-24,0.0006076907370849315,0.0007038430452006583,0.0007038430452006583,0.0,0.0011192291660541364
2014-12-26,0.002572965857121412,0.005085988839878941,0.005085988839878941,0.0,0.002632908731485295
2014-12-29,0.0006117422133024427,0.0008050776407297677,0.0008050776407297677,0.0,0.0010301489991775604
2014-12-30,-0.0017171389257413128,-0.002593970208278051,-0.002593970208278051,0.0,-0.002557446568945887
2014-12-31,-0.004869775267493289,-0.008683065849403449,-0.008683065849403449,0.0,-0.005926259953076418
2015-01-02,0.0007527949425576589,0.0012945776836832067,0.0012945776836832067,0.0,0.00096380714398977
2015-01-05,-0.006377532810648239,-0.011549311762379711,-0.011549311762379711,0.0,-0.007583286669565004
2015-01-06,-0.0040367719079525115,-0.0064402427610488425,-0.0064402427610488425,0.0,-0.005670072962808692
2015-01-07,0.0057346853610968545,0.008708510834861983,0.008708510834861983,0.0,0.008495545248428582
2015-01-08,0.007978869643941752,0.013090800357777998,0.013090800357777998,0.0,0.010845808574047256
2015-01-09,-0.002664747249372505,-0.004393396121985293,-0.004393396121985293,0.0,-0.003600845626132221
2015-01-12,-0.0029469831346867204,-0.005861015726127161,-0.005861015726127161,0.0,-0.002979933677933
2015-01-13,-0.001310672669986938,-0.0023637891071169983,-0.0023637891071169983,0.0,-0.0015682289028438156
2015-01-14,-0.0026940806866918503,-0.0038848125385424924,-0.0038848125385424924,0.0,-0.004197429521533058
2015-01-15,-0.0030749289018022507,-0.005249259340784318,-0.005249259340784318,0.0,-0.003975527364622433
2015-01-16,0.007234914815020484,0.012478789068857177,0.012478789068857177,0.0,0.009225955376204275
2015-01-20,0.0025965668042554776,0.003954672946829285,0.003954672946829285,0.0,0.0038350274659371465
2015-01-21,0.000977792022168352,0.00248234747748044,0.00248234747748044,0.0,0.0004510285890246157
2015-01-22,0.008551340637509671,0.013061230263597534,0.013061230263597534,0.0,0.012592791648931479
2015-01-23,-0.0017914200861317345,-0.003043293838202632,-0.003043293838202632,0.0,-0.0023309664201925707
2015-01-26,0.000777740204422576,0.0018840639266023197,0.0018840639266023197,0.0,0.00044915668666540843
2015-01-27,-0.006302704216280648,-0.009486208988612698,-0.009486208988612698,0.0,-0.009421903660229247
2015-01-28,-0.006076227657012301,-0.011083202076582277,-0.011083202076582277,0.0,-0.007145480894454626
2015-01-29,0.00300202528851566,0.004670498843383686,0.004670498843383686,0.0,0.004335577022163295
2015-01-30,-0.0037530998788527724,-0.005195757034208959,-0.005195757034208959,0.0,-0.006063542602349359
2015-02-02,0.005068002464535152,0.009130800718159393,0.009130800718159393,0.0,0.006073206675446063
2015-02-03,0.005052731660073177,0.008946952246579487,0.008946952246579487,0.0,0.006211242733640043
2015-02-04,-0.0015015363269035187,-0.003077418632968798,-0.003077418632968798,0.0,-0.001427190347741758
2015-02-05,0.005157370708241633,0.008454250408341723,0.008454250408341723,0.0,0.007017861716383178
2015-02-06,-0.004016446515085185,-0.006012170657479188,-0.006012170657479188,0.0,-0.006037168887776367
2015-02-09,-0.00240248839239956,-0.003553594118996517,-0.003553594118996517,0.0,-0.0036538710582021626
2015-02-10,0.004409856379719261,0.006589757389036855,0.006589757389036855,0.0,0.006639811750120928
2015-02-11,-0.0003179824718776388,-0.000827578668512241,-0.000827578668512241,0.0,-0.00012636874712067535
2015-02-12,0.004745880031675549,0.00782441851492549,0.00782441851492549,0.0,0.006413221580101158
2015-02-13,0.003154367667277598,0.004731551500916397,0.004731551500916397,0.0,0.004731551500916397
2015-02-17,-0.000722722784045963,-0.0010840841760689445,-0.0010840841760689445,0.0,-0.0010840841760689445
2015-02-18,-0.0003449487645366419,-0.0005174231468049629,-0.0005174231468049629,0.0,-0.0005174231468049629
2015-02-19,-0.0007617790194127524,-0.0011426685291191286,-0.0011426685291191286,0.0,-0.0011426685291191286
2015-02-20,0.002629167769467333,0.0039437516542009995,0.0039437516542009995,0.0,0.0039437516542009995
2015-02-23,0.0008075727486174467,0.00121135912292617,0.00121135912292617,0.0,0.00121135912292617
2015-02-24,0.0020966582816860295,0.003144987422529044,0.003144987422529044,0.0,0.003144987422529044
2015-02-25,0.00033519641798814465,0.000502794626982217,0.000502794626982217,0.0,0.000502794626982217
2015-02-26,-0.0009723683107187853,-0.001458552466078178,-0.001458552466078178,0.0,-0.001458552466078178
2015-02-27,-0.0016637414322755598,-0.0024956121484133397,-0.0024956121484133397,0.0,-0.0024956121484133397
2015-03-02,0.0016933307002139058,0.0025399960503208587,0.0025399960503208587,0.0,0.0025399960503208587
2015-03-03,-0.002629573116643469,-0.003944359674965203,-0.003944359674965203,0.0,-0.003944359674965203
2015-03-04,-0.0017726695534037607,-0.002659004330105641,-0.002659004330105641,0.0,-0.002659004330105641
2015-03-05,0.0004187887998928404,0.0006281831998392606,0.0006281831998392606,0.0,0.0006281831998392606
2015-03-06,-0.010664313618822066,-0.0159964704282331,-0.0159964704282331,0.0,-0.0159964704282331
2015-03-09,0.0025148818107498805,0.0037723227161248207,0.0037723227161248207,0.0,0.0037723227161248207
2015-03-10,-0.008144962526688912,-0.012217443790033367,-0.012217443790033367,0.0,-0.012217443790033367
2015-03-11,-2.826613117303811e-05,-4.2399196759557166e-05,-4.2399196759557166e-05,0.0,-4.2399196759557166e-05
2015-03-12,0.005656060682246459,0.008484091023369689,0.008484091023369689,0.0,0.008484091023369689
2015-03-13,-0.0027796020794775907,-0.004169403119216386,-0.004169403119216386,0.0,-0.004169403119216386
2015-03-16,0.007564048260107829,0.011346072390161744,0.011346072390161744,0.0,0.011346072390161744
2015-03-17,-0.0008810086484864031,-0.0011842917792750595,-0.0011842917792750595,0.0,-0.0014587341661841502
2015-03-18,0.00853549985235292,0.01425646894972683,0.01425646894972683,0.0,0.011350030607331928
2015-03-19,-0.001809653223482451,-0.003507616604465358,-0.003507616604465358,0.0,-0.0019213430659819953
2015-03-20,0.005626022970444545,0.009174556149889023,0.009174556149889023,0.0,0.007703512761444609
2015-03-23,-0.0006977746207151599,-0.0012221866698250317,-0.0012221866698250317,0.0,-0.0008711371923204481
2015-03-24,-0.001762672613869872,-0.0029767414016136583,-0.0029767414016136583,0.0,-0.0023112764399959573
2015-03-25,-0.009206558524859786,-0.013159622958878481,-0.013159622958878481,0.0,-0.01446005261570088
2015-03-26,-0.0014393288438840392,-0.002217343474309319,-0.002217343474309319,0.0,-0.002100643057342799
2015-03-27,0.0015616116414264268,0.0021798912382064773,0.0021798912382064773,0.0,0.0025049436860728027
2015-03-30,0.006252739881806502,0.009379109822709753,0.009379109822709753,0.0,0.009379109822709753
2015-03-31,-0.0047854443466511356,-0.007178166519976703,-0.007178166519976703,0.0,-0.007178166519976703
2015-04-01,0.0003016987572767175,0.0004525481359150763,0.0004525481359150763,0.0,0.0004525481359150763
2015-04-02,0.000671563643962821,0.000595520357381496,0.000595520357381496,0.0008236502171254711,0.000595520357381496
2015-04-06,0.006394049431555582,0.006394049431555582,0.006394049431555582,0.006394049431555582,0.006394049431555582
2015-04-07,-0.0012797758666470815,-0.0012797758666470815,-0.0012797758666470815,-0.0012797758666470815,-0.0012797758666470815
2015-04-08,0.002376611459987299,0.002376611459987299,0.002376611459987299,0.002376611459987299,0.002376611459987299
2015-04-09,0.0018738922558961923,0.0018738922558961923,0.0018738922558961923,0.0018738922558961923,0.0018738922558961923
2015-04-10,0.004894022599141579,0.004894022599141579,0.004894022599141579,0.004894022599141579,0.004894022599141579
2015-04-13,-0.0030731251838545526,-0.0030731251838545526,-0.0030731251838545526,-0.0030731251838545526,-0.0030731251838545526
2015-04-14,0.0019359841735518413,0.0019359841735518413,0.0019359841735518413,0.0019359841735518413,0.0019359841735518413
2015-04-15,0.006844995079428195,0.006844995079428195,0.006844995079428195,0.006844995079428195,0.006844995079428195
2015-04-16,-0.001525972929410113,-0.0015259729294101131,-0.0015259729294101131,-0.0015259729294101131,-0.0015259729294101131
2015-04-17,-0.008588012569456738,-0.008588012569456738,-0.008588012569456738,-0.008588012569456738,-0.008588012569456738
2015-04-20,0.006043757112950921,0.006043757112950921,0.006043757112950921,0.006043757112950921,0.006043757112950921
2015-04-21,-0.001036533786010374,-0.001036533786010374,-0.001036533786010374,-0.001036533786010374,-0.001036533786010374
2015-04-22,0.0013155725767919457,0.0013155725767919457,0.0013155725767919457,0.0013155725767919457,0.0013155725767919457
2015-04-23,0.004038613451889006,0.004038613451889006,0.004038613451889006,0.004038613451889006,0.004038613451889006
2015-04-24,0.0003796504915979937,0.0003796504915979937,0.0003796504915979937,0.0003796504915979937,0.0003796504915979937
2015-04-27,-0.001978594024106739,-0.001978594024106739,-0.001978594024106739,-0.001978594024106739,-0.001978594024106739
2015-04-28,0.0024284325067274294,0.0024284325067274294,0.0024284325067274294,0.0024284325067274294,0.0024284325067274294
2015-04-29,-0.005141523650294555,-0.005141523650294555,-0.005141523650294555,-0.005141523650294555,-0.005141523650294555
2015-04-30,-0.01121875386092599,-0.01121875386092599,-0.01121875386092599,-0.01121875386092599,-0.01121875386092599
2015-05-01,0.006004905749052246,0.006004905749052247,0.006004905749052247,0.006004905749052247,0.006004905749052247
2015-05-04,0.0025273804345133043,0.0025273804345133043,0.0025273804345133043,0.0025273804345133043,0.0025273804345133043
2015-05-05,-0.009639561989312428,-0.009639561989312428,-0.009639561989312428,-0.009639561989312428,-0.009639561989312428
2015-05-06,-0.004983522969927034,-0.004983522969927034,-0.004983522969927034,-0.004983522969927034,-0.004983522969927034
2015-05-07,0.003226612530422779,0.003226612530422779,0.003226612530422779,0.003226612530422779,0.003226612530422779
2015-05-08,0.01163252537057862,0.011632525370578618,0.011632525370578618,0.011632525370578618,0.011632525370578618
2015-05-11,-0.006752362960403257,-0.006752362960403257,-0.006752362960403257,-0.006752362960403257,-0.006752362960403257
2015-05-12,-0.0010965485168859756,-0.0010965485168859756,-0.0010965485168859756,-0.0010965485168859756,-0.0010965485168859756
2015-05-13,0.0020169546375102044,0.0015414098917301388,0.0015414098917301388,0.0015414098917301388,0.002968044129070335
2015-05-14,0.009130140162059102,0.00921989943535222,0.00921989943535222,0.00921989943535222,0.008950621615472864
2015-05-15,0.0016540068285176475,0.002322351317045168,0.002322351317045168,0.002322351317045168,0.00031731785146260627
2015-05-18,0.0025944547279725433,0.002035197453766413,0.002035197453766413,0.002035197453766413,0.003712969276384803
2015-05-19,-0.0027639492198668052,-0.0030595166896839054,-0.0030595166896839054,-0.0030595166896839054,-0.0021728142802326044
2015-05-20,0.0004442253735539303,0.0005004918471384956,0.0005004918471384956,0.0005004918471384956,0.0003316924263847998
2015-05-21,0.0024879835120786065,0.002954178235580962,0.002954178235580962,0.002954178235580962,0.0015555940650738953
2015-05-22,-0.0017387846726590551,-0.001724915132088889,-0.001724915132088889,-0.001724915132088889,-0.0017665237537993872
2015-05-26,-0.009707750393939877,-0.00913746421788767,-0.00913746421788767,-0.00913746421788767,-0.010848322746044293
2015-05-27,0.008523491105077137,0.00859972303294385,0.00859972303294385,0.00859972303294385,0.00837102724934371
2015-05-28,-0.0012550006476414392,-0.0013364551591477647,-0.0013364551591477647,-0.0013364551591477647,-0.0010920916246287883
2015-05-29,-0.004239296105525551,-0.0041658051831395815,-0.0041658051831395815,-0.0041658051831395815,-0.00438627795029749
2015-06-01,0.0007146583231947722,0.00035639637534813363,0.00035639637534813363,0.00035639637534813363,0.0014311822188880496
2015-06-02,-0.0008933377140695901,-0.0013583940659915084,-0.0013583940659915084,-0.0013583940659915084,3.6774989774246426e-05
2015-06-03,0.0007379782069586006,0.00020214679618980603,0.00020214679618980603,0.00020214679618980603,0.0018096410284961894
2015-06-04,-0.007221074077257494,-0.0067871224962563256,-0.0067871224962563256,-0.0067871224962563256,-0.008088977239259831
2015-06-05,-0.0005227890739862813,-0.0009287720663128773,-0.0009287720663128773,-0.0009287720663128773,0.0002891769106669106
2015-06-08,-0.005046165405625569,-0.005083005485972991,-0.005083005485972991,-0.005083005485972991,-0.004972485244930725
2015-06-09,-0.0008791321495620415,-0.0011430313643247757,-0.0011430313643247757,-0.0011430313643247757,-0.0003513337200365729
2015-06-10,0.010840497960430894,0.01054875315130519,0.01054875315130519,0.01054875315130519,0.011423987578682303
2015-06-11,0.002669170118989258,0.003370343050757396,0.003370343050757396,0.003370343050757396,0.0012668242554529808
2015-06-12,-0.006421593714999563,-0.006421593714999563,-0.006421593714999563,-0.006421593714999563,-0.006421593714999563
2015-06-15,-0.002430287487858244,-0.0023765804252465104,-0.0023765804252465104,-0.0023765804252465104,-0.002537701613081711
2015-06-16,0.0050867315180129396,0.0053491281476653494,0.0053491281476653494,0.0053491281476653494,0.004561938258708121
2015-06-17,0.00016545117304792576,-9.209130874078264e-05,-9.209130874078264e-05,-9.209130874078264e-05,0.0006805361366253426
2015-06-18,0.00898817781001493,0.008824538291510831,0.008824538291510831,0.008824538291510831,0.009315456847023128
2015-06-19,-0.004412548722694121,-0.003984450916242466,-0.003984450916242466,-0.003984450916242466,-0.005268744335597431
2015-06-22,0.004300027407461038,0.003619819403556068,0.003619819403556068,0.003619819403556068,0.005660443415270977
2015-06-23,0.00020333999705529995,3.3159880778454998e-06,3.3159880778454998e-06,3.3159880778454998e-06,0.0006033880150102088
2015-06-24,-0.005650753549324923,-0.0053632876471174425,-0.0053632876471174425,-0.0053632876471174425,-0.0062256853537398845
2015-06-25,-0.002647154627722703,-0.0027640032576418893,-0.0027640032576418893,-0.0027640032576418893,-0.0024134573678843306
2015-06-26,-0.0016675226850379771,-0.0020422206182004075,-0.0020422206182004075,-0.0020422206182004075,-0.0009181268187131164
2015-06-29,-0.015594915888599778,-0.014712602115495733,-0.014712602115495733,-0.014712602115495733,-0.01735954343480787
2015-06-30,0.0015680883696912375,0.0013369778307370738,0.0013369778307370738,0.0013369778307370738,0.002030309447599565
2015-07-01,0.003535493874400556,0.0030855703312202333,0.0030855703312202333,0.0030855703312202333,0.004435340960761203
2015-07-02,-0.0012982707863925856,-0.0011887221586881602,-0.0011887221586881602,-0.0011887221586881602,-0.0015173680418014367
2015-07-06,-0.0014213004606063787,-0.0008034789337515891,-0.0008034789337515891,-0.0008034789337515891,-0.002656943514315957
2015-07-07,0.0027367563191465494,0.003049906648733225,0.003049906648733225,0.003049906648733225,0.0021104556599731983
2015-07-08,-0.012670720505596478,-0.012382837511185185,-0.012382837511185185,-0.012382837511185185,-0.013246486494419063
2015-07-09,0.0012809235360062843,0.00035230371307320985,0.00035230371307320985,0.00035230371307320985,0.003138163181872433
2015-07-10,0.008957385314480077,0.008611191038758492,0.008611191038758492,0.008611191038758492,0.00964977386592325
2015-07-13,0.008626152610059673,0.008758608988235873,0.008758608988235873,0.008758608988235873,0.00836123985370727
2015-07-14,0.00414823415906593,0.0044964255441169,0.0044964255441169,0.0044964255441169,0.003451851388963989
2015-07-15,-0.00044443844111984694,-0.0006770273639695624,-0.0006770273639695624,-0.0006770273639695624,2.0739404579583898e-05
2015-07-16,0.006145154327086374,0.006420874244598173,0.006420874244598173,0.006420874244598173,0.005593714492062774
2015-07-17,0.0004965632397970653,0.000264145588516429,0.000264145588516429,0.000264145588516429,0.0009613985423583382
2015-07-20,-0.0021976481967516965,-0.0035513352623934512,-0.0035513352623934512,-0.0012365958410544998,-0.0018050134868071387
2015-07-21,-0.002082134516059986,-0.002831557466051027,-0.002831557466051027,0.0,-0.0034148460821289304
2015-07-22,-0.0017308083305804097,-0.002690443548485688,-0.002690443548485688,0.0,-0.002501981443255541
2015-07-23,-0.002654555391359437,-0.0034012375910117076,-0.0034012375910117076,0.0,-0.004562428583066602
2015-07-24,-0.006171907910207493,-0.009234772481823538,-0.009234772481823538,0.0,-0.00928095124879894
2015-07-27,-0.0035778448639191955,-0.006050908237953312,-0.006050908237953312,0.0,-0.0046826263538042754
2015-07-28,0.005518290539396102,0.00941955030848739,0.00941955030848739,0.0,0.007135321309700915
2015-07-29,0.002930252397843388,0.004962186385544365,0.004962186385544365,0.0,0.0038285708079857984
2015-07-30,0.00027603398644875375,2.1448660808376373e-05,2.1448660808376373e-05,0.0,0.0008066532985378849
2015-07-31,-0.0003312713784122715,-0.0009030662027015079,-0.0009030662027015079,0.0,-9.074793253530667e-05
2015-08-03,-0.0022208208204384625,-0.0042525909929586716,-0.0042525909929586716,0.0,-0.0024098714683567168
2015-08-04,-0.0014212653591223034,-0.002596970201583071,-0.002596970201583071,0.0,-0.0016668258757838394
2015-08-05,0.0017521219845292868,0.0016940653260207994,0.0016940653260207994,0.0,0.003562300627567061
2015-08-06,-0.004321586502772753,-0.00502082991798265,-0.00502082991798265,0.0,-0.007943929590335607
2015-08-07,-0.0008157058183497398,-0.0013369061852329777,-0.0013369061852329777,0.0,-0.0011102112698162415
2015-08-10,0.006481712017181236,0.011210837594294342,0.011210837594294342,0.0,0.008234298457249368
2015-08-11,-0.004214570821137557,-0.005178510149548288,-0.005178510149548288,0.0,-0.007465202313864383
2015-08-12,0.0008490504649592889,0.0026112575158776406,0.0026112575158776406,0.0,-6.410612099977397e-05
2015-08-13,-0.001363088245328788,-0.0033770882072097,-0.0033770882072097,0.0,-0.0007121765287766646
2015-08-14,0.002000157961519596,0.0030048690571286563,0.0030048690571286563,0.0,0.0029956048274301316
2015-08-17,0.003427211792797221,0.005605892385588174,0.005605892385588174,0.0,0.004675742992803489
2015-08-18,-0.0020923025408066194,-0.0037283727810431323,-0.0037283727810431323,0.0,-0.002548534841376726
2015-08-19,-0.003278139995725944,-0.0057960828032759485,-0.0057960828032759485,0.0,-0.004038337183901885
2015-08-20,-0.010362852147757262,-0.015802652113463055,-0.015802652113463055,0.0,-0.01528590432980873
2015-08-21,-0.015496671242666122,-0.02468034017691454,-0.02468034017691454,0.0,-0.02180967355108383
2015-08-24,-0.021042129857156765,-0.034040662256624374,-0.034040662256624374,0.0,-0.029085727314845922
2015-08-25,0.005420205790551111,-0.010928962669754027,0.025741777537217292,0.0,-0.009481160165563962
2015-08-26,0.00764860386119044,0.028535922460202957,0.0,0.0,0.02294581158357132
2015-08-27,0.003950499785536232,0.020914590237791342,0.0,0.0,0.011851499356608697
2015-08-28,0.00011600220428423051,0.003533920846605232,0.0,0.0,0.00034800661285269154
2015-08-31,-0.0020797813477245555,-0.006308824507362853,0.0,0.0,-0.006239344043173667
2015-09-01,-0.003424813790966282,-0.023359597447471014,0.0,0.0,-0.010274441372898846
2015-09-02,0.001083723971670647,0.013748956070322782,0.0,0.0,0.003251171915011941
2015-09-03,-7.680701094488669e-05,-0.00047359133581433845,0.0,0.0,-0.0002304210328346601
2015-09-04,0.0001961743125140969,-0.010940352795681164,0.0,0.0,0.0005885229375422907
2015-09-08,-0.00048249792537017336,0.018341210135782705,0.0,0.0,-0.00144749377611052
2015-09-09,-0.00027096856706082897,-0.01199109545313668,0.0,0.0,-0.0008129057011824869
2015-09-10,-0.0001465519355305774,0.005212700479103272,0.0,0.0,-0.0004396558065917322
2015-09-11,0.00014106028085441037,0.003169142297579497,0.0,0.0,0.0004231808425632311
2015-09-14,7.103412257519389e-05,-0.002941097078146737,0.0,0.0,0.00021310236772558165
2015-09-15,-0.000739248142609894,0.008031798773842514,0.0,0.0,-0.002217744427829682
2015-09-16,0.0003180479289951799,0.00826029534726035,0.0,0.0,0.0009541437869855396
2015-09-17,0.0007485370855717728,0.0007452136269011977,0.0,0.0,0.0022456112567153185
2015-09-18,0.0007587997513315959,-0.011313399872074026,0.0,0.0,0.0022763992539947876
2015-09-21,-0.0005888064419147687,0.0006184795322825454,0.0,0.0,-0.001766419325744306
2015-09-22,-0.0008224194059299676,-0.009368013325208101,0.0,0.0,-0.002467258217789903
2015-09-23,0.00023965955861873222,-0.0013376930795078513,0.0,0.0,0.0007189786758561966
2015-09-24,0.0008048120970704805,0.00014928696007600052,0.0,0.0,0.0024144362912114415
2015-09-25,-0.0008344618565425715,-0.00429488675692623,0.0,0.0,-0.0025033855696277143
2015-09-28,-0.0015623861445082986,-0.022082597296349593,0.0,0.0,-0.004687158433524896
2015-09-29,-0.00035992864184476817,-0.0005099748219133726,0.0,0.0,-0.0010797859255343046
2015-09-30,0.0009687487532602771,0.013779042262782381,0.0,0.0,0.0029062462597808313
2015-10-01,0.00023570929214937754,0.0020666364428863827,0.0,0.0,0.0007071278764481326
2015-10-02,0.0004282549595326775,0.016493331263647427,0.0,0.0,0.0012847648785980325
2015-10-05,-0.000519550072011558,0.013234498272588758,0.0,0.0,-0.0015586502160346738
2015-10-06,0.0004778230993265057,-0.0004903154632084683,0.0,0.0,0.001433469297979517
2015-10-07,-0.00020027336571757,0.007570765705431204,0.0,0.0,-0.00060082009715271
2015-10-08,-0.00029524620651236736,0.004960416401782297,0.0,0.0,-0.000885738619537102
2015-10-09,0.000879471157610312,0.0023889233965094124,0.0,0.0,0.002638413472830936
2015-10-12,0.0005764250502456658,0.000767696574078014,0.0,0.0,0.0017292751507369975
2015-10-13,-0.00037935020797319106,-0.0055756840806008845,0.0,0.0,-0.0011380506239195732
2015-10-14,0.00028852300846556506,-0.0002707900336064384,0.0,0.0,0.0008655690253966952
2015-10-15,0.002351758792485359,0.01353634901409867,0.0,0.0,0.007055276377456077
2015-10-16,0.0003805191602323658,0.002258563158765892,0.0,0.0,0.0011415574806970974
2015-10-19,-0.0003396156030921656,-0.0010635925895149724,0.0,0.0,-0.0010188468092764968
2015-10-20,-7.078707263739047e-05,-0.0017835567387951001,0.0,0.0,-0.00021236121791217143
2015-10-21,-0.0018901915885215393,-0.006570289088999637,0.0,0.0,-0.005670574765564618
2015-10-22,0.0041155546580801195,0.011746236392042553,0.0,0.0,0.012346663974240358
2015-10-23,0.0028000618368982043,0.010536373077817207,0.0,0.0,0.008400185510694613
2015-10-26,-0.0012366362269141302,-0.0033205023049439177,0.0,0.0,-0.003709908680742391
2015-10-27,-0.0010551546424891053,-0.0013263826355209285,0.0,0.0,-0.003165463927467316
2015-10-28,0.003627290240422687,0.011714272804622528,0.0,0.0,0.010881870721268061
2015-10-29,-0.001354522820523966,-0.0034406757872608496,0.0,0.0,-0.004063568461571898
2015-10-30,-0.0011781886934095949,-0.003534566080228785,0.0,0.0,-0.003534566080228785
2015-11-02,0.0036465097517548264,0.01093952925526448,0.0,0.0,0.01093952925526448
2015-11-03,0.0007579472457351614,0.002273841737205484,0.0,0.0,0.002273841737205484
2015-11-04,-0.0009729439709706744,-0.002918831912912023,0.0,0.0,-0.002918831912912023
2015-11-05,-0.0006412426113295215,-0.0019237278339885645,0.0,0.0,-0.0019237278339885645
2015-11-06,-0.0004951081100299071,-0.0014853243300897213,0.0,0.0,-0.0014853243300897213
2015-11-09,-0.0027406074435215436,-0.008221822330564631,0.0,0.0,-0.008221822330564631
2015-11-10,0.00041356726961777244,0.0012407018088533173,0.0,0.0,0.0012407018088533173
2015-11-11,-0.001913308364636316,-0.005739925093908948,0.0,0.0,-0.005739925093908948
2015-11-12,-0.0038668419230095674,-0.011600525769028702,0.0,0.0,-0.011600525769028702
2015-11-13,-0.0027144004647238133,-0.00814320139417144,0.0,0.0,-0.00814320139417144
2015-11-16,0.004199653625468188,0.012598960876404563,0.0,0.0,0.012598960876404563
2015-11-17,-0.0007745790790537017,-0.002323737237161105,0.0,0.0,-0.002323737237161105
2015-11-18,0.004616650768797958,0.013849952306393876,0.0,0.0,0.013849952306393876
2015-11-19,-0.00036847229350513985,-0.0011054168805154196,0.0,0.0,-0.0011054168805154196
2015-11-20,0.0007214202589338062,0.0021642607768014186,0.0,0.0,0.0021642607768014186
2015-11-23,-0.00037060154073060105,-0.0011118046221918032,0.0,0.0,-0.0011118046221918032
2015-11-24,0.0012932247774693447,0.0037540726297683015,0.0,0.0,0.003879674332408034
2015-11-25,0.00018313025480800235,8.309647109833174e-05,0.0,0.0,0.000549390764424007
2015-11-27,0.000155421605126956,-0.0007146829645181763,0.0,0.0,0.00046626481538086795
2015-11-30,-0.0006805299791228274,-0.0013798633507558055,0.0,0.0,-0.0020415899373684822
2015-12-01,0.0031089534348303824,0.009680079120051555,0.0,0.0,0.009326860304491147
2015-12-02,-0.0030885775937140258,-0.01082028533967464,0.0,0.0,-0.009265732781142077
2015-12-03,-0.005334044537963878,-0.014939466349138198,0.0,0.0,-0.016002133613891634
2015-12-04,0.005021896393905371,0.017286595686622008,0.0,0.0,0.015065689181716113
2015-12-07,-0.0026588353034807887,-0.009274331826312609,0.0,0.0,-0.007976505910442366
2015-12-08,-0.0014552484919254389,-0.004200168216618716,0.0,0.0,-0.004365745475776317
2015-12-09,-0.002093477911136158,-0.006474907630106286,0.0,0.0,-0.006280433733408475
2015-12-10,0.0011437004492676076,0.0033434198021814352,0.0,0.0,0.0034311013478028228
2015-12-11,-0.0053959339496331285,-0.01564172916052402,0.0,0.0,-0.016187801848899386
2015-12-14,0.0004270954525150768,0.0008208468949432391,0.0,0.0,0.0012812863575452304
2015-12-15,0.0032465577715494187,0.009739673314648256,0.0,0.0,0.009739673314648256
2015-12-16,0.003520758762238674,0.01033925721021366,0.0,0.0,0.010562276286716021
2015-12-17,-0.0035377345115606865,-0.01306880543482164,0.0,0.0,-0.010613203534682059
2015-12-18,-0.0037722185632358004,-0.013068028923986296,0.0,0.0,-0.0113166556897074
2015-12-21,0.0023840013771730434,0.00750050528387367,0.0,0.0,0.00715200413151913
2015-12-22,0.001534401539152434,0.005767548461430916,0.0,0.0,0.004603204617457302
2015-12-23,0.0021085273260034658,0.0106756054035673,0.0,0.0,0.006325581978010397
2015-12-24,0.00031136335545966696,3.273632989315711e-05,0.0,0.0,0.0009340900663790009
2015-12-28,-0.0006550195052016076,-0.0037841530664871393,0.0,0.0,-0.0019650585156048227
2015-12-29,0.002253349556238859,0.007454844562943763,0.0,0.0,0.006760048668716578
2015-12-30,-0.0020390610966024014,-0.007464281675188622,0.0,0.0,-0.006117183289807204
2015-12-31,-0.0024421088851728483,-0.006876701986170663,0.0,0.0,-0.007326326655518545
2016-01-04,-0.00400443839991735,-0.010321930652946343,0.0,-0.0003151379724849801,-0.01169817722726707
2016-01-05,0.00015810888101853713,0.0011376166433040625,0.0,0.0,0.00047432664305561143
2016-01-06,-0.00239148755134041,-0.009817030245176883,0.0,0.0,-0.00717446265402123
2016-01-07,-0.005586785146152758,-0.019200191559972702,0.0,0.0,-0.016760355438458274
2016-01-08,-0.002844851578533114,-0.009820205155310069,0.0,0.0,-0.008534554735599342
2016-01-11,-0.0029727243465267447,-0.004196691322722346,0.0,-0.006862468100837915,-0.0020557049387423198
2016-01-12,0.004516188357637,0.007361064648479521,0.0,0.0064245500224766605,0.00712401505043434
2016-01-13,-0.0037528026730624052,-0.02052478600006724,0.0,0.0035118192511257806,-0.014770227270312996
2016-01-14,0.006750840891646715,0.01373189773261826,0.0,0.012210285563990064,0.00804223711095008
2016-01-15,-0.010004264595492555,-0.015970417652336023,0.0,-0.01855805887406159,-0.011454734912416076
2016-01-19,-0.0005430141222173705,-0.0033031093935880773,0.0,-0.0028969177753234822,0.0012678754086713705
2016-01-20,-0.0034993735352490322,-0.005495267970428186,0.0,-0.007885033386508677,-0.002613087219238419
2016-01-21,0.0013263057465497496,0.003436337575702342,0.0,0.0040013195205403805,-2.240228089113172e-05
2016-01-22,0.006705062349978111,0.01852812818912264,0.0,0.01937412880663254,0.0007410582433017953
2016-01-25,-0.004883443085802161,-0.013721770828299618,0.0,-0.015292821777842792,0.0006424925204363107
2016-01-26,0.005065113626738145,0.014436620285930579,0.0,0.013248312277906793,0.0019470286023076434
2016-01-27,-0.0037248146503050528,-0.010037551391690224,0.0,-0.010386555326387381,-0.0007878886245277772
2016-01-28,0.0004898936686169661,0.0037993908713715,0.0,0.004724415287332884,-0.0032547342814819857
2016-01-29,0.0078589029619206,0.021940629786878562,0.0,0.020708157915610027,0.0028685509701517732
2016-02-01,-0.0006043327443937652,-0.0010863129873389555,0.0,-0.0018086453444089879,-4.352888772307662e-06
2016-02-02,-0.0051180933998816,-0.015354280199644799,0.0,-0.01724656146728516,0.001892281267640361
2016-02-03,0.0019300188506266764,0.0057900565518800295,0.0,0.005546250825537791,0.00024380572634223884
2016-02-04,0.0011354582069576255,0.003160375284584993,0.0,0.0014675956177954586,0.0019387790030774177
2016-02-05,-0.006318983138318298,-0.016151867750008896,0.0,-0.017851262019608006,-0.0011056873953468882
2016-02-08,-0.0031010825099536416,-0.00786019087793589,0.0,-0.011356508046213187,0.002053260516352262
2016-02-09,-0.001564980946894919,-0.0034382446929749565,0.0,-0.0033251286613301565,-0.0013698141793546004
2016-02-10,0.0005255348499235146,0.0015766045497705439,0.0,-7.944728873473527e-05,0.001656051838505279
2016-02-11,-0.001578666450180129,-0.004735999350540388,0.0,-0.00945521009492718,0.004719210744386792
2016-02-12,0.0049513026044393,0.014853907813317902,0.0,0.017101992496614836,-0.002248084683296936
2016-02-16,0.0032928238618634073,0.00987847158559022,0.0,0.013968672869028077,-0.0040902012834378556
2016-02-17,0.005030795155765196,0.015092385467295587,0.0,0.015088686420276031,3.6990470195563673e-06
2016-02-18,-0.0004805048425757834,-0.00144151452772735,0.0,-0.005104505797869974,0.0036629912701426235
2016-02-19,-5.1189946373993624e-05,-0.00015356983912198085,0.0,0.0003626048737908838,-0.0005161747129128647
2016-02-22,0.0035343555196610476,0.010603066558983142,0.0,0.012434040896095766,-0.001830974337112623
2016-02-23,-0.003508333585148815,-0.010525000755446445,0.0,-0.012427748874343014,0.001902748118896569
2016-02-24,0.0015660447064086349,0.004698134119225905,0.0,0.0045631255325289,0.0001350085866970052
2016-02-25,0.0030074131198139843,0.009022239359441953,0.0,0.008400525485903976,0.0006217138735379768
2016-02-26,-0.000897431603550536,-0.0008464049121735262,0.0,0.0008049501783584767,-0.0034972449890100844
2016-02-29,-0.0026758551187781848,-0.005686878343549117,0.0,-0.007430367427559504,-0.0005971979287750506
2016-03-01,0.00916403320554334,0.01847976291791602,0.0,0.02097390708312641,0.006518192533503608
2016-03-02,0.0028264956644152924,0.006915021604517735,0.0,0.006178072531077938,0.002301414462167939
2016-03-03,0.0020918085152562215,0.005527211968283585,0.0,0.0037998753938932816,0.002475550151875383
2016-03-04,0.0006677750062439795,0.001900379231425109,0.0,0.0020577572121450506,-5.443219341311201e-05
2016-03-07,0.0014314968898439418,0.0038593570697528445,0.0,0.003361598259761145,0.0009328924097706803
2016-03-08,-0.005057652625822876,-0.011933171961534272,0.0,-0.011470898920907514,-0.003702058956561116
2016-03-09,0.0017213019281656675,0.003241887484657746,0.0,0.0040712124015715,0.0010926933829255026
2016-03-10,-0.00018621226301543576,0.000287938471590099,0.0,-0.0013176796414267721,0.0007590428523804649
2016-03-11,0.008186635185106539,0.012720049530929667,0.0,0.01444021112590137,0.010119694429418246
2016-03-14,-0.0010589168144049532,-0.0023638381321046563,0.0,-0.0010741631733088952,-0.0021025872699059643
2016-03-15,-0.0019051854697520612,-0.0028709776816498666,0.0,-0.002844578727606317,-0.0028709776816498666
2016-03-16,0.0050754649608031705,0.007613197441204755,0.0,0.007613197441204755,0.007613197441204755
2016-03-17,0.003179842247008772,0.004769763370513158,0.0,0.004769763370513158,0.004769763370513158
2016-03-18,0.003028941311355071,0.004543411967032607,0.0,0.004543411967032607,0.004543411967032607
2016-03-21,-0.00039007923777975383,-0.0005851188566696308,0.0,-0.0005851188566696308,-0.0005851188566696308
2016-03-22,0.0002572846244789669,0.00038592693671845034,0.0,0.00038592693671845034,0.00038592693671845034
2016-03-23,-0.006127957636116399,-0.009191936454174598,0.0,-0.009191936454174598,-0.009191936454174598
2016-03-24,0.0001674015232914365,0.0002511022849371547,0.0,0.0002511022849371547,0.0002511022849371547
2016-03-28,-0.00016485749449494472,-0.0002472862417424171,0.0,-0.0002472862417424171,-0.0002472862417424171
2016-03-29,0.00808304043742852,0.01212456065614278,0.0,0.01212456065614278,0.01212456065614278
2016-03-30,0.00021805953653504238,0.0003270893048025636,0.0,0.0003270893048025636,0.0003270893048025636
2016-03-31,9.309575783683262e-05,0.00013964363675524893,0.0,0.00013964363675524893,0.00013964363675524893
2016-04-01,0.002603606784751415,0.003905410177127122,0.0,0.003905410177127122,0.003905410177127122
2016-04-04,-0.0019269149108838886,-0.002890372366325833,0.0,-0.002890372366325833,-0.002890372366325833
2016-04-05,-0.003862530020163272,-0.005793795030244908,0.0,-0.005793795030244908,-0.005793795030244908
2016-04-06,0.0063877562679299565,0.009581634401894934,0.0,0.009581634401894934,0.009581634401894934
2016-04-07,-0.004870156027042668,-0.007305234040564002,0.0,-0.007305234040564002,-0.007305234040564002
2016-04-08,0.0014145016065195545,0.0021217524097793317,0.0,0.0021217524097793317,0.0021217524097793317
2016-04-11,-0.0005751572254343676,-0.0008627358381515515,0.0,-0.0008627358381515515,-0.0008627358381515515
2016-04-12,0.005902820832296725,0.008854231248445088,0.0,0.008854231248445088,0.008854231248445088
2016-04-13,0.006309616192358872,0.009464424288538309,0.0,0.009464424288538309,0.009464424288538309
2016-04-14,-0.0009304160906750125,-0.0013956241360125188,0.0,-0.0013956241360125188,-0.0013956241360125188
2016-04-15,-0.0005900179610540087,-0.000885026941581013,0.0,-0.000885026941581013,-0.000885026941581013
2016-04-18,0.003849562439071678,0.005774343658607517,0.0,0.005774343658607517,0.005774343658607517
2016-04-19,0.002920613300612477,0.004380919950918716,0.0,0.004380919950918716,0.004380919950918716
2016-04-20,0.000906736280119591,0.0013601044201793865,0.0,0.0013601044201793865,0.0013601044201793865
2016-04-21,-0.0020523603687744234,-0.003078540553161635,0.0,-0.003078540553161635,-0.003078540553161635
2016-04-22,-0.0007207631429278012,-0.0010811447143917019,0.0,-0.0010811447143917019,-0.0010811447143917019
2016-04-25,-0.0019361936375145085,-0.002904290456271763,0.0,-0.002904290456271763,-0.002904290456271763
2016-04-26,0.001345514011781638,0.002018271017672457,0.0,0.002018271017672457,0.002018271017672457
2016-04-27,0.0019148192448138774,0.002872228867220816,0.0,0.002872228867220816,0.002872228867220816
2016-04-28,-0.004243481950879261,-0.006365222926318892,0.0,-0.006365222926318892,-0.006365222926318892
2016-04-29,-0.0021731032598957703,-0.003259654889843655,0.0,-0.003259654889843655,-0.003259654889843655
2016-05-02,0.0026816689269479298,0.004022503390421895,0.0,0.004022503390421895,0.004022503390421895
2016-05-03,-0.005369386310491287,-0.00805407946573693,0.0,-0.00805407946573693,-0.00805407946573693
2016-05-04,-0.004082731246917181,-0.006124096870375772,0.0,-0.006124096870375772,-0.006124096870375772
2016-05-05,0.0009440659095616199,0.0014160988643424298,0.0,0.0014160988643424298,0.0014160988643424298
2016-05-06,0.0018903636899473275,0.0028355455349209913,0.0,0.0028355455349209913,0.0028355455349209913
2016-05-09,-0.0012401777861781613,-0.0018602666792672418,0.0,-0.0018602666792672418,-0.0018602666792672418
2016-05-10,0.006991661006233111,0.010487491509349666,0.0,0.010487491509349666,0.010487491509349666
2016-05-11,-0.0035471123024037876,-0.005320668453605681,0.0,-0.005320668453605681,-0.005320668453605681
2016-05-12,-0.001781345544655107,-0.0026720183169826606,0.0,-0.0026720183169826606,-0.0026720183169826606
2016-05-13,-0.0031098725023432326,-0.004664808753514849,0.0,-0.004664808753514849,-0.004664808753514849
2016-05-16,0.005804221808355832,0.008706332712533748,0.0,0.008706332712533748,0.008706332712533748
2016-05-17,-0.004241187360019157,-0.006361781040028736,0.0,-0.006361781040028736,-0.006361781040028736
2016-05-18,-0.000543329437653095,-0.0008149941564796426,0.0,-0.0008149941564796426,-0.0008149941564796426
2016-05-19,-0.002857595223322858,-0.004286392834984287,0.0,-0.004286392834984287,-0.004286392834984287
2016-05-20,0.0047837447333995385,0.007175617100099308,0.0,0.007175617100099308,0.007175617100099308
2016-05-23,-0.0009112855467723409,-0.0013669283201585114,0.0,-0.0013669283201585114,-0.0013669283201585114
2016-05-24,0.006464590006345346,0.009696885009518019,0.0,0.009696885009518019,0.009696885009518019
2016-05-25,0.0040634202585054496,0.006095130387758174,0.0,0.006095130387758174,0.006095130387758174
2016-05-26,-0.00026597959669885836,-0.00039896939504828753,0.0,-0.00039896939504828753,-0.00039896939504828753
2016-05-27,0.001918979942333047,0.0028784699134995705,0.0,0.0028784699134995705,0.0028784699134995705
2016-05-31,0.00019745503104101982,0.00029618254656152974,0.0,0.00029618254656152974,0.00029618254656152974
2016-06-01,0.0010637543552842817,0.0015956315329264225,0.0,0.0015956315329264225,0.0015956315329264225
2016-06-02,0.0022322741770431326,0.003348411265564699,0.0,0.003348411265564699,0.003348411265564699
2016-06-03,0.00022227938973656456,0.00033341908460484684,0.0,0.00033341908460484684,0.00033341908460484684
2016-06-06,0.0035973349595667483,0.005396002439350123,0.0,0.005396002439350123,0.005396002439350123
2016-06-07,0.0015366574518002347,0.002304986177700352,0.0,0.002304986177700352,0.002304986177700352
2016-06-08,0.0026924688847231796,0.004038703327084769,0.0,0.004038703327084769,0.004038703327084769
2016-06-09,-0.0009778495248796704,-0.0014667742873195055,0.0,-0.0014667742873195055,-0.0014667742873195055
2016-06-10,-0.005448798807887327,-0.00817319821183099,0.0,-0.00817319821183099,-0.00817319821183099
2016-06-13,-0.0034396635309286976,-0.0051594952963930464,0.0,-0.0051594952963930464,-0.0051594952963930464
2016-06-14,-0.001276932688645475,-0.0019153990329682125,0.0,-0.0019153990329682125,-0.0019153990329682125
2016-06-15,-0.00027471251471260504,-0.0004120687720689076,0.0,-0.0004120687720689076,-0.0004120687720689076
2016-06-16,0.0005816499706977618,0.0008724749560466427,0.0,0.0008724749560466427,0.0008724749560466427
2016-06-17,-0.0016071189533840792,-0.0024106784300761187,0.0,-0.0024106784300761187,-0.0024106784300761187
2016-06-20,0.0026049252303878816,0.0039073878455818225,0.0,0.0039073878455818225,0.0039073878455818225
2016-06-21,0.00018782125452712072,0.00028173188179068107,0.0,0.00028173188179068107,0.00028173188179068107
2016-06-22,-0.001040416309859271,-0.0015606244647889066,0.0,-0.0015606244647889066,-0.0015606244647889066
2016-06-23,0.007013177112417082,0.010519765668625624,0.0,0.010519765668625624,0.010519765668625624
2016-06-24,-0.015131507444803205,-0.02269726116720481,0.0,-0.02269726116720481,-0.02269726116720481
2016-06-27,-0.00988457212131341,-0.014826858181970114,0.0,-0.014826858181970114,-0.014826858181970114
2016-06-28,0.010319213621486733,0.0154788204322301,0.0,0.0154788204322301,0.0154788204322301
2016-06-29,0.009755636387909883,0.014633454581864824,0.0,0.014633454581864824,0.014633454581864824
2016-06-30,0.007349099541083959,0.011023649311625939,0.0,0.011023649311625939,0.011023649311625939
2016-07-01,0.003350021825202424,0.005025032737803636,0.0,0.005025032737803636,0.005025032737803636
2016-07-05,-0.0037860142434368673,-0.005679021365155301,0.0,-0.005679021365155301,-0.005679021365155301
2016-07-06,0.0038958639402711416,0.005843795910406712,0.0,0.005843795910406712,0.005843795910406712
2016-07-07,-0.000723091741200584,-0.001084637611800876,0.0,-0.001084637611800876,-0.001084637611800876
2016-07-08,0.009435555829855129,0.014153333744782693,0.0,0.014153333744782693,0.014153333744782693
2016-07-11,0.0011927744647829642,0.0017891616971744463,0.0,0.0017891616971744463,0.0017891616971744463
2016-07-12,0.0033348680411483013,0.005002302061722452,0.0,0.005002302061722452,0.005002302061722452
2016-07-13,0.0004555030594981376,0.0006832545892472064,0.0,0.0006832545892472064,0.0006832545892472064
2016-07-14,0.0015926289379657231,0.0023889434069485848,0.0,0.0023889434069485848,0.0023889434069485848
2016-07-15,-0.0010870699682042314,-0.001630604952306347,0.0,-0.001630604952306347,-0.001630604952306347
2016-07-18,0.0015927499687296304,0.0023891249530944457,0.0,0.0023891249530944457,0.0023891249530944457
2016-07-19,-0.0006945602159914133,-0.00104184032398712,0.0,-0.00104184032398712,-0.00104184032398712
2016-07-20,0.001793749021980869,0.0026906235329713034,0.0,0.0026906235329713034,0.0026906235329713034
2016-07-21,-0.0010077859661657086,-0.0015116789492485628,0.0,-0.0015116789492485628,-0.0015116789492485628
2016-07-22,0.002040579086175313,0.0030608686292629694,0.0,0.0030608686292629694,0.0030608686292629694
2016-07-25,-0.0026651270280612094,-0.003997690542091814,0.0,-0.003997690542091814,-0.003997690542091814
2016-07-26,0.001215034320470402,0.001822551480705603,0.0,0.001822551480705603,0.001822551480705603
2016-07-27,0.0026507497361450013,0.003976124604217502,0.0,0.003976124604217502,0.003976124604217502
2016-07-28,-0.00011702255545622543,-0.00017553383318433813,0.0,-0.00017553383318433813,-0.00017553383318433813
2016-07-29,0.0024848553285922465,0.0037272829928883698,0.0,0.0037272829928883698,0.0037272829928883698
2016-08-01,-0.002151103600973044,-0.0032266554014595663,0.0,-0.0032266554014595663,-0.0032266554014595663
2016-08-02,-0.003053275211926236,-0.004579912817889354,0.0,-0.004579912817889354,-0.004579912817889354
2016-08-03,0.0028367448981330735,0.00425511734719961,0.0,0.00425511734719961,0.00425511734719961
2016-08-04,0.0009626137045763835,0.0014439205568645753,0.0,0.0014439205568645753,0.0014439205568645753
2016-08-05,0.0036049446992975228,0.005407417048946284,0.0,0.005407417048946284,0.005407417048946284
2016-08-08,0.00031923760144898506,0.00047885640217347757,0.0,0.00047885640217347757,0.00047885640217347757
2016-08-09,0.0012252444654961003,0.0018378666982441505,0.0,0.0018378666982441505,0.0018378666982441505
2016-08-10,-0.002013674505281959,-0.003020511757922939,0.0,-0.003020511757922939,-0.003020511757922939
2016-08-11,0.0020278613573880464,0.0030417920360820694,0.0,0.0030417920360820694,0.0030417920360820694
2016-08-12,0.0002667569810666774,0.00040013547160001607,0.0,0.00040013547160001607,0.00040013547160001607
2016-08-15,0.0023832967358568954,0.003574945103785343,0.0,0.003574945103785343,0.003574945103785343
2016-08-16,-0.0025228996878963184,-0.0037843495318444775,0.0,-0.0037843495318444775,-0.0037843495318444775
2016-08-17,0.0011171106957800732,0.0016756660436701098,0.0,0.0016756660436701098,0.0016756660436701098
2016-08-18,0.0025361984491024596,0.003804297673653689,0.0,0.003804297673653689,0.003804297673653689
2016-08-19,-0.0017757869600119713,-0.002663680440017957,0.0,-0.002663680440017957,-0.002663680440017957
2016-08-22,-4.1014451385734675e-05,-6.152167707860202e-05,0.0,-6.152167707860202e-05,-6.152167707860202e-05
2016-08-23,0.0017009365657419655,0.0025514048486129483,0.0,0.0025514048486129483,0.0025514048486129483
2016-08-24,-0.0041502190758274955,-0.006225328613741243,0.0,-0.006225328613741243,-0.006225328613741243
2016-08-25,-0.0009037873287425447,-0.001355680993113817,0.0,-0.001355680993113817,-0.001355680993113817
2016-08-26,-0.0007073417787801942,-0.0010610126681702913,0.0,-0.0010610126681702913,-0.0010610126681702913
2016-08-29,0.0035895940394271944,0.005384391059140792,0.0,0.005384391059140792,0.005384391059140792
2016-08-30,-0.0013246218462079705,-0.0019869327693119556,0.0,-0.0019869327693119556,-0.0019869327693119556
2016-08-31,-0.0021919586816139553,-0.003287938022420933,0.0,-0.003287938022420933,-0.003287938022420933
2016-09-01,0.00020020545621802406,0.0003003081843270361,0.0,0.0003003081843270361,0.0003003081843270361
2016-09-02,0.0029950890696339868,0.00449263360445098,0.0,0.00449263360445098,0.00449263360445098
2016-09-06,0.003931716399220253,0.005897574598830379,0.0,0.005897574598830379,0.005897574598830379
2016-09-07,0.0006962877681061371,0.0010444316521592057,0.0,0.0010444316521592057,0.0010444316521592057
2016-09-08,-0.0013411471153522408,-0.002011720673028361,0.0,-0.002011720673028361,-0.002011720673028361
2016-09-09,-0.014509280580014461,-0.021763920870021693,0.0,-0.021763920870021693,-0.021763920870021693
2016-09-12,0.007421585325503987,0.011132377988255981,0.0,0.011132377988255981,0.011132377988255981
2016-09-13,-0.009399798782298293,-0.01409969817344744,0.0,-0.01409969817344744,-0.01409969817344744
2016-09-14,-0.0001474176018350241,-0.00022112640275253614,0.0,-0.00022112640275253614,-0.00022112640275253614
2016-09-15,0.0054645095516677065,0.00819676432750156,0.0,0.00819676432750156,0.00819676432750156
2016-09-16,-0.001726615458901278,-0.002589923188351917,0.0,-0.002589923188351917,-0.002589923188351917
2016-09-19,0.00010854163239102376,0.00016281244858653565,0.0,0.00016281244858653565,0.00016281244858653565
2016-09-20,-0.00011944275367626509,-0.00017916413051439762,0.0,-0.00017916413051439762,-0.00017916413051439762
2016-09-21,0.007850167557262807,0.01177525133589421,0.0,0.01177525133589421,0.01177525133589421
2016-09-22,0.004084938224564905,0.006127407336847357,0.0,0.006127407336847357,0.006127407336847357
2016-09-23,-0.003755121897084601,-0.005632682845626902,0.0,-0.005632682845626902,-0.005632682845626902
2016-09-26,-0.004528810618974847,-0.006793215928462271,0.0,-0.006793215928462271,-0.006793215928462271
2016-09-27,0.003091152923233113,0.0046367293848496695,0.0,0.0046367293848496695,0.0046367293848496695
2016-09-28,0.004220914663570345,0.006331371995355517,0.0,0.006331371995355517,0.006331371995355517
2016-09-29,-0.005280004181181315,-0.007920006271771973,0.0,-0.007920006271771973,-0.007920006271771973
2016-09-30,0.004336200662046911,0.006504300993070367,0.0,0.006504300993070367,0.006504300993070367
2016-10-03,-0.0016316217777435933,-0.00244743266661539,0.0,-0.00244743266661539,-0.00244743266661539
2016-10-04,-0.004940379268206992,-0.007410568902310488,0.0,-0.007410568902310488,-0.007410568902310488
2016-10-05,0.0035411069684634588,0.005311660452695188,0.0,0.005311660452695188,0.005311660452695188
2016-10-06,-0.0009879488095068851,-0.0014819232142603278,0.0,-0.0014819232142603278,-0.0014819232142603278
2016-10-07,-0.0015744640545128994,-0.002361696081769349,0.0,-0.002361696081769349,-0.002361696081769349
2016-10-10,0.0038927802865242073,0.005839170429786311,0.0,0.005839170429786311,0.005839170429786311
2016-10-11,-0.007990527770316502,-0.011985791655474753,0.0,-0.011985791655474753,-0.011985791655474753
2016-10-12,-0.0003405254335467826,-0.0005107881503201739,0.0,-0.0005107881503201739,-0.0005107881503201739
2016-10-13,-0.0022015189400763635,-0.0033022784101145453,0.0,-0.0033022784101145453,-0.0033022784101145453
2016-10-14,-0.001567881391863931,-0.0023518220877958964,0.0,-0.0023518220877958964,-0.0023518220877958964
2016-10-17,-0.0010911663600405113,-0.0016367495400607668,0.0,-0.0016367495400607668,-0.0016367495400607668
2016-10-18,0.0042465912061547,0.00636988680923205,0.0,0.00636988680923205,0.00636988680923205
2016-10-19,0.0025291682248254513,0.0037937523372381767,0.0,0.0037937523372381767,0.0037937523372381767
2016-10-20,-0.0007721062331569551,-0.0011581593497354326,0.0,-0.0011581593497354326,-0.0011581593497354326
2016-10-21,-0.0004894785636225807,-0.000734217845433871,0.0,-0.000734217845433871,-0.000734217845433871
2016-10-24,0.0020487976574521762,0.002800349837448013,0.0,0.002800349837448013,0.003346043134908516
2016-10-25,-0.001481879515969342,-0.0018454123062460527,0.0,-0.0018454123062460527,-0.0026002262416619736
2016-10-26,-0.0019999170484397144,-0.0032797801986339525,0.0,-0.0032797801986339525,-0.0027199709466851907
2016-10-27,-0.0018530924737998704,-0.0026885710647706618,0.0,-0.0026885710647706618,-0.0028707063566289492
2016-10-28,-0.002852625225434287,-0.004043420242596607,0.0,-0.004043420242596607,-0.004514455433706255
2016-10-31,-0.00043943837460113473,-0.0007811874365497684,0.0,-0.0007811874365497684,-0.0005371276872536357
2016-11-01,-0.0029806422606783456,-0.004414257828348167,0.0,-0.004414257828348167,-0.004527668953686869
2016-11-02,-0.0033102195895421253,-0.004855787859466898,0.0,-0.004855787859466898,-0.005074870909159479
2016-11-03,-0.0023291346981954082,-0.0036994137370132798,0.0,-0.0036994137370132798,-0.0032879903575729454
2016-11-04,0.0001447169844047469,0.0006016701303641514,0.0,0.0006016701303641514,-0.00016751917714991071
2016-11-07,0.010287204587762925,0.015808981571849144,0.0,0.015808981571849144,0.01505263219143963
2016-11-08,0.0014112735082787468,0.0020475083893152224,0.0,0.0020475083893152224,0.002186312135521018
2016-11-09,0.006828695303462443,0.010978512831293974,0.0,0.010978512831293974,0.009507573079093357
2016-11-10,0.0019897187955498882,0.002052555755329122,0.0,0.002052555755329122,0.003916600631320544
2016-11-11,-0.0007265740586275124,-0.0032250821084036096,0.0,-0.0032250821084036096,0.0010453599325210728
2016-11-14,0.0008286373058486119,0.0003651201891900047,0.0,0.0003651201891900047,0.002120791728355831
2016-11-15,0.005164084311941789,0.008570667813490007,0.0,0.008570667813490007,0.006921585122335361
2016-11-16,-0.0006136993684262089,-0.0008316522808758609,0.0,-0.0008316522808758609,-0.001009445824402766
2016-11-17,0.0016935058875883165,0.0017471254600034513,0.0,0.0017471254600034513,0.0033333922027614983
2016-11-18,-0.0006807982320159518,-0.002136881613251751,0.0,-0.002136881613251751,9.448691720389534e-05
2016-11-21,0.004645526025193458,0.007458443253576874,0.0,0.007458443253576874,0.006478134822003501
2016-11-22,0.0008785596286184693,0.0005621050924929261,0.0,0.0005621050924929261,0.002073573793362482
2016-11-23,0.0001247053396153608,-0.0008021529364399038,0.0,-0.0008021529364399038,0.0011762689552859862
2016-11-25,0.0009607322800942157,0.0014281886764630602,0.0,0.0014281886764630602,0.0014540081638195867
2016-11-28,-0.002806389622166327,-0.0036871084101697702,0.0,-0.0036871084101697702,-0.004732060456329212
2016-11-29,7.464365955900757e-05,0.0004149048914797504,0.0,0.0004149048914797504,-0.00019097391280272768
2016-11-30,0.0009726255988318407,-0.000497486050780771,0.0,-0.000497486050780771,0.0034153628472762933
2016-12-01,-0.002263036340562241,-0.004380094150658908,0.0,-0.004380094150658908,-0.0024090148710278147
2016-12-02,0.00028905492237491317,0.0011861797712910515,0.0,0.0011861797712910515,-0.000319015004166312
2016-12-05,0.003984166753900739,0.005566653920722875,0.0,0.005566653920722875,0.00638584634097934
2016-12-06,0.001876790563960599,0.0028673199487507573,0.0,0.0028673199487507573,0.0027630517431310397
2016-12-07,0.006355799548873715,0.009709613119479132,0.0,0.009709613119479132,0.009357785527142014
2016-12-08,0.002347959482541562,0.0029117200771962225,0.0,0.0029117200771962225,0.004132158370428463
2016-12-09,0.002010762048825221,0.0024799918060255167,0.0,0.0024799918060255167,0.003552294340450146
2016-12-12,-0.0011388452437057772,-0.0011847875792449947,0.0,-0.0011847875792449947,-0.002231748151872337
2016-12-13,0.003717127279450961,0.005991847469049139,0.0,0.005991847469049139,0.0051595343693037424
2016-12-14,-0.00479783269573385,-0.008746842994005887,0.0,-0.008746842994005887,-0.0056466550931956625
2016-12-15,0.001997622161442262,0.0028887107390650367,0.0,0.0028887107390650367,0.00310415574526175
2016-12-16,-0.0009852509558157603,-0.001222572707906111,0.0,-0.001222572707906111,-0.00173318015954117
2016-12-19,0.0015828029253972826,0.002953534464910368,0.0,0.002953534464910368,0.0017948743112814803
2016-12-20,0.0018410046670600498,0.002107873810813965,0.0,0.002107873810813965,0.003415140190366184
2016-12-21,-0.0009786874907367924,-0.001501157805424913,0.0,-0.001501157805424913,-0.0014349046667854637
2016-12-22,-0.0010720869043931178,-0.0017526844492762872,0.0,-0.0017526844492762872,-0.001463576263903066
2016-12-23,0.0010685102552396852,0.0022397742265766406,0.0,0.0022397742265766406,0.000965756539142415
2016-12-27,0.0015217783735183158,0.0025143594910736144,0.0,0.0025143594910736144,0.002050975629481333
2016-12-28,-0.004046190493885293,-0.005946449667986286,0.0,-0.005946449667986286,-0.006192121813669594
2016-12-29,-7.009262486597689e-05,0.0008157223852828021,0.0,0.0008157223852828021,-0.0010260002598807328
2016-12-30,-0.00219219736929277,-0.0037015826952578657,0.0,-0.0037015826952578657,-0.002875009412620444
2017-01-03,0.004674943943848064,0.008271506135398954,0.0,0.008271506135398954,0.00575332569614524
2017-01-04,0.003255511042661596,0.005645797386024998,0.0,0.005645797386024998,0.004120735741959791
2017-01-05,-0.0001023849289618628,0.0016605989103916086,0.0,0.0016605989103916086,-0.001967753697277197
2017-01-06,0.0011540331740726995,0.0010446439525840679,0.0,0.0010446439525840679,0.0024174555696340307
2017-01-09,-0.0014393383891538585,-0.0011346547036432675,0.0,-0.0011346547036432675,-0.0031833604638183076
2017-01-10,0.0004514202400009659,0.0010327319211624441,0.0,0.0010327319211624441,0.0003215287988404536
2017-01-11,0.002134487287898083,0.003021280776676627,0.0,0.003021280776676627,0.0033821810870176216
2017-01-12,-0.0019006386384971246,-0.002731399095806186,0.0,-0.002731399095806186,-0.002970516819685187
2017-01-13,0.0011854748049292616,0.0017213702974909096,0.0,0.0017213702974909096,0.001835054117296875
2017-01-17,-0.0023172905865120035,-0.0024883227860357238,0.0,-0.0024883227860357238,-0.004463548973500287
2017-01-18,0.0002784458714061707,-0.0007094437656749552,0.0,-0.0007094437656749552,0.0015447813798934672
2017-01-19,-0.002267664475268053,-0.004107253943032285,0.0,-0.004107253943032285,-0.002695739482771875
2017-01-20,0.0018926658942408602,0.002732575559599859,0.0,0.002732575559599859,0.002945422123122721
2017-01-23,-0.0010662585654389082,-0.0009851090398302121,0.0,-0.0009851090398302121,-0.0022136666564865127
2017-01-24,0.0036329797469171906,0.004537228399918647,0.0,0.004537228399918647,0.006361710840832924
2017-01-25,0.004128870361325476,0.005624272007016917,0.0,0.005624272007016917,0.006762339076959512
2017-01-26,-0.0005849227504580056,-0.0015599368453196871,0.0,-0.0015599368453196871,-0.0001948314060543299
2017-01-27,-0.00045601041020915854,9.851169489660806e-06,0.0,9.851169489660806e-06,-0.0013778824001171365
2017-01-30,-0.00469577912811607,-0.007226353002531105,0.0,-0.007226353002531105,-0.006860984381817104
2017-01-31,0.00048337054710350107,0.0025657185541729357,0.0,0.0025657185541729357,-0.0011156069128624325
2017-02-01,0.0006169732579581126,0.0008973678481873804,0.0,0.0008973678481873804,0.0009535519256869574
2017-02-02,-3.856486888539716e-05,0.00018486094423013632,0.0,0.00018486094423013632,-0.0003005555508863278
2017-02-03,0.0048402949877268155,0.007582595432005812,0.0,0.007582595432005812,0.006938289531174635
2017-02-06,-0.0007176654799864253,-4.1997847883712416e-05,0.0,-4.1997847883712416e-05,-0.0021109985920755637
2017-02-07,-0.0005883046990159402,-0.000567947488481324,0.0,-0.000567947488481324,-0.0011969666085664965
2017-02-08,0.000488668289202343,0.00164683303197779,0.0,0.00164683303197779,-0.000180828164370761
2017-02-09,0.003333490929956062,0.004224693423775172,0.0,0.004224693423775172,0.005775779366093014
2017-02-10,0.0023574356314933057,0.0037369281007444298,0.0,0.0037369281007444298,0.0033353787937354883
2017-02-13,0.002449319678142022,0.003482682541034854,0.0,0.003482682541034854,0.003865276493391212
2017-02-14,0.0023014340040401703,0.003540624322515029,0.0,0.003540624322515029,0.003363677689605482
2017-02-15,0.0023677171011460166,0.0040858869900924025,0.0,0.0040858869900924025,0.0030172643133456467
2017-02-16,-0.0008332958460626649,-0.0007764371456147612,0.0,-0.0007764371456147612,-0.0017234503925732335
2017-02-17,0.00035794506550034243,0.0007323356974369921,0.0,0.0007323356974369921,0.0003414994990640352
2017-02-21,0.002870026606131556,0.0044715068750030285,0.0,0.0044715068750030285,0.004138572943391638
2017-02-22,-0.0010363885713724115,-0.0014777283916365014,0.0,-0.0014777283916365014,-0.0016314373224807332
2017-02-23,0.0004195385296310583,0.0015811575093177322,0.0,0.0015811575093177322,-0.0003225419204245572
2017-02-24,-4.129955533593117e-05,0.001054637968233929,0.0,0.001054637968233929,-0.0011785366342417225
2017-02-27,0.0016426077211731764,0.0021672739299795074,0.0,0.0021672739299795074,0.0027605492335400217
2017-02-28,-0.0019731893718255935,-0.002827902365507562,0.0,-0.002827902365507562,-0.003091665749969219
2017-03-01,0.007761439394293557,0.0112331204460837,0.0,0.0112331204460837,0.01205119773679697
2017-03-02,-0.004617517523451368,-0.007886213416769872,0.0,-0.007886213416769872,-0.005966339153584232
2017-03-03,0.0006754132350936471,0.0013122448530988873,0.0,0.0013122448530988873,0.0007139948521820538
2017-03-06,-0.0019102660446567797,-0.0036316159879724143,0.0,-0.0036316159879724143,-0.0020991821459979245
2017-03-07,-0.0022288313828335887,-0.0042484539745131335,0.0,-0.0042484539745131335,-0.0024380401739876323
2017-03-08,-0.002508715105025631,-0.0041441762554276,0.0,-0.0041441762554276,-0.0033819690596492923
2017-03-09,0.00030482540361972027,7.415287587584363e-05,0.0,7.415287587584363e-05,0.0008403233349833173
2017-03-10,0.0019189440349234828,0.0027032636391587594,0.0,0.004005948136436932,0.0017508839683335164
2017-03-13,0.00019885555076407658,1.060361893172601e-05,0.0,-0.00010669039562558603,0.0007032570479178158
2017-03-14,-0.0015315441205540254,-0.0033582698099865584,0.0,-0.0016648160618394803,-0.0029298162998225965
2017-03-15,0.004658499649965742,0.010614897498546383,0.0,0.0077044857859799535,0.006271013163917272
2017-03-16,-0.0005407800060465706,-0.0017492050591938369,0.0,-0.0009327494811091075,-0.0006895905370306044
2017-03-17,6.239769721471849e-05,-0.00043113852095355565,0.0,0.0009182424708239822,-0.0007310493791798268
2017-03-20,-0.0006144949610692748,-0.0006152809861660225,0.0,-0.0005002446920298387,-0.0013432401911779857
2017-03-21,-0.006284241597212384,-0.010847863899490695,0.0,-0.007083487199424321,-0.011769237592212833
2017-03-22,0.0009311952320796105,0.001906406498122959,0.0,0.0015581675071767887,0.001235418189062043
2017-03-23,-0.00038320872789672223,-0.000866998562247534,0.0,-0.000866998562247534,-0.0002826276214426326
2017-03-24,1.3772750457456223e-05,6.240571218252278e-05,0.0,6.240571218252278e-05,-2.1087460810154113e-05
2017-03-27,1.301525457642061e-05,0.00043008503380217447,0.0,0.00043008503380217447,-0.00039103927007291264
2017-03-28,0.0034323638513665527,0.005354353930359168,0.0,0.005354353930359168,0.00494273762374049
2017-03-29,0.0008840842229595062,0.0024461185708160027,0.0,0.0024461185708160027,0.00020613409806251591
2017-03-30,0.0015228826850893849,0.0015126436348050997,0.0,0.0015126436348050997,0.0030560044204630543
2017-03-31,-0.001016049750996695,-0.0015850945894404834,0.0,-0.0015850945894404834,-0.0014630546635496012
2017-04-03,-0.0006086321609649466,-0.00018874165947203593,0.0,-0.00018874165947203593,-0.001637154823422804
2017-04-04,0.0002850829152236334,0.0006080302030870733,0.0,0.0006080302030870733,0.00024721854258382694
2017-04-05,-0.0022393886886142153,-0.0035173068451366807,0.0,-0.0035173068451366807,-0.003200859220705965
2017-04-06,0.001495981037437825,0.002473178950003507,0.0,0.002473178950003507,0.0020147641623099676
2017-04-07,-0.0006008349874552047,-0.0010895547873011392,0.0,-0.0010895547873011392,-0.0007129501750644751
2017-04-10,0.0002630027870151615,0.0009090062927293308,0.0,0.0009090062927293308,-0.0001199979316838462
2017-04-11,0.00045159537301277714,0.0018153907520297775,0.0,0.0018153907520297775,-0.0004606046329914459
2017-04-12,-0.002179233224125447,-0.002864316107602294,0.0,-0.002864316107602294,-0.0036733835647740467
2017-04-13,-0.003332309425085885,-0.005648145139679461,0.0,-0.005648145139679461,-0.004348783135578194
2017-04-17,0.0042815440942846955,0.006412291676194659,0.0,0.006412291676194659,0.006432340606659426
2017-04-18,-0.0013615409113942988,-0.0021644296959489884,0.0,-0.0021644296959489884,-0.0019201930382339084
2017-04-19,-0.0013037914917915542,-0.003256176486679185,0.0,-0.003256176486679185,-0.0006551979886954773
2017-04-20,0.004594992768759439,0.007349047677718467,0.0,0.007349047677718467,0.006435930628559849
2017-04-21,-0.0015546974365456675,-0.0027348897507976423,0.0,-0.0027348897507976423,-0.0019292025588393603
2017-04-24,0.005483448227523673,0.008429421885482314,0.0,0.008429421885482314,0.008020922797088704
2017-04-25,0.0028833818640921047,0.003857098966961925,0.0,0.003857098966961925,0.00479304662531439
2017-04-26,0.000428831701317504,0.0012715069773871824,0.0,0.0012715069773871824,1.4988126565329551e-05
2017-04-27,1.3455802124122222e-06,-0.000641185521012122,0.0,-0.000641185521012122,0.0006452222616493586
2017-04-28,-0.0012553348380643554,-0.0014449432323411892,0.0,-0.0014449432323411892,-0.002321061281851877
2017-05-01,0.0014222400632185198,0.0012348357175063218,0.0,0.0012348357175063218,0.0030318844721492376
2017-05-02,1.7192265468668475e-05,0.00016092528983737697,0.0,0.00016092528983737697,-0.00010934849343137154
2017-05-03,-0.0007753480381544812,-0.00193066872467339,0.0,-0.00193066872467339,-0.0003953753897900536
2017-05-04,-0.0008273961841786377,-0.002579205487797209,0.0,-0.002579205487797209,9.701693526129596e-05
2017-05-05,0.0018556945968832986,0.003689100311232396,0.0,0.003689100311232396,0.0018779834794174998
2017-05-08,-8.50734012685539e-05,-0.0004635095177166204,0.0,-0.0004635095177166204,0.00020828931391095873
2017-05-09,-0.0005588326330408474,-0.001495656172636317,0.0,-0.001495656172636317,-0.000180841726486225
2017-05-10,0.0013088703841240945,0.0024173701872286513,0.0,0.0024173701872286513,0.0015092409651436323
2017-05-11,-0.0011401688520962462,-0.0015882756150514931,0.0,-0.0015882756150514931,-0.001832230941237245
2017-05-12,-0.00033739255265097614,-0.00024218175938125474,0.0,-0.00024218175938125474,-0.0007699958985716738
2017-05-15,0.0027490216135371316,0.0048369058931234,0.0,0.0048369058931234,0.0034101589474879956
2017-05-16,0.0007297299655771305,0.0010577951050518841,0.0,0.0010577951050518841,0.0011313947916795075
2017-05-17,-0.009372857387366755,-0.013570395295611382,0.0,-0.013570395295611382,-0.014548176866488882
2017-05-18,0.0018058181977833267,0.0025631223566807805,0.0,0.0025631223566807805,0.0028543322366691992
2017-05-19,0.0032067744057229304,0.005933383935470183,0.0,0.005933383935470183,0.003686939281698609
2017-05-22,0.0023984323296117327,0.0036927453467672567,0.0,0.0036927453467672567,0.0035025516420679414
2017-05-23,0.0009699343076791656,0.0010855062857504482,0.0,0.0010855062857504482,0.0018242966372870484
2017-05-24,0.0012025223426582853,0.002144029447030704,0.0,0.002144029447030704,0.001463537580944152
2017-05-25,0.0012883485223748603,0.00122431657972627,0.0,0.00122431657972627,0.002640728987398311
2017-05-26,0.00035492990323414316,0.00105176480611876,0.0,0.00105176480611876,1.3024903583669367e-05
2017-05-30,-0.0012411411468145246,-0.0025146531360148326,0.0,-0.0025146531360148326,-0.0012087703044287412
2017-05-31,-0.00029490280078730744,-0.0006553613654544322,0.0,-0.0006553613654544322,-0.00022934703690749014
2017-06-01,0.004524061388218429,0.007099324151768505,0.0,0.007099324151768505,0.006472860012886783
2017-06-02,0.0032624286531533707,0.004316594279736063,0.0,0.004316594279736063,0.005470691679724049
2017-06-05,-0.0007977711991358511,-0.0011044807231335829,0.0,-0.0011044807231335829,-0.0012888328742739707
2017-06-06,0.00023637659396062995,0.0009449602934222146,0.0,0.0009449602934222146,-0.00023583051154032474
2017-06-07,0.0003218505832054815,-0.00022196890474327491,0.0,-0.00022196890474327491,0.0011875206543597195
2017-06-08,0.0010739845293187278,0.001464918767984247,0.0,0.001464918767984247,0.0017570348199719365
2017-06-09,-0.0010155468923834122,-0.0003207294700729224,0.0,-0.0003207294700729224,-0.0027259112070773138
2017-06-12,-0.0007904505889188524,-0.0008318766769897623,0.0,-0.0008318766769897623,-0.0015394750897667953
2017-06-13,0.002810106065625292,0.00458891855171375,0.0,0.00458891855171375,0.003841399645162125
2017-06-14,-0.0004550245901041028,-0.0015877166462487159,0.0,-0.0015877166462487159,0.00022264287593640742
2017-06-15,-0.0020852767946508404,-0.003505728632836158,0.0,-0.003505728632836158,-0.0027501017511163627
2017-06-16,0.00025572564563765,0.0012107819342229488,0.0,0.0012107819342229488,-0.0004436049973099987
2017-06-19,0.004145132962799496,0.0059009506510359746,0.0,0.0059009506510359746,0.006534448237362512
2017-06-20,-0.002661472181598741,-0.004629723299071664,0.0,-0.004629723299071664,-0.0033546932457245602
2017-06-21,0.0007780441441662937,0.00035987084766044843,0.0,0.00035987084766044843,0.0019742615848384326
2017-06-22,0.0008080187535911294,0.001180768610292171,0.0,0.001180768610292171,0.0012432876504812173
2017-06-23,0.0013278176217897434,0.002327922640368163,0.0,0.002327922640368163,0.0016555302250010674
2017-06-26,-0.0006247159084685205,-0.0010457910453626651,0.0,-0.0010457910453626651,-0.0008283566800428965
2017-06-27,-0.00450342378677111,-0.006832978158175918,0.0,-0.006832978158175918,-0.0066772932021374135
2017-06-28,0.0052359649091774894,0.008126787985867578,0.0,0.008126787985867578,0.007581106741664889
2017-06-29,-0.0047969563138317685,-0.007086885294570511,0.0,-0.007086885294570511,-0.007303983646924794
2017-06-30,-0.00013878355541050436,1.616520410093747e-05,0.0,1.616520410093747e-05,-0.00043251587033245055
2017-07-03,0.000324363437150869,0.0014492740968102048,0.0,0.0014492740968102048,-0.0004761837853575979
2017-07-05,0.0013505022261526944,0.0010132103432112017,0.0,0.0010132103432112017,0.0030382963352468817
2017-07-06,-0.005451630953269923,-0.00873274063652758,0.0,-0.00873274063652758,-0.007622152223282186
2017-07-07,0.0025162952360208157,0.0036964556740290535,0.0,0.0036964556740290535,0.0038524300340333937
2017-07-10,0.000794712592369214,0.0013561048369695405,0.0,0.0013561048369695405,0.0010280329401381016
2017-07-11,0.0001948021513559883,0.0005646995624341344,0.0,0.0005646995624341344,1.9706891633830548e-05
2017-07-12,0.00451959590519723,0.006918778570924489,0.0,0.006918778570924489,0.006640009144667202
2017-07-13,0.0005714431059765287,0.001057938437573236,0.0,0.001057938437573236,0.0006563908803563501
2017-07-14,0.0027750865176018324,0.004462575166180827,0.0,0.004462575166180827,0.0038626843866246706
2017-07-17,0.0001638968147204138,0.00018469554977837977,0.0,0.00018469554977837977,0.00030699489438286155
2017-07-18,0.0012844141223654479,0.0016893238680111833,0.0,0.0016893238680111833,0.0021639184990851603
2017-07-19,0.0030116882606589846,0.005248179796293706,0.0,0.005248179796293706,0.0037868849856832476
2017-07-20,0.000856808618637428,0.0011336217275597859,0.0,0.0011336217275597859,0.001436804128352498
2017-07-21,-0.00014771641876975734,-0.0007158019801754345,0.0,-0.0007158019801754345,0.00027265272386616245
2017-07-24,0.0003865971137504679,0.00048773888932790443,0.0,0.00048773888932790443,0.0006720524519234994
2017-07-25,0.00039687977892897876,0.0012261822979315108,0.0,0.0012261822979315108,-3.554296114457456e-05
2017-07-26,0.00040607915796824954,0.0006623047045717367,0.0,0.0006623047045717367,0.0005559327693330119
2017-07-27,-0.0017483742891206168,-0.0021140464253573076,0.0,-0.0021140464253573076,-0.003131076442004543
2017-07-28,0.0009017176329925899,0.0012924581324502804,0.0,0.0012924581324502804,0.0014126947665274892
2017-07-31,-3.64428745675216e-05,5.8180011368702544e-05,0.0,5.8180011368702544e-05,-0.00016750863507126735
2017-08-01,0.0017077495274017288,0.0025541042097000253,0.0,0.0025541042097000253,0.002569144372505161
2017-08-02,-0.00044256521511979444,-0.0008514898372706913,0.0,-0.0008514898372706913,-0.00047620580808869215
2017-08-03,-0.0006207397172267407,-0.001631840365002235,0.0,-0.001631840365002235,-0.00023037878667798718
2017-08-04,0.00019250233666717373,0.0004492251533767644,0.0,0.0004492251533767644,0.00012828185662475678
2017-08-07,0.0009255972849409156,0.0010075361659349635,0.0,0.0010075361659349635,0.0017692556888877831
2017-08-08,-0.0012436995185467073,-0.0019806932749287464,0.0,-0.0019806932749287464,-0.0017504052807113756
2017-08-09,0.0005181427976597522,0.0008233884873504627,0.0,0.0008233884873504627,0.0007310399056287941
2017-08-10,-0.006776955716508788,-0.010695814019006943,0.0,-0.010695814019006943,-0.009635053130519423
2017-08-11,0.0012402205254165874,0.0015340516493193902,0.0,0.0015340516493193902,0.002186609926930372
2017-08-14,0.004432140734169617,0.006499630949227097,0.0,0.006499630949227097,0.006796791253281753
2017-08-15,-0.0012165258086875002,-0.002013016673046242,0.0,-0.002013016673046242,-0.0016365607530162585
2017-08-16,0.0010079716891309633,0.0010317034143678793,0.0,0.0010317034143678793,0.001992211653025011
2017-08-17,-0.0073391467813019974,-0.01171617792861438,0.0,-0.01171617792861438,-0.010301262415291612
2017-08-18,-0.0006885896997290401,-0.0007829387959375267,0.0,-0.0007829387959375267,-0.0012828303032495936
2017-08-21,0.0003164594607431459,0.00021796576481786234,0.0,0.00021796576481786234,0.0007314126174115754
2017-08-22,0.005234229199734826,0.008181975639019868,0.0,0.008181975639019868,0.007520711960184612
2017-08-23,-0.0008506555577714698,-0.0010596678710473983,0.0,-0.0010596678710473983,-0.0014922988022670115
2017-08-24,-0.0005196831060077548,-0.0007476118171764301,0.0,-0.0007476118171764301,-0.0008114375008468344
2017-08-25,0.0011677425789486495,0.0019748254126513375,0.0,0.0019748254126513375,0.001528402324194611
2017-08-28,0.0013821722537411356,0.0018510388755609507,0.0,0.0018510388755609507,0.002295477885662456
2017-08-29,0.0007776568922422843,0.0011026958834582379,0.0,0.0011026958834582379,0.0012302747932686152
2017-08-30,0.0026898845597965074,0.004058780125536232,0.0,0.004058780125536232,0.0040108735538532895
2017-08-31,0.004705495761829637,0.007297599000036481,0.0,0.007297599000036481,0.0068188882854524294
2017-09-01,0.0005247199551723739,0.001271430186130984,0.0,0.001271430186130984,0.0003027296793861378
2017-09-05,-0.0027218868899718286,-0.003807568880572987,0.0,-0.003807568880572987,-0.0043580917893425
2017-09-06,0.0010838205838301564,0.00243910911844013,0.0,0.00243910911844013,0.0008123526330503395
2017-09-07,0.0011905456556231986,0.0018781695222736428,0.0,0.0018781695222736428,0.001693467444595953
2017-09-08,-0.0007768244356221032,-0.0016952782924352316,0.0,-0.0016952782924352316,-0.000635195014431078
2017-09-11,0.004160837470910213,0.006714864636454809,0.0,0.006714864636454809,0.005767647776275831
2017-09-12,0.002132953512114525,0.0035070690048610853,0.0,0.0035070690048610853,0.0028917915314824903
2017-09-13,-0.00015290145818569464,0.0003974596722846724,0.0,0.0003974596722846724,-0.0008561640468417564
2017-09-14,0.00014968466033674261,0.00046612827266099275,0.0,0.00046612827266099275,-1.7074291650764906e-05
2017-09-15,0.0007962594661221623,0.0013123615216918405,0.0,0.0013123615216918405,0.0010764168766746463
2017-09-18,0.0006791873843129477,0.001231416150716158,0.0,0.001231416150716158,0.0008061460022226851
2017-09-19,0.000693827342538696,0.0012449258331740931,0.0,0.0012449258331740931,0.0008365561944419953
2017-09-20,5.6445479954736476e-05,0.0004235754712081263,0.0,0.0004235754712081263,-0.0002542390313439169
2017-09-21,-0.0018652439550209305,-0.0027829248160567643,0.0,-0.0027829248160567643,-0.0028128070490060276
2017-09-22,0.0007714896113034294,0.00141150613787423,0.0,0.00141150613787423,0.0009029626960360582
2017-09-25,-0.0003240442835062603,0.00023565590390055567,0.0,0.00023565590390055567,-0.0012077887544193367
2017-09-26,-0.00038400848825003163,-0.0005980217596989635,0.0,-0.0005980217596989635,-0.0005540037050511315
2017-09-27,0.0022701589334988225,0.0036180507294932053,0.0,0.0036180507294932053,0.0031924260710032627
2017-09-28,0.0005748404490435898,0.0009061033628172232,0.0,0.0009061033628172232,0.0008184179843135464
2017-09-29,0.0018981665464815722,0.0028399491065050687,0.0,0.0028399491065050687,0.002854550532939648
2017-10-02,0.002360341620175965,0.003525900767417811,0.0,0.003525900767417811,0.0035551240931100845
2017-10-03,0.0011623078139119298,0.0016923464837525271,0.0,0.0016923464837525271,0.0017945769579832626
2017-10-04,0.00012136409243794037,0.00014548108243509495,0.0,0.00014548108243509495,0.00021861119487872615
2017-10-05,0.0025142615676255232,0.0039982072011540025,0.0,0.0039982072011540025,0.0035445775017225677
2017-10-06,-0.0001717805048501201,-0.0006801090742154625,0.0,-0.0006801090742154625,0.00016476755966510215
2017-10-09,-0.00014863599445626984,-0.00012011334283770214,0.0,-0.00012011334283770214,-0.0003257946405311074
2017-10-10,0.0014680764687681278,0.002246098799882712,0.0,0.002246098799882712,0.002158130606421671
2017-10-11,0.00100058776088033,0.0016180613489004236,0.0,0.0016180613489004236,0.0013837019337405664
2017-10-12,-0.0008798743014131341,-0.0015024852689996759,0.0,-0.0015024852689996759,-0.0011371376352397266
2017-10-13,0.0014771241725882144,0.0021863424825833257,0.0,0.0021863424825833257,0.002245030035181317
2017-10-16,0.0004230783118706948,0.000744694776438437,0.0,0.000744694776438437,0.0005245401591736476
2017-10-17,0.0002692274347452376,0.00043314172537050054,0.0,0.00043314172537050054,0.0003745405788652123
2017-10-18,0.00046263915797203713,0.00034271615943620715,0.0,0.00034271615943620715,0.0010452013144799043
2017-10-19,0.00039446302598332336,0.00043693749702040653,0.0,0.00043693749702040653,0.0007464515809295635
2017-10-20,0.0015494898760366695,0.0024203203637515602,0.0,0.0024203203637515602,0.002228149264358448
2017-10-23,-0.0018123839639976064,-0.0029767829716743745,0.0,-0.0029767829716743745,-0.0024603689203184453
2017-10-24,0.00044857617521361083,0.0007692674521307841,0.0,0.0007692674521307841,0.0005764610735100484
2017-10-25,-0.002620269741487983,-0.004278292530942962,0.0,-0.004278292530942962,-0.003582516693520987
2017-10-26,-0.0005198070796921324,-0.0006753646221927423,0.0,-0.0006753646221927423,-0.000884056616883655
2017-10-27,0.005585207178576505,0.0084670704168068,0.0,0.0084670704168068,0.008288551118922715
2017-10-30,-0.0009413056814067049,-0.001152078032192394,0.0,-0.001152078032192394,-0.0016718390120277205
2017-10-31,0.0007783548589805825,0.0013300462354256747,0.0,0.0013300462354256747,0.001005018341516073
2017-11-01,0.000976878781104699,0.002032225188070147,0.0,0.002032225188070147,0.00089841115524395
2017-11-02,0.0009108661142570288,0.0012207090118662388,0.0,0.0012207090118662388,0.0015118893309048476
2017-11-03,0.0016542964671668974,0.0026274600281658623,0.0,0.0026274600281658623,0.0023354293733348296
2017-11-06,0.0019195388968755204,0.004022309274649994,0.0,0.004022309274649994,0.001736307415976568
2017-11-07,-0.0015571257910795867,-0.002399748930582335,0.0,-0.002399748930582335,-0.0022716284426564258
2017-11-08,0.0005994542241994324,0.0006568655140030133,0.0,0.0006568655140030133,0.0011414971585952838
2017-11-09,-0.0016036447355487705,-0.002255072588967233,0.0,-0.002255072588967233,-0.0025558616176790784
2017-11-10,-0.0025208055819091915,-0.004045386616149793,0.0,-0.004045386616149793,-0.0035170301295777808
2017-11-13,0.00042226713917395956,0.0003462929375475432,0.0,0.0003462929375475432,0.0009205084799743357
2017-11-14,-0.001071388516253739,-0.0024156401427470444,0.0,-0.0024156401427470444,-0.0007985254060141722
2017-11-15,-0.0015268083013491695,-0.0028552224872985033,0.0,-0.0028552224872985033,-0.0017252024167490054
2017-11-16,0.0038900571154999197,0.005634714041701372,0.0,0.005634714041701372,0.006035457304798386
2017-11-17,0.0002770401978622032,0.0006614581058290159,0.0,0.0006614581058290159,0.00016966248775759362
2017-11-20,9.670815467793433e-05,2.641453592289178e-05,0.0,2.641453592289178e-05,0.0002637099281109112
2017-11-21,0.004191117178989716,0.00639818081017729,0.0,0.00639818081017729,0.0061751707267918565
2017-11-22,0.000261697798959563,0.0005927778882933388,0.0,0.0005927778882933388,0.00019231550858535008
2017-11-24,0.0007550653034108808,0.0012729386113063401,0.0,0.0012729386113063401,0.0009922572989263024
2017-11-27,-0.0003418962479617149,-0.0010210919542602004,0.0,-0.0010210919542602004,-4.596789624944364e-06
2017-11-28,0.005407825209516555,0.008498703680581554,0.0,0.008498703680581554,0.007724771947968112
2017-11-29,-0.0015722483778383884,-0.002085150784846679,0.0,-0.002085150784846679,-0.0026315943486684866
2017-11-30,0.0035073141394731683,0.00601009198731226,0.0,0.00601009198731226,0.004511850431107245
2017-12-01,0.00031170493893368053,0.00088723262622733,0.0,0.00088723262622733,4.788219057371146e-05
2017-12-04,-0.0019949054943242134,-0.003013874391341931,0.0,-0.003013874391341931,-0.00297084209163071
2017-12-05,-0.0018967585391323188,-0.003060507471308438,0.0,-0.003060507471308438,-0.0026297681460885182
2017-12-06,-0.0003175098412589487,-0.0011251448274890552,0.0,-0.0011251448274890552,0.00017261530371220912
2017-12-07,0.00044992427624975423,0.0008209779015841856,0.0,0.0008209779015841856,0.0005287949271650771
2017-12-08,0.0028419062248338308,0.0047217080602592445,0.0,0.0047217080602592445,0.0038040106142422482
2017-12-11,0.0013724029233992555,0.002419453530498328,0.0,0.002419453530498328,0.001697755239699439
2017-12-12,0.0010407976206864586,0.0014250511869552285,0.0,0.0014250511869552285,0.001697341675104147
2017-12-13,0.0012059263254509196,0.0017370363543868783,0.0,0.0017370363543868783,0.0018807426219658806
2017-12-14,-0.0024147953903050096,-0.0038020644693319227,0.0,-0.0038020644693319227,-0.0034423217015831066
2017-12-15,0.005054300384787128,0.007536377486396994,0.0,0.007536377486396994,0.007626523667964391
2017-12-18,0.0034694966781471325,0.005589880013335868,0.0,0.005589880013335868,0.00481861002110553
2017-12-19,-0.002823885039518825,-0.004163633569725411,0.0,-0.004163633569725411,-0.004308021548831064
2017-12-20,-0.0005093072950792606,-5.739883393226508e-05,0.0,-5.739883393226508e-05,-0.0014705230513055167
2017-12-21,0.0020738215920397484,0.004170016972170776,0.0,0.004170016972170776,0.0020514478039484695
2017-12-22,-0.00022287243104447037,-0.00022986775956373995,0.0,-0.00022986775956373995,-0.0004387495335696712
2017-12-26,-0.00011231989447892202,0.000269187057278808,0.0,0.000269187057278808,-0.0006061467407155741
2017-12-27,0.0013046280043393513,0.0017916554676971619,0.0,0.0017916554676971619,0.002122228545320892
2017-12-28,0.0014578304158679777,0.002262762262055573,0.0,0.002262762262055573,0.00211072898554836
2017-12-29,-0.002209035004831113,-0.0034584400117530167,0.0,-0.0034584400117530167,-0.003168665002740323
2018-01-02,0.004682882901972178,0.007847740868315866,0.0,0.007847740868315866,0.006200907837600666
2018-01-03,0.0035829666535865203,0.006123256529949883,0.0,0.006123256529949883,0.004625643430809678
2018-01-04,0.0025986725430166002,0.004199816971690395,0.0,0.004199816971690395,0.003596200657359405
2018-01-05,0.003000261570959306,0.004480406010957294,0.0,0.004480406010957294,0.004520378701920624
2018-01-08,0.000512549194454226,0.0010689337274479738,0.0,0.0010689337274479738,0.0004687138559147042
2018-01-09,0.0002367967970153225,0.00022922367392427256,0.0,0.00022922367392427256,0.0004811667171216949
2018-01-10,-4.9667026171732835e-05,-0.00013430558404505799,0.0,-0.00013430558404505799,-1.4695494470140513e-05
2018-01-11,0.004670812791117332,0.008030971484674975,0.0,0.008030971484674975,0.005981466888677023
2018-01-12,0.004546399335446679,0.0073021166490869534,0.0,0.0073021166490869534,0.006337081357253083
2018-01-16,-0.0014406376342628868,-0.00279385472880187,0.0,-0.00279385472880187,-0.0015280581739867904
2018-01-17,0.004640605313489236,0.007399168622054886,0.0,0.007399168622054886,0.006522647318412822
2018-01-18,-0.0017885827705413804,-0.003091406290625287,0.0,-0.003091406290625287,-0.002274342020998854
2018-01-19,0.002281879034361752,0.0033574421559283254,0.0,0.0033574421559283254,0.0034881949471569306
2018-01-22,0.004515373252821579,0.007853188110964715,0.0,0.007853188110964715,0.0056929316475000215
2018-01-23,0.0014824925570845065,0.002146848367275278,0.0,0.002146848367275278,0.0023006293039782412
2018-01-24,-0.00020295801459196592,-0.0004392185064110987,0.0,-0.0004392185064110987,-0.00016965553736479898
2018-01-25,0.0004895389436211816,0.0003417878611747582,0.0,0.0003417878611747582,0.0011268289696887868
2018-01-26,0.00554760405647885,0.008593822046650268,0.0,0.008593822046650268,0.008048990122786282
2018-01-29,-0.00397647812669203,-0.006719469412028156,0.0,-0.006719469412028156,-0.005209964968047931
2018-01-30,-0.006986119375525776,-0.01148781963288208,0.0,-0.01148781963288208,-0.009470538493695247
2018-01-31,0.000767225156174008,0.0011842582555150027,0.0,0.0011842582555150027,0.0011174172130070214
2018-02-01,-8.274535122963684e-05,0.00039025988062901806,0.0,0.00039025988062901806,-0.0006384959343179286
2018-02-02,-0.01303451755662205,-0.02164118815281566,0.0,-0.02164118815281566,-0.017462364517050487
2018-02-05,-0.020729053481669715,-0.03319129639611847,0.0,-0.03319129639611847,-0.028995864048890672
2018-02-06,0.0084604937640174,0.013086888969498367,0.0,0.013086888969498367,0.012294592322553833
2018-02-07,-0.0036024982640300482,-0.006239800706922061,0.0,-0.006239800706922061,-0.004567694085168083
2018-02-08,-0.018963024668975727,-0.029956179296626438,0.0,-0.029956179296626438,-0.026932894710300737
2018-02-09,0.007000251041068377,0.010462896318053704,0.0,0.010462896318053704,0.010537856805151425
2018-02-12,0.007854012390199545,0.012598483357540213,0.0,0.012598483357540213,0.010963553813058424
2018-02-13,0.001798592240743191,0.0024912700500729244,0.0,0.0024912700500729244,0.0029045066721566483
2018-02-14,0.008530209351749996,0.013521476852996739,0.0,0.013521476852996739,0.012069151202253247
2018-02-15,0.006274710167905343,0.00928788662016553,0.0,0.00928788662016553,0.0095362438835505
2018-02-16,0.0003340503112575055,0.00037660784287858463,0.0,0.00037660784287858463,0.0006255430908939319
2018-02-20,-0.003772843668013707,-0.005930847148369833,0.0,-0.005930847148369833,-0.005387683855671288
2018-02-21,-0.00318215194490327,-0.005614551596036821,0.0,-0.005614551596036821,-0.003931904238672989
2018-02-22,0.0007780545737363199,0.0017150431882257179,0.0,0.0017150431882257179,0.0006191205329832417
2018-02-23,0.008808661649204427,0.014428991778840083,0.0,0.014428991778840083,0.011996993168773196
2018-02-26,0.006422000171496152,0.009947866896216651,0.0,0.009947866896216651,0.009318133618271806
2018-02-27,-0.006561257069616073,-0.01056397843823812,0.0,-0.01056397843823812,-0.009119792770610102
2018-02-28,-0.006242855080750391,-0.010195690769367594,0.0,-0.010195690769367594,-0.008532874472883579
2018-03-01,-0.006652748704981326,-0.009712692645193477,0.0,-0.009712692645193477,-0.010245553469750502
2018-03-02,0.0035714494112859423,0.005183257703362065,0.0,0.005183257703362065,0.005531090530495763
2018-03-05,0.005427779897554138,0.008536741058685893,0.0,0.008536741058685893,0.00774659863397652
2018-03-06,0.002269641815852911,0.003480628098794647,0.0,0.003480628098794647,0.0033282973487640866
2018-03-07,0.00040223186613099756,0.00017165156737015687,0.0,0.00017165156737015687,0.001035044031022836
2018-03-08,0.0017997827085055485,0.0029729054512766862,0.0,0.0029729054512766862,0.002426442674239959
2018-03-09,0.00901632458692589,0.014148728703928037,0.0,0.014148728703928037,0.012900245056849636
2018-03-12,-0.00015179369986096923,4.60591894498652e-05,0.0,4.60591894498652e-05,-0.0005014402890327729
2018-03-13,-0.003472978238972154,-0.005314542147725532,0.0,-0.005314542147725532,-0.00510439256919093
2018-03-14,-0.002371176868024664,-0.003410668744987333,0.0,-0.003410668744987333,-0.003702861859086659
2018-03-15,-0.0008081928683599508,-0.0014714003908685269,0.0,-0.0014714003908685269,-0.0009531782142113254
2018-03-16,0.00040335428326612933,0.0008721415225288242,0.0,0.0008721415225288242,0.0003379213272695636
2018-03-19,-0.007180641171002614,-0.011702101171440693,0.0,-0.011702101171440693,-0.009839822341567151
2018-03-20,0.0007158204638233171,0.0012953172718650596,0.0,0.0012953172718650596,0.0008521441196048917
2018-03-21,0.0012043892407863409,0.0031705099653063784,0.0,0.0031705099653063784,0.00044265775705264464
2018-03-22,-0.013449554910502365,-0.02069956266175905,0.0,-0.02069956266175905,-0.01964910206974805
2018-03-23,-0.010342407520882365,-0.015856186516432558,0.0,-0.015856186516432558,-0.015171036046214536
2018-03-26,0.014550665765367237,0.022533208468038867,0.0,0.022533208468038867,0.02111878882806284
2018-03-27,-0.010149415591842396,-0.015160310378133247,0.0,-0.015160310378133247,-0.015287936397393943
2018-03-28,-0.0024339659957206034,-0.004491510841727553,0.0,-0.004491510841727553,-0.0028103871454342568
2018-03-29,0.00724568524905039,0.012164422189432745,0.0,0.012164422189432745,0.009572633557718424
2018-04-02,-0.010839573858711505,-0.01716205047310263,0.0,-0.01716205047310263,-0.015356671103031882
2018-04-03,0.006226277008458418,0.01002100381560822,0.0,0.01002100381560822,0.008657827209767033
2018-04-04,0.00580615281645432,0.008539172402751349,0.0,0.008539172402751349,0.008879286046611612
2018-04-05,0.0028964907012252517,0.0048697801904230235,0.0,0.0048697801904230235,0.0038196919132527317
2018-04-06,-0.010826091798235375,-0.016596270799201063,0.0,-0.016596270799201063,-0.01588200459550506
2018-04-09,0.0030318705806467935,0.004867933325274088,0.0,0.004867933325274088,0.004227678416666292
2018-04-10,0.009946015459115021,0.016483448458186545,0.0,0.016483448458186545,0.013354597919158518
2018-04-11,-0.001917922866185854,-0.002177223235347525,0.0,-0.002177223235347525,-0.0035765453632100376
2018-04-12,0.004009508532197015,0.005640964588800512,0.0,0.005640964588800512,0.006387561007790532
2018-04-13,-0.0015993733815399924,-0.0017308005790167224,0.0,-0.0017308005790167224,-0.003067319565603255
2018-04-16,0.004008713227613959,0.006540717837317444,0.0,0.006540717837317444,0.00548542184552443
2018-04-17,0.005502153144244545,0.008583756059941838,0.0,0.008583756059941838,0.007922703372791795
2018-04-18,0.00012695082894135235,0.0005775449566573831,0.0,0.0005775449566573831,-0.0001966924698333261
2018-04-19,-0.0023006592919874577,-0.0037971036575529917,0.0,-0.0037971036575529917,-0.0031048742184093814
2018-04-20,-0.004668574169234663,-0.007600863357802068,0.0,-0.007600863357802068,-0.0064048591499019205
2018-04-23,-0.000684630572261639,-0.0007073308128542233,0.0,-0.0007073308128542233,-0.0013465609039306937
2018-04-24,-0.006134368909807626,-0.009965009771393862,0.0,-0.009965009771393862,-0.008438096958029018
2018-04-25,0.00018711334181603645,0.0003432768257535912,0.0,0.0003432768257535912,0.00021806319969451814
2018-04-26,0.005624340927952409,0.00951392129059997,0.0,0.00951392129059997,0.007359101493257259
2018-04-27,0.0003969381627640378,0.0004516773507629912,0.0,0.0004516773507629912,0.0007391371375291223
2018-04-30,-0.0044503112982069585,-0.006593942585814227,0.0,-0.006593942585814227,-0.006756991308806648
2018-05-01,0.0010243350988943653,0.001051606713546438,0.0,0.001051606713546438,0.0020213985831366577
2018-05-02,-0.0027187993817895015,-0.003928627782033645,0.0,-0.003928627782033645,-0.004227770363334859
2018-05-03,-0.0011218389066392682,-0.00157414050286947,0.0,-0.00157414050286947,-0.001791376217048335
2018-05-04,0.006930595833945914,0.010716589314238245,0.0,0.010716589314238245,0.010075198187599499
2018-05-07,0.0024045929543622985,0.003594750179088091,0.0,0.003594750179088091,0.003619028683998804
2018-05-08,0.0006097143261521702,0.00126041607293651,0.0,0.00126041607293651,0.0005687269055200006
2018-05-09,0.004805119959672221,0.007928340595199257,0.0,0.007928340595199257,0.006487019283817408
2018-05-10,0.005512288254462638,0.009045805126142104,0.0,0.009045805126142104,0.007491059637245811
2018-05-11,0.0014488070272778396,0.0023711110738843357,0.0,0.0023711110738843357,0.0019753100079491826
2018-05-14,0.00025426893660579486,0.000462577255257568,0.0,0.000462577255257568,0.0003002295545598166
2018-05-15,-0.004765527716498308,-0.007704494815674712,0.0,-0.007704494815674712,-0.006592088333820212
2018-05-16,0.0022676495416757794,0.0033842557837418406,0.0,0.0033842557837418406,0.003418692841285498
2018-05-17,-0.00015814384918724965,0.00026459295596371614,0.0,0.00026459295596371614,-0.000739024503525465
2018-05-18,-0.0010353585079568627,-0.0015102581834627537,0.0,-0.0015102581834627537,-0.0015958173404078345
2018-05-21,0.0036281722013840646,0.005979956509613693,0.0,0.005979956509613693,0.004904560094538502
2018-05-22,-0.001531587272716628,-0.003039433594386398,0.0,-0.003039433594386398,-0.0015553282237634857
2018-05-23,0.0015454490465215964,0.002674705909004804,0.0,0.002674705909004804,0.0019616412305599852
2018-05-24,-0.0008967140095562986,-0.001768662105358254,0.0,-0.001768662105358254,-0.0009214799233106419
2018-05-25,-0.0015791522482666652,-0.003356957807412553,0.0,-0.003356957807412553,-0.0013804989373874422
2018-05-29,-0.004864642026564284,-0.006356018683320375,0.0,-0.006356018683320375,-0.00823790739637248
2018-05-30,0.0068986995270755545,0.011525764917066772,0.0,0.011525764917066772,0.009170333664159891
2018-05-31,-0.0033862809486074744,-0.005540377675616115,0.0,-0.005540377675616115,-0.0046184651702063095
2018-06-01,0.005025167429195198,0.007510342915729651,0.0,0.007510342915729651,0.0075651593718559455
2018-06-04,0.002177203702944826,0.002472157538298214,0.0,0.002472157538298214,0.004059453570536264
2018-06-05,0.0007218068837633985,0.0010811009549718253,0.0,0.0010811009549718253,0.00108431969631837
2018-06-06,0.004661654284281899,0.00682560058336612,0.0,0.00682560058336612,0.007159362269479575
2018-06-07,-8.233216743226784e-05,0.0011183400504643504,0.0,0.0011183400504643504,-0.0013653365527611539
2018-06-08,0.0008835109865242236,0.001077803716767778,0.0,0.001077803716767778,0.0015727292428048933
2018-06-11,0.0006886129060615217,0.0012009574297753734,0.0,0.0012009574297753734,0.0008648812884091917
2018-06-12,0.0003685746740613135,0.0001837878882887778,0.0,0.0001837878882887778,0.0009219361338951626
2018-06-13,-0.0012808423849162774,-0.0021354264075582386,0.0,-0.0021354264075582386,-0.001707100747190593
2018-06-14,0.0016755625775804952,0.0028563489628280923,0.0,0.0028563489628280923,0.0021703387699133934
2018-06-15,-0.002444542920799179,-0.004694974790203077,0.0,-0.004694974790203077,-0.0026386539721944603
2018-06-18,-0.00064120308022478,-0.0005086325626121546,0.0,-0.0005086325626121546,-0.0014149766780621853
2018-06-19,-0.0015940121913504506,-0.0022134797413169483,0.0,-0.0022134797413169483,-0.002568556832734403
2018-06-20,0.0006793832801258744,0.0008017053832155008,0.0,0.0008017053832155008,0.0012364444571621226
2018-06-21,-0.003801273283901186,-0.0063650075584508305,0.0,-0.0063650075584508305,-0.005038812293252726
2018-06-22,0.0006647796532562126,0.0019905686938379687,0.0,0.0019905686938379687,3.7702659306693144e-06
2018-06-25,-0.007970232242450075,-0.012847979832608047,0.0,-0.012847979832608047,-0.011062716894742175
2018-06-26,0.0008634297475380138,0.0019969605686715576,0.0,0.0019969605686715576,0.0005933286739424837
2018-06-27,-0.0021426076244841085,-0.006163346681751824,0.0,0.0020189108002477084,-0.008446733673700035
2018-06-28,0.0013535616576878888,0.003952971231667934,0.0,0.0,0.004060684973063666
2018-06-29,0.00037957347386881427,0.001417602259333206,0.0,0.0,0.0011387204216064429
2018-07-02,0.0007545724164656524,0.0007106106013651803,0.0,0.0,0.0022637172493969572
2018-07-03,-0.0007943598727251107,-0.0012192685565885265,0.0,0.0,-0.0023830796181753323
2018-07-05,0.0023313686298070363,0.0071747584604240685,0.0,0.0,0.006994105889421109
2018-07-06,0.0022047267390757947,0.007552707896160016,0.0,0.0,0.0066141802172273835
2018-07-09,0.0025928478947440767,0.008628285162796479,0.0,0.0,0.0077785436842322305
2018-07-10,0.00020207675517249779,0.0013402357263607612,0.0,0.0,0.0006062302655174933
2018-07-11,-0.0018988449708727485,-0.007430830403658472,0.0,0.0,-0.005696534912618245
2018-07-12,0.0024358491514501054,0.007471045415892408,0.0,0.0,0.007307547454350316
2018-07-13,-0.00019470891671920327,0.00019641775556046294,0.0,0.0,-0.0005841267501576098
2018-07-16,0.00011937197927927024,-0.0012114184371951552,0.0,0.0,0.0003581159378378107
2018-07-17,0.0006758442976980472,0.0014413318875624915,0.0,0.0,0.0020275328930941415
2018-07-18,0.0007142190285575279,0.0018075634882347646,0.0,0.0,0.0021426570856725837
2018-07-19,-0.001382121208278882,-0.00285180635993606,0.0,0.0,-0.004146363624836646
2018-07-20,-0.00018119402397673846,-0.0014688676351773844,0.0,0.0,-0.0005435820719302154
2018-07-23,0.0008845007821191687,0.0004985572536072902,0.0,0.0,0.002653502346357506
2018-07-24,0.0007903047801965491,0.0040099293199780785,0.0,0.0,0.002370914340589647
2018-07-25,0.0020262291530752873,0.007305894726046003,0.0,0.0,0.006078687459225862
2018-07-26,-0.0008777489660826217,-0.002515354959903049,0.0,0.0,-0.002633246898247865
2018-07-27,-0.0021492059982070933,-0.006656929567863745,0.0,0.0,-0.0064476179946212795
2018-07-30,-0.0015181050972848126,-0.0042307879565700035,0.0,0.0,-0.004554315291854438
2018-07-31,0.0011309182869723156,0.004051512214813191,0.0,0.0,0.0033927548609169467
2018-08-01,0.00021808518867298581,-0.0022806901874546813,0.0,0.0,0.0006542555660189575
2018-08-02,0.0014319803295037275,0.003348722286209471,0.0,0.0,0.0042959409885111825
2018-08-03,0.0008072776957356494,0.0027527932457224293,0.0,0.0,0.0024218330872069482
2018-08-06,0.0009809803264360095,0.0028603402495140815,0.0,0.0,0.0029429409793080286
2018-08-07,0.0007619708941136505,0.002735162317344053,0.0,0.0,0.0022859126823409513
2018-08-08,0.0001563071123003912,0.000126399671628763,0.0,0.0,0.00046892133690117354
2018-08-09,-0.00026256873902117767,-0.0010206324305408686,0.0,0.0,-0.0007877062170635329
2018-08-10,-0.00161451846962292,-0.0035461693745855727,0.0,0.0,-0.00484355540886876
2018-08-13,-0.0008787553550456017,-0.005626895863327219,0.0,0.0,-0.002636266065136805
2018-08-14,0.0015812051275439758,0.004858844860019529,0.0,0.0,0.0047436153826319275
2018-08-15,-0.0018833314186222584,-0.010219407996645714,0.0,0.0,-0.005649994255866775
2018-08-16,0.0021593850324371036,0.00711201587125988,0.0,0.0,0.006478155097311311
2018-08-17,0.0006366603412081728,0.003209724615845655,0.0,0.0,0.0019099810236245184
2018-08-20,0.0004204568935568161,0.0031051663243911063,0.0,0.0,0.0012613706806704483
2018-08-21,0.0008510224774599877,0.003015434649891291,0.0,0.0,0.002553067432379963
2018-08-22,9.21911900257144e-05,0.002090974619297248,0.0,0.0,0.0002765735700771432
2018-08-23,-0.0003743563663431463,-0.002382547173341731,0.0,0.0,-0.001123069099029439
2018-08-24,0.0014830074961152146,0.007122315201906182,0.0,0.0,0.004449022488345644
2018-08-27,0.0018778250620111144,0.006175534086358403,0.0,0.0,0.005633475186033343
2018-08-28,0.0001445665520827329,-0.0013869464729711401,0.0,0.0,0.00043369965624819875
2018-08-29,0.0012560493120808943,0.004973163541916248,0.0,0.0,0.0037681479362426827
2018-08-30,-0.0007721352510683621,-0.0028710309854521167,0.0,0.0,-0.0023164057532050865
2018-08-31,0.00013520585971629935,-0.0007127703270683128,0.0,0.0,0.00040561757914889804
2018-09-04,-0.0005929905256802333,-0.0030830736908112333,0.0,0.0,-0.0017789715770407
2018-09-05,-0.0008434445749211003,-0.0025862063582501537,0.0,0.0,-0.0025303337247633007
2018-09-06,-0.0009701386240673479,-0.0041955414927619785,0.0,0.0,-0.0029104158722020436
2018-09-07,-0.0004043578451184045,-0.0023488177547732582,0.0,0.0,-0.0012130735353552136
2018-09-10,0.00011665188329834653,0.0006074420358261889,0.0,0.0,0.0003499556498950396
2018-09-11,0.000852659366509904,0.0028069999100280183,0.0,0.0,0.002557978099529712
2018-09-12,-0.00042039235030831475,0.0003311145724106845,0.0,0.0,-0.0012611770509249442
2018-09-13,0.0015141647809054804,0.00437534938125479,0.0,0.0,0.004542494342716441
2018-09-14,0.00016393361260040875,-0.00010921711793691058,0.0,0.0,0.0004918008378012262
2018-09-17,-0.0018074013677833532,-0.004738588725064252,0.0,0.0,-0.005422204103350059
2018-09-18,0.0015580541120532975,0.0037038974407717527,0.0,0.00043344945297283386,0.004240712883187059
2018-09-19,0.0003755485206300054,0.0016439029095769776,0.0,-0.0004188893332158439,0.00154553489510586
2018-09-20,0.002286476686938954,0.007691579044878915,0.0,0.0,0.0068594300608168625
2018-09-21,-0.0005102318796024555,-0.0015951657953883868,0.0,0.0,-0.0015306956388073667
2018-09-24,-0.0004920367856660243,-0.00028520230864652606,0.0,0.0,-0.0014761103569980727
2018-09-25,-0.00029260442347668706,-0.0001788389242936117,0.0,0.0,-0.0008778132704300612
2018-09-26,-0.0009511148218279844,-0.00364340912885458,0.0,0.0,-0.0028533444654839533
2018-09-27,0.0006836304311769181,0.0012343376862319344,0.0,0.0,0.0020508912935307544
2018-09-28,-4.211235079905803e-06,8.087988085353492e-05,0.0,0.0,-1.2633705239717408e-05
2018-10-01,0.0004955904973706978,0.0019704352645442346,0.0,0.0,0.0014867714921120933
2018-10-02,-0.0003843421208749402,0.0007173070030547013,0.0,0.0,-0.0011530263626248205
2018-10-03,0.0007447347320858796,0.0009084075253417256,0.0,0.0,0.0022342041962576387
2018-10-04,-0.0022799423922398496,-0.007905176120863121,0.0,0.0,-0.006839827176719548
2018-10-05,-0.001762195292516459,-0.005877104731874361,0.0,0.0,-0.005286585877549377
2018-10-08,-0.000372862600660336,-0.0026397285382741996,0.0,0.0,-0.001118587801981008
2018-10-09,-0.00010035269551699569,0.0016591065059436082,0.0,0.0,-0.00030105808655098707
2018-10-10,-0.007944994807402602,-0.026995414913234695,0.0,0.0,-0.023834984422207807
2018-10-11,-0.00966721939612604,-0.014157238941187,0.0,-0.014443554129228297,-0.014558104059149823
2018-10-12,0.006931550595873995,0.009711441337202632,0.0,0.010534680665081208,0.01025997112254078
2018-10-15,-0.002097099254178251,-0.004774538161929931,0.0,-0.0017278109319414426,-0.0045634868305933106
2018-10-16,0.0058784155387304445,0.018518890591811575,0.0,0.0,0.017635246616191334
2018-10-17,0.00011240789839313721,-0.0008945744062842431,0.0,0.0,0.00033722369517941164
2018-10-18,-0.003273146812629883,-0.012095652507392429,0.0,0.0003811752813564828,-0.010200615719246131
2018-10-19,-0.0004319415159426132,-0.002495606962237218,0.0,-0.0008867757922248031,-0.00040904875560303643
2018-10-22,-0.001432845313500338,-0.004276368484818149,0.0,-0.0017323896287881114,-0.0025661463117129025
2018-10-23,-0.002078914379463518,-0.005751243127421812,0.0,-0.003091215127460023,-0.0031455280109305315
2018-10-24,-0.013331750795174194,-0.027020383646763922,0.0,-0.015754882368137,-0.024240370017385583
2018-10-25,0.008324439174697966,0.01596189806946511,0.0,0.01229653315438196,0.012676784369711935
2018-10-26,-0.006716029853274273,-0.011121368039563862,0.0,-0.011439233256348446,-0.008708856303474377
2018-10-29,-0.004053184379703756,-0.0070485251417610525,0.0,-0.006654589115644061,-0.005504964023467207
2018-10-30,0.006267185445217837,0.0122453840030752,0.0,0.012683862652839639,0.006117693682813874
2018-10-31,0.004631997684523278,0.008068017568375973,0.0,0.008805523607807831,0.005090469445762002
2018-11-01,0.0052085007161734335,0.010815323494424888,0.0,0.010815323494424888,0.00481017865409541
2018-11-02,-0.003130335088894032,-0.006448549853954,0.0,-0.006448549853954,-0.0029424554127280957
2018-11-05,0.0025387970703611797,0.005226708043884342,0.0,0.005226708043884342,0.002389683167199197
2018-11-06,0.0019455818083138562,0.004351311255055767,0.0,0.004351311255055767,0.001485434169885802
2018-11-07,0.008514578672339446,0.018173059986712627,0.0,0.018173059986712627,0.0073706760303057115
2018-11-08,-0.0007474687631194707,-0.0030929052566412763,0.0,-0.0030929052566412763,0.0008504989672828645
2018-11-09,-0.004606938428222866,-0.008767241621733323,0.0,-0.008767241621733323,-0.005053573662935273
2018-11-12,-0.010528563646566796,-0.018136296208211687,0.0,-0.018136296208211687,-0.013449394731488696
2018-11-13,-0.001271474323435521,-0.0032140136379736005,0.0,-0.0032140136379736005,-0.0006004093323329629
2018-11-14,-0.003471038072638703,-0.0056557969667051285,0.0,-0.0056557969667051285,-0.00475731725121098
2018-11-15,0.00673318372132236,0.011546011346665719,0.0,0.011546011346665719,0.008653539817301359
2018-11-16,0.0020881641320085,0.00418303986514097,0.0,0.00418303986514097,0.002081452530884531
2018-11-19,-0.006096381620505231,-0.013443317516123399,0.0,-0.013443317516123399,-0.004845827345392295
2018-11-20,-0.007780536294802384,-0.016241939720254794,0.0,-0.016241939720254794,-0.007099669164152356
2018-11-21,0.0015142929424301066,0.0045013763287546586,0.0,0.0045013763287546586,4.150249853566157e-05
2018-11-23,-0.0029887218500867802,-0.006916835065197946,0.0,-0.006916835065197946,-0.002049330485062395
2018-11-26,0.0062980917431676,0.013134415658283216,0.0,0.013134415658283216,0.005759859571219583
2018-11-27,0.0007551393627591571,0.0008481790328663918,0.0,0.0008481790328663918,0.0014172390554110792
2018-11-28,0.009687695234076954,0.019985118975313874,0.0,0.019985118975313874,0.009077966726916986
2018-11-29,-0.0003915075404480328,-0.0010437278448361177,0.0,-0.0010437278448361177,-0.00013079477650798088
2018-11-30,0.003420321093760377,0.006138278386557105,0.0,0.006138278386557105,0.004122684894724027
2018-12-03,0.005177196677395586,0.011333687946456594,0.0,0.011333687946456594,0.004197902085730165
2018-12-04,-0.01200278269479909,-0.025379871899859952,0.0,-0.025379871899859952,-0.010628476184537317
2018-12-06,-0.0017002205758910132,-0.00311520901005683,0.0,-0.00311520901005683,-0.0019854527176162095
2018-12-07,-0.008486584743950806,-0.017502438853991255,0.0,-0.017502438853991255,-0.007957315377861162
2018-12-10,-0.00020063837053529247,-1.4670989495957354e-05,0.0,-1.4670989495957354e-05,-0.00058724412210992
2018-12-11,-0.0005202113015071675,-0.0005900773994358399,0.0,-0.0005900773994358399,-0.0009705565050856623
2018-12-12,0.0028395859485951026,0.005381470524657306,0.0,0.005381470524657306,0.0031372873211280017
2018-12-13,-0.0007007194648266194,-0.0018675233200838414,0.0,-0.0018675233200838414,-0.00023463507439601682
2018-12-14,-0.008043226388380538,-0.016893752180508613,0.0,-0.016893752180508613,-0.007235926984633001
2018-12-17,-0.006304273872839442,-0.014168757968905233,0.0,-0.014168757968905233,-0.004744063649613095
2018-12-18,-5.488349275549013e-05,-0.0011928721856874658,0.0,-0.0011928721856874658,0.0010282217074209954
2018-12-19,-0.004985291731403467,-0.012700190270788947,0.0,-0.012700190270788947,-0.0022556849234214526
2018-12-20,-0.00432800744129832,-0.012350109118445118,0.0,-0.012350109118445118,-0.0006339132054498431
2018-12-21,-0.0063248649231026875,-0.017279691351877968,0.0,-0.017279691351877968,-0.0016949034174300937
2018-12-24,-0.006720352428892541,-0.019358273035702346,0.0,-0.019358273035702346,-0.0008027842509752747
2018-12-26,0.013232206914194022,0.040746473590656564,0.0,0.040746473590656564,-0.0010498528480744952
2018-12-27,0.0025968060439413984,0.007013291244130459,0.0,0.007013291244130459,0.0007771268876937354
2018-12-28,0.0004487371384804854,9.838621034098382e-05,0.0,9.838621034098382e-05,0.0012478252051004723
2018-12-31,0.0028931215633721512,0.008142452836378688,0.0,0.008142452836378688,0.0005369118537377649
2019-01-02,0.0012292881695453505,0.003095156595552173,0.0,0.003095156595552173,0.0005927079130838786
2019-01-03,-0.005505512298973558,-0.018561082765259716,0.0,-0.018561082765259716,0.0020445458683390426
2019-01-04,0.008301695691384059,0.026871249679843844,0.0,0.026871249679843844,-0.0019661626056916683
2019-01-07,0.00239330718620426,0.007128873083640697,0.0,0.007128873083640697,5.104847497208187e-05
2019-01-08,0.0019559816843460753,0.006401585617884254,0.0,0.006401585617884254,-0.0005336405648460274
2019-01-09,0.002439893173884733,0.006834289870260047,0.0,0.006834289870260047,0.00048538965139415246
2019-01-10,3.709410270673623e-05,0.0013433396966141431,0.0,0.0013433396966141431,-0.0012320573884939344
2019-01-11,0.00019055622033883334,8.769427987109779e-06,0.0,8.769427987109779e-06,0.0005628992330293902
2019-01-14,-0.0015767208537541839,-0.004596143092400418,0.0,-0.004596143092400418,-0.00013401946886213434
2019-01-15,0.0032458112044676003,0.008669550095782363,0.0,0.008669550095782363,0.0010678835176204382
2019-01-16,0.001349594810689636,0.0038097937218545485,0.0,0.0038097937218545485,0.00023899071021435959
2019-01-17,0.002307606001422428,0.006144772673873622,0.0,0.006144772673873622,0.0007780453303936619
2019-01-18,0.003365398328130587,0.009802641817792024,0.0,0.009802641817792024,0.00029355316659973596
2019-01-22,-0.00391000262301208,-0.01083999806028756,0.0,-0.01083999806028756,-0.0008900098087486818
2019-01-23,0.0001635280971783263,0.0001325502947532975,0.0,0.0001325502947532975,0.00035803399678168145
2019-01-24,0.0009619780194517554,0.0024678056289125006,0.0,0.0024678056289125006,0.0004181284294427656
2019-01-25,0.004486737368890951,0.008716095798780344,0.0,0.008716095798780344,0.00474411630789251
2019-01-28,-0.0037001055428279735,-0.0069861835227046035,0.0,-0.0069861835227046035,-0.004114133105779317
2019-01-29,-0.00021560119002901707,-0.0006296259831106155,0.0,-0.0006296259831106155,-1.7177586976435676e-05
2019-01-30,0.007831524737004584,0.014005407189781905,0.0,0.014005407189781905,0.009489167021231848
2019-01-31,0.003772430134848422,0.005749969024616386,0.0,0.005749969024616386,0.00556732137992888
2019-02-01,0.0006779545196099394,0.0018871099664472869,0.0,0.0018871099664472869,0.00014675359238253138
2019-02-04,0.0032330550462940015,0.0049651631556621775,0.0,0.0049651631556621775,0.004734001983219827
2019-02-05,0.00218795059539445,0.0033588128775326465,0.0,0.0033588128775326465,0.0032050389086507036
2019-02-06,-0.000711006643411501,-0.0012788973653630742,0.0,-0.0012788973653630742,-0.0008541225648714291
2019-02-07,-0.00578149034484848,-0.00867223551727272,0.0,-0.00867223551727272,-0.00867223551727272
2019-02-08,0.0005369598999776552,0.0008054398499664827,0.0,0.0008054398499664827,0.0008054398499664827
2019-02-11,0.00025461531484041917,0.00038192297226062876,0.0,0.00038192297226062876,0.00038192297226062876
2019-02-12,0.007224116627298515,0.010836174940947773,0.0,0.010836174940947773,0.010836174940947773
2019-02-13,0.0015122873539936022,0.0022684310309904034,0.0,0.0022684310309904034,0.0022684310309904034
2019-02-14,0.0003636697215522548,0.0005455045823283822,0.0,0.0005455045823283822,0.0005455045823283822
2019-02-15,0.007697103799512887,0.01154565569926933,0.0,0.01154565569926933,0.01154565569926933
2019-02-19,0.001820057775351606,0.002730086663027409,0.0,0.002730086663027409,0.002730086663027409
2019-02-20,0.0010158669285884085,0.0015238003928826128,0.0,0.0015238003928826128,0.0015238003928826128
2019-02-21,-0.004270227963993249,-0.006405341945989873,0.0,-0.006405341945989873,-0.006405341945989873
2019-02-22,0.004098781372238313,0.00614817205835747,0.0,0.00614817205835747,0.00614817205835747
2019-02-25,0.0010717190606533977,0.0016075785909800966,0.0,0.0016075785909800966,0.0016075785909800966
2019-02-26,-0.0005953938198839233,-0.000893090729825885,0.0,-0.000893090729825885,-0.000893090729825885
2019-02-27,-0.001247236628318967,-0.0018708549424784505,0.0,-0.0018708549424784505,-0.0018708549424784505
2019-02-28,-0.002485747203626872,-0.003728620805440308,0.0,-0.003728620805440308,-0.003728620805440308
2019-03-01,0.003092043427407054,0.004638065141110581,0.0,0.004638065141110581,0.004638065141110581
2019-03-04,-0.0024940900154222234,-0.003741135023133335,0.0,-0.003741135023133335,-0.003741135023133335
2019-03-05,-0.0008524586253106555,-0.0012786879379659832,0.0,-0.0012786879379659832,-0.0012786879379659832
2019-03-06,-0.00484118356632269,-0.007261775349484034,0.0,-0.007261775349484034,-0.007261775349484034
2019-03-07,-0.004357185008176945,-0.006535777512265417,0.0,-0.006535777512265417,-0.006535777512265417
2019-03-08,-0.0006932192901761242,-0.0010398289352641864,0.0,-0.0010398289352641864,-0.0010398289352641864
2019-03-11,0.007461286051375533,0.0111919290770633,0.0,0.0111919290770633,0.0111919290770633
2019-03-12,0.0027528125652401224,0.004129218847860184,0.0,0.004129218847860184,0.004129218847860184
2019-03-13,0.004218398291439559,0.006327597437159338,0.0,0.006327597437159338,0.006327597437159338
2019-03-14,-0.001276386962180154,-0.0019145804432702308,0.0,-0.0019145804432702308,-0.0019145804432702308
2019-03-15,0.003773461709577545,0.005660192564366317,0.0,0.005660192564366317,0.005660192564366317
2019-03-18,0.002778003167409652,0.004167004751114478,0.0,0.004167004751114478,0.004167004751114478
2019-03-19,-0.00012427103170748282,-0.00018640654756122422,0.0,-0.00018640654756122422,-0.00018640654756122422
2019-03-20,-0.0012042315987666067,-0.00180634739814991,0.0,-0.00180634739814991,-0.00180634739814991
2019-03-21,0.005341659563257776,0.008012489344886664,0.0,0.008012489344886664,0.008012489344886664
2019-03-22,-0.011597709763438805,-0.017396564645158208,0.0,-0.017396564645158208,-0.017396564645158208
2019-03-25,0.0001768281878900065,0.00026524228183500976,0.0,0.00026524228183500976,0.00026524228183500976
2019-03-26,0.0040639631873407986,0.006095944781011197,0.0,0.006095944781011197,0.006095944781011197
2019-03-27,-0.0025579264794190443,-0.0038368897191285666,0.0,-0.0038368897191285666,-0.0038368897191285666
2019-03-28,0.0018160296585467918,0.0027240444878201876,0.0,0.0027240444878201876,0.0027240444878201876
2019-03-29,0.003196873396897544,0.0047953100953463165,0.0,0.0047953100953463165,0.0047953100953463165
2019-04-01,0.00555293179571461,0.008329397693571916,0.0,0.008329397693571916,0.008329397693571916
2019-04-02,-0.00012432105392082466,-0.000186481580881237,0.0,-0.000186481580881237,-0.000186481580881237
2019-04-03,0.00025058846686547563,0.0003758827002982135,0.0,0.0003758827002982135,0.0003758827002982135
2019-04-04,0.0018306171384015284,0.0027459257076022925,0.0,0.0027459257076022925,0.0027459257076022925
2019-04-05,0.003454461987623055,0.005181692981434583,0.0,0.005181692981434583,0.005181692981434583
2019-04-08,0.0005375564649356587,0.000806334697403488,0.0,0.000806334697403488,0.000806334697403488
2019-04-09,-0.003119266240251561,-0.004678899360377342,0.0,-0.004678899360377342,-0.004678899360377342
2019-04-10,0.0028194396356058544,0.004229159453408782,0.0,0.004229159453408782,0.004229159453408782
2019-04-11,-0.002012589762341562,-0.0030188846435123427,0.0,-0.0030188846435123427,-0.0030188846435123427
2019-04-12,0.002378180484780016,0.0035672707271700243,0.0,0.0035672707271700243,0.0035672707271700243
2019-04-15,-0.0008425886868610307,-0.0012638830302915461,0.0,-0.0012638830302915461,-0.0012638830302915461
2019-04-16,-5.5991328279003664e-05,-8.39869924185055e-05,0.0,-8.39869924185055e-05,-8.39869924185055e-05
2019-04-17,-0.0021039913334055674,-0.003155987000108351,0.0,-0.003155987000108351,-0.003155987000108351
2019-04-18,0.0005060458567534971,0.0007590687851302458,0.0,0.0007590687851302458,0.0007590687851302458
2019-04-22,0.0010341841471364964,0.0015512762207047447,0.0,0.0015512762207047447,0.0015512762207047447
2019-04-23,0.004900229621477189,0.007350344432215783,0.0,0.007350344432215783,0.007350344432215783
2019-04-24,-0.000844544887383562,-0.0012668173310753429,0.0,-0.0012668173310753429,-0.0012668173310753429
2019-04-25,-0.00012869013208347547,-0.0001930351981252132,0.0,-0.0001930351981252132,-0.0001930351981252132
2019-04-26,0.0020445641786309182,0.003066846267946377,0.0,0.003066846267946377,0.003066846267946377
2019-04-29,0.0003677270898117646,0.000551590634717647,0.0,0.000551590634717647,0.000551590634717647
2019-04-30,0.0003035496374482157,0.00045532445617232355,0.0,0.00045532445617232355,0.00045532445617232355
2019-05-01,-0.004090995772052511,-0.0061364936580787675,0.0,-0.0061364936580787675,-0.0061364936580787675
2019-05-02,-0.002170175687695153,-0.003255263531542729,0.0,-0.003255263531542729,-0.003255263531542729
2019-05-03,0.006458785641948846,0.00968817846292327,0.0,0.00968817846292327,0.00968817846292327
2019-05-06,-0.0010768154420755923,-0.0016152231631133885,0.0,-0.0016152231631133885,-0.0016152231631133885
2019-05-07,-0.008590074015663696,-0.012885111023495543,0.0,-0.012885111023495543,-0.012885111023495543
2019-05-08,-0.0010856716473983082,-0.0016285074710974622,0.0,-0.0016285074710974622,-0.0016285074710974622
2019-05-09,-0.0014248752618878516,-0.0021373128928317774,0.0,-0.0021373128928317774,-0.0021373128928317774
2019-05-10,0.002005514325360521,0.0030082714880407813,0.0,0.0030082714880407813,0.0030082714880407813
2019-05-13,-0.013412325013197083,-0.020118487519795624,0.0,-0.020118487519795624,-0.020118487519795624
2019-05-14,0.005229006953115086,0.007843510429672629,0.0,0.007843510429672629,0.007843510429672629
2019-05-15,0.003229898702141269,0.004844848053211903,0.0,0.004844848053211903,0.004844848053211903
2019-05-16,0.003752914613909675,0.0056293719208645124,0.0,0.0056293719208645124,0.0056293719208645124
2019-05-17,-0.00443666156739797,-0.0066549923510969555,0.0,-0.0066549923510969555,-0.0066549923510969555
2019-05-20,-0.0034540441424834698,-0.005181066213725205,0.0,-0.005181066213725205,-0.005181066213725205
2019-05-21,0.00539040497692244,0.00808560746538366,0.0,0.00808560746538366,0.00808560746538366
2019-05-22,-0.00243764188464665,-0.0036564628269699752,0.0,-0.0036564628269699752,-0.0036564628269699752
2019-05-23,-0.0072505412754836655,-0.010875811913225498,0.0,-0.010875811913225498,-0.010875811913225498
2019-05-24,0.0021173761222927838,0.0031760641834391755,0.0,0.0031760641834391755,0.0031760641834391755
2019-05-28,-0.004474951787417895,-0.006712427681126842,0.0,-0.006712427681126842,-0.006712427681126842
2019-05-29,-0.0034934715133855855,-0.005240207270078378,0.0,-0.005240207270078378,-0.005240207270078378
2019-05-30,0.0011680669810480106,0.0017521004715720157,0.0,0.0017521004715720157,0.0017521004715720157
2019-05-31,-0.005897892675088424,-0.008846839012632635,0.0,-0.008846839012632635,-0.008846839012632635
2019-06-03,0.0003574808372193002,0.0005362212558289503,0.0,0.0005362212558289503,0.0005362212558289503
2019-06-04,0.011707293023653876,0.01798099784166628,0.0,0.01798099784166628,0.017140881229295347
2019-06-05,0.002849185685671674,0.0037205026030436407,0.0,0.0037205026030436407,0.00482705445397138
2019-06-06,0.0037236698240350036,0.006512365689711053,0.0,0.006512365689711053,0.0046586437823939566
2019-06-07,0.006023083751977169,0.009264166904879346,0.0,0.009264166904879346,0.00880508435105216
2019-06-10,0.0019182404555437404,0.0030242507619885227,0.0,0.0030242507619885227,0.0027304706046426984
2019-06-11,-0.00020987131894956897,-0.00021717718431466527,0.0,-0.00021717718431466527,-0.00041243677253404164
2019-06-12,-0.0013202654244413765,-0.002686900500119327,0.0,-0.002686900500119327,-0.0012738957732048029
2019-06-13,0.00302745814158311,0.0051260268235613585,0.0,0.0051260268235613585,0.003956347601187971
2019-06-14,-0.0016115844624459402,-0.00274305447481219,0.0,-0.00274305447481219,-0.00209169891252563
2019-06-17,0.0010235461329265673,0.0019532741519108776,0.0,0.0019532741519108776,0.0011173642468688238
2019-06-18,0.007168192103140628,0.011443133897453061,0.0,0.011443133897453061,0.010061442411968824
2019-06-19,0.001876263238892628,0.0027582760531218,0.0,0.0027582760531218,0.0028705136635560845
2019-06-20,0.006360136068793953,0.010647754090009265,0.0,0.010647754090009265,0.008432654116372595
2019-06-21,-0.001049773442133084,-0.0012133467941464748,0.0,-0.0012133467941464748,-0.0019359735322527771
2019-06-24,-0.00017389753410334738,-0.0007092415365025251,0.0,-0.0007092415365025251,0.00018754893419248297
2019-06-25,-0.004327885230775486,-0.0068887282714745314,0.0,-0.0068887282714745314,-0.006094927420851925
2019-06-26,0.0002413251514689704,-0.0002689207621505263,0.0,0.0025291482112143383,-0.0018051727568074271
2019-06-27,0.0016795449884119483,0.004297903804841052,0.0,0.0,0.0050386349652358445
2019-06-28,0.001361358592880979,0.005243159690571564,0.0,0.0,0.004084075778642937
2019-07-01,0.0013915874738750702,0.004268948311064669,0.0,0.0,0.004174762421625211
2019-07-02,0.0012550565421198848,0.0021656646371919553,0.0,0.0,0.0037651696263596547
2019-07-03,0.00208899862947165,0.006665414420183202,0.0,0.0,0.00626699588841495
2019-07-05,-0.0010628517017918892,-0.0030457133263387948,0.0,0.0,-0.003188555105375668
2019-07-08,-0.0017217946680611383,-0.005022729295865125,0.0,0.0,-0.005165384004183415
2019-07-09,0.0005422822640154626,0.001705978185128587,0.0,0.0,0.001626846792046388
2019-07-10,0.0012549062308140199,0.005045785069988362,0.0,0.0,0.0037647186924420597
2019-07-11,-0.000567560069667831,-0.0005058542114365183,0.0,-0.0009938506300365968,-0.0007088295789668964
2019-07-12,0.0011939077613826177,0.004167751813825227,0.0,-0.00016528356064362537,0.0037470068447914783
2019-07-15,0.0001551418428679711,-0.0004346125614220986,0.0,0.0,0.0004654255286039133
2019-07-16,-0.0012527766201736938,-0.0048231691741368096,0.0,0.0,-0.0037583298605210814
2019-07-17,-0.00022368286359599753,-0.0018106272427633962,0.0,0.0,-0.0006710485907879926
2019-07-18,0.0021722524350701023,0.00435249757487226,0.0,0.0021802617031286163,0.004336495602081691
2019-07-19,-0.0017217367312433952,-0.005221283207850658,0.0,0.0005202833386929839,-0.00568549353242317
2019-07-22,0.0007863910950766735,0.0028212805638219707,0.0,0.0,0.0023591732852300206
2019-07-23,0.001469755007385354,0.004027178116605579,0.0,0.000651683286903415,0.0037575817352526464
2019-07-24,0.002371961888943715,0.005833866071170757,0.0,0.0017091036848039254,0.00540678198202722
2019-07-25,-0.002095718847435039,-0.006999320207380933,0.0,-0.00042189218804282723,-0.00586526435426229
2019-07-26,0.0017095762643392224,0.004618934586256296,0.0,0.0,0.005128728793017667
2019-07-29,-0.0002706596122214503,-0.0012122776667071512,0.0,0.0,-0.000811978836664351
2019-07-30,-0.00015116883159326615,0.0006719059993032684,0.0,0.0,-0.0004535064947797984
2019-07-31,-0.0026786199465773652,-0.008353836178465524,0.0,0.0,-0.008035859839732096
2019-08-01,-0.0006996367726914994,-0.004363659220639582,0.0,0.0,-0.0020989103180744984
2019-08-02,-0.0016815702771792044,-0.006480729847061306,0.0,0.0,-0.005044710831537613
2019-08-05,-0.01009609097386348,-0.022165399157188036,0.0,-0.011103033727001055,-0.019185239194589386
2019-08-06,0.006851141907626905,0.01102307799609511,0.0,0.009410919595787404,0.01114250612709331
2019-08-07,-0.0030221319486996357,0.0006848746813843731,0.0,-0.01050304670047647,0.0014366508543775635
2019-08-08,0.005445144170057355,0.017072596020920504,0.0,0.0,0.016335432510172065
2019-08-09,-0.00207285719762886,-0.006218571592886579,0.0,0.0,-0.006218571592886579
2019-08-12,-0.0021758614558277617,-0.007425245085973475,0.0,0.0,-0.0065275843674832855
2019-08-13,0.0034613460248850334,0.011308713528478408,0.0,0.0,0.0103840380746551
2019-08-14,-0.006145932181087921,-0.02235703782623254,0.0,0.0,-0.018437796543263763
2019-08-15,0.0008992250325720485,0.002079594402784557,0.0,0.0,0.0026976750977161456
2019-08-16,0.004943819798492862,0.011253652030818717,0.0,0.004892721303454262,0.009938738092024325
2019-08-19,0.003953002065713074,0.007861818407977372,0.0,0.0062069222376120335,0.005652083959527187
2019-08-20,-0.0012363494084356664,-0.004549815794431977,0.0,0.0,-0.003709048225306999
2019-08-21,0.001604234052035917,0.005452966439668627,0.0,0.0,0.004812702156107751
2019-08-22,-0.0004521335566277207,-0.0018034564799082498,0.0,0.0,-0.0013564006698831622
2019-08-23,-0.0052477291691485515,-0.019093814267341726,0.0,0.0,-0.015743187507445654
2019-08-26,0.0026048810277017145,0.008243562566604423,0.0,0.0,0.007814643083105144
2019-08-27,-0.0004804120323122052,-0.0020640550512103116,0.0,0.0,-0.0014412360969366157
2019-08-28,0.0016051203945723423,0.006247773762695463,0.0,0.0,0.004815361183717027
2019-08-29,0.002940884570189806,0.010287832386298101,0.0,0.0,0.008822653710569417
2019-08-30,-5.8515144807239995e-05,-0.00017554543442172,0.0,0.0,-0.00017554543442172
2019-09-03,-0.001790136766799866,-0.005857559018858938,0.0,0.0,-0.0053704103003995975
2019-09-04,0.0026218053002453686,0.00926403041892132,0.0,0.0,0.007865415900736106
2019-09-05,0.002436477234342519,0.008550804358073937,0.0,0.0,0.007309431703027558
2019-09-06,-7.645910272583064e-05,0.00029854780726190633,0.0,0.0,-0.00022937730817749192
2019-09-09,-0.0003089277588279593,0.0010721744384308396,0.0,0.0,-0.0009267832764838779
2019-09-10,-0.0004278308581931641,-0.00010428386669503187,0.0,0.0,-0.0012834925745794923
2019-09-11,0.002529406390568378,0.007686727208425647,0.0,0.0,0.007588219171705135
2019-09-12,0.0005372821897619932,0.0009886855770005697,0.0,0.0,0.0016118465692859796
2019-09-13,-0.0014497912668450573,-0.0023306894633787546,0.0,-0.0013076912827380438,-0.0030416825177971285
2019-09-16,0.0015903276552709695,0.0037443127952586975,0.0,0.0010266701705542113,0.0037443127952586975
2019-09-17,0.0003140304953558215,0.00063058462554485,0.0,0.00031150686052261456,0.00063058462554485
2019-09-18,-0.00026807146211083044,-0.0008042143863324913,0.0,0.0,-0.0008042143863324913
2019-09-19,5.176029675999875e-05,0.00015528089027999625,0.0,0.0,0.00015528089027999625
2019-09-20,-0.0003054062717412006,-0.0009162188152236017,0.0,0.0,-0.0009162188152236017
2019-09-23,0.0001707826444613573,0.0005123479333840719,0.0,0.0,0.0005123479333840719
2019-09-24,-0.002277671912264249,-0.006833015736792747,0.0,0.0,-0.006833015736792747
2019-09-25,0.0005968715295785058,0.0017906145887355174,0.0,0.0,0.0017906145887355174
2019-09-26,-0.0011833382570254015,-0.0035500147710762044,0.0,0.0,-0.0035500147710762044
2019-09-27,-0.0015288142027120328,-0.004586442608136098,0.0,0.0,-0.004586442608136098
2019-09-30,0.0011582007007888066,0.001650300273090022,0.0,0.001824301829276398,0.001650300273090022
2019-10-01,-0.006430875534143802,-0.010815375295988972,0.0,-0.008477251306442436,-0.010815375295988972
2019-10-02,-0.008203875319502752,-0.012464680747774081,0.0,-0.012146945210734172,-0.012464680747774081
2019-10-03,0.0019460965417024169,0.007725266374581241,0.0,-0.0018869767494739897,0.007725266374581241
2019-10-04,0.006113112315118463,0.011610373239095329,0.0,0.00672896370626006,0.011610373239095329
2019-10-07,-0.002691579646856028,-0.005089217205208896,0.0,-0.002985521735359187,-0.005089217205208896
2019-10-08,-0.00786667431404005,-0.012144511548544757,0.0,-0.01145551139357539,-0.012144511548544757
2019-10-09,0.004242565904071956,0.006675302685468121,0.0,0.006052395026747748,0.006675302685468121
2019-10-10,0.0031659415454086126,0.0035677488679556556,0.0,0.005930075768270182,0.0035677488679556556
2019-10-11,0.005930434598344056,0.008216236024653711,0.0,0.009575067770378453,0.008216236024653711
2019-10-14,-3.21541625119659e-05,0.0005133889072310493,0.0,0.00011347634315512778,-0.00020993883069102547
2019-10-15,0.004876530104555558,0.007173645367004089,0.0,0.00787070472618051,0.006758885587486163
2019-10-16,-0.0010053641537290158,-0.002126067513694174,0.0,-0.0022841391878085314,-0.0007319532733785161
2019-10-17,0.0006576464702274057,0.0024402391122824384,0.0,0.0,0.0019729394106822173
2019-10-18,-0.001509700237191162,-0.004529100711573486,0.0,0.0,-0.004529100711573486
2019-10-21,0.0018496361449942486,0.005627766440709647,0.0,-7.88580057269006e-05,0.005627766440709647
2019-10-22,6.303089308187236e-05,-0.0003955438883441964,0.0,0.0005846365675898135,-0.0003955438883441964
2019-10-23,0.0011327657903451064,0.0030624306915042255,0.0,0.0003358666795310938,0.0030624306915042255
2019-10-24,0.0008838432620442111,0.0017987514164284567,0.0,0.0008527783697041769,0.0017987514164284567
2019-10-25,0.0018878100975677102,0.004710436235841308,0.0,0.0009529940568618223,0.004710436235841308
2019-10-28,0.0009470680712742485,0.003344568286130778,0.0,-0.0005033640723080324,0.003344568286130778
2019-10-29,-0.00020713913509037284,0.000495382182351689,0.0,-0.0011167995876228075,0.000495382182351689
2019-10-30,0.0014959530424580461,0.001862514779064306,0.0,0.0026253443483098327,0.001862514779064306
2019-10-31,0.0007667282622583205,1.1022914636904525e-05,0.0,0.0022891618721380567,1.1022914636904525e-05
2019-11-01,0.0034738553198859837,0.009442942380478946,0.0,0.0009786235791790054,0.009442942380478946
2019-11-04,0.0012136484951185541,0.004725015237714625,0.0,-0.0010840697523589627,0.004725015237714625
2019-11-05,-0.0019195601278861737,-0.002898483224550086,0.0,-0.0028601971591084353,-0.002898483224550086
2019-11-06,2.925302145814132e-07,-0.0009863246309113616,0.0,0.0009872022215551058,-0.0009863246309113616
2019-11-07,-0.00030515639459372705,0.001660053308933096,0.0,-0.002575522492714277,0.001660053308933096
2019-11-08,7.253510499843534e-05,0.000714277914301209,0.0,-0.000496672599305903,0.000714277914301209
2019-11-11,-0.0006578953336776197,-0.001846632085815325,0.0,-0.0001270539152175343,-0.001846632085815325
2019-11-12,0.000977246124186215,0.0018659720290152392,0.0,0.001065766343543406,0.0018659720290152392
2019-11-13,0.0004952287958720344,0.0002167912176121778,0.0,0.0012688951700039254,0.0002167912176121778
2019-11-14,0.0009068815357551144,0.0013827442714480665,0.0,0.001337900335817277,0.0013827442714480665
2019-11-15,0.00229904829587226,0.006393664232092522,0.0,0.0005034806555242576,0.006393664232092522
2019-11-18,-0.000415854585446999,-0.0005570008846365826,0.0,-0.0006905628717044143,-0.0005570008846365826
2019-11-19,0.00019980143211705272,0.0006318313489234728,0.0,-3.2427052572314706e-05,0.0006318313489234728
2019-11-20,8.250169390332518e-05,-0.0008652270916492455,0.0,0.001112732173359221,-0.0008652270916492455
2019-11-21,-0.0004858704815463688,-0.0009292661913718137,0.0,-0.0005283452532672927,-0.0009292661913718137
2019-11-22,0.0004591915462516323,0.0015865596636870038,0.0,-0.0002089850249321068,0.0015865596636870038
2019-11-25,0.0038153990997285593,0.007953224615431886,0.0,0.0034929726837537923,0.007953224615431886
2019-11-26,0.0003501236827287868,0.0007436237131811408,0.0,0.00030674733500521965,0.0007436237131811408
2019-11-27,0.001213884591018255,0.0029470874195311582,0.0,0.0006945663535236068,0.0029470874195311582
2019-11-29,-0.0015921519041628342,-0.00323009709956622,0.0,-0.0015463586129222829,-0.00323009709956622
2019-12-02,-0.003063462774704658,-0.00771463604812106,0.0,-0.0014757522759929142,-0.00771463604812106
2019-12-03,-0.0009749309331005336,-0.003688897435871552,0.0,0.0007641046365699511,-0.003688897435871552
2019-12-04,0.0019296202736192776,0.005021108772246874,0.0,0.000767752048610959,0.005021108772246874
2019-12-05,0.0002968711338987203,0.0005238414611444143,0.0,0.0003667719405517467,0.0005238414611444143
2019-12-06,0.004936589729480079,0.007823392713961264,0.0,0.0069863764744789725,0.007823392713961264
2019-12-09,-0.001477560922803319,-0.002674649030297105,0.0,-0.0017580337381128519,-0.002674649030297105
2019-12-10,0.0002015598364731123,0.0005851596953540539,0.0,1.9519814065283025e-05,0.0005851596953540539
2019-12-11,0.0015623800432193174,0.002717491310490905,0.0,0.0019696488191670468,0.002717491310490905
2019-12-12,0.004228488976826861,0.007061915540241803,0.0,0.005623551390238779,0.007061915540241803
2019-12-13,0.0007664317610601934,0.0011467903390214086,0.0,0.0011525049441591718,0.0011467903390214086
2019-12-16,0.0030776582673288796,0.005505554951288361,0.0,0.003727419850698277,0.005505554951288361
2019-12-17,0.00031044291062420535,0.0006511120030534889,0.0,0.0002802167288191271,0.0006511120030534889
2019-12-18,-0.0004608561114608722,-0.0005218164955155591,0.0,-0.0008607518388670576,-0.0005218164955155591
2019-12-19,0.001889119468204011,0.0033743728133062813,0.0,0.0022929855913057517,0.0033743728133062813
2019-12-20,0.002275091582469035,0.0038892599433451467,0.0,0.002936014804061959,0.0038892599433451467
2019-12-23,0.0014093225987175401,0.0025670996466918396,0.0,0.0016608681494607812,0.0025670996466918396
2019-12-24,0.0006431477069102113,0.0014875282664371658,0.0,0.0004419148542934681,0.0014875282664371658
2019-12-26,0.0024335716017529485,0.004009261732512514,0.0,0.003291453072746331,0.004009261732512514
2019-12-27,-0.0005627285184842383,-0.0010930803112933374,0.0,-0.0005951052441593774,-0.0010930803112933374
2019-12-30,-0.002470470484008606,-0.00402709154292602,0.0,-0.003384319909099798,-0.00402709154292602
2019-12-31,0.0007518278328761878,0.001390270317017206,0.0,0.0008652131816113573,0.001390270317017206
2020-01-02,0.006168207002735067,0.009785424993251279,0.0,0.008719196014953922,0.009785424993251279
2020-01-03,-0.002254456647235777,-0.0033499948775393084,0.0,-0.0034133750641680226,-0.0033499948775393084
2020-01-06,0.002326780255756796,0.0034443620227285086,0.0,0.003535978744541879,0.0034443620227285086
2020-01-07,-0.001671941346842402,-0.0023111544948356544,0.0,-0.0027046695456915517,-0.0023111544948356544
2020-01-08,0.0012440520471306948,0.0014910018386238622,0.0,0.0022411543027682224,0.0014910018386238622
2020-01-09,0.0035900396653859245,0.0051024768249190115,0.0,0.005667642171238762,0.0051024768249190115
2020-01-10,-0.0011307236917658706,-0.0013947759128564053,0.0,-0.0019973951624412067,-0.0013947759128564053
2020-01-13,0.0024697604524980413,0.0033336665072408065,0.0,0.004075614850253317,0.0033336665072408065
2020-01-14,0.00021151015633752066,0.0002726880584389968,0.0,0.00036184241057356513,0.0002726880584389968
2020-01-15,0.0011902397415881913,0.002077071751335813,0.0,0.001493647473428761,0.002077071751335813
2020-01-16,0.004325770254415229,0.006410179969422581,0.0,0.006567130793823106,0.006410179969422581
2020-01-17,0.00017435794958516512,0.00035380822400401526,0.0,0.0001692656247514801,0.00035380822400401526
2020-01-21,-0.002014186645917778,-0.0029667010153664243,0.0,-0.0030758589223869094,-0.0029667010153664243
2020-01-22,0.00025663510886428934,0.0004019854393280009,0.0,0.000367919887264867,0.0004019854393280009
2020-01-23,0.00027670241417470835,0.0005274597273143388,0.0,0.00030264751520978626,0.0005274597273143388
2020-01-24,-0.004677269913252487,-0.0067236262405644285,0.0,-0.007308183499193033,-0.0067236262405644285
2020-01-27,-0.007934932991526892,-0.011561133845046156,0.0,-0.01224366512953452,-0.011561133845046156
2020-01-28,0.004594450830955325,0.006445336967951754,0.0,0.007338015524914221,0.006445336967951754
2020-01-29,-0.0003142943331333544,-0.00020054788195759122,0.0,-0.000742335117442472,-0.00020054788195759122
2020-01-30,0.002221856247653127,0.003336150431827245,0.0,0.003329418311132137,0.003336150431827245
2020-01-31,-0.010896728834238312,-0.016055472249377024,0.0,-0.01663471425333791,-0.016055472249377024
2020-02-03,0.003424067316407971,0.00481131653450978,0.0,0.005460885414714134,0.00481131653450978
2020-02-04,0.006969963381103179,0.009804497536392476,0.0,0.011105392606917064,0.009804497536392476
2020-02-05,0.007995845099174769,0.01200171127358778,0.0,0.01198582402393653,0.01200171127358778
2020-02-06,0.0014091146339429688,0.002113671950914453,0.0,0.002113671950914453,0.002113671950914453
2020-02-07,-0.002863177571812359,-0.004294766357718538,0.0,-0.004294766357718538,-0.004294766357718538
2020-02-10,0.0035575438249957716,0.005336315737493658,0.0,0.005336315737493658,0.005336315737493658
2020-02-11,0.0011776387530063085,0.0017664581295094629,0.0,0.0017664581295094629,0.0017664581295094629
2020-02-12,0.003522553272577637,0.0052838299088664555,0.0,0.0052838299088664555,0.0052838299088664555
2020-02-13,-0.00026677763331760896,-0.0004001664499764135,0.0,-0.0004001664499764135,-0.0004001664499764135
2020-02-14,0.0006212993130270202,0.0009319489695405303,0.0,0.0009319489695405303,0.0009319489695405303
2020-02-18,-0.0009509214655809044,-0.0014263821983713566,0.0,-0.0014263821983713566,-0.0014263821983713566
2020-02-19,0.0044320697648033485,0.006648104647205022,0.0,0.006648104647205022,0.006648104647205022
2020-02-20,-0.0015598857964919703,-0.0023398286947379555,0.0,-0.0023398286947379555,-0.0023398286947379555
2020-02-21,-0.004418840646539006,-0.006628260969808508,0.0,-0.006628260969808508,-0.006628260969808508
2020-02-24,-0.017638560011768067,-0.026457840017652102,0.0,-0.026457840017652102,-0.026457840017652102
2020-02-25,-0.018513236686688108,-0.027769855030032164,0.0,-0.027769855030032164,-0.027769855030032164
2020-02-26,-0.0031743447335338556,-0.004761517100300783,0.0,-0.004761517100300783,-0.004761517100300783
2020-02-27,-0.023243717015920675,-0.03486557552388101,0.0,-0.03486557552388101,-0.03486557552388101
2020-02-28,-0.005352166577886678,-0.008028249866830017,0.0,-0.008028249866830017,-0.008028249866830017
2020-03-02,0.024696316264087737,0.03704447439613161,0.0,0.03704447439613161,0.03704447439613161
2020-03-03,-0.012937067815416592,-0.019405601723124888,0.0,-0.019405601723124888,-0.019405601723124888
2020-03-04,0.020356853822464962,0.030535280733697445,0.0,0.030535280733697445,0.030535280733697445
2020-03-05,-0.014887809026870917,-0.022331713540306376,0.0,-0.022331713540306376,-0.022331713540306376
2020-03-06,-0.008497028133726747,-0.012745542200590121,0.0,-0.012745542200590121,-0.012745542200590121
2020-03-09,-0.04869040444839057,-0.07303560667258585,0.0,-0.07303560667258585,-0.07303560667258585
2020-03-10,0.021431401709343153,0.03214710256401473,0.0,0.03214710256401473,0.03214710256401473
2020-03-11,-0.02128723167978389,-0.04472518538628677,0.0,-0.04472518538628677,-0.019136509653064904
2020-03-12,-0.027910877890487736,-0.0837326336714632,0.0,-0.0837326336714632,0.0
2020-03-13,0.035928587054134105,0.06888845622596336,0.021893999875801873,0.06888845622596336,0.017003305060637096
2020-03-16,-0.0963856728821183,-0.09460835952544114,-0.09994029959547258,-0.09460835952544114,-0.09460835952544114
2020-03-17,0.03943351102369789,0.036875918519559556,0.044548696031974554,0.036875918519559556,0.036875918519559556
2020-03-18,-0.05813427925556632,-0.06001471088431465,-0.05437341599806965,-0.06001471088431465,-0.06001471088431465
2020-03-19,0.012901043358397188,0.013808599344036254,0.011085931387119052,0.013808599344036254,0.013808599344036254
2020-03-20,-0.019498752020420302,-0.016992231448693097,-0.024511793163874716,-0.016992231448693097,-0.016992231448693097
2020-03-23,-0.018547004521943956,-0.0171733950031397,-0.02129422355955246,-0.0171733950031397,-0.0171733950031397
2020-03-24,0.08697002469412714,0.08634956893399486,0.08821093621439172,0.08634956893399486,0.08634956893399486
2020-03-25,0.01174137547481545,0.011665656041206562,0.01189281434203322,0.011665656041206562,0.011665656041206562
2020-03-26,0.050293968761273976,0.05045803599545033,0.04996583429292127,0.05045803599545033,0.05045803599545033
2020-03-27,-0.02928244992962022,-0.028392688681108037,-0.03106197242664458,-0.028392688681108037,-0.028392688681108037
2020-03-30,0.02392167402418609,0.023647382464929822,0.024470257142698636,0.023647382464929822,0.023647382464929822
2020-03-31,-0.008350590155080266,-0.012104494545576671,-0.01129283821690268,-0.012104494545576671,-0.0016544377027614466
2020-04-01,-0.025357330835465375,-0.03733549297319301,-0.03873649953320311,-0.03733549297319301,0.0
2020-04-02,0.01746851815391579,0.026520077989234236,0.025885476472513137,0.026520077989234236,0.0
2020-04-03,-0.008106234756286941,-0.012040407968663302,-0.012278296300197522,-0.012040407968663302,0.0
2020-04-06,0.03865209149601187,0.05784758270785002,0.05810869178018559,0.05784758270785002,0.0
2020-04-07,0.0004693301683582655,0.00018038233946827688,0.0012276081656065196,0.00018038233946827688,0.0
2020-04-08,0.020032655321958276,0.02968517644580494,0.030412789520069893,0.02968517644580494,0.0
2020-04-09,0.01025721657735467,0.01547670171706611,0.0152949480149979,0.01547670171706611,0.0
2020-04-13,-0.004824059715372722,-0.007692570404402998,-0.0067796087417151705,-0.007692570404402998,0.0
2020-04-14,0.0133513869128356,0.02001485245730117,0.020039308281205637,0.02001485245730117,0.0
2020-04-15,-0.013452575275817077,-0.01885440410141944,-0.02150332172603179,-0.01885440410141944,0.0
2020-04-16,-0.0003225263790396745,8.405597586148561e-05,-0.001051635112980509,8.405597586148561e-05,0.0
2020-04-17,0.018542261665274586,0.02714315923560968,0.02848362576021407,0.02714315923560968,0.0
2020-04-20,-0.00843956822036418,-0.012257104285594234,-0.013061600375498306,-0.012257104285594234,0.0
2020-04-21,-0.016067400680608555,-0.02347153098966335,-0.024730671052162312,-0.02347153098966335,0.0
2020-04-22,0.013233766728081964,0.019339812654126785,0.020361487530119106,0.019339812654126785,0.0
2020-04-23,0.003214401496770554,0.00508703859643399,0.0045561658938776724,0.00508703859643399,0.0
2020-04-24,0.005732125503478204,0.010813395285639016,0.010578707497362106,0.006617669013072503,0.0
2020-04-27,0.00579639268292017,0.012864280469599077,0.01472570601159855,0.0026634720371619624,0.0
2020-04-28,-0.00410526341628313,-0.00027106892152473083,-0.0014221740019066953,0.002973445152314946,-0.01386706139925764
2020-04-29,0.019119464053813602,0.028419765154656405,0.0289386270067844,0.0,0.028419765154656405
2020-04-30,-0.009414967788856924,-0.014706288976250403,-0.013538614390320369,0.0,-0.014706288976250403
2020-05-01,-0.015796667138609426,-0.023914089629468893,-0.024770450568516268,0.0012945387821568844,-0.023914089629468893
2020-05-04,0.0038583863181173906,0.005640552923655051,0.006110933727371692,-0.00017632769667457192,0.005640552923655051
2020-05-05,0.004333402490657316,0.006500103735985974,0.0071402220107227524,-0.0006401182747367784,0.006500103735985974
2020-05-06,-0.0024449223759759964,-0.009491664693160273,-0.007878115262043673,-0.001613549431116601,0.002156897565232285
2020-05-07,0.005476170153968174,0.014368598777641151,0.012697971785767915,0.0016706269918732365,0.0020599116842633714
2020-05-08,0.008672260887371991,0.015648816922659115,0.01694894250887332,-0.001042653153754236,0.010110493306996893
2020-05-11,0.0006238738691493051,-0.00272099820955819,-0.0019404336415110635,0.0,0.003812055248958979
2020-05-12,-0.011051313739060403,-0.016063753658265824,-0.017090187558915382,0.0,-0.016063753658265824
2020-05-13,-0.006830585765419353,-0.0172233847913138,-0.017923037121433526,0.0,-0.0025687201748245347
2020-05-14,0.008676763127440465,0.012265050619066598,0.011286329342518076,0.014743960039803317,0.0
2020-05-15,0.0016985929060008953,0.003571852178070478,0.0038291269374769897,0.001266651780525696,0.0
2020-05-18,0.018947097650684846,0.028416907473644337,0.03061230550049874,0.026228987451555795,0.0
2020-05-19,-0.009770090976871615,-0.010232320798453941,-0.010606386317506844,-0.009099231925219553,-0.009604654687888448
2020-05-20,0.015620479252430574,0.01723519751502136,0.016935806297949864,0.012690433944320501,0.01723519751502136
2020-05-21,-0.005672263390239826,-0.0071491543250217,-0.007398963023198224,-0.0024686728224995514,-0.0071491543250217
2020-05-22,0.001042626623812848,0.0017471884633274426,0.0011456594040634594,0.00023503200404764168,0.0017471884633274426
2020-05-26,0.012385977021623466,0.010973542066137976,0.012314462241208935,0.013869926757523488,0.010973542066137976
2020-05-27,0.00965043732337748,0.014574045852532547,0.014757770012026628,-0.0003805038944267314,0.014574045852532547
2020-05-28,-0.004236964566312884,-0.0065394579558112785,-0.006171435743127373,0.0,-0.0065394579558112785
2020-05-29,0.0021831069364222594,0.003631738061712264,0.0029175827475545145,0.0,0.003631738061712264
2020-06-01,0.0027050630064858598,0.0037209599029607078,0.004394229116496872,0.0,0.0037209599029607078
2020-06-02,0.005065147383963038,0.007434745409947286,0.00779832940690679,-3.763266496495943e-05,0.007434745409947286
2020-06-03,0.0068859035786850015,0.0103288553680275,0.011658532525682542,-0.0013296771576550403,0.0103288553680275
2020-06-04,-0.000556347514012101,-0.0008529398481819883,0.0005949395374084454,-0.0014110422312627602,-0.0008529398481819883
2020-06-05,0.015442791719940526,0.02417795379308387,0.02489032261005446,-0.002739901243316756,0.02417795379308387
2020-06-08,0.010184635284191883,0.01473584578961451,0.014351492994206506,0.0014665670687546318,0.01473584578961451
2020-06-09,-0.0045287600734351605,-0.007275231668618498,-0.008411067566141739,0.002100019014454757,-0.007275231668618498
2020-06-10,-0.004441664779383695,-0.007378735819723914,-0.008861488488945335,0.002915229970518163,-0.007378735819723914
2020-06-11,-0.03549898418664398,-0.0528877720304909,-0.054777909027399194,0.001168728497958138,-0.0528877720304909
2020-06-12,0.005963363293503817,0.01293142937956796,0.013895640165864042,-0.008936979664920552,0.01293142937956796
2020-06-15,0.007097792091603987,0.007843778642379551,0.007788260597473418,0.005661337034958991,0.007843778642379551
2020-06-16,0.014857085279437238,0.01562908228693811,0.01716243368995385,0.011779739861419758,0.01562908228693811
2020-06-17,-0.00449979800251562,-0.007094518768152059,-0.007507243963292498,0.0011023687238976953,-0.007094518768152059
2020-06-18,0.0014763578950731584,0.0022145368426097376,0.0011557654989219235,0.0010587713436878143,0.0022145368426097376
2020-06-19,-0.001703900618093394,-0.002555850927140091,-0.002636030428713687,8.017950157359621e-05,-0.002555850927140091
2020-06-22,0.003703417550529135,0.005555126325793702,0.005542846550047964,1.2279775745738241e-05,0.005555126325793702
2020-06-23,0.002708416983047357,0.0040626254745710355,0.004746100511973527,-0.0006834750374024922,0.0040626254745710355
2020-06-24,-0.015800609006511934,-0.023700913509767895,-0.02477347523885446,0.001072561729086563,-0.023700913509767895
2020-06-25,0.009729091670373663,0.011696773782835545,0.011408490606909816,0.006082010621375633,0.011696773782835545
2020-06-26,-0.015637846331039696,-0.019584136411928233,-0.020654541679690507,-0.0066748609015003565,-0.019584136411928233
2020-06-29,0.010731733346909134,0.012223953080113648,0.012538733211776698,0.007432513748837055,0.012223953080113648
2020-06-30,0.011982322869571417,0.012566000198338301,0.013051575481463984,0.010329392928911963,0.012566000198338301
2020-07-01,-0.0021445352287808345,-0.002304416566076728,-0.0021101815728242655,-0.0020190075474415094,-0.002304416566076728
2020-07-02,0.004666263853819038,0.004967232378428799,0.00486322582676364,0.0041683333562646755,0.004967232378428799
2020-07-06,0.011013235900547426,0.011658980015041254,0.012068508893888063,0.009312218792712967,0.011658980015041254
2020-07-07,-0.010431334712712244,-0.010100999110926634,-0.011506646925789909,-0.009686358101420189,-0.010100999110926634
2020-07-08,0.0056854833256843665,0.0063034344083796046,0.006702964043970428,0.004050051524703069,0.0063034344083796046
2020-07-09,-0.009802870121708189,-0.009241604713356466,-0.010833793197154518,-0.009333212454613582,-0.009241604713356466
2020-07-10,0.010575220831040713,0.010312046320836687,0.010814445203248035,0.01059917096903742,0.010312046320836687
2020-07-13,-0.004726310510072659,-0.005265592564862987,-0.005596180697900866,-0.0033171582674541233,-0.005265592564862987
2020-07-14,0.012962561287528478,0.013550184152359335,0.013406360483770951,0.011931139226455145,0.013550184152359335
2020-07-15,0.011208813343850687,0.011263194892714535,0.011729933895914747,0.010633311242922782,0.011263194892714535
2020-07-16,-0.0038933026742855002,-0.004461914993422777,-0.004936863118479929,-0.002281129910953794,-0.004461914993422777
2020-07-17,0.00038469869660637067,0.0007525451269774109,0.0009619548180374693,-0.0005604038551957679,0.0007525451269774109
2020-07-20,0.0032935999299305387,0.00438803369721188,0.004142234842053405,0.0013505312505263322,0.00438803369721188
2020-07-21,0.009280049195263847,0.009367028837360857,0.009307163594498624,0.00916595515393206,0.009367028837360857
2020-07-22,0.0030035834674943234,0.0038773144146799,0.0035784992409106597,0.0015549367468924102,0.0038773144146799
2020-07-23,-0.005839831477729192,-0.006022161645187684,-0.00719030758460496,-0.004307025203394932,-0.006022161645187684
2020-07-24,-0.005957804263048867,-0.006077593284280458,-0.006071693771628172,-0.005724125733237972,-0.006077593284280458
2020-07-27,0.006490224960365727,0.007246554801805749,0.007617646225872898,0.004606473853418535,0.007246554801805749
2020-07-28,-0.005881650758781872,-0.005373011723142573,-0.006064815726785433,-0.006207124826417609,-0.005373011723142573
2020-07-29,0.012026480821486428,0.012220057692686692,0.01239035014456209,0.011469034627210505,0.012220057692686692
2020-07-30,-0.0069774894798740545,-0.007004546799287792,-0.00766340095234268,-0.006264520687991692,-0.007004546799287792
2020-07-31,0.004097140384676811,0.00437865868562135,0.004442896892750081,0.0034698655756590035,0.00437865868562135
2020-08-03,0.00845896869354185,0.008328883893082551,0.008832392202761219,0.00821562998478178,0.008328883893082551
2020-08-04,0.005967169397015322,0.006994170488121098,0.006040939764485454,0.004866397938439415,0.006994170488121098
2020-08-05,0.007491587496630859,0.007509585761705362,0.008383915139497922,0.0065812615886892915,0.007509585761705362
2020-08-06,0.0039379575820211715,0.004566631424773338,0.004008016849803675,0.0032392244714865015,0.004566631424773338
2020-08-07,0.0003678812073932873,-0.0003838119078780844,0.0002827369099302812,0.001204718620127665,-0.0003838119078780844
2020-08-10,0.0048598747686711685,0.004595434900508555,0.005042858760248192,0.0049413306452567585,0.004595434900508555
2020-08-11,-0.009620263702406259,-0.01180623413770282,-0.010617763685246117,-0.006436793284269837,-0.01180623413770282
2020-08-12,0.008440161812784982,0.008638412670359108,0.009548004915091047,0.007134067852904791,0.008638412670359108
2020-08-13,-0.0013990852166310796,-0.0017553777023037065,-0.000686500245285826,-0.0017553777023037065,-0.0017553777023037065
2020-08-14,0.000350357688887352,0.00022010942483797759,0.0006108542169861008,0.00022010942483797759,0.00022010942483797759
2020-08-17,0.0030408073723483344,0.0031245644200270316,0.0028732932769909405,0.0031245644200270316,0.0031245644200270316
2020-08-18,-0.000232308708144154,6.072788831068543e-06,-0.0007090717020945992,6.072788831068543e-06,6.072788831068543e-06
2020-08-19,-0.006567931434826635,-0.006776294367824365,-0.006151205568831175,-0.006776294367824365,-0.006776294367824365
2020-08-20,0.0006616994293633345,0.0009630324991883321,5.9033289713339435e-05,0.0009630324991883321,0.0009630324991883321
2020-08-21,0.0011720461694387748,0.001371760630697516,0.0007726172469212922,0.001371760630697516,0.001371760630697516
2020-08-24,0.008943921603626328,0.008889789206842424,0.009052186397194139,0.008889789206842424,0.008889789206842424
2020-08-25,0.0007164925492893752,0.00046135519236559783,0.0012267672631369297,0.00046135519236559783,0.00046135519236559783
2020-08-26,0.0030430431031016245,0.002915495501176213,0.0032981383069524473,0.002915495501176213,0.002915495501176213
2020-08-27,0.0011838316830075745,0.0006168818833754974,0.002317731282271729,0.0006168818833754974,0.0006168818833754974
2020-08-28,0.007554991908953449,0.00753016835628717,0.007604639014286008,0.00753016835628717,0.00753016835628717
2020-08-31,-0.003590638890216321,-0.003369263837842018,-0.004033388994964926,-0.003369263837842018,-0.003369263837842018
2020-09-01,0.006180972934810483,0.006562237948481331,0.00541844290746879,0.006562237948481331,0.006562237948481331
2020-09-02,0.00789702890411484,0.008214363517291679,0.007262359677761165,0.008214363517291679,0.008214363517291679
2020-09-03,-0.025478712152410474,-0.02538400125789979,-0.025668133941431838,-0.02538400125789979,-0.02538400125789979
2020-09-04,-0.00599571434066369,-0.006628655352182466,-0.004729832317626137,-0.006628655352182466,-0.006628655352182466
2020-09-08,-0.0238786575820375,-0.023673848094318085,-0.02428827655747633,-0.023673848094318085,-0.023673848094318085
2020-09-09,0.01555930761859455,0.015469746123630468,0.015738430608522713,0.015469746123630468,0.015469746123630468
2020-09-10,-0.015326936020862233,-0.01515751338526069,-0.015665781292065317,-0.01515751338526069,-0.01515751338526069
2020-09-11,-0.00028692160008543245,-0.00021584403585417355,-0.0004290767285479502,-0.00021584403585417355,-0.00021584403585417355
2020-09-14,0.013394817857039096,0.013392792887783255,0.013398867795550773,0.013392792887783255,0.013392792887783255
2020-09-15,0.0007615140482342205,0.0006804429787998334,0.0009236561871029947,0.0006804429787998334,0.0006804429787998334
2020-09-16,0.0026315639199764504,0.0025320136709657383,0.0028306644179978747,0.0025320136709657383,0.0025320136709657383
2020-09-17,-0.006087921756931576,-0.005986033435744898,-0.006291698399304935,-0.005986033435744898,-0.005986033435744898
2020-09-18,-0.006813382658369993,-0.006916997901708788,-0.006606152171692403,-0.006916997901708788,-0.006916997901708788
2020-09-21,-0.014720107627855757,-0.014550945782568913,-0.015058431318429443,-0.014550945782568913,-0.014550945782568913
2020-09-22,0.0031162167289437957,0.0030898343908574823,0.003168981405116422,0.0030898343908574823,0.0030898343908574823
2020-09-23,-0.023239590767005908,-0.02319493200849241,-0.02332890828403291,-0.02319493200849241,-0.02319493200849241
2020-09-24,0.001795911380393874,0.0019235702349734152,0.001540593671234791,0.0019235702349734152,0.0019235702349734152
2020-09-25,0.011587636754862818,0.011587636754862818,0.011587636754862818,0.011587636754862818,0.011587636754862818
2020-09-28,0.01611821541728542,0.01602334363159148,0.0163079589886733,0.01602334363159148,0.01602334363159148
2020-09-29,-0.005525120776319315,-0.005486667396387246,-0.005602027536183452,-0.005486667396387246,-0.005486667396387246
2020-09-30,0.005112100425570843,0.004792603732302792,0.005751093812106945,0.004792603732302792,0.004792603732302792
2020-10-01,0.0028645672432733083,0.002919544393006568,0.002754612943806789,0.002919544393006568,0.002919544393006568
2020-10-02,-0.005838571829873833,-0.00596303145789846,-0.005589652573824577,-0.00596303145789846,-0.00596303145789846
2020-10-05,0.01644853502090145,0.015797218174832338,0.017751168713039677,0.015797218174832338,0.015797218174832338
2020-10-06,-0.011034536675034198,-0.010854881248230475,-0.011393847528641643,-0.010854881248230475,-0.010854881248230475
2020-10-07,0.013805421991659716,0.013562330185285798,0.014291605604407554,0.013562330185285798,0.013562330185285798
2020-10-08,0.00987439113920181,0.01005437689882489,0.009514419619955649,0.01005437689882489,0.01005437689882489
2020-10-09,0.006273999279000997,0.006267761571490638,0.006286474694021715,0.006267761571490638,0.006267761571490638
2020-10-12,0.01095760413634962,0.011063814836527353,0.010745182735994152,0.011063814836527353,0.011063814836527353
2020-10-13,-0.007889711515216502,-0.00765103597566813,-0.008367062594313246,-0.00765103597566813,-0.00765103597566813
2020-10-14,-0.004195890645913928,-0.0041196404288532775,-0.00434839108003523,-0.0041196404288532775,-0.0041196404288532775
2020-10-15,0.0012574653928232316,0.0011998866331565106,0.0013726229121566735,0.0011998866331565106,0.0011998866331565106
2020-10-16,-0.0025009321153980947,-0.0025936097148141824,-0.00231557691656592,-0.0025936097148141824,-0.0025936097148141824
2020-10-19,-0.012984993544845886,-0.013110991397806504,-0.012732997838924653,-0.013110991397806504,-0.013110991397806504
2020-10-20,0.0034812879724241516,0.0031640844888279783,0.004115694939616499,0.0031640844888279783,0.0031640844888279783
2020-10-21,-0.004028099917489436,-0.004143220361612054,-0.0037978590292441993,-0.004143220361612054,-0.004143220361612054
2020-10-22,0.008345888040298906,0.007999322079238813,0.009039019962419093,0.007999322079238813,0.007999322079238813
2020-10-23,0.00139780939923753,0.0016015606784102298,0.00099030684089213,0.0016015606784102298,0.0016015606784102298
2020-10-26,-0.01630101366050662,-0.015990910868701847,-0.01692121924411617,-0.015990910868701847,-0.015990910868701847
2020-10-27,-0.003861170494021475,-0.003637508921384214,-0.004308493639295996,-0.003637508921384214,-0.003637508921384214
2020-10-28,-0.029447724711413135,-0.029416592906545313,-0.029509988321148782,-0.029416592906545313,-0.029416592906545313
2020-10-29,0.00799382708062688,0.007670254318068737,0.00864097260574317,0.007670254318068737,0.007670254318068737
2020-10-30,-0.007064726102532515,-0.007393572978539364,-0.006407032350518815,-0.007393572978539364,-0.007393572978539364
2020-11-02,0.01350943709326081,0.013759111212876363,0.0130100888540297,0.013759111212876363,0.013759111212876363
2020-11-03,0.013408967086703033,0.013215564672888114,0.013795771914332866,0.013215564672888114,0.013215564672888114
2020-11-04,0.016903724803188896,0.017626812190406203,0.015457550028754286,0.017626812190406203,0.017626812190406203
2020-11-05,0.017459410254181778,0.01751734820988158,0.017343534342782175,0.01751734820988158,0.01751734820988158
2020-11-06,-0.0042048010517642545,-0.004607626104115292,-0.0033991509470621796,-0.004607626104115292,-0.004607626104115292
2020-11-09,0.02271281882488585,0.022012322277884223,0.024113811918889106,0.022012322277884223,0.022012322277884223
2020-11-10,0.003002083591733247,0.0028098490908367137,0.003386552593526315,0.0028098490908367137,0.0028098490908367137
2020-11-11,0.0034271981909527517,0.003547511091603106,0.0031865723896520428,0.003547511091603106,0.003547511091603106
2020-11-12,-0.00842483472128524,-0.007857579542461112,-0.0095593450789335,-0.007857579542461112,-0.007857579542461112
2020-11-13,0.013742928838117311,0.013698725019683245,0.013831336474985445,0.013698725019683245,0.013698725019683245
2020-11-16,0.01547734011846374,0.015397255846052293,0.015637508663286635,0.015397255846052293,0.015397255846052293
2020-11-17,-0.001204364446277543,-0.000986770836987405,-0.001639551664857819,-0.000986770836987405,-0.000986770836987405
2020-11-18,-0.01169043367735971,-0.011593880220675168,-0.011883540590728792,-0.011593880220675168,-0.011593880220675168
2020-11-19,0.005018576420789111,0.005190207406185876,0.004675314449995582,0.005190207406185876,0.005190207406185876
2020-11-20,-0.0037589395490226552,-0.0034632908435875964,-0.004350236959892772,-0.0034632908435875964,-0.0034632908435875964
2020-11-23,0.010006159493786486,0.009853428816716237,0.010311620847926983,0.009853428816716237,0.009853428816716237
2020-11-24,0.014561640886794925,0.014229923437441384,0.015225075785502007,0.014229923437441384,0.014229923437441384
2020-11-25,-0.0035312110374344564,-0.003633825862810358,-0.0033259813866826525,-0.003633825862810358,-0.003633825862810358
2020-11-27,0.001395845437138495,0.0017193489213721102,0.0007488384686712646,0.0017193489213721102,0.0017193489213721102
2020-11-30,-0.010337217267854804,-0.010378836243715106,-0.010253979316134199,-0.010378836243715106,-0.010378836243715106
2020-12-01,0.00916268332883962,0.008671192752307022,0.010145664481904815,0.008671192752307022,0.008671192752307022
2020-12-02,0.00585632968326422,0.005591783686512653,0.006385421676767355,0.005591783686512653,0.005591783686512653
2020-12-03,0.0031909884399462297,0.00345980716470875,0.0026533509904211883,0.00345980716470875,0.00345980716470875
2020-12-04,0.01192139989062904,0.01143252579261007,0.012899148086666978,0.01143252579261007,0.01143252579261007
2020-12-07,-0.0012989972427757826,-0.0009983022117572183,-0.0019003873048129116,-0.0009983022117572183,-0.0009983022117572183
2020-12-08,0.005481364997584348,0.0056388806151136065,0.005166333762525832,0.0056388806151136065,0.0056388806151136065
2020-12-09,-0.008538165943909408,-0.008648328001728222,-0.008317841828271777,-0.008648328001728222,-0.008648328001728222
2020-12-10,0.004843740069413586,0.005139187988465088,0.004252844231310582,0.005139187988465088,0.005139187988465088
2020-12-11,-0.0030422722936348547,-0.0029242787494725754,-0.003278259381959414,-0.0029242787494725754,-0.0029242787494725754
2020-12-14,-0.00600058977919253,-0.006092963970237064,-0.005815841397103461,-0.006092963970237064,-0.006092963970237064
2020-12-15,0.01369677786442279,0.013585195956165941,0.013919941680936488,0.013585195956165941,0.013585195956165941
2020-12-16,0.0006305433609907059,0.0005418251023872722,0.0008079798781975734,0.0005418251023872722,0.0005418251023872722
2020-12-17,0.005395261073529852,0.0053070508908926615,0.005571681438804233,0.0053070508908926615,0.0053070508908926615
2020-12-18,-0.004697936752856387,-0.004797856840246484,-0.004498096578076194,-0.004797856840246484,-0.004797856840246484
2020-12-21,-0.002050726741879897,-0.0019185321456928529,-0.002315115934253986,-0.0019185321456928529,-0.0019185321456928529
2020-12-22,-0.0019828012562935686,-0.001810749782805221,-0.0023269042032702638,-0.001810749782805221,-0.001810749782805221
2020-12-23,0.004224307652903178,0.003993976056859772,0.004684970844989989,0.003993976056859772,0.003993976056859772
2020-12-24,0.0022403835112610425,0.0023722990751257277,0.001976552383531671,0.0023722990751257277,0.0023722990751257277
2020-12-28,0.003053948512517757,0.003068783621991,0.0030242782935712698,0.003068783621991,0.003068783621991
2020-12-29,-0.0029406141366053427,-0.0029829724026795403,-0.002855897604456947,-0.0029829724026795403,-0.0029829724026795403
2020-12-30,0.004239402922031435,0.004311513738860717,0.004095181288372873,0.004311513738860717,0.004311513738860717
2020-12-31,0.003187032788143055,0.003235698373283069,0.0030897016178630275,0.003235698373283069,0.003235698373283069
2021-01-04,-0.006329362991195735,-0.006369495741393405,-0.006249097490800393,-0.006369495741393405,-0.006369495741393405
2021-01-05,0.00966242521127531,0.009414854982544874,0.01015756566873618,0.009414854982544874,0.009414854982544874
2021-01-06,0.008864016140112618,0.008179760184633567,0.010232528051070722,0.008179760184633567,0.008179760184633567
2021-01-07,0.012513390611454372,0.012219557884374076,0.013101056065614968,0.012219557884374076,0.012219557884374076
2021-01-08,-0.0008822927524232121,-0.000989868956255957,-0.0006671403447577218,-0.000989868956255957,-0.000989868956255957
2021-01-11,-0.0012565212223125454,-0.0013115905756846068,-0.0011463825155684226,-0.0013115905756846068,-0.0013115905756846068
2021-01-12,0.005395148339481651,0.005368663840391053,0.00544811733766285,0.005368663840391053,0.005368663840391053
2021-01-13,0.000579540017754591,0.0009549332172186009,-0.00017124638117342882,0.0009549332172186009,0.0009549332172186009
2021-01-14,0.002465478087649342,0.0021532427870111113,0.003089948688925803,0.0021532427870111113,0.0021532427870111113
2021-01-15,-0.010829096657295971,-0.010696858270937548,-0.011093573430012816,-0.010696858270937548,-0.010696858270937548
2021-01-19,0.009302693106097165,0.00941027632802507,0.009087526662241352,0.00941027632802507,0.00941027632802507
2021-01-20,0.00911887575765297,0.009151723941762845,0.00905317938943322,0.009151723941762845,0.009151723941762845
2021-01-21,-0.004105767301573623,-0.004339732761674364,-0.0036378363813721394,-0.004339732761674364,-0.004339732761674364
2021-01-22,-0.002579978390707871,-0.0024720855311279434,-0.0027957641098677265,-0.0024720855311279434,-0.0024720855311279434
2021-01-25,0.0016353917084590552,0.0020282477686256683,0.000849679588125829,0.0020282477686256683,0.0020282477686256683
2021-01-26,-0.004399069516762155,-0.004461972203773923,-0.00427326414273862,-0.004461972203773923,-0.004461972203773923
2021-01-27,-0.018728528210908663,-0.018643771904775074,-0.018898040823175845,-0.018643771904775074,-0.018643771904775074
2021-01-28,0.006684961913553007,0.006500704525270906,0.007053476690117211,0.006500704525270906,0.006500704525270906
2021-01-29,-0.016623434556553497,-0.01682395713686822,-0.016222389395924054,-0.01682395713686822,-0.01682395713686822
2021-02-01,0.013285317621931575,0.013323956274838778,0.013208040316117175,0.013323956274838778,0.013323956274838778
2021-02-02,0.009559386007842828,0.009344453407397068,0.00998925120873435,0.009344453407397068,0.009344453407397068
2021-02-03,0.0031684455359742183,0.002872675527005686,0.0037599855539112827,0.002872675527005686,0.002872675527005686
2021-02-04,0.008470471668268665,0.008381398994925326,0.00864861701495534,0.008381398994925326,0.008381398994925326
2021-02-05,0.003673879147348484,0.0033947543224847722,0.004232128797075907,0.0033947543224847722,0.0033947543224847722
2021-02-08,0.012647459358774094,0.012793837797590779,0.012354702481140723,0.012793837797590779,0.012793837797590779
2021-02-09,-0.00022978486359850707,-0.00020512992462647927,-0.0002790947415425626,-0.00020512992462647927,-0.00020512992462647927
2021-02-10,0.0020155353018959875,0.002237313080935921,0.001571979743816121,0.002237313080935921,0.002237313080935921
2021-02-11,-0.0011528645633207399,-0.0013353413649022428,-0.0007879109601577339,-0.0013353413649022428,-0.0013353413649022428
2021-02-12,0.00408247253978948,0.0036684758300076113,0.004910465959353216,0.0036684758300076113,0.0036684758300076113
2021-02-16,-0.00035859737303048925,-0.0008661440000380383,0.0006564958809846088,-0.0008661440000380383,-0.0008661440000380383
2021-02-17,-0.00016664995807760263,4.503211516775352e-05,-0.000590014104568315,4.503211516775352e-05,4.503211516775352e-05
2021-02-18,-0.006980781871511477,-0.007115678196030828,-0.006710989222472774,-0.007115678196030828,-0.007115678196030828
2021-02-19,0.0024929671117074705,0.0020499036959944704,0.003379093943133471,0.0020499036959944704,0.0020499036959944704
2021-02-22,-0.000978442628387155,-0.0012320451654383557,-0.00047123755428475357,-0.0012320451654383557,-0.0012320451654383557
2021-02-23,0.00039822803662107703,0.00030211373677470067,0.0005904566363138297,0.00030211373677470067,0.00030211373677470067
2021-02-24,0.012802787953508046,0.012584112272867843,0.013240139314788457,0.012584112272867843,0.012584112272867843
2021-02-25,-0.022544806091352065,-0.023089159455145614,-0.02145609936376497,-0.023089159455145614,-0.023089159455145614
2021-02-26,-0.0065076061263077785,-0.005405623156344896,-0.008711572066233542,-0.005405623156344896,-0.005405623156344896
2021-03-01,0.0201661142988659,0.0197258540398186,0.021046634816960497,0.0197258540398186,0.0197258540398186
2021-03-02,-0.006984672810137056,-0.006982305329846328,-0.006989407770718515,-0.006982305329846328,-0.006982305329846328
2021-03-03,-0.009049401413453463,-0.009410936805290449,-0.008326330629779489,-0.009410936805290449,-0.009410936805290449
2021-03-04,-0.010475265640672618,-0.010690239119430844,-0.010045318683156168,-0.010690239119430844,-0.010690239119430844
2021-03-05,0.017025632922878474,0.017090544912173856,0.016895808944287705,0.017090544912173856,0.017090544912173856
2021-03-08,-0.004659289725085839,-0.004918463859118904,-0.004140941457019709,-0.004918463859118904,-0.004918463859118904
2021-03-09,0.011964613945552482,0.012426556524238564,0.011040728788180321,0.012426556524238564,0.012426556524238564
2021-03-10,0.00860094795593819,0.008667734434268604,0.008467374999277365,0.008667734434268604,0.008667734434268604
2021-03-11,0.008060970244485063,0.007820515590102262,0.008541879553250665,0.007820515590102262,0.007820515590102262
2021-03-12,0.00011960103205242993,-0.0005877742476108949,0.0015343515913790796,-0.0005877742476108949,-0.0005877742476108949
2021-03-15,0.0034345495376723674,0.003630541670834908,0.0030425652713472863,0.003630541670834908,0.003630541670834908
2021-03-16,-0.004997760166382377,-0.005131703854973735,-0.004729872789199663,-0.005131703854973735,-0.005131703854973735
2021-03-17,0.0033376964687259034,0.003088258572814273,0.0038365722605491646,0.003088258572814273,0.003088258572814273
2021-03-18,-0.016198509777841832,-0.016536063596334638,-0.015523402140856225,-0.016536063596334638,-0.016536063596334638
2021-03-19,-0.00013895915789619018,6.762999616181098e-05,-0.0005521374660121924,6.762999616181098e-05,6.762999616181098e-05
2021-03-22,0.003486682732865938,0.003860211276129133,0.0027396256463395495,0.003860211276129133,0.003860211276129133
2021-03-23,-0.010444328428956295,-0.010143426913940467,-0.01104613145898795,-0.010143426913940467,-0.010143426913940467
2021-03-24,-0.0022526160374211368,-0.0020732005048552217,-0.0026114471025529664,-0.0020732005048552217,-0.0020732005048552217
2021-03-25,0.004930100672072749,0.004667248957073056,0.005455804102072137,0.004667248957073056,0.004667248957073056
2021-03-26,0.014818321446617938,0.014701648251648936,0.015051667836555937,0.014701648251648936,0.014701648251648936
2021-03-29,-0.006444454711140056,-0.0067273941257183,-0.005878575881983572,-0.0067273941257183,-0.0067273941257183
2021-03-30,-0.002705171225243648,-0.002530512356903836,-0.003054488961923274,-0.002530512356903836,-0.002530512356903836
2021-03-31,0.004573359406707551,0.004387370009257241,0.004945338201608173,0.004387370009257241,0.004387370009257241
2021-04-01,0.012297833368327437,0.012851063824715191,0.01119137245555193,0.012851063824715191,0.012851063824715191
2021-04-05,0.005945698663856258,0.00580025940988046,0.006236577171807855,0.00580025940988046,0.00580025940988046
2021-04-06,-0.0006906904477075501,-0.00046428006390785147,-0.001143511215306947,-0.00046428006390785147,-0.00046428006390785147
2021-04-07,-0.0008575049904644416,-0.0010896352540744948,-0.0003932444632443355,-0.0010896352540744948,-0.0010896352540744948
2021-04-08,0.004544236135297785,0.00481941159892455,0.003993885208044256,0.00481941159892455,0.00481941159892455
2021-04-09,0.003425292522664018,0.003304520834596203,0.0036668358987996474,0.003304520834596203,0.003304520834596203
2021-04-12,-0.001951873127407011,-0.0019664337099688954,-0.0019227519622832423,-0.0019664337099688954,-0.0019664337099688954
2021-04-13,0.0027126627913437343,0.00296247391098482,0.0022130405520615626,0.00296247391098482,0.00296247391098482
2021-04-14,0.001327695611642632,0.0012217791754455475,0.0015395284840368007,0.0012217791754455475,0.0012217791754455475
2021-04-15,0.009149539044779971,0.009707342980091672,0.008033931174156572,0.009707342980091672,0.009707342980091672
2021-04-16,0.0017862318752396005,0.0015273580025889967,0.0023039796205408082,0.0015273580025889967,0.0015273580025889967
2021-04-19,-0.004690406588038276,-0.004786137423071379,-0.004498944917972069,-0.004786137423071379,-0.004786137423071379
2021-04-20,-0.008634419586049704,-0.008480798535232714,-0.008941661687683688,-0.008480798535232714,-0.008480798535232714
2021-04-21,0.01116168198116338,0.011228592721080389,0.011027860501329357,0.011228592721080389,0.011228592721080389
2021-04-22,-0.007726050703887266,-0.007580583120616857,-0.008016985870428085,-0.007580583120616857,-0.007580583120616857
2021-04-23,0.009310129644023002,0.009231776324589125,0.009466836282890755,0.009231776324589125,0.009231776324589125
2021-04-26,0.003146434474881573,0.003098838107774382,0.003241627209095954,0.003098838107774382,0.003098838107774382
2021-04-27,2.930150062331695e-05,-0.0002614759590640725,0.0006108564199980959,-0.0002614759590640725,-0.0002614759590640725
2021-04-28,0.002319118608738513,0.0023407660463698465,0.0022758237334758458,0.0023407660463698465,0.0023407660463698465
2021-04-29,0.0030779771124480417,0.0029794656137308363,0.003275000109882453,0.0029794656137308363,0.0029794656137308363
2021-04-30,-0.008392960997600696,-0.008315855012507489,-0.00854717296778711,-0.008315855012507489,-0.008315855012507489
2021-05-03,0.006258627636987798,0.0062786207319244,0.006218641447114592,0.0062786207319244,0.0062786207319244
2021-05-04,-0.0046141436876232025,-0.004387938408484382,-0.005066554245900845,-0.004387938408484382,-0.004387938408484382
2021-05-05,0.004036282428239634,0.004091247153813549,0.003926352977091807,0.004091247153813549,0.004091247153813549
2021-05-06,0.007493370816763246,0.007548266888845157,0.007383578672599422,0.007548266888845157,0.007548266888845157
2021-05-07,0.007916009311139553,0.007751624563606563,0.008244778806205532,0.007751624563606563,0.007751624563606563
2021-05-10,-0.008908097433399086,-0.009245669556062774,-0.008232953188071712,-0.009245669556062774,-0.009245669556062774
2021-05-11,-0.008826313136415811,-0.009014980224294788,-0.00844897896065786,-0.009014980224294788,-0.009014980224294788
2021-05-12,-0.015971973788206858,-0.016322210818173345,-0.015271499728273885,-0.016322210818173345,-0.016322210818173345
2021-05-13,0.008271429340546704,0.00832303575463903,0.008168216512362048,0.00832303575463903,0.00832303575463903
2021-05-14,0.016232388061237658,0.016544098752902258,0.015608966677908453,0.016544098752902258,0.016544098752902258
2021-05-17,0.0017016402645753511,0.0016311207812071515,0.0018426792313117502,0.0016311207812071515,0.0016311207812071515
2021-05-18,-0.007495474643505591,-0.007580754963347924,-0.007324914003820926,-0.007580754963347924,-0.007580754963347924
2021-05-19,-0.0044209379521887495,-0.004501564508121692,-0.004259684840322864,-0.004501564508121692,-0.004501564508121692
2021-05-20,0.008154793016743657,0.008429076694850591,0.0076062256605297866,0.008429076694850591,0.008429076694850591
2021-05-21,0.0009166082402857545,0.0010234885181744757,0.000702847684508312,0.0010234885181744757,0.0010234885181744757
2021-05-24,0.007685141099042658,0.007808623264658232,0.007438176767811511,0.007808623264658232,0.007808623264658232
2021-05-25,-0.0030578649722661374,-0.0027490817930374777,-0.0036754313307234554,-0.0027490817930374777,-0.0027490817930374777
2021-05-26,0.002747640685776157,0.002690272784143777,0.0028623764890409187,0.002690272784143777,0.002690272784143777
2021-05-27,0.0013452986124271816,0.0012112181646404153,0.0016134595080007142,0.0012112181646404153,0.0012112181646404153
2021-05-28,0.0021225679289485376,0.002069685524504694,0.002228332737836225,0.002069685524504694,0.002069685524504694
2021-06-01,0.002818818653846422,0.0028113379297625583,0.0028337801020141495,0.0028113379297625583,0.0028113379297625583
2021-06-02,0.0032088269814764055,0.003845391098419482,0.0019356987475902532,0.003845391098419482,0.003845391098419482
2021-06-03,-0.0031987835656148785,-0.004798175348422318,0.0,-0.004798175348422318,-0.004798175348422318
2021-06-04,0.006137541691017227,0.00920631253652584,0.0,0.00920631253652584,0.00920631253652584
2021-06-07,0.00034513872266755583,0.0005177080840013337,0.0,0.0005177080840013337,0.0005177080840013337
2021-06-08,0.001166020955515005,0.0017490314332725076,0.0,0.0017490314332725076,0.0017490314332725076
2021-06-09,-0.0007196133467677408,-0.0010794200201516113,0.0,-0.0010794200201516113,-0.0010794200201516113
2021-06-10,0.0020030899320495326,0.003004634898074299,0.0,0.003004634898074299,0.003004634898074299
2021-06-11,0.0002821433152147668,0.00042321497282215014,0.0,0.00042321497282215014,0.00042321497282215014
2021-06-14,-0.0007133487088977061,-0.0010700230633465591,0.0,-0.0010700230633465591,-0.0010700230633465591
2021-06-15,-0.0002452453628011275,-0.0003678680442016913,0.0,-0.0003678680442016913,-0.0003678680442016913
2021-06-16,-0.0034991492065486723,-0.005248723809823008,0.0,-0.005248723809823008,-0.005248723809823008
2021-06-17,-0.004344407565845458,-0.0065166113487681865,0.0,-0.0065166113487681865,-0.0065166113487681865
2021-06-18,-0.008029657507559351,-0.012044486261339027,0.0,-0.012044486261339027,-0.012044486261339027
2021-06-21,0.00957230139377799,0.014358452090666985,0.0,0.014358452090666985,0.014358452090666985
2021-06-22,0.002599858737657394,0.0038997881064860907,0.0,0.0038997881064860907,0.0038997881064860907
2021-06-23,-0.0002133741038763552,-0.0003200611558145328,0.0,-0.0003200611558145328,-0.0003200611558145328
2021-06-24,0.0046139920629554515,0.006920988094433178,0.0,0.006920988094433178,0.006920988094433178
2021-06-25,0.0016578835731421678,0.0024868253597132516,0.0,0.0024868253597132516,0.0024868253597132516
2021-06-28,-0.0011625310246396127,-0.001743796536959419,0.0,-0.001743796536959419,-0.001743796536959419
2021-06-29,-0.0006185978426449967,-0.000927896763967495,0.0,-0.000927896763967495,-0.000927896763967495
2021-06-30,0.0019909363678748773,0.002986404551812316,0.0,0.002986404551812316,0.002986404551812316
2021-07-01,0.0038840938776719017,0.005826140816507852,0.0,0.005826140816507852,0.005826140816507852
2021-07-02,0.0021198111276576003,0.0046283518768524545,0.0,0.0017310815061203466,0.0046283518768524545
2021-07-06,-0.0013952979719939545,-0.004682039450302644,0.0,0.0004961455343207799,-0.004682039450302644
2021-07-07,0.0004297216579881321,0.0009084848596196849,0.0,0.0003806801143447114,0.0009084848596196849
2021-07-08,-0.0019084363210290316,-0.006822114210941898,0.0,0.0010968052478548041,-0.006822114210941898
2021-07-09,0.004604839948581063,0.010268199133611489,0.0,0.0035463207121317008,0.010268199133611489
2021-07-12,7.364425025642896e-05,0.0020546003654370202,0.0,-0.0018336676146677334,0.0020546003654370202
2021-07-13,-0.001558453385177753,-0.004675360155533259,0.0,0.0,-0.004675360155533259
2021-07-14,-0.0005611689362352531,-0.0016835068087057592,0.0,0.0,-0.0016835068087057592
2021-07-15,-0.0010298557108733765,-0.0025796145802172376,0.0,-0.0005099525524028925,-0.0025796145802172376
2021-07-16,-0.004607122788425329,-0.00975554455624672,0.0,-0.004065823809029268,-0.00975554455624672
2021-07-19,-0.0057497573880134515,-0.0122179943917475,0.0,-0.005031277772292853,-0.0122179943917475
2021-07-20,0.004722999282752416,0.012655535699035991,0.0,0.0015134621492212564,0.012655535699035991
2021-07-21,0.004111667787497327,0.008846890963836418,0.0,0.003488112398655563,0.008846890963836418
2021-07-22,-0.00045114625185090534,-0.000236687790158141,0.0,-0.0011167509653945752,-0.000236687790158141
2021-07-23,0.0013060864953360193,0.004287870615477074,0.0,-0.0003696111294690163,0.004287870615477074
2021-07-26,0.0017163632037891137,0.0026758962717447045,0.0,0.0024731933396226367,0.0026758962717447045
2021-07-27,-0.0013573649113469662,-0.003146905255498611,0.0,-0.0009251894785422876,-0.003146905255498611
2021-07-28,0.0012964786816063204,0.002975884556054209,0.0,0.0009135514887647523,0.002975884556054209
2021-07-29,0.0020245111717367426,0.005107932870346743,0.0,0.0009656006448634846,0.005107932870346743
2021-07-30,-0.00210589242094816,-0.004723724809944674,0.0,-0.001593952452899805,-0.004723724809944674
2021-08-02,-0.000649162695508195,-0.0011983594556799538,0.0,-0.000749128630844631,-0.0011983594556799538
2021-08-03,0.003061181172471635,0.007469954617050023,0.0,0.0017135889003648819,0.007469954617050023
2021-08-04,-0.002908016345863381,-0.006016449579255923,0.0,-0.00270759945833422,-0.006016449579255923
2021-08-05,0.0022101988556507135,0.005496809955567283,0.0,0.0011337866113848571,0.005496809955567283
2021-08-06,9.381849347687525e-05,-0.0006358106981820932,0.0,0.0009172661786127189,-0.0006358106981820932
2021-08-09,-0.001783102949395199,-0.003935449435297389,0.0,-0.0014138594128882075,-0.003935449435297389
2021-08-10,0.0011516902559791542,0.001693151824055239,0.0,0.0017619189438822236,0.001693151824055239
2021-08-11,0.0010507965935415105,0.0034639600630075097,0.0,-0.000311570282382978,0.0034639600630075097
2021-08-12,0.0006030281206816072,0.0018090843620448215,0.0,0.0,0.0018090843620448215
2021-08-13,0.000641461676623715,0.001924385029871145,0.0,0.0,0.001924385029871145
2021-08-16,-3.0491611869287726e-05,-9.147483560786318e-05,0.0,0.0,-9.147483560786318e-05
2021-08-17,-0.0016970088761813756,-0.005091026628544127,0.0,0.0,-0.005091026628544127
2021-08-18,-0.00325929323668734,-0.009777879710062021,0.0,0.0,-0.009777879710062021
2021-08-19,-0.0007351478484230418,-0.0022054435452691255,0.0,0.0,-0.0022054435452691255
2021-08-20,0.002328960839207594,0.006986882517622783,0.0,0.0,0.006986882517622783
2021-08-23,0.003993026934033161,0.011979080802099484,0.0,0.0,0.011979080802099484
2021-08-24,0.0008342151406978471,0.002502645422093541,0.0,0.0,0.002502645422093541
2021-08-25,0.00029604980910742006,0.0008881494273222601,0.0,0.0,0.0008881494273222601
2021-08-26,-0.001831507625295429,-0.005494522875886287,0.0,0.0,-0.005494522875886287
2021-08-27,0.004132539900254943,0.012397619700764828,0.0,0.0,0.012397619700764828
2021-08-30,-5.522556374125686e-05,-0.0001656766912237706,0.0,0.0,-0.0001656766912237706
2021-08-31,-0.0006753027882177168,-0.0020259083646531504,0.0,0.0,-0.0020259083646531504
2021-09-01,-0.00034148126904821234,-0.001024443807144637,0.0,0.0,-0.001024443807144637
2021-09-02,0.0017808742109282109,0.005342622632784633,0.0,0.0,0.005342622632784633
2021-09-03,-0.0003058923098414379,-0.0009176769295243137,0.0,0.0,-0.0009176769295243137
2021-09-07,-0.002076416568456955,-0.006229249705370865,0.0,0.0,-0.006229249705370865
2021-09-08,-0.001093411744629084,-0.003280235233887252,0.0,0.0,-0.003280235233887252
2021-09-09,-0.00020163776579591082,-0.0006049132973877325,0.0,0.0,-0.0006049132973877325
2021-09-10,-0.002447784084078397,-0.007343352252235191,0.0,0.0,-0.007343352252235191
2021-09-13,0.001957988187644251,0.005873964562932754,0.0,0.0,0.005873964562932754
2021-09-14,-0.00132699321197333,-0.00398097963591999,0.0,0.0,-0.00398097963591999
2021-09-15,0.0028151309004285714,0.008445392701285715,0.0,0.0,0.008445392701285715
2021-09-16,-0.0015154740775691715,-0.004546422232707514,0.0,0.0,-0.004546422232707514
2021-09-17,-0.0019468801066241713,-0.005840640319872514,0.0,0.0,-0.005840640319872514
2021-09-20,-0.00473352328822807,-0.01420056986468421,0.0,0.0,-0.01420056986468421
2021-09-21,0.00032129166682609935,0.0009638750004782981,0.0,0.0,0.0009638750004782981
2021-09-22,0.003659770373704485,0.010979311121113455,0.0,0.0,0.010979311121113455
2021-09-23,0.0033293111104135097,0.009987933331240529,0.0,0.0,0.009987933331240529
2021-09-24,-9.979635620193475e-05,-0.00029938906860580425,0.0,0.0,-0.00029938906860580425
2021-09-27,0.0010036777472280415,0.0030110332416841247,0.0,0.0,0.0030110332416841247
2021-09-28,-0.005756534679023588,-0.017269604037070764,0.0,0.0,-0.017269604037070764
2021-09-29,0.0001684506196138728,0.0005053518588416184,0.0,0.0,0.0005053518588416184
2021-09-30,-0.0024558397221930354,-0.007367519166579106,0.0,0.0,-0.007367519166579106
2021-10-01,0.004158867951344902,0.012476603854034707,0.0,0.0,0.012476603854034707
2021-10-04,-0.0026925342642079055,-0.008077602792623716,0.0,0.0,-0.008077602792623716
2021-10-05,0.0022621678300710083,0.006786503490213025,0.0,0.0,0.006786503490213025
2021-10-06,0.000392057750239716,0.0011761732507191481,0.0,0.0,0.0011761732507191481
2021-10-07,0.002125808108527527,0.006377424325582581,0.0,0.0,0.006377424325582581
2021-10-08,0.00019130223003144264,0.0005739066900943279,0.0,0.0,0.0005739066900943279
2021-10-11,-0.001981252994894108,-0.005943758984682324,0.0,0.0,-0.005943758984682324
2021-10-12,0.00018184026184471977,0.0005455207855341593,0.0,0.0,0.0005455207855341593
2021-10-13,0.001510077553731933,0.004530232661195799,0.0,0.0,0.004530232661195799
2021-10-14,0.0045767100404704,0.013730130121411199,0.0,0.0,0.013730130121411199
2021-10-15,0.0010939606512045878,0.0032818819536137634,0.0,0.0,0.0032818819536137634
2021-10-18,0.0005424785716004688,0.0016274357148014062,0.0,0.0,0.0016274357148014062
2021-10-19,0.001941796014545501,0.005825388043636503,0.0,0.0,0.005825388043636503
2021-10-20,0.001444805425983283,0.004334416277949849,0.0,0.0,0.004334416277949849
2021-10-21,-0.0001933517630822131,-0.0005800552892466393,0.0,0.0,-0.0005800552892466393
2021-10-22,0.0010493315288111,0.0031479945864333002,0.0,0.0,0.0031479945864333002
2021-10-25,0.0016897278163904997,0.005069183449171499,0.0,0.0,0.005069183449171499
2021-10-26,0.0003842199260483496,0.0011526597781450487,0.0,0.0,0.0011526597781450487
2021-10-27,-0.002026039639899165,-0.006078118919697495,0.0,0.0,-0.006078118919697495
2021-10-28,0.002714516863475299,0.008143550590425897,0.0,0.0,0.008143550590425897
2021-10-29,0.000244421019414968,0.000733263058244904,0.0,0.0,0.000733263058244904
2021-11-01,0.0015542884133713,0.0046628652401139005,0.0,0.0,0.0046628652401139005
2021-11-02,0.0008260514845129834,0.00247815445353895,0.0,0.0,0.00247815445353895
2021-11-03,0.0008609379971726061,0.002582813991517818,0.0,0.0,0.002582813991517818
2021-11-04,0.001183608647272875,0.003550825941818625,0.0,0.0,0.003550825941818625
2021-11-05,0.0019685152498262856,0.005905545749478857,0.0,0.0,0.005905545749478857
2021-11-08,0.0011017259295547051,0.003305177788664115,0.0,0.0,0.003305177788664115
2021-11-09,-0.0003355904728895687,-0.001006771418668706,0.0,0.0,-0.001006771418668706
2021-11-10,-0.003127655607700227,-0.009382966823100681,0.0,0.0,-0.009382966823100681
2021-11-11,0.0006381126082256235,0.0019143378246768705,0.0,0.0,0.0019143378246768705
2021-11-12,0.0012858532940158449,0.0038575598820475344,0.0,0.0,0.0038575598820475344
2021-11-15,-0.0005648891136289784,-0.001694667340886935,0.0,0.0,-0.001694667340886935
2021-11-16,0.0006784149802078642,0.0020352449406235928,0.0,0.0,0.0020352449406235928
2021-11-17,-0.0010686996787915995,-0.0032060990363747986,0.0,0.0,-0.0032060990363747986
2021-11-18,0.0002681872876890775,0.0008045618630672325,0.0,0.0,0.0008045618630672325
2021-11-19,-0.0019578537900256693,-0.0058735613700770075,0.0,0.0,-0.0058735613700770075
2021-11-22,-0.0005617857597862781,-0.00358365487239245,0.0,0.0018982975930336154,-0.00358365487239245
2021-11-23,0.0019665963361888343,0.002219711887035192,0.0,0.003680077121531311,0.002219711887035192
2021-11-24,0.0010265062417774177,0.003652357849637311,0.0,-0.0005728391243050579,0.003652357849637311
2021-11-26,-0.006084581231157238,-0.018253743693471713,0.0,0.0,-0.018253743693471713
2021-11-29,0.002224127619356923,0.006672382858070769,0.0,0.0,0.006672382858070769
2021-11-30,-0.004643408119118508,-0.013930224357355525,0.0,0.0,-0.013930224357355525
2021-12-01,-0.0030165015784222485,-0.009049504735266745,0.0,0.0,-0.009049504735266745
2021-12-02,0.004571996629913636,0.013715989889740909,0.0,0.0,0.013715989889740909
2021-12-03,-0.0022147081161952337,-0.006644124348585701,0.0,0.0,-0.006644124348585701
2021-12-06,0.002934824033930339,0.008804472101791017,0.0,0.0,0.008804472101791017
2021-12-07,0.005749700740700355,0.017249102222101066,0.0,0.0,0.017249102222101066
2021-12-08,0.00014981542430112516,0.00044944627290337545,0.0,0.0,0.00044944627290337545
2021-12-09,-0.002083362288221794,-0.006250086864665383,0.0,0.0,-0.006250086864665383
2021-12-10,0.0019077413259039925,0.005723223977711978,0.0,0.0,0.005723223977711978
2021-12-13,-0.0024479172851259038,-0.007343751855377711,0.0,0.0,-0.007343751855377711
2021-12-14,-0.0019552067570723143,-0.005865620271216942,0.0,0.0,-0.005865620271216942
2021-12-15,0.0034705388421378824,0.010411616526413647,0.0,0.0,0.010411616526413647
2021-12-16,-0.0015593741262063365,-0.004678122378619009,0.0,0.0,-0.004678122378619009
2021-12-17,-0.0018108496200591774,-0.006767342678483923,0.0,0.00133479381830639,-0.006767342678483923
2021-12-20,-0.004095234170909094,-0.010818744922789048,0.0,-0.0014669575899382338,-0.010818744922789048
2021-12-21,0.005310248004374311,0.015930744013122933,0.0,0.0,0.015930744013122933
2021-12-22,0.002955465238831382,0.008866395716494146,0.0,0.0,0.008866395716494146
2021-12-23,0.0012085594124375118,0.0036256782373125353,0.0,0.0,0.0036256782373125353
2021-12-27,0.003963715119278969,0.011891145357836908,0.0,0.0,0.011891145357836908
2021-12-28,-0.0008309688139338411,-0.0024929064418015233,0.0,0.0,-0.0024929064418015233
2021-12-29,-0.00026073609260577707,-0.0007822082778173312,0.0,0.0,-0.0007822082778173312
2021-12-30,-3.63326220516047e-05,-0.0005001991561623953,0.0,0.0003912012900075812,-0.0005001991561623953
2021-12-31,-0.0003529811808758591,-0.0012550786822493776,0.0,0.0001961351396218003,-0.0012550786822493776
2022-01-03,0.0005514906994067611,0.003566106600678076,0.0,0.0,0.0016544720982202832
2022-01-04,0.0018356487238296564,0.0031502166974138766,0.0,0.0,0.005506946171488969
2022-01-05,-0.0030219411510564917,-0.015212905888465422,0.0,0.0,-0.009065823453169475
2022-01-06,0.0005296880058100103,0.0010138012852750177,0.0,0.0,0.0015890640174300308
2022-01-07,6.727707178155e-05,-0.001801013412352226,0.0,0.0,0.00020183121534465
2022-01-10,1.2104473480911704e-05,0.00012020299620093544,0.0,0.0,3.6313420442735114e-05
2022-01-11,0.0031355439899263186,0.01210792267777372,0.0,0.0,0.009406631969778955
2022-01-12,-0.00016755497212155303,0.00036428031946331705,0.0,0.0,-0.0005026649163646591
2022-01-13,-0.0015579487649169165,-0.009765262795944907,0.0,0.0,-0.00467384629475075
2022-01-14,-0.000351150057869117,0.00041447534042601266,0.0,0.0,-0.001053450173607351
2022-01-18,-0.003689332248878622,-0.015958512179722262,0.0,0.0,-0.011067996746635866
2022-01-19,-0.0050668095119020444,-0.006681215336429469,0.0,-0.011014528712346594,-0.00418589982335954
2022-01-20,-0.0042205867880153085,-0.008209693944277407,0.0,-0.007042250989697163,-0.005619509374348764
2022-01-21,-0.007065859270450743,-0.014131116714564629,0.0,-0.011827154248825123,-0.009370423562527107
2022-01-24,0.002259450573679267,0.004488249863816629,0.0,0.0032662894951687505,0.0035120622258690503
2022-01-25,-0.002270489639315028,-0.0036215245797013296,0.0,-0.007822251333813712,0.0010107824158686273
2022-01-26,-0.0028538771494580986,-0.004957957701957949,0.0,-0.003172872113171088,-0.005388759335203208
2022-01-27,-0.0017659163344020106,-0.003447328063752364,0.0,-0.0035463331946978594,-0.0017514158085081722
2022-01-28,0.008458367412058384,0.01623014412014111,0.0,0.01665497646510994,0.008720125771065212
2022-01-31,0.0070780926913156655,0.013693313080799196,0.0,0.01325143333683263,0.007982844737114369
2022-02-01,0.004131129725069171,0.008448992916571895,0.0,0.0048840782307898786,0.007509310944417635
2022-02-02,0.0028471439866850634,0.005244550275551607,0.0,0.004922304498697583,0.0036191274613576073
2022-02-03,-0.00804494225297286,-0.016019860675385487,0.0,-0.01507081419587102,-0.009064012563047563
2022-02-04,0.0016667865232062797,0.004113477013578381,0.0,0.0025509697749994675,0.002449389794619372
2022-02-07,0.0006775835137635059,0.000920673270397665,0.0,-0.0003565498425681213,0.002389300383858639
2022-02-08,0.0036785440657687036,0.005622916643949228,0.0,0.0077725283858305905,0.0032631038114755207
2022-02-09,0.005846991695230633,0.01135647189349782,0.0,0.010521688337932943,0.007019286747758957
2022-02-10,-0.007949967265996652,-0.014676319886517696,0.0,-0.014051773425123048,-0.00979812837286691
2022-02-11,-0.0036892769379828845,-0.0071929184319583835,0.0,-0.010101444959017492,-0.0009663858549311622
2022-02-14,-0.0033751179409925707,-0.006195698918307191,0.0,-0.003838073218718552,-0.00628728060425916
2022-02-15,0.005320225880190429,0.010014190641851151,0.0,0.01106146533160699,0.004899212308964296
2022-02-16,0.001557604773493874,0.002695351679768687,0.0,0.001851481270809019,0.002821333049672603
2022-02-17,-0.007692081077091698,-0.014521379076523644,0.0,-0.014521379076523644,-0.008554864154751452
2022-02-18,-0.002417654410989149,-0.004703242521376561,0.0,-0.004703242521376561,-0.002549720711590886
2022-02-22,-0.004541419128167434,-0.007776789257072947,0.0,-0.007776789257072947,-0.005847468127429356
2022-02-23,-0.00643752415373193,-0.012188448013032583,0.0,-0.012188448013032583,-0.007124124448163205
2022-02-24,0.0037353407840142517,0.008991197964553044,0.0,0.008991197964553044,0.002214824387489711
2022-02-25,0.011360400283596639,0.0184956259034026,0.0,0.0184956259034026,0.015585574947387316
2022-02-28,0.0022080196290179322,0.0033702787213853004,0.0,0.0033702787213853004,0.0032537801656684962
2022-03-01,-0.0048367231767350765,-0.009020226836269473,0.0,-0.009020226836269473,-0.005489942693935756
2022-03-02,0.0065462239867296,0.011741158667642559,0.0,0.011741158667642559,0.007897513292546243
2022-03-03,-0.0007775410973516788,-0.0024769259112843002,0.0,-0.0024769259112843002,0.00014430261922926402
2022-03-04,0.00024299331208485305,-0.0012359963325519919,0.0,-0.0012359963325519919,0.001964976268806551
2022-03-07,-0.009788832652714014,-0.018356993128057185,0.0,-0.018356993128057185,-0.01100950483008486
2022-03-08,-0.00039861400871260186,-0.0010729400984353487,0.0,-0.0010729400984353487,-0.0001229019277024568
2022-03-09,0.006624660155759147,0.013715018619806951,0.0,0.013715018619806951,0.00615896184747049
2022-03-10,-0.0009264868531586404,-0.002819346840035053,0.0,-0.002819346840035053,3.988628055913157e-05
2022-03-11,-0.0053582283774358,-0.009953941727188631,0.0,-0.009953941727188631,-0.006120743405118767
2022-03-14,-0.006341082913992065,-0.011398566885145168,0.0,-0.011398566885145168,-0.007624681856831028
2022-03-15,0.004395093125759838,0.00984073609572902,0.0,0.00984073609572902,0.003344543281550494
2022-03-16,0.010358640316449662,0.019017433654811945,0.0,0.019017433654811945,0.012058487294537045
2022-03-17,0.007329451553511664,0.011954052571013663,0.0,0.011954052571013663,0.01003430208952133
2022-03-18,0.004013169253885544,0.00806645868107132,0.0,0.00806645868107132,0.003973049080585311
2022-03-21,0.0004369757679240638,0.0004215033291112835,0.0,0.0004215033291112835,0.0008894239746609078
2022-03-22,0.002372716604818607,0.005260182634504396,0.0,0.005260182634504396,0.0018579671799514252
2022-03-23,-0.0028247544547175666,-0.005724633550461944,0.0,-0.005724633550461944,-0.002749629813690757
2022-03-24,0.005543513559403672,0.010726023020955055,0.0,0.010726023020955055,0.005904517657255959
2022-03-25,0.0020818855707395944,0.0030526928929437537,0.0,0.0030526928929437537,0.00319296381927503
2022-03-28,-0.0004052325222558754,0.0007598781725508319,0.0,0.0007598781725508319,-0.0019755757393184583
2022-03-29,0.005460159784853539,0.01011256595397606,0.0,0.01011256595397606,0.006267913400584557
2022-03-30,-0.001234705595568227,-0.0030709955727272085,0.0,-0.0030709955727272085,-0.0006331212139774722
2022-03-31,-0.006534387759363522,-0.011162102544362873,0.0,-0.011162102544362873,-0.00844106073372769
2022-04-01,0.0017224324960866417,0.002340638424844088,0.0,0.002340638424844088,0.0028266590634158373
2022-04-04,0.0013299121537767578,0.003974061763248183,0.0,0.003974061763248183,1.5674698082090986e-05
2022-04-05,-0.00766386181937579,-0.013658830979756165,0.0,-0.013658830979756165,-0.009332754478371208
2022-04-06,-0.002862251240662198,-0.006561963501497769,0.0,-0.006561963501497769,-0.002024790220488826
2022-04-07,0.0023207352793053267,0.003677758198438563,0.0,0.003677758198438563,0.003284447639477417
2022-04-08,0.0012330501504497992,0.0004519047308488511,0.0,0.0004519047308488511,0.0032472457205005465
2022-04-11,-0.008368760116695554,-0.014995784552201819,0.0,-0.014995784552201819,-0.010110495797884844
2022-04-12,-0.0003622957306055145,-0.0009767518291744603,0.0,-0.0009767518291744603,-0.00011013536264208313
2022-04-13,0.005711536434387901,0.01038818212782977,0.0,0.01038818212782977,0.006746427175333936
2022-04-14,-0.005718099561485634,-0.01093482982096644,0.0,-0.01093482982096644,-0.006219468863490463
2022-04-18,0.00019024862737348306,0.0004874609296449561,0.0,0.0004874609296449561,8.328495247549306e-05
2022-04-19,0.004251425616944545,0.008432707912305515,0.0,0.008432707912305515,0.004321568938528119
2022-04-20,0.0034299534481905293,0.00436898762133775,0.0,0.00436898762133775,0.005920872723233839
2022-04-21,-0.009107654533611271,-0.015544168453463302,0.0,-0.015544168453463302,-0.011778795147370513
2022-04-22,-0.014285193319764578,-0.024136549295800246,0.0,-0.024136549295800246,-0.018719030663493487
2022-04-25,-4.91407758815107e-06,0.0013862366065665154,0.0,0.0013862366065665154,-0.0014009788393309686
2022-04-26,-0.01010475122304598,-0.018906927913819184,0.0,-0.018906927913819184,-0.011407325755318753
2022-04-27,-0.00010549974007486955,0.0005220688469827484,0.0,0.0005220688469827484,-0.000838568067207357
2022-04-28,0.01095041195228795,0.020202963035400544,0.0,0.020202963035400544,0.012648272821463302
2022-04-29,-0.01575741557741506,-0.027969801909665293,0.0,-0.027969801909665293,-0.019302444822579888
2022-05-02,0.0006539770974459532,0.002575911495186467,0.0,0.002575911495186467,-0.0006139802028486075
2022-05-03,0.0046475764498663825,0.00711180838129799,0.0,0.00711180838129799,0.006830920968301157
2022-05-04,0.015295661732022592,0.026389770959351643,0.0,0.026389770959351643,0.01949721423671613
2022-05-05,-0.0167030997854028,-0.0299776543293653,0.0,-0.0299776543293653,-0.020131645026843104
2022-05-06,-0.001982323152214164,-0.003974738050443826,0.0,-0.003974738050443826,-0.0019722314061986655
2022-05-09,-0.018056680065762314,-0.03097635021691956,0.0,-0.03097635021691956,-0.02319368998036738
2022-05-10,0.0012210048494689504,0.0032011779559161014,0.0,0.0032011779559161014,0.0004618365924907497
2022-05-11,-0.003787780785225766,-0.008742671417980841,0.0,-0.008742671417980841,-0.0026206709376964564
2022-05-12,-0.0006011396498534697,-0.0015355290250014364,0.0,-0.0015355290250014364,-0.0002678899245589728
2022-05-13,0.009441483518002862,0.017676960976453427,0.0,0.017676960976453427,0.010647489577555158
2022-05-16,0.0011047677288212173,0.0006359357699860513,0.0,0.0006359357699860513,0.0026783674164776007
2022-05-17,0.008379451566777706,0.015312334817764861,0.0,0.015312334817764861,0.00982601988256826
2022-05-18,-0.014347958579250683,-0.026264289096095527,0.0,-0.026264289096095527,-0.01677958664165652
2022-05-19,-0.000744597409322582,-0.001933123605664122,0.0,-0.001933123605664122,-0.0003006686223036237
2022-05-20,0.0016058735550343282,0.0023642810506746105,0.0,0.0023642810506746105,0.0024533396144283738
2022-05-23,0.0084701610811495,0.014684950563887722,0.0,0.014684950563887722,0.010725532679560779
2022-05-24,-0.0004526151360261909,-0.0024841848958797484,0.0,-0.0024841848958797484,0.0011263394878011756
2022-05-25,0.0047873618897966265,0.008463789638795793,0.0,0.008463789638795793,0.005898296030594085
2022-05-26,0.00775396626408856,0.014217484854267026,0.0,0.014217484854267026,0.009044413937998652
2022-05-27,0.01044394817358015,0.018989772339786003,0.0,0.018989772339786003,0.012342072180954445
2022-05-31,-0.00605346972740215,-0.009569831094246518,0.0,-0.009569831094246518,-0.008590578087959932
2022-06-01,-0.002229949225800842,-0.0038642505378935544,0.0,-0.0038642505378935544,-0.002825597139508973
2022-06-02,0.007601068560543198,0.013981356959256086,0.0,0.013981356959256086,0.008821848722373505
2022-06-03,-0.005723892903956018,-0.011082605676460577,0.0,-0.011082605676460577,-0.006089073035407478
2022-06-06,-0.0007708869210409549,-0.0009862168067139355,0.0,-0.0009862168067139355,-0.0013264439564089291
2022-06-07,0.007478146691471118,0.012244972120934805,0.0,0.012244972120934805,0.010189467953478549
2022-06-08,-0.005138927989564905,-0.008632930070157563,0.0,-0.008632930070157563,-0.006783853898537151
2022-06-09,-0.010688160182833943,-0.01870653406903696,0.0,-0.01870653406903696,-0.013357946479464866
2022-06-10,-0.01211080301610652,-0.021851522046681206,0.0,-0.021851522046681206,-0.014480887001638354
2022-06-13,-0.021893391368086268,-0.03738095320956658,0.0,-0.03738095320956658,-0.028299220894692223
2022-06-14,-0.0029840050014612765,-0.004069942089572787,0.0,-0.004069942089572787,-0.004882072914811042
2022-06-15,0.006166501944305125,0.011553316566675575,0.0,0.011553316566675575,0.0069461892662397995
2022-06-16,-0.014728365300443224,-0.026145112323147247,0.0,-0.026145112323147247,-0.018039983578182428
2022-06-17,-0.002556350037371254,-0.0027690413360641486,0.0,-0.0027690413360641486,-0.004900008776049613
2022-06-21,0.01122806241107061,0.01937592345498671,0.0,0.01937592345498671,0.014308263778225116
2022-06-22,-0.0003801380112290623,-0.0008549561134007621,0.0,-0.0008549561134007621,-0.0002854579202864249
2022-06-23,0.0018223060828321666,0.004226596494760504,0.0,0.004226596494760504,0.0012403217537359957
2022-06-24,0.008510336155109747,0.02117591886150383,0.0,0.02117591886150383,0.004355089603825413
2022-06-27,0.00012411460062790777,0.0003723438018837233,0.0,0.0003723438018837233,0.0
2022-06-28,-0.0037645702740875865,-0.01129371082226276,0.0,-0.01129371082226276,0.0
2022-06-29,-0.000752243298570506,-0.002256729895711518,0.0,-0.002256729895711518,0.0
2022-06-30,-0.00261063895271522,-0.00783191685814566,0.0,-0.00783191685814566,0.0
2022-07-01,0.00302351479025759,0.00907054437077277,0.0,0.00907054437077277,0.0
2022-07-05,-0.0008694524596215596,-0.0026083573788646787,0.0,-0.0026083573788646787,0.0
2022-07-06,-0.0010742734730114594,-0.003222820419034378,0.0,-0.003222820419034378,0.0
2022-07-07,0.004622671230924454,0.013868013692773361,0.0,0.013868013692773361,0.0
2022-07-08,-0.0003681087597819192,-0.0011043262793457576,0.0,-0.0011043262793457576,0.0
2022-07-11,-0.002686954347018189,-0.008060863041054567,0.0,-0.008060863041054567,0.0
2022-07-12,-0.002582019938419522,-0.007746059815258566,0.0,-0.007746059815258566,0.0
2022-07-13,-0.0007295560683584205,-0.0021886682050752614,0.0,-0.0021886682050752614,0.0
2022-07-14,-0.0022504820654739837,-0.006751446196421951,0.0,-0.006751446196421951,0.0
2022-07-15,0.005814083364527223,0.01744225009358167,0.0,0.01744225009358167,0.0
2022-07-18,-0.0015710275994855825,-0.004713082798456747,0.0,-0.004713082798456747,0.0
2022-07-19,0.007413106964925617,0.02223932089477685,0.0,0.02223932089477685,0.0
2022-07-20,0.0017401451390590607,0.005220435417177182,0.0,0.005220435417177182,0.0
2022-07-21,0.0028352789568675154,0.008505836870602546,0.0,0.008505836870602546,0.0
2022-07-22,-0.001986821549831626,-0.005960464649494878,0.0,-0.005960464649494878,0.0
2022-07-25,0.0010996790501284993,0.0032990371503854978,0.0,0.0032990371503854978,0.0
2022-07-26,-0.002657651900700782,-0.007972955702102347,0.0,-0.007972955702102347,0.0
2022-07-27,0.006561562504097652,0.019684687512292954,0.0,0.019684687512292954,0.0
2022-07-28,0.0011895966395589098,0.010068561530506549,0.0,0.003568789918676729,0.0
2022-07-29,0.002811217604616086,0.012010467612336328,0.0,0.0,0.008433652813848258
2022-08-01,-0.000486283578773424,-0.001458850736320272,0.0,0.0,-0.001458850736320272
2022-08-02,-0.0024635739505032878,-0.007390721851509863,0.0,0.0,-0.007390721851509863
2022-08-03,0.003688774135418434,0.011066322406255302,0.0,0.0,0.011066322406255302
2022-08-04,-0.0008351808121833374,-0.002505542436550012,0.0,0.0,-0.002505542436550012
2022-08-05,-0.003970292326241764,-0.0011083567247428428,0.0,0.0,-0.011910876978725293
2022-08-08,-0.0007303722461442878,0.0030638376793591495,0.0,0.0,-0.0021911167384328634
2022-08-09,-0.0013103912624111184,-0.0021750991336756177,0.0,0.0,-0.003931173787233355
2022-08-10,0.004840044281875059,0.015242526374300801,0.0,0.0,0.014520132845625177
2022-08-11,-0.0008300372005723644,0.0009499192307537929,0.0,0.0,-0.0024901116017170934
2022-08-12,0.004564569969509025,0.014451265559378812,0.0,0.0,0.013693709908527075
2022-08-15,0.0005870785246787043,-0.00018854934063424755,0.0,0.0,0.001761235574036113
2022-08-16,0.0003512162291325486,0.0008197047799765155,0.0,0.0,0.0010536486873976459
2022-08-17,-0.002490903357576254,-0.0066389462712003414,0.0,0.0,-0.007472710072728761
2022-08-18,0.00046036331472630495,0.004068433390439652,0.0,0.0,0.0013810899441789148
2022-08-19,-0.004055329952718615,-0.012191166448419954,0.0,0.0,-0.012165989858155845
2022-08-22,-0.005312790624608114,-0.016127127623419446,0.0,0.0,-0.015938371873824343
2022-08-23,-0.0008601338196329282,0.0010257046680225534,0.0,0.0,-0.0025804014588987844
2022-08-24,0.0006267409607241444,0.0031093812574329084,0.0,0.0,0.0018802228821724332
2022-08-25,0.00392498623809295,0.012544370874590505,0.0,0.0,0.01177495871427885
2022-08-26,-0.008116155714846878,-0.02551764626574543,0.0,0.0,-0.02434846714454063
2022-08-29,-0.002211071685174533,-0.005124281370501438,0.0,0.0,-0.0066332150555236
2022-08-30,-0.0059192978708671835,-0.01078390733241551,0.0,-0.010363225181775616,-0.007394668430825935
2022-08-31,-0.004208421309660278,-0.007701558555611854,0.0,-0.005834571202604976,-0.006790692726375858
2022-09-01,-0.0005136317439851916,-0.003997678314600517,0.0,-2.83918918074777e-06,-0.001538056042774827
2022-09-02,8.710143462585067e-05,-0.004524624085085383,0.0,-0.007017304488399623,0.007278608792277175
2022-09-06,-0.0024589882708664725,-0.007376964812599418,0.0,-0.007376964812599418,0.0
2022-09-07,0.009465375473865889,0.013963160317672607,0.0,0.013963160317672607,0.01443296610392506
2022-09-08,-7.767908550367712e-06,0.005262785422069527,0.0,0.005262785422069527,-0.00528608914772063
2022-09-09,0.006673241311766109,0.014029471839798658,0.0,0.014029471839798658,0.00599025209549967
2022-09-12,0.005249024605331838,0.008791657212400916,0.0,0.008791657212400916,0.0069554166035945995
2022-09-13,-0.0215769346151686,-0.033626368626922275,0.0,-0.033626368626922275,-0.031104435218583516
2022-09-14,0.002106958440350648,0.004572755770447801,0.0,0.004572755770447801,0.0017481195506041437
2022-09-15,-0.00580429959765405,-0.009994878196841672,0.0,-0.009994878196841672,-0.0074180205961204785
2022-09-16,-0.004260552340612648,-0.007457579049144803,0.0,-0.007457579049144803,-0.005324077972693142
2022-09-19,0.003227798619670678,0.004871340445362271,0.0,0.004871340445362271,0.004812055413649763
2022-09-20,-0.006309902160036751,-0.009812608831898028,0.0,-0.009812608831898028,-0.009117097648212225
2022-09-21,-0.007099175535146773,-0.011381590690198484,0.0,-0.011381590690198484,-0.009915935915241836
2022-09-22,-0.00647517716780717,-0.009890477279853527,0.0,-0.009890477279853527,-0.009535054223567985
2022-09-23,-0.010270229152631408,-0.01885313753997695,0.0,-0.01885313753997695,-0.011957549917917277
2022-09-26,-0.007574434948379653,-0.012588968360825492,0.0,-0.012588968360825492,-0.010134336484313467
2022-09-27,-0.0018845682517061165,-0.0022668469203574793,0.0,-0.0022668469203574793,-0.0033868578347608703
2022-09-28,0.01456045851498453,0.024055867704649358,0.0,0.024055867704649358,0.019625507840304236
2022-09-29,-0.009317536383194987,-0.013976304574792486,0.0,-0.013976304574792486,-0.013976304574792476
2022-09-30,-0.00769370847294677,-0.011940003958475753,0.0,-0.011940003958475753,-0.011141121460364556
2022-10-03,0.016629070005092086,0.027769218209609113,0.0,0.027769218209609113,0.022117991805667137
2022-10-04,0.01788558089812149,0.027888429075533638,0.0,0.027888429075533638,0.025768313618830828
2022-10-05,-0.00046170942207318286,-0.0006925641331097743,0.0,-0.0006925641331097743,-0.0006925641331097743
2022-10-06,-0.003962868465680096,-0.005944302698520143,0.0,-0.005944302698520143,-0.005944302698520143
2022-10-07,-0.015383534952468603,-0.023075302428702905,0.0,-0.023075302428702905,-0.023075302428702905
2022-10-10,-0.007037312402694251,-0.010555968604041377,0.0,-0.010555968604041377,-0.010555968604041377
2022-10-11,-0.0031292975565361627,-0.004693946334804244,0.0,-0.004693946334804244,-0.004693946334804244
2022-10-12,7.982907644640639e-05,0.00011974361466960959,0.0,0.00011974361466960959,0.00011974361466960959
2022-10-13,0.014886210106857046,0.02232931516028557,0.0,0.02232931516028557,0.02232931516028557
2022-10-14,-0.01344902282598417,-0.020173534238976255,0.0,-0.020173534238976255,-0.020173534238976255
2022-10-17,0.012694743844794321,0.019042115767191482,0.0,0.019042115767191482,0.019042115767191482
2022-10-18,0.005740472079329292,0.008610708118993938,0.0,0.008610708118993938,0.008610708118993938
2022-10-19,-0.004450466637265493,-0.00667569995589824,0.0,-0.00667569995589824,-0.00667569995589824
2022-10-20,-0.004755496174325521,-0.007133244261488281,0.0,-0.007133244261488281,-0.007133244261488281
2022-10-21,0.01351252348693628,0.02026878523040442,0.0,0.02026878523040442,0.02026878523040442
2022-10-24,0.005374524939397148,0.008061787409095722,0.0,0.008061787409095722,0.008061787409095722
2022-10-25,0.009729150463002734,0.0145937256945041,0.0,0.0145937256945041,0.0145937256945041
2022-10-26,3.913270579564513e-05,5.86990586934677e-05,0.0,5.86990586934677e-05,5.86990586934677e-05
2022-10-27,-0.0008487900570670392,-0.0012731850856005588,0.0,-0.0012731850856005588,-0.0012731850856005588
2022-10-28,0.011578041493000027,0.01736706223950004,0.0,0.01736706223950004,0.01736706223950004
2022-10-31,-0.0032337279591869127,-0.004850591938780369,0.0,-0.004850591938780369,-0.004850591938780369
2022-11-01,0.0005190001895479505,0.0007785002843219257,0.0,0.0007785002843219257,0.0007785002843219257
2022-11-02,-0.013840636653429236,-0.020760954980143853,0.0,-0.020760954980143853,-0.020760954980143853
2022-11-03,-0.005040649462310139,-0.007560974193465209,0.0,-0.007560974193465209,-0.007560974193465209
2022-11-04,0.008403988357488072,0.012605982536232107,0.0,0.012605982536232107,0.012605982536232107
2022-11-07,0.005263791951270832,0.007895687926906248,0.0,0.007895687926906248,0.007895687926906248
2022-11-08,0.005234381598826662,0.007851572398239992,0.0,0.007851572398239992,0.007851572398239992
2022-11-09,-0.012970494583769065,-0.019455741875653597,0.0,-0.019455741875653597,-0.019455741875653597
2022-11-10,0.031745652302591236,0.04761847845388685,0.0,0.04761847845388685,0.04761847845388685
2022-11-11,0.005526575691785999,0.008289863537678998,0.0,0.008289863537678998,0.008289863537678998
2022-11-14,-0.0037923246902033044,-0.005688487035304957,0.0,-0.005688487035304957,-0.005688487035304957
2022-11-15,0.005455667219969995,0.008183500829954993,0.0,0.008183500829954993,0.008183500829954993
2022-11-16,-0.003938087226254269,-0.005907130839381403,0.0,-0.005907130839381403,-0.005907130839381403
2022-11-17,-0.002310422785711593,-0.0034656341785673896,0.0,-0.0034656341785673896,-0.0034656341785673896
2022-11-18,0.001112967254638749,0.0016694508819581233,0.0,0.0016694508819581233,0.0016694508819581233
2022-11-21,-0.0028132705104861287,-0.004219905765729193,0.0,-0.004219905765729193,-0.004219905765729193
2022-11-22,0.00900019159547932,0.01350028739321898,0.0,0.01350028739321898,0.01350028739321898
2022-11-23,0.0034466957357771684,0.005170043603665753,0.0,0.005170043603665753,0.005170043603665753
2022-11-25,-0.00019016572767069178,-0.00028524859150603766,0.0,-0.00028524859150603766,-0.00028524859150603766
2022-11-28,-0.009601889870776667,-0.014402834806164999,0.0,-0.014402834806164999,-0.014402834806164999
2022-11-29,-0.0002966692416038012,-0.0004450038624057018,0.0,-0.0004450038624057018,-0.0004450038624057018
2022-11-30,0.01622797328072202,0.024341959921083033,0.0,0.024341959921083033,0.024341959921083033
2022-12-01,0.002587068370482689,0.003880602555724033,0.0,0.003880602555724033,0.003880602555724033
2022-12-02,-0.00020674606871013226,-0.0003101191030651984,0.0,-0.0003101191030651984,-0.0003101191030651984
2022-12-05,-0.012520111458092538,-0.01878016718713881,0.0,-0.01878016718713881,-0.01878016718713881
2022-12-06,-0.007302132682890313,-0.01095319902433547,0.0,-0.01095319902433547,-0.01095319902433547
2022-12-07,0.0013732204967837076,0.0020598307451755614,0.0,0.0020598307451755614,0.0020598307451755614
2022-12-08,0.0035198878424245847,0.005279831763636877,0.0,0.005279831763636877,0.005279831763636877
2022-12-09,-0.006905809739012759,-0.010358714608519138,0.0,-0.010358714608519138,-0.010358714608519138
2022-12-12,0.00809232983243647,0.012138494748654704,0.0,0.012138494748654704,0.012138494748654704
2022-12-13,0.0062183238983198955,0.009327485847479843,0.0,0.009327485847479843,0.009327485847479843
2022-12-14,-0.0032469212857761647,-0.004870381928664247,0.0,-0.004870381928664247,-0.004870381928664247
2022-12-15,-0.013250938131232681,-0.019876407196849022,0.0,-0.019876407196849022,-0.019876407196849022
2022-12-16,-0.005884273783972271,-0.008826410675958407,0.0,-0.008826410675958407,-0.008826410675958407
2022-12-19,-0.005359969791450074,-0.00803995468717511,0.0,-0.00803995468717511,-0.00803995468717511
2022-12-20,0.0018898650269537555,0.0028347975404306334,0.0,0.0028347975404306334,0.0028347975404306334
2022-12-21,0.00851142907623934,0.012767143614359011,0.0,0.012767143614359011,0.012767143614359011
2022-12-22,-0.00883734522563986,-0.013256017838459788,0.0,-0.013256017838459788,-0.013256017838459788
2022-12-23,0.003006011307442809,0.0045090169611642136,0.0,0.0045090169611642136,0.0045090169611642136
2022-12-27,-0.002430845938475927,-0.00364626890771389,0.0,-0.00364626890771389,-0.00364626890771389
2022-12-28,-0.00743474204884799,-0.011152113073271986,0.0,-0.011152113073271986,-0.011152113073271986
2022-12-29,0.010448432619946503,0.015672648929919753,0.0,0.015672648929919753,0.015672648929919753
2022-12-30,-0.001062447443301647,-0.0015936711649524704,0.0,-0.0015936711649524704,-0.0015936711649524704
2023-01-03,-0.002219642446166577,-0.003329463669249866,0.0,-0.003329463669249866,-0.003329463669249866
2023-01-04,0.004883943683180917,0.007325915524771376,0.0,0.007325915524771376,0.007325915524771376
2023-01-05,-0.004996845293955092,-0.007495267940932637,0.0,-0.007495267940932637,-0.007495267940932637
2023-01-06,0.014084951337987676,0.021127427006981513,0.0,0.021127427006981513,0.021127427006981513
2023-01-09,-6.7374200191835e-06,-1.0106130028775251e-05,0.0,-1.0106130028775251e-05,-1.0106130028775251e-05
2023-01-10,0.0033687754420839156,0.005053163163125873,0.0,0.005053163163125873,0.005053163163125873
2023-01-11,0.006722672488841656,0.010084008733262484,0.0,0.010084008733262484,0.010084008733262484
2023-01-12,0.005930430571509851,0.008895645857264777,0.0,0.008895645857264777,0.008895645857264777
2023-01-13,0.0026178464483537812,0.003926769672530672,0.0,0.003926769672530672,0.003926769672530672
2023-01-17,-0.0020009960219090333,-0.00300149403286355,0.0,-0.00300149403286355,-0.00300149403286355
2023-01-18,-0.007053883131703357,-0.010580824697555035,0.0,-0.010580824697555035,-0.010580824697555035
2023-01-19,-0.002171624611615234,-0.003257436917422851,0.0,-0.003257436917422851,-0.003257436917422851
2023-01-20,0.007386807730235426,0.01108021159535314,0.0,0.01108021159535314,0.01108021159535314
2023-01-23,0.0060264318312231195,0.009039647746834679,0.0,0.009039647746834679,0.009039647746834679
2023-01-24,0.00034270244292110194,0.0005140536643816529,0.0,0.0005140536643816529,0.0005140536643816529
2023-01-25,0.0009846660093414691,0.0014769990140122036,0.0,0.0014769990140122036,0.0014769990140122036
2023-01-26,0.0055625090880276305,0.008343763632041446,0.0,0.008343763632041446,0.008343763632041446
2023-01-27,-0.0005550593690704024,-0.0008325890536056036,0.0,-0.0008325890536056036,-0.0008325890536056036
2023-01-30,-0.007761300533319884,-0.011641950799979827,0.0,-0.011641950799979827,-0.011641950799979827
2023-01-31,0.008406354052788452,0.012609531079182678,0.0,0.012609531079182678,0.012609531079182678
2023-02-01,0.005402983454784145,0.008104475182176218,0.0,0.008104475182176218,0.008104475182176218
2023-02-02,0.0033227874165428976,0.004984181124814346,0.0,0.004984181124814346,0.004984181124814346
2023-02-03,-0.006309969203019117,-0.009464953804528674,0.0,-0.009464953804528674,-0.009464953804528674
2023-02-06,-0.003895453948942418,-0.005843180923413627,0.0,-0.005843180923413627,-0.005843180923413627
2023-02-07,0.007899586081943506,0.01184937912291526,0.0,0.01184937912291526,0.01184937912291526
2023-02-08,-0.004808891122000595,-0.007213336683000893,0.0,-0.007213336683000893,-0.007213336683000893
2023-02-09,-0.0060158428416592575,-0.009023764262488887,0.0,-0.009023764262488887,-0.009023764262488887
2023-02-10,0.002712502342931833,0.00406875351439775,0.0,0.00406875351439775,0.00406875351439775
2023-02-13,0.005931801761126694,0.008897702641690042,0.0,0.008897702641690042,0.008897702641690042
2023-02-14,-0.0003953008327744367,-0.000592951249161655,0.0,-0.000592951249161655,-0.000592951249161655
2023-02-15,-0.0008623095975311598,-0.0012934643962967396,0.0,-0.0012934643962967396,-0.0012934643962967396
2023-02-16,-0.007788301870794771,-0.011682452806192156,0.0,-0.011682452806192156,-0.011682452806192156
2023-02-17,-0.002041420522462515,-0.003062130783693773,0.0,-0.003062130783693773,-0.003062130783693773
2023-02-21,-0.01196779444731358,-0.017951691670970372,0.0,-0.017951691670970372,-0.017951691670970372
2023-02-22,-0.0006133711890093041,-0.0009200567835139561,0.0,-0.0009200567835139561,-0.0009200567835139561
2023-02-23,0.004607403435772536,0.006911105153658803,0.0,0.006911105153658803,0.006911105153658803
2023-02-24,-0.006590811474397462,-0.009886217211596193,0.0,-0.009886217211596193,-0.009886217211596193
2023-02-27,0.0019097694743008895,0.002864654211451334,0.0,0.002864654211451334,0.002864654211451334
2023-02-28,-0.0016943717715663497,-0.0025415576573495245,0.0,-0.0025415576573495245,-0.0025415576573495245
2023-03-01,-0.00045831135260601864,-0.0006874670289090279,0.0,-0.0006874670289090279,-0.0006874670289090279
2023-03-02,0.002799244648040452,0.0041988669720606775,0.0,0.0041988669720606775,0.0041988669720606775
2023-03-03,0.010605910832792128,0.01590886624918819,0.0,0.01590886624918819,0.01590886624918819
2023-03-06,-0.0012384848891804875,-0.001857727333770731,0.0,-0.001857727333770731,-0.001857727333770731
2023-03-07,-0.009311734829809818,-0.013967602244714727,0.0,-0.013967602244714727,-0.013967602244714727
2023-03-08,-0.00030569154622746747,-0.00045853731934120123,0.0,-0.00045853731934120123,-0.00045853731934120123
2023-03-09,-0.009798144795905498,-0.014697217193858247,0.0,-0.014697217193858247,-0.014697217193858247
2023-03-10,-0.004502240828457856,-0.006753361242686784,0.0,-0.006753361242686784,-0.006753361242686784
2023-03-13,-0.0021959159596616133,-0.0032938739394924197,0.0,-0.0032938739394924197,-0.0032938739394924197
2023-03-14,0.00723330564230864,0.01084995846346296,0.0,0.01084995846346296,0.01084995846346296
2023-03-15,-0.005283496009208848,-0.007925244013813271,0.0,-0.007925244013813271,-0.007925244013813271
2023-03-16,0.008714620372275557,0.013071930558413335,0.0,0.013071930558413335,0.013071930558413335
2023-03-17,-0.004900963465926619,-0.007351445198889928,0.0,-0.007351445198889928,-0.007351445198889928
2023-03-20,0.005077361326547014,0.007616041989820521,0.0,0.007616041989820521,0.007616041989820521
2023-03-21,0.00685385954526662,0.01028078931789993,0.0,0.01028078931789993,0.01028078931789993
2023-03-22,-0.00765635434510185,-0.011484531517652774,0.0,-0.011484531517652774,-0.011484531517652774
2023-03-23,0.001233333894645794,0.0018500008419686908,0.0,0.0018500008419686908,0.0018500008419686908
2023-03-24,0.002437880917487711,0.003656821376231567,0.0,0.003656821376231567,0.003656821376231567
2023-03-27,0.000739521670720067,0.0011092825060801004,0.0,0.0011092825060801004,0.0011092825060801004
2023-03-28,0.0002598455215482224,0.0003897682823223336,0.0,0.0003897682823223336,0.0003897682823223336
2023-03-29,0.006631254222270171,0.009946881333405256,0.0,0.009946881333405256,0.009946881333405256
2023-03-30,0.0034072784305886634,0.005110917645882995,0.0,0.005110917645882995,0.005110917645882995
2023-03-31,0.007627785083600017,0.011441677625400026,0.0,0.011441677625400026,0.011441677625400026
2023-04-03,0.005358516509807698,0.008037774764711547,0.0,0.008037774764711547,0.008037774764711547
2023-04-04,-0.002767297800618166,-0.004150946700927249,0.0,-0.004150946700927249,-0.004150946700927249
2023-04-05,0.0006434471745804989,0.0009651707618707484,0.0,0.0009651707618707484,0.0009651707618707484
2023-04-06,0.0003040193914736348,0.00045602908721045223,0.0,0.00045602908721045223,0.00045602908721045223
2023-04-10,-1.486663172671765e-05,-2.2299947590076475e-05,0.0,-2.2299947590076475e-05,-2.2299947590076475e-05
2023-04-11,0.001673630390080838,0.002510445585121257,0.0,0.002510445585121257,0.002510445585121257
2023-04-12,-0.0016077282635601781,-0.002411592395340267,0.0,-0.002411592395340267,-0.002411592395340267
2023-04-13,0.007317710903639026,0.01097656635545854,0.0,0.01097656635545854,0.01097656635545854
2023-04-14,-0.003127566558028549,-0.004691349837042824,0.0,-0.004691349837042824,-0.004691349837042824
2023-04-17,0.0004465742646454866,0.0006698613969682299,0.0,0.0006698613969682299,0.0006698613969682299
2023-04-18,0.0004498332015425784,0.0006747498023138676,0.0,0.0006747498023138676,0.0006747498023138676
2023-04-19,-0.0005560716875649148,-0.0008341075313473723,0.0,-0.0008341075313473723,-0.0008341075313473723
2023-04-20,-0.0020866078262155477,-0.0031299117393233213,0.0,-0.0031299117393233213,-0.0031299117393233213
2023-04-21,-0.0011540723556654104,-0.0017311085334981158,0.0,-0.0017311085334981158,-0.0017311085334981158
2023-04-24,0.001797593791596556,0.002696390687394834,0.0,0.002696390687394834,0.002696390687394834
2023-04-25,-0.00784734627866126,-0.01177101941799189,0.0,-0.01177101941799189,-0.01177101941799189
2023-04-26,-0.003549018159111402,-0.005323527238667103,0.0,-0.005323527238667103,-0.005323527238667103
2023-04-27,0.0075017382659720395,0.011252607398958059,0.0,0.011252607398958059,0.011252607398958059
2023-04-28,0.0063834141084339715,0.009575121162650958,0.0,0.009575121162650958,0.009575121162650958
2023-05-01,-0.003006855252059274,-0.0045102828780889115,0.0,-0.0045102828780889115,-0.0045102828780889115
2023-05-02,-0.005756938370820194,-0.00863540755623029,0.0,-0.00863540755623029,-0.00863540755623029
2023-05-03,-0.002931259967812731,-0.004396889951719096,0.0,-0.004396889951719096,-0.004396889951719096
2023-05-04,-0.004645269964109174,-0.006967904946163761,0.0,-0.006967904946163761,-0.006967904946163761
2023-05-05,0.009785876379815983,0.014678814569723975,0.0,0.014678814569723975,0.014678814569723975
2023-05-08,-0.0010002732441794762,-0.0015004098662692144,0.0,-0.0015004098662692144,-0.0015004098662692144
2023-05-09,-0.0019479440622182616,-0.0029219160933273924,0.0,-0.0029219160933273924,-0.0029219160933273924
2023-05-10,0.0017429225253014601,0.00261438378795219,0.0,0.00261438378795219,0.00261438378795219
2023-05-11,-0.0021142589800490367,-0.003171388470073555,0.0,-0.003171388470073555,-0.003171388470073555
2023-05-12,-2.6368906816494862e-05,-0.0022599082163209383,0.0,-0.0022599082163209383,0.0021808014958714537
2023-05-15,0.0015382533003345947,0.0034360520994528797,0.0,0.0034360520994528797,0.0011787078015509044
2023-05-16,-0.0054615055832407736,-0.00870806865533521,0.0,-0.00870806865533521,-0.007676448094387112
2023-05-17,0.004744554998421128,0.010690943095582061,0.0,0.010690943095582061,0.0035427218996813225
2023-05-18,0.003071168018744822,0.005090870431599259,0.0,0.005090870431599259,0.004122633624635208
2023-05-19,0.0004600592505250985,-0.0002722541742842255,0.0,-0.0002722541742842255,0.001652431925859521
2023-05-22,6.319704420843322e-05,0.0006802815746727364,0.0,0.0006802815746727364,-0.0004906904420474367
2023-05-23,-0.0024277070799632815,-0.005805234508656965,0.0,-0.005805234508656965,-0.0014778867312328803
2023-05-24,-0.0022225513112687054,-0.006667653933806117,0.0,-0.006667653933806117,0.0
2023-05-25,0.000745205806679076,0.002235617420037228,0.0,0.002235617420037228,0.0
2023-05-26,0.004441225948097461,0.010197469916024327,0.0,0.010197469916024327,0.003126207928268054
2023-05-30,-0.0002027348113954626,0.0004992060915374075,0.0,0.0004992060915374075,-0.0011074105257237953
2023-05-31,-0.0027672387300973875,-0.004175445913080755,0.0,-0.004175445913080755,-0.004126270277211408
2023-06-01,0.002928291978020144,0.008784875934060432,0.0,0.008784875934060432,0.0
2023-06-02,0.004161861291969434,0.012485583875908302,0.0,0.012485583875908302,0.0
2023-06-05,-0.002336812557705259,-0.0030158548598630984,0.0,-0.0030158548598630984,-0.003994582813252679
2023-06-06,0.003071958858167353,0.004751202628962692,0.0,0.004751202628962692,0.004464673945539366
2023-06-07,0.0006433295835150695,-0.0014041118841374932,0.0,-0.0014041118841374932,0.003334100634682702
2023-06-08,0.0023554915186554835,0.005658421928889356,0.0,0.005658421928889356,0.0014080526270770944
2023-06-09,-0.0004190074746389845,-0.0002336743287378651,0.0,-0.0002336743287378651,-0.0010233480951790884
2023-06-12,0.0019890089463945287,0.005325288002021533,0.0,0.005325288002021533,0.0006417388371620536
2023-06-13,0.0018746083156936117,0.0034610097208128132,0.0,0.0034610097208128132,0.0021628152262680223
2023-06-14,-0.0015947535734264367,-0.0014258418654528372,0.0,-0.0014258418654528372,-0.003358418854826473
2023-06-15,0.006165011843892287,0.011458541660243515,0.0,0.011458541660243515,0.007036493871433347
2023-06-16,-0.0018867256385258953,-0.0038043167702451865,0.0,-0.0038043167702451865,-0.0018558601453324997
2023-06-20,-0.0031697595162282505,-0.005941068664283733,0.0,-0.005941068664283733,-0.003568209884401019
2023-06-21,-0.000904433613602799,-0.0031063681744490923,0.0,-0.0031063681744490923,0.00039306733364069535
2023-06-22,-0.0018234171140824671,-0.0020525733166885662,0.0,-0.0020525733166885662,-0.0034176780255588345
2023-06-23,-0.0025780854827020306,-0.005184259808940573,0.0,-0.005106619320853356,-0.0026276371272527356
2023-06-26,0.00040500419789530153,-0.0010776041693605133,0.0,0.0,0.0012150125936859046
2023-06-27,0.0025443946778076747,0.006925897032141859,0.0,0.0050345086569822065,0.0025986753764408177
2023-06-28,-0.0004032700015101328,0.001263753843727977,0.0,-0.0024001563949506144,0.001190346390420216
2023-06-29,0.0014330876674740832,0.0038953449136801877,0.0,0.0,0.004299263002422249
2023-06-30,0.001883963706688522,0.009963344686497089,0.0,0.0,0.005651891120065566
2023-07-03,-7.04107659333486e-05,-7.348678815750631e-05,0.0,0.0,-0.00021123229780004583
2023-07-05,-0.0011595969992040378,-0.004246985581291196,0.0,0.0,-0.0034787909976121134
2023-07-06,-0.0027587250193002347,-0.010087635062611155,0.0,0.0,-0.008276175057900704
2023-07-07,0.0003621164050664853,0.0007868543651330829,0.0,-0.0007211215262898918,0.0018074707414893476
2023-07-10,0.0020568470476811803,0.0051232365647985835,0.0,0.001596028571109942,0.004574512571933598
2023-07-11,0.0026791412441409036,0.007570839883800184,0.0,0.0018130323550664684,0.006224391377356242
2023-07-12,0.0024025747959321884,0.00834854710559968,0.0,0.002060249862965868,0.005147474524830697
2023-07-13,0.0006738850569235695,0.005817995313638469,0.0,0.0,0.0020216551707707086
2023-07-14,-0.0011090032502420208,-0.0035579293846148773,0.0,0.0,-0.003327009750726062
2023-07-17,0.0005665983654943456,0.004259384842933511,0.0,0.0,0.0016997950964830367
2023-07-18,0.0022630697778049046,0.009483648784366538,0.0,0.0,0.006789209333414714
2023-07-19,0.0011207938520662634,0.003311769851813162,0.0,0.0,0.0033623815561987904
2023-07-20,0.0004915483001690239,-0.003490522884490821,0.0,0.0,0.0014746449005070717
2023-07-21,0.00031790168855374185,0.0006026666634218802,0.0,0.0,0.0009537050656612256
2023-07-24,0.0007868059108207315,0.003142902874418774,0.0,0.0,0.0023604177324621943
2023-07-25,8.826159201513009e-05,0.0023604275019219354,0.0,0.0,0.0002647847760453903
2023-07-26,0.0007338796956772456,0.0005395091551402053,0.0,0.0,0.002201639087031737
2023-07-27,-0.002715743250789334,-0.00933827742700193,0.0,0.0,-0.008147229752368002
2023-07-28,0.0015970011660108548,0.008052682136046574,0.0,0.0009002854539602145,0.00389071804407235
2023-07-31,0.001189864244862911,0.0039496363777068,0.0,9.289974158982472e-05,0.0034766929929989088
2023-08-01,-0.0013154547109177296,-0.00429630826878914,0.0,0.0,-0.003946364132753189
2023-08-02,-0.0019895983507280464,-0.012028378427676923,0.0,0.0,-0.00596879505218414
2023-08-03,-0.0004482589450947408,-0.0031215544206509072,0.0,0.0009224369129565591,-0.0022672137482407815
2023-08-04,-0.00023745963781210964,-0.0013433716605929069,0.0,-0.00164956001995471,0.0009371811065183811
2023-08-07,0.00230220025290729,0.0046617243011445545,0.0,0.004244881232763764,0.002661719525958106
2023-08-08,-0.0009778324641601924,-0.0022467776812578723,0.0,-0.0027409203023041283,-0.00019257709017644897
2023-08-09,-0.0003332307680072126,-0.0038063080057787247,0.0,-0.00025303542995900317,-0.0007466568740626345
2023-08-10,-0.002060350417738673,-0.0017823473238950504,0.0,-0.004166085844960465,-0.0020149654082555536
2023-08-11,0.0006115640633526727,0.00115338894709488,0.0,-0.0007520631390486532,0.002586755329106671
2023-08-14,0.0004904719539490898,0.0023094487006295127,0.0,0.0024299534532475795,-0.0009585375914003102
2023-08-15,-0.005253566288108369,-0.010708387975759681,0.0,-0.008263219725929315,-0.007497479138395791
2023-08-16,-0.0036274880969743594,-0.007627445155054091,0.0,-0.006000751846510344,-0.004881712444412734
2023-08-17,-0.002909241473378891,-0.0054382222901889436,0.0,-0.0060939263286902134,-0.00263379809144646
2023-08-18,0.0014581715009090817,0.0021518856419452505,0.0,0.0022970162560142946,0.00207749824671295
2023-08-21,7.097339338237117e-05,0.00219213684317906,0.0,0.00219213684317906,-0.0019792166630319464
2023-08-22,-0.0014603263303774965,-0.002453877265027027,0.0,-0.002453877265027027,-0.0019271017261054623
2023-08-23,0.005589239179676501,0.010631387987575892,0.0,0.010631387987575892,0.006136329551453612
2023-08-24,-0.001743484188995385,-0.010903997948878984,0.0,-0.00015469029635274413,-0.005075762270633411
2023-08-25,0.0011736436585463603,0.006018933530457593,0.0,0.0,0.0035209309756390806
2023-08-28,0.0011305926505517907,0.005596615279153405,0.0,0.0,0.0033917779516553725
2023-08-29,0.002109594136230271,0.011963069745799259,0.0,0.0,0.006328782408690814
2023-08-30,0.0004096339003417326,0.002953478698133549,0.0,0.0,0.0012289017010251979
2023-08-31,-0.000617531293416936,-0.0012128258471028718,0.0,0.0,-0.001852593880250808
2023-09-01,0.00107830256683209,0.0036230214528988223,0.0,0.0,0.00323490770049627
2023-09-05,-0.002136973438561248,-0.006358437462949862,0.0,0.0,-0.0064109203156837435
2023-09-06,-0.000570627514384244,-0.004322433297617445,0.0,0.0,-0.0017118825431527318
2023-09-07,-0.0001509601111095882,-0.002763216802186019,0.0,-0.00015790666447226264,-0.0002949736688565019
2023-09-08,0.0006078474970046099,0.0021003577723729184,0.0,0.00022234827883628184,0.001601194212177548
2023-09-11,-6.894999895749414e-05,0.0021499549041116284,0.0,0.0,-0.0002068499968724824
2023-09-12,0.0009374683266083261,-0.0006585988008748211,0.0,0.0,0.0028124049798249782
2023-09-13,-0.0006123456759911475,-0.0010873900574307261,0.0,0.0,-0.0018370370279734427
2023-09-14,0.0013754337416028977,0.006531563852061606,0.0,0.0,0.004126301224808693
2023-09-15,-0.0015223642721190701,-0.009406286691868326,0.0,0.0,-0.00456709281635721
2023-09-18,0.0010741465073065319,0.002110291276476206,0.0,0.0017556285130050809,0.0014668110089145147
2023-09-19,-0.0013792426419718562,-0.00297275518032023,0.0,-0.0016386355711856427,-0.002499092354729926
2023-09-20,-0.0030261752899069516,-0.006380990895065564,0.0,-0.006629485804523161,-0.002449040065197694
2023-09-21,-0.007284443564302023,-0.014837883919326144,0.0,-0.01202531356054507,-0.009828017132361
2023-09-22,-0.00027759402920069697,-0.00019743744312440415,0.0,-0.0006328829292774896,-0.00019989915832460125
2023-09-25,0.0003284905455289922,0.0008441261357988172,0.0,0.0013591850284730201,-0.0003737133918860436
2023-09-26,-0.005556328197048962,-0.011119751873636886,0.0,-0.010320653284254855,-0.00634833130689203
2023-09-27,0.0008755380336457766,0.0012678872750773395,0.0,0.001787345388359085,0.000839268712578245
2023-09-28,0.0022914688788376733,0.004499788702080965,0.0,0.004499788702080965,0.002374617934432055
2023-09-29,-0.0037310941989454095,-0.005510287579731455,0.0,-0.005510287579731455,-0.005682995017104775
2023-10-02,-0.004354940815858384,-0.005598194114819088,0.0,-0.005598194114819088,-0.007466628332756064
2023-10-03,-0.006855809542495243,-0.012678476104567748,0.0,-0.012678476104567748,-0.007888952522917981
2023-10-04,0.0011508469726502363,0.0031123110581780635,0.0,0.0031123110581780635,0.00034022985977264495
2023-10-05,-0.0001873070009113705,-0.00036158557800649584,0.0,-0.00036158557800649584,-0.00020033542472761568
2023-10-06,0.004409645052091789,0.008387854124324922,0.0,0.008387854124324922,0.004841081031950445
2023-10-09,0.006837116877967079,0.010769280246259672,0.0,0.010769280246259672,0.009742070387641567
2023-10-10,0.0022869727207761145,0.003784234879245618,0.0,0.003784234879245618,0.0030766832830827263
2023-10-11,0.0016484345883659658,0.003292956388022861,0.0,0.003292956388022861,0.0016523473770750363
2023-10-12,-0.005272428994886017,-0.00803558372778862,0.0,-0.00803558372778862,-0.007781703256869432
2023-10-13,0.0036596580078340213,0.004144946005470973,0.0,0.004144946005470973,0.006834028018031091
2023-10-16,0.00336452552672241,0.006092439738878441,0.0,0.006092439738878441,0.004001136841288788
2023-10-17,0.0008064222246037016,0.0008138660909049577,0.0,0.0008138660909049577,0.0016054005829061468
2023-10-18,-0.004440010290783836,-0.00782930532665016,0.0,-0.00782930532665016,-0.005490725545701347
2023-10-19,-0.004852616373913262,-0.008032979267109807,0.0,-0.008032979267109807,-0.006524869854629978
2023-10-20,-0.005131229701500077,-0.009288248164344226,0.0,-0.009288248164344226,-0.006105440940156004
2023-10-23,-0.002250681721571975,-0.0031672158735095656,0.0,-0.0031672158735095656,-0.0035848292912063597
2023-10-24,0.002662639313472111,0.004824597303438693,0.0,0.004824597303438693,0.00316332063697764
2023-10-25,-0.005655543808496352,-0.010297079797543896,0.0,-0.010297079797543896,-0.006669551627945159
2023-10-26,-0.0026053277285223923,-0.005816593238002332,0.0,-0.005816593238002332,-0.0019993899475648446
2023-10-27,-0.004913346397938345,-0.006839668126164211,0.0,-0.006839668126164211,-0.007900371067650824
2023-10-30,0.004041715510373963,0.007162711049449477,0.0,0.007162711049449477,0.0049624354816724114
2023-10-31,0.002286734828809123,0.004025369820039926,0.0,0.004025369820039926,0.0028348346663874422
2023-11-01,0.004409264485098315,0.008448135180309157,0.0,0.008448135180309157,0.004779658274985788
2023-11-02,0.011759228077498384,0.01939290461395913,0.0,0.01939290461395913,0.015884779618536026
2023-11-03,0.004829047435926634,0.008345692156883045,0.0,0.008345692156883045,0.006141450150896855
2023-11-06,-0.0019125959750502018,-0.0023359857332098666,0.0,-0.0023359857332098666,-0.003401802191940739
2023-11-07,-9.226896928370787e-05,0.0008808236259464808,0.0,0.0008808236259464808,-0.0011576305337976044
2023-11-08,-0.0009118917269563227,-0.0010524162737940768,0.0,-0.0010524162737940768,-0.0016832589070748915
2023-11-09,-0.005481787823711307,-0.008840744253532252,0.0,-0.008840744253532252,-0.007604619217601671
2023-11-10,0.005707827443656706,0.010991950669801876,0.0,0.010991950669801876,0.006131531661168243
2023-11-13,0.0007565713901442894,0.0006864863879237681,0.0,0.0006864863879237681,0.0015832277825091
2023-11-14,0.009655420861249849,0.019614977354605313,0.0,0.0135042542529888,0.015462008330760746
2023-11-15,-0.00010348547387107518,-0.00010881154159363416,0.0,0.0,-0.00031045642161322553
2023-11-16,-0.000103767211328983,0.00027350617385769606,0.0,0.0,-0.000311301633986949
2023-11-17,0.0018594908979201426,0.00421380593815609,0.0,0.0011805566995492622,0.004397915994211165
2023-11-20,0.0012300578406445014,0.006215656906025435,0.0,0.00014167372262414714,0.003548499799309357
2023-11-21,-0.000189982259241935,-0.0017357564801347204,0.0,-0.00022400762013559118,-0.00034593915759021374
2023-11-22,0.0007392947523513937,0.0031202508757480095,0.0,-4.7276853252653515e-05,0.0022651611103068348
2023-11-24,0.0007019055168766219,0.0013560581069885446,0.0,0.0004138235078882557,0.00169189304274161
2023-11-27,7.618064024902023e-06,0.00028338843415188776,0.0,-0.00035324264622597077,0.00037609683830067684
2023-11-28,0.000323865488792785,0.0013998338250404197,0.0,2.3635634251584216e-05,0.0009479608321267708
2023-11-29,0.0004222571652389151,0.001989423735999818,0.0,-0.0007442425162346389,0.002011014011951384
2023-11-30,0.001475678618870039,0.0036551291615035007,0.0,0.0006665026945594787,0.003760533162050639
2023-12-01,0.0033866796687856155,0.010152160657318055,0.0,0.000520221951317712,0.009639817055039135
2023-12-04,-0.000988223208795569,-0.004652108505012642,0.0,-0.0004587165465956833,-0.0025059530797910236
2023-12-05,-0.0007060969049474767,-0.0013126141654503764,0.0,4.544077429891047e-05,-0.0021637314891413406
2023-12-06,-0.0013013117608360733,-0.0024126447821446796,0.0,-0.002915570820774116,-0.0009883644617341037
2023-12-07,0.0009479620415450658,0.0035275476893784187,0.0,0.0019276200563861812,0.0009162660682490165
2023-12-08,0.0011843199310677345,0.00247121560402781,0.0,0.002381099714475954,0.0011718600787272494
2023-12-11,0.00021151126207495562,0.0028310108572330963,0.0,-0.00046904031084540334,0.0011035740970702702
2023-12-12,0.00028023294265409063,0.002301018299330715,0.0,0.0,0.0008406988279622718
2023-12-13,0.005222291336396401,0.017819672503753957,0.0,0.0,0.015666874009189202
2023-12-14,0.0033892158255358442,0.009835165005113245,0.0,0.0,0.010167647476607533
2023-12-15,-0.0012471486348360741,-0.0027547422904345533,0.0,0.0,-0.0037414459045082226
2023-12-18,0.0005545034282101661,0.0025924158648592986,0.0,0.0,0.0016635102846304984
2023-12-19,0.0023551173846334834,0.007956787420408683,0.0,0.0,0.00706535215390045
2023-12-20,-0.0028730363591652638,-0.011616112680111201,0.0,0.0,-0.00861910907749579
2023-12-21,0.002047273879056122,0.008428358057498087,0.0,0.0,0.006141821637168365
2023-12-22,0.000702795468553256,0.0023883156891855496,0.0,0.0,0.002108386405659768
2023-12-26,0.001555541970230186,0.005695365619647408,0.0,0.0,0.004666625910690558
2023-12-27,0.0011265604660368337,0.003578059253856225,0.0,0.0,0.003379681398110501
2023-12-28,-0.0008331739420330349,-0.0024288340994829015,0.0,0.0,-0.0024995218260991047
2023-12-29,-0.0011547197627375032,-0.004202537884845714,0.0,0.0,-0.0034641592882125095
2024-01-02,-0.0009859668432351458,-0.0029579005297054374,0.0,0.0,-0.0029579005297054374
2024-01-03,-0.0022442502431501998,-0.006125251504877105,0.0,-0.0006074992245734933,-0.006125251504877105
2024-01-04,-0.0018799790771168185,-0.003950954975845055,0.0,-0.0016889822555054002,-0.003950954975845055
2024-01-05,-0.0002969090545902146,-0.0005575416415719902,0.0,-0.0003331855221986535,-0.0005575416415719902
2024-01-08,0.005916735546905298,0.008959216109253144,0.0,0.00879099053146275,0.008959216109253144
2024-01-09,-0.0025123024797648647,-0.003982979989644498,0.0,-0.003553927449650096,-0.003982979989644498
2024-01-10,0.0006778075049482432,0.001560133581901768,0.0,0.00047328893294296126,0.001560133581901768
2024-01-11,0.0005719269518846234,0.0005220043362558103,0.0,0.0011937765193980598,0.0005220043362558103
2024-01-12,0.0004728808895216022,0.0014186426685648067,0.0,0.0,0.0014186426685648067
2024-01-16,-0.0027815554414487797,-0.008344666324346339,0.0,0.0,-0.008344666324346339
2024-01-17,-0.0016849826486331264,-0.005054947945899379,0.0,0.0,-0.005054947945899379
2024-01-18,0.0017889967009486675,0.005366990102846003,0.0,0.0,0.005366990102846003
2024-01-19,0.0033907518826970184,0.010172255648091055,0.0,0.0,0.010172255648091055
2024-01-22,0.0016031116673553428,0.004809335002066028,0.0,0.0,0.004809335002066028
2024-01-23,0.00014775476638307915,0.00044326429914923746,0.0,0.0,0.00044326429914923746
2024-01-24,-7.504743872298603e-05,-0.00022514231616895807,0.0,0.0,-0.00022514231616895807
2024-01-25,0.00206306373953196,0.006189191218595879,0.0,0.0,0.006189191218595879
2024-01-26,-9.81587904131831e-05,-0.0002944763712395493,0.0,0.0,-0.0002944763712395493
2024-01-29,0.0025810562256135833,0.00774316867684075,0.0,0.0,0.00774316867684075
2024-01-30,0.0004862244472020624,0.001458673341606187,0.0,0.0,0.001458673341606187
2024-01-31,-0.0037552773402652027,-0.011265832020795608,0.0,0.0,-0.011265832020795608
2024-02-01,0.0034974032839925097,0.010492209851977529,0.0,0.0,0.010492209851977529
2024-02-02,0.00028227633965150303,0.0008468290189545091,0.0,0.0,0.0008468290189545091
2024-02-05,-0.0017916806394728628,-0.005375041918418588,0.0,0.0,-0.005375041918418588
2024-02-06,0.0013472911519496217,0.004041873455848865,0.0,0.0,0.004041873455848865
2024-02-07,0.0013591715105504166,0.00407751453165125,0.0,0.0,0.00407751453165125
2024-02-08,0.0006777585045183555,0.0020332755135550663,0.0,0.0,0.0020332755135550663
2024-02-09,0.0008171735476916334,0.0024515206430749,0.0,0.0,0.0024515206430749
2024-02-12,0.0008443164619294212,0.0025329493857882634,0.0,0.0,0.0025329493857882634
2024-02-13,-0.005497251185807302,-0.016491753557421905,0.0,0.0,-0.016491753557421905
2024-02-14,0.0026424311956277664,0.007927293586883299,0.0,0.0,0.007927293586883299
2024-02-15,0.003624681373252584,0.010891734013161635,0.0,-1.7689893403882716e-05,0.010891734013161635
2024-02-16,-0.001330154013213869,-0.004356718994488406,0.0,0.00036625695484679974,-0.004356718994488406
2024-02-20,-0.0013522750181693428,-0.004663246061817394,0.0,0.0006064210073093657,-0.004663246061817394
2024-02-21,0.00029121545799656683,0.0003764908120634569,0.0,0.0004971555619262436,0.0003764908120634569
2024-02-22,0.006582698443092213,0.013230839879303869,0.0,0.0065172554499727696,0.013230839879303869
2024-02-23,0.0011839838114385307,0.0021758599448459593,0.0,0.001376091489469633,0.0021758599448459593
2024-02-26,-0.0004984257973445001,-0.0010190616928604124,0.0,-0.0004762156991730881,-0.0010190616928604124
2024-02-27,0.0002026917799575534,0.0004511956501947911,0.0,0.00015687968967786903,0.0004511956501947911
2024-02-28,-0.0004939435808354171,-0.0014818307425062515,0.0,0.0,-0.0014818307425062515
2024-02-29,0.0013210648476778776,0.0039631945430336326,0.0,0.0,0.0039631945430336326
2024-03-01,0.003426830816393337,0.010280492449180011,0.0,0.0,0.010280492449180011
2024-03-04,-0.00019548695984303126,-0.0005864608795290938,0.0,0.0,-0.0005864608795290938
2024-03-05,-0.001732600275203781,-0.005197800825611343,0.0,0.0,-0.005197800825611343
2024-03-06,0.0019506883150591568,0.005852064945177471,0.0,0.0,0.005852064945177471
2024-03-07,0.002227473404697892,0.006891693637375696,0.0,-0.00020927342328201924,0.006891693637375696
2024-03-08,-0.0009403540840053348,-0.0027026295550305777,0.0,-0.00011843269698542657,-0.0027026295550305777
2024-03-11,-7.444380681194869e-06,-0.00013319426175320003,0.0,0.00011086111970961542,-0.00013319426175320003
2024-03-12,0.0014795540748492803,0.0038285083844393887,0.0,0.0006101538401084517,0.0038285083844393887
2024-03-13,0.00025457058917188004,0.0006536775375371784,0.0,0.0001100342299784618,0.0006536775375371784
2024-03-14,-0.0016294297269551115,-0.004594328234504041,0.0,-0.00029396094636129354,-0.004594328234504041
2024-03-15,-0.0014994700294096665,-0.004296509425630701,0.0,-0.00020190066259829776,-0.004296509425630701
2024-03-18,0.00016679845833541163,0.0024214211606198187,0.0,-0.0019210257856135838,0.0024214211606198187
2024-03-19,0.002657889251123025,0.005022438127609852,0.0,0.002951229625759222,0.005022438127609852
2024-03-20,0.0044369212681248426,0.008239464261399532,0.0,0.005071299542974994,0.008239464261399532
2024-03-21,0.0026465601778787057,0.004380620033272997,0.0,0.0035590605003631205,0.004380620033272997
2024-03-22,-0.0011921686618745968,-0.0035765059856237903,0.0,0.0,-0.0035765059856237903
2024-03-25,-0.0004154834653192034,-0.00124645039595761,0.0,0.0,-0.00124645039595761
2024-03-26,-0.00019756868202696807,-0.0005927060460809042,0.0,0.0,-0.0005927060460809042
2024-03-27,0.003409539560505196,0.010228618681515589,0.0,0.0,0.010228618681515589
2024-03-28,0.0009318676117928064,0.002795602835378419,0.0,0.0,0.002795602835378419
2024-04-01,-0.0009123340293123488,-0.002737002087937046,0.0,0.0,-0.002737002087937046
2024-04-02,-0.0016643323002173084,-0.004992996900651925,0.0,0.0,-0.004992996900651925
2024-04-03,0.0008473093235017475,0.0025419279705052424,0.0,0.0,0.0025419279705052424
2024-04-04,-0.0030539865473558693,-0.009161959642067608,0.0,0.0,-0.009161959642067608
2024-04-05,0.004181778822577497,0.007671938970364567,0.0,0.004873397497367926,0.007671938970364567
2024-04-08,0.0004917585663268905,0.0006703688130091478,0.0,0.0008049068859715236,0.0006703688130091478
2024-04-09,0.0015466532529730143,0.002610221299143767,0.0,0.0020297384597752766,0.002610221299143767
2024-04-10,-0.008012662879121292,-0.012338326643519127,0.0,-0.011699661993844746,-0.012338326643519127
2024-04-11,0.002931129284057125,0.005332567748569705,0.0,0.0034608201036016696,0.005332567748569705
2024-04-12,-0.007565080310761765,-0.012823138485637608,0.0,-0.00987210244664769,-0.012823138485637608
2024-04-15,-0.0013666469567127394,-0.008250697512430748,0.0,0.00415075664229253,-0.008250697512430748
2024-04-16,-0.0017275992446289152,-0.0022986049504673534,0.0,-0.0028841927834193926,-0.0022986049504673534
2024-04-17,-0.002610401314636268,-0.00428401460955905,0.0,-0.003547189334349754,-0.00428401460955905
2024-04-18,-0.0014622795725228732,-0.002022646552074581,0.0,-0.002364192165494039,-0.002022646552074581
2024-04-19,-0.0005316372097257031,-0.0006408790575598178,0.0,-0.0009540325716172915,-0.0006408790575598178
2024-04-22,0.003639565018926035,0.004224223001122951,0.0,0.006694472055655154,0.004224223001122951
2024-04-23,0.00610828434960227,0.008812239078741124,0.0,0.009512613970065687,0.008812239078741124
2024-04-24,-0.0006716676062708278,-0.0010075014094062418,0.0,-0.0010075014094062418,-0.0010075014094062418
2024-04-25,-0.0023341576980236162,-0.0035012365470354244,0.0,-0.0035012365470354244,-0.0035012365470354244
2024-04-26,0.003166565057845464,0.004749847586768196,0.0,0.004749847586768196,0.004749847586768196
2024-04-29,0.002593411232696289,0.0038901168490444336,0.0,0.0038901168490444336,0.0038901168490444336
2024-04-30,-0.010705130496594746,-0.01605769574489212,0.0,-0.01605769574489212,-0.01605769574489212
2024-05-01,-0.0009556128279955741,-0.0014334192419933611,0.0,-0.0014334192419933611,-0.0014334192419933611
2024-05-02,0.004830945175696895,0.007246417763545343,0.0,0.007246417763545343,0.007246417763545343
2024-05-03,0.006418691070161967,0.00962803660524295,0.0,0.00962803660524295,0.00962803660524295
2024-05-06,0.005964836804534457,0.008947255206801685,0.0,0.008947255206801685,0.008947255206801685
2024-05-07,0.0008803494259163564,0.0013205241388745347,0.0,0.0013205241388745347,0.0013205241388745347
2024-05-08,-0.0005975542278634874,-0.0008963313417952312,0.0,-0.0008963313417952312,-0.0008963313417952312
2024-05-09,0.005135844937798062,0.007703767406697093,0.0,0.007703767406697093,0.007703767406697093
2024-05-10,0.0003773838154013331,0.0005660757231019997,0.0,0.0005660757231019997,0.0005660757231019997
2024-05-13,-0.000594022671664122,-0.0008910340074961831,0.0,-0.0008910340074961831,-0.0008910340074961831
2024-05-14,0.003850578497282209,0.005775867745923313,0.0,0.005775867745923313,0.005775867745923313
2024-05-15,0.008222408254526565,0.012333612381789849,0.0,0.012333612381789849,0.012333612381789849
2024-05-16,-0.001583331231393048,-0.002374996847089572,0.0,-0.002374996847089572,-0.002374996847089572
2024-05-17,0.002387975795023278,0.0035819636925349175,0.0,0.0035819636925349175,0.0035819636925349175
2024-05-20,-0.0002508886876330996,-0.0003763330314496494,0.0,-0.0003763330314496494,-0.0003763330314496494
2024-05-21,0.0009172088264229216,0.0013758132396343825,0.0,0.0013758132396343825,0.0013758132396343825
2024-05-22,-0.003657543123256324,-0.005486314684884486,0.0,-0.005486314684884486,-0.005486314684884486
2024-05-23,-0.00744825509139977,-0.011172382637099654,0.0,-0.011172382637099654,-0.011172382637099654
2024-05-24,0.00290057831859362,0.00435086747789043,0.0,0.00435086747789043,0.00435086747789043
2024-05-28,-0.0009724976997614728,-0.0014587465496422093,0.0,-0.0014587465496422093,-0.0014587465496422093
2024-05-29,-0.006691166858538899,-0.010036750287808349,0.0,-0.010036750287808349,-0.010036750287808349
2024-05-30,-0.0012276887796541347,-0.001841533169481202,0.0,-0.001841533169481202,-0.001841533169481202
2024-05-31,0.005874783683302157,0.008812175524953236,0.0,0.008812175524953236,0.008812175524953236
2024-06-03,-3.753006107223289e-05,-5.629509160834933e-05,0.0,-5.629509160834933e-05,-5.629509160834933e-05
2024-06-04,-0.0008161230270582169,-0.0012241845405873252,0.0,-0.0012241845405873252,-0.0012241845405873252
2024-06-05,0.006581501222457449,0.009872251833686174,0.0,0.009872251833686174,0.009872251833686174
2024-06-06,0.0003413083081787264,0.0005119624622680896,0.0,0.0005119624622680896,0.0005119624622680896
2024-06-07,-0.004399379395199684,-0.006599069092799526,0.0,-0.006599069092799526,-0.006599069092799526
2024-06-10,0.0016704776231509864,0.0025057164347264795,0.0,0.0025057164347264795,0.0025057164347264795
2024-06-11,0.001116660799765934,0.001674991199648901,0.0,0.001674991199648901,0.001674991199648901
2024-06-12,0.003627830076405347,0.0054417451146080206,0.0,0.0054417451146080206,0.0054417451146080206
2024-06-13,2.32611677533893e-05,3.489175163008395e-05,0.0,3.489175163008395e-05,3.489175163008395e-05
2024-06-14,0.00019731184478245884,0.00029596776717368824,0.0,0.00029596776717368824,0.00029596776717368824
2024-06-17,0.002971386241635354,0.004457079362453031,0.0,0.004457079362453031,0.004457079362453031
2024-06-18,0.0021540145070646647,0.003231021760596997,0.0,0.003231021760596997,0.003231021760596997
2024-06-20,0.0009645680373519279,0.001446852056027892,0.0,0.001446852056027892,0.001446852056027892
2024-06-21,-0.0016972104407324922,-0.002545815661098738,0.0,-0.002545815661098738,-0.002545815661098738
2024-06-24,0.001417428210021628,0.002126142315032442,0.0,0.002126142315032442,0.002126142315032442
2024-06-25,0.0007526969030025402,0.0011290453545038104,0.0,0.0011290453545038104,0.0011290453545038104
2024-06-26,-0.0028740432746004944,-0.004311064911900741,0.0,-0.004311064911900741,-0.004311064911900741
2024-06-27,0.002025105122968259,0.0030376576844523885,0.0,0.0030376576844523885,0.0030376576844523885
2024-06-28,-0.0012473465372526546,-0.0018710198058789818,0.0,-0.0018710198058789818,-0.0018710198058789818
2024-07-01,-0.0006397757146336798,-0.0009596635719505197,0.0,-0.0009596635719505197,-0.0009596635719505197
2024-07-02,0.003020021235894621,0.0045300318538419315,0.0,0.0045300318538419315,0.0045300318538419315
2024-07-03,0.0028620384803136408,0.004293057720470461,0.0,0.004293057720470461,0.004293057720470461
2024-07-05,0.0020237891297416153,0.003035683694612423,0.0,0.003035683694612423,0.003035683694612423
2024-07-08,-0.00022211522010742908,-0.0003331728301611436,0.0,-0.0003331728301611436,-0.0003331728301611436
2024-07-09,-0.00024100721706460013,-0.0003615108255969002,0.0,-0.0003615108255969002,-0.0003615108255969002
2024-07-10,0.0054969203734272385,0.008245380560140857,0.0,0.008245380560140857,0.008245380560140857
2024-07-11,0.002270569569642726,0.0034058543544640885,0.0,0.0034058543544640885,0.0034058543544640885
2024-07-12,0.003687445769652527,0.005531168654478791,0.0,0.005531168654478791,0.005531168654478791
2024-07-15,0.0032879394633907135,0.0049319091950860705,0.0,0.0049319091950860705,0.0049319091950860705
2024-07-16,0.007960988427023034,0.01194148264053455,0.0,0.01194148264053455,0.01194148264053455
2024-07-17,-0.004635517718027867,-0.0069532765770418,0.0,-0.0069532765770418,-0.0069532765770418
2024-07-18,-0.006089205987436875,-0.009133808981155312,0.0,-0.009133808981155312,-0.009133808981155312
2024-07-19,-0.00565651135037628,-0.008484767025564421,0.0,-0.008484767025564421,-0.008484767025564421
2024-07-22,0.004683742137069139,0.007025613205603709,0.0,0.007025613205603709,0.007025613205603709
2024-07-23,-0.0008416927568794938,-0.0012625391353192406,0.0,-0.0012625391353192406,-0.0012625391353192406
2024-07-24,-0.010190701455459283,-0.015286052183188925,0.0,-0.015286052183188925,-0.015286052183188925
2024-07-25,-0.00025495468178673427,-0.00038243202268010144,0.0,-0.00038243202268010144,-0.00038243202268010144
2024-07-26,0.007314385772692944,0.010971578659039416,0.0,0.010971578659039416,0.010971578659039416
2024-07-29,-0.001297326482794762,-0.001945989724192143,0.0,-0.001945989724192143,-0.001945989724192143
2024-07-30,0.00042154701516379235,0.0006323205227456886,0.0,0.0006323205227456886,0.0006323205227456886
2024-07-31,0.008201151492752563,0.012301727239128845,0.0,0.012301727239128845,0.012301727239128845
2024-08-01,-0.009756029098271906,-0.014634043647407858,0.0,-0.014634043647407858,-0.014634043647407858
2024-08-02,-0.00819434779059105,-0.014405257878357114,0.0,-0.014405257878357114,-0.010177785493416035
2024-08-05,-0.008202870478820993,-0.023558512781798945,0.0,-0.023558512781798945,-0.0010500986546640334
2024-08-06,0.0014689523318029713,0.004794461026693164,0.0,0.004794461026693164,-0.00038760403128424993
2024-08-07,-0.0021277092149308324,-0.006383127644792497,0.0,-0.006383127644792497,0.0
2024-08-08,0.006736090888910543,0.02020827266673163,0.0,0.02020827266673163,0.0
2024-08-09,0.001247517351904174,0.0037425520557125224,0.0,0.0037425520557125224,0.0
2024-08-12,0.0005020195178430109,0.0015060585535290327,0.0,0.0015060585535290327,0.0
2024-08-13,0.0038265496934599096,0.011479649080379729,0.0,0.011479649080379729,0.0
2024-08-14,0.0009430143781094486,0.002829043134328346,0.0,0.002829043134328346,0.0
2024-08-15,0.0044716128884595896,0.01341483866537877,0.0,0.01341483866537877,0.0
2024-08-16,0.001465591878503414,0.004396775635510242,0.0,0.004396775635510242,0.0
2024-08-19,0.0026176429912425484,0.007852928973727646,0.0,0.007852928973727646,0.0
2024-08-20,-0.0011368554950616173,-0.003410566485184852,0.0,-0.003410566485184852,0.0
2024-08-21,0.0009705614091705264,0.0029116842275115793,0.0,0.0029116842275115793,0.0
2024-08-22,-0.002405967308598974,-0.007217901925796921,0.0,-0.007217901925796921,0.0
2024-08-23,0.004208995314695977,0.012626985944087931,0.0,0.012626985944087931,0.0
2024-08-26,-0.0003304809617713733,-0.00099144288531412,0.0,-0.00099144288531412,0.0
2024-08-27,4.7811489183424705e-05,0.00014343446755027411,0.0,0.00014343446755027411,0.0
2024-08-28,-0.0017510236647362472,-0.005253070994208742,0.0,-0.005253070994208742,0.0
2024-08-29,0.0009650172242521479,0.0028950516727564435,0.0,0.0028950516727564435,0.0
2024-08-30,0.001615831945869628,0.004847495837608884,0.0,0.004847495837608884,0.0
2024-09-03,-0.005464988046532411,-0.016394964139597235,0.0,-0.016394964139597235,0.0
2024-09-04,-0.0003142476666039914,-0.0009427429998119741,0.0,-0.0009427429998119741,0.0
2024-09-05,-0.0010421009669060973,-0.0031263029007182917,0.0,-0.0031263029007182917,0.0
2024-09-06,-0.004548997734752595,-0.013646993204257784,0.0,-0.013646993204257784,0.0
2024-09-09,0.00307326204488169,0.00921978613464507,0.0,0.00921978613464507,0.0
2024-09-10,0.00047865453843037864,0.001435963615291136,0.0,0.001435963615291136,0.0
2024-09-11,0.0017390104140480552,0.005217031242144165,0.0,0.005217031242144165,0.0
2024-09-12,0.0024585848560998067,0.00737575456829942,0.0,0.00737575456829942,0.0
2024-09-13,0.0023285767947110124,0.006985730384133038,0.0,0.006985730384133038,0.0
2024-09-16,0.0014400470828162797,0.004320141248448839,0.0,0.004320141248448839,0.0
2024-09-17,0.0001710556767723285,0.0005131670303169855,0.0,0.0005131670303169855,0.0
2024-09-18,-0.0013910237297845279,-0.004173071189353584,0.0,-0.004173071189353584,0.0
2024-09-19,0.004800923667266995,0.014402771001800985,0.0,0.014402771001800985,0.0
2024-09-20,-0.0005467391881968394,-0.0016377872174728526,0.0,-0.0016377872174728526,-2.4303471176656544e-06
2024-09-23,0.0007917835393702501,0.0011590165228968275,0.0,0.0011590165228968275,0.0012163340952139224
2024-09-24,0.0011393058689169475,0.001955442658925788,0.0,0.001955442658925788,0.0014624749478250542
2024-09-25,-0.0024731237398556874,-0.0062736721985363845,0.0,-0.0062736721985363845,-0.0011456990210306772
2024-09-26,0.001114979703109098,0.003231131640687146,0.0,0.003231131640687146,0.00011380746864014801
2024-09-27,0.0006349336336390602,0.0013572411167292909,0.0,0.0013572411167292909,0.0005475597841878898
2024-09-30,0.0009921507447811654,0.0017124190473258305,0.0,0.0017124190473258305,0.0012640331870176658
2024-10-01,-0.0016747832324917646,-0.003472789037475876,0.0,-0.003472789037475876,-0.001551560659999418
2024-10-02,0.0009665546871017875,0.0009938493926750724,0.0,0.0009938493926750724,0.00190581466863029
2024-10-03,0.00015010374540194534,-0.0016532800705286288,0.0,-0.0016532800705286288,0.002103591306734465
2024-10-04,0.0033113706742510314,0.0066997112106013555,0.0,0.0066997112106013555,0.0032344008121517388
2024-10-07,-0.002719085703955067,-0.00675225651559328,0.0,-0.00675225651559328,-0.0014050005962719214
2024-10-08,0.0011181097980765499,0.002602000507484048,0.0,0.002602000507484048,0.0007523288867456012
2024-10-09,0.0025921913397004667,0.00526696841031028,0.0,0.00526696841031028,0.002509605608791121
2024-10-10,2.681448982830849e-05,-0.0006195916690255431,0.0,-0.0006195916690255431,0.0007000351385104686
2024-10-11,0.0028106123934218776,0.007887882321297269,0.0,0.007887882321297269,0.0005439548589683651
2024-10-14,0.0026040517325722954,0.005246118063152905,0.0,0.005246118063152905,0.002566037134563981
2024-10-15,-0.0048134715899669405,-0.0076767744662179175,0.0,-0.0076767744662179175,-0.006763640303682905
2024-10-16,0.0025231277235332546,0.006064936225759099,0.0,0.006064936225759099,0.001504446944840665
2024-10-17,-0.0005394594410426816,-0.0003044859297753444,0.0,-0.0003044859297753444,-0.0013138923933527003
2024-10-18,0.0012734144824602407,0.002579143008508078,0.0,0.002579143008508078,0.0012411004388726444
2024-10-21,-0.0028114516837605317,-0.005872759307358433,0.0,-0.005872759307358433,-0.0025615957439231616
2024-10-22,0.0002748985024099667,0.0006338046399555375,0.0,0.0006338046399555375,0.00019089086727436255
2024-10-23,-0.004178575766225808,-0.008309491270841107,0.0,-0.008309491270841107,-0.004226236027836316
2024-10-24,0.0010387338811558473,0.00204052853471024,0.0,0.00204052853471024,0.0010756731087573023
2024-10-25,-0.0006539330105105285,-0.001947105204450028,0.0,-0.001947105204450028,-1.4693827081557754e-05
2024-10-28,0.0007795725050669722,0.0031111886842910552,0.0,0.0031111886842910552,-0.0007724711690901386
2024-10-29,0.00042073547418129594,0.0006026546939827182,0.0,0.0006026546939827182,0.0006595517285611696
2024-10-30,-0.0012146478400907287,-0.0016305456869727508,0.0,-0.0016305456869727508,-0.002013397833299435
2024-10-31,-0.006366601762982412,-0.013309036753167724,0.0,-0.013309036753167724,-0.005790768535779511
2024-11-01,0.0005527406570610831,0.001616471025163535,0.0,0.001616471025163535,4.1750946019714075e-05
2024-11-04,0.0012179981614780179,0.0013762508788398465,0.0,0.0013762508788398465,0.0022777436055942068
2024-11-05,0.00483412091101952,0.009881899375657555,0.0,0.009881899375657555,0.0046204633574010055
2024-11-06,0.009427359176006673,0.021569304951500966,0.0,0.021569304951500966,0.006712772576519055
2024-11-07,0.003372603294320701,0.005283302908900611,0.0,0.005283302908900611,0.004834506974061492
2024-11-08,0.002446117845080228,0.004677577017769297,0.0,0.004677577017769297,0.002660776517471386
2024-11-11,-0.00030072875171640955,0.0002156870342999051,0.0,0.0002156870342999051,-0.0011178732894491338
2024-11-12,-0.0018850988310432266,-0.0075224613828759335,0.0,-0.002178665978188177,-0.003476630514941503
2024-11-13,-0.0014712197266009957,-0.0027042708245140433,0.0,-0.0035026678151456104,-0.0009109913646573764
2024-11-14,-0.0004494023005772248,-0.0046414254648587065,0.0,0.00030002828080610833,-0.0016482351825377827
2024-11-15,-0.0023772724744336783,-0.010286768294083936,0.0,0.0,-0.007131817423301034
2024-11-18,0.0008655086918100277,0.005332383660603757,0.0,0.0,0.0025965260754300832
2024-11-19,0.00040507295072769923,0.0019006569179168763,0.0,0.0003479614897005101,0.0008672573624825874
2024-11-20,0.0010095548818477333,0.0024856760954283462,0.0,0.0013032807642620492,0.0017253838812811505
2024-11-21,0.001058283109041628,0.00815357905675802,0.0,0.0002613176108975157,0.0029135317162273687
2024-11-22,0.00017061875339724106,0.006028698041290003,0.0,0.0,0.0005118562601917232
2024-11-25,0.0005406700026355941,0.0021789525169421007,0.0,0.0,0.0016220100079067823
2024-11-26,0.00034991538908486867,0.0015222236480043837,0.0,0.0,0.001049746167254606
2024-11-27,-0.0003401627434531725,-0.0010226008298565236,0.0,0.0,-0.0010204882303595174
2024-11-29,0.0011944283719820998,0.006129711120599279,0.0,0.0,0.0035832851159462997
2024-12-02,0.0003483991308603958,-0.000993929019120565,0.0,0.0,0.0010451973925811875
2024-12-03,-0.00014359760490476604,-0.0018316163760821237,0.0,0.0,-0.0004307928147142981
2024-12-04,0.0005574983770261628,0.0032594482399013747,0.0,0.0,0.0016724951310784885
2024-12-05,-0.0004361363648641629,-0.0035841754307286977,0.0,0.0,-0.0013084090945924888
2024-12-06,-0.0002765447927356002,-0.0006046306020465964,0.0,0.0,-0.0008296343782068005
2024-12-09,-0.0010410799915251659,-0.00408320906158276,0.0,-0.0008972201761765164,-0.0022260197983989816
2024-12-10,-0.0017325636248352965,-0.0030559194163794824,0.0,-0.001901977792092635,-0.003295713082413254
2024-12-11,9.78934672740091e-05,0.0032141008813049267,0.0,-0.0008066370253453692,0.0011003174271673965
2024-12-12,-0.0028444503179433033,-0.008251666396994073,0.0,-0.0045108794909586745,-0.004022471462871236
2024-12-13,-0.0009504408698022383,-0.00254326372055137,0.0,-0.0025081829896136942,-0.0003431396197930203
2024-12-16,-0.001186465099573438,0.00019801294966327322,0.0,-0.002910356620168264,-0.0006490386785520496
2024-12-17,-0.0015610666873961878,-0.004905681177789068,0.0,-0.003064733123273511,-0.001618466938915053
2024-12-18,-0.009329195420410526,-0.027322584812500904,0.0,-0.015590764035514437,-0.012396822225717141
2024-12-19,-0.0033316362855044506,-0.0033800955950247904,0.0,-0.006517219627743087,-0.0034776892287702644
2024-12-20,0.005422024395481871,0.011084584725216517,0.0,0.011084584725216517,0.0051814884612291
2024-12-23,0.0018749670054935884,0.002922406318132087,0.0,0.002922406318132087,0.0027024946983486785
2024-12-24,0.004120595874784083,0.008292852198076007,0.0,0.008292852198076007,0.0040689354262762436
2024-12-26,0.0007453162912055407,0.0021759711120428625,0.0,0.0021759711120428625,5.997776157375956e-05
2024-12-27,-0.004194626745011435,-0.008627717591815886,0.0,-0.008627717591815886,-0.0039561626432184195
2024-12-30,-0.003419252961074193,-0.0072173336242498335,0.0,-0.0072173336242498335,-0.0030404252589727454
2024-12-31,-0.0002998993980098952,-0.00023654675231054022,0.0,-0.00023654675231054022,-0.0006631514417191453
2025-01-02,0.000875033392604844,0.001585925372078989,0.0,0.001585925372078989,0.0010391748057355433
2025-01-03,0.004418926044089325,0.008394762796578026,0.0,0.008394762796578026,0.004862015335689951
2025-01-06,0.0010996488326462494,0.0017380519887656987,0.0,0.0017380519887656987,0.0015608945091730498
2025-01-07,-0.002954369812219067,-0.00544018490625946,0.0,-0.00544018490625946,-0.0034229245303977417
2025-01-08,0.0007337786457659035,0.0014723268502441988,0.0,0.0014723268502441988,0.0007290090870535115
2025-01-10,-0.005303467528805631,-0.011345507503410535,0.0,-0.011345507503410535,-0.00456489508300636
2025-01-13,0.002602633489392259,0.0032809208987118143,0.0,0.0032809208987118143,0.004526979569464962
2025-01-14,0.0019432159796494448,0.0036031837751333783,0.0,0.0036031837751333783,0.0022264641638149564
2025-01-15,0.009644629555672978,0.01665104948004994,0.0,0.01665104948004994,0.012282839186968996
2025-01-16,0.0005199687607742217,0.0011830080737973204,0.0,0.0008515370071045192,0.0007083692752181458
2025-01-17,0.0013989474926867232,0.006044021276477884,0.0,0.0,0.00419684247806017
2025-01-21,0.0027215895023687156,0.009916262710714819,0.0,0.0,0.008164768507106146
2025-01-22,0.0003664668980761232,0.0011877259569403886,0.0,0.0,0.0010994006942283696
2025-01-23,0.0008835908313989467,0.003771860225236556,0.0,0.0,0.00265077249419684
2025-01-24,-0.0006346063678148273,-0.0018998894729804427,0.0,0.0,-0.0019038191034444819
2025-01-27,-0.002250056071735714,-0.00706341666548439,0.0,0.0,-0.006750168215207142
2025-01-28,0.0012306659765992988,0.0043761679353867215,0.0,0.0,0.0036919979297978965
2025-01-29,-0.0008187571715695544,-0.0029825000683484483,0.0,0.0,-0.002456271514708663
2025-01-30,0.0018004060008711426,0.007043125910878012,0.0,-0.00014966907448384914,0.005550887077097277
2025-01-31,-0.002920099448340978,-0.007076969944871725,0.0,-0.0027950150754700977,-0.005965283269552835
2025-02-03,-0.0001927271842349939,-0.0022866919491671077,0.0,0.0006275506688769861,-0.0012057322215819678
2025-02-04,0.004214832109571153,0.00789091232294955,0.0,0.005190298951459771,0.007454197377253691
2025-02-05,0.0033911059460421202,0.008540061262562815,0.0,0.003094638792432658,0.007078679045693703
2025-02-06,-0.0014715529652826742,-0.001689200350862441,0.0,-0.0015458200249866215,-0.002868838870861401
2025-02-07,-0.002704339155698432,-0.006643342611468539,0.0,-0.002941551727786107,-0.005171465739309189
2025-02-10,0.003836950129184032,0.006889224990558362,0.0,0.004509533243310482,0.007001317144241614
2025-02-11,-7.026843698318592e-05,-0.0005286047065105936,0.0,0.0006467458455756137,-0.0008575511565251714
2025-02-12,-0.0032895168309542574,-0.006113293198401692,0.0,-0.004426666073762709,-0.005441884419100063
2025-02-13,0.004840912417584442,0.010309775375616526,0.0,0.005930705400861913,0.008592031851891413
2025-02-14,-0.0005040993097985262,-0.001098848731465274,0.0,-0.00022493876918440182,-0.0012873591602111766
2025-02-18,0.0017154236786487643,0.004375594603698995,0.0,0.001778531540743289,0.003367739495203004
2025-02-19,0.0014712343471932957,0.002404564014563226,0.0,0.0022829835812520406,0.002130719460327846
2025-02-20,-0.0005212447117749782,-0.0027091433961225152,0.0,-0.000803500321829731,-0.0007602338134952036
2025-02-21,-0.007545351513355354,-0.013835884953456523,0.0,-0.011755949333844818,-0.010880105206221246
2025-02-24,-0.0008457200830039608,-0.001598094145389306,0.0,-0.000960606215000781,-0.0015765540340111016
2025-02-25,-0.001536536400461556,-0.00325786648350479,0.0,-0.0018686840259953263,-0.0027409251753893415
2025-02-26,0.00022856763618622766,0.0003364880402118464,0.0,0.0001838547033187643,0.0005018482052399186
2025-02-27,-0.00684023736735629,-0.011545134622821496,0.0,-0.01002113874053362,-0.010499573361535253
2025-02-28,0.007266421968546884,0.012283259766746402,0.0,0.013130117696519793,0.008669148209120858
2025-03-03,-0.007978778979553786,-0.01326576746465894,0.0,-0.01326576746465894,-0.010670569474002422
2025-03-04,-0.005085585164034349,-0.009979021397579913,0.0,-0.009979021397579913,-0.005277734094523134
2025-03-05,0.003441942166251192,0.005463752668365985,0.0,0.005463752668365985,0.004862073830387592
2025-03-06,-0.0076862840510856754,-0.012355947947773161,0.0,-0.012355947947773161,-0.010702904205483865
2025-03-07,0.00320639970458273,0.004546337297888947,0.0,0.004546337297888947,0.005072861815859242
2025-03-10,-0.0110935424126103,-0.017760022307509594,0.0,-0.017760022307509594,-0.015520604930321303
2025-03-11,-0.002981279289667038,-0.004898821257184771,0.0,-0.004898821257184771,-0.0040450166118163435
2025-03-12,0.0017237040105117323,0.002659059711675038,0.0,0.002659059711675038,0.0025120523198601586
2025-03-13,-0.004403896374297552,-0.006878489199656812,0.0,-0.006878489199656812,-0.006333199923235844
2025-03-14,0.01061926004499661,0.017088731950996028,0.0,0.017088731950996028,0.014769048183993804
2025-03-17,0.005863443853220722,0.009382555770538769,0.0,0.009382555770538769,0.008207775789123396
2025-03-18,-0.002932095255560411,-0.004459250013422955,0.0,-0.004459250013422955,-0.004337035753258278
2025-03-19,0.006254968189570705,0.009933133330287114,0.0,0.009933133330287114,0.008831771238425
2025-03-20,-0.0010735432402561916,-0.001539709600456307,0.0,-0.001539709600456307,-0.0016809201203122682
2025-03-21,-0.001645173983589928,-0.002649070919918095,0.0,-0.002649070919918095,-0.0022864510308516885
2025-03-24,0.007386575512136809,0.0119615522228119,0.0,0.0119615522228119,0.01019817431359853
2025-03-25,0.00033583958338163634,0.000782918921148934,0.0,0.000782918921148934,0.00022459982899597497
2025-03-26,-0.004878047462900573,-0.007465790760349011,0.0,-0.007465790760349011,-0.007168351628352709
2025-03-27,-0.0016005392541883414,-0.0025002523315726167,0.0,-0.0025002523315726167,-0.002301365430992408
2025-03-28,-0.006974674616001915,-0.011428533737492096,0.0,-0.011428533737492096,-0.009495490110513649
2025-03-31,0.004286246623031631,0.007039004176990582,0.0,0.007039004176990582,0.005819735692104311
2025-04-01,0.0008234050865295013,0.0010689395809056479,0.0,0.0010689395809056479,0.0014012756786828562
2025-04-02,0.0040235349852712305,0.006035302477906845,0.0,0.006035302477906845,0.006035302477906845
2025-04-03,-0.027492918704319618,-0.041239378056479425,0.0,-0.041239378056479425,-0.041239378056479425
2025-04-04,-0.03453020938757647,-0.05179531408136471,0.0,-0.05179531408136471,-0.05179531408136471
2025-04-07,-0.005237358333520881,-0.007856037500281321,0.0,-0.007856037500281321,-0.007856037500281321
2025-04-08,-0.009332613205525201,-0.013998919808287802,0.0,-0.013998919808287802,-0.013998919808287802
2025-04-09,0.05080565130260453,0.0762084769539068,0.0,0.0762084769539068,0.0762084769539068
2025-04-10,-0.021655831436439107,-0.03248374715465866,0.0,-0.03248374715465866,-0.03248374715465866
2025-04-11,0.01117605304816185,0.016764079572242775,0.0,0.016764079572242775,0.016764079572242775
2025-04-14,0.004904895297026838,0.007357342945540257,0.0,0.007357342945540257,0.007357342945540257
2025-04-15,0.00017634962693439485,0.0002645244404015923,0.0,0.0002645244404015923,0.0002645244404015923
2025-04-16,-0.006225421129524881,-0.009338131694287322,0.0,-0.009338131694287322,-0.009338131694287322
2025-04-17,-0.00020528229552572901,-0.00030792344328859354,0.0,-0.00030792344328859354,-0.00030792344328859354
2025-04-21,-0.011665439958503271,-0.017498159937754908,0.0,-0.017498159937754908,-0.017498159937754908
2025-04-22,0.013205791775297288,0.019808687662945933,0.0,0.019808687662945933,0.019808687662945933
2025-04-23,0.006202128375934102,0.009303192563901153,0.0,0.009303192563901153,0.009303192563901153
2025-04-24,0.01225096668555589,0.018376450028333834,0.0,0.018376450028333834,0.018376450028333834
2025-04-25,0.0018882962743360877,0.0028324444115041315,0.0,0.0028324444115041315,0.0028324444115041315
2025-04-28,0.0026975986674895387,0.004046398001234308,0.0,0.004046398001234308,0.004046398001234308
2025-04-29,0.0027874140014946106,0.004181121002241916,0.0,0.004181121002241916,0.004181121002241916
2025-04-30,-0.00207928467369,-0.0031189270105349996,0.0,-0.0031189270105349996,-0.0031189270105349996
2025-05-01,-0.0003935783499184146,-0.0005903675248776219,0.0,-0.0005903675248776219,-0.0005903675248776219
2025-05-02,0.008184131656010967,0.01227619748401645,0.0,0.01227619748401645,0.01227619748401645
2025-05-05,-0.0019708561590894144,-0.0029562842386341216,0.0,-0.0029562842386341216,-0.0029562842386341216
2025-05-06,-0.003218305308581885,-0.004827457962872828,0.0,-0.004827457962872828,-0.004827457962872828
2025-05-07,0.0021004704977922134,0.0031507057466883203,0.0,0.0031507057466883203,0.0031507057466883203
2025-05-08,0.0022908730673107283,0.0034363096009660922,0.0,0.0034363096009660922,0.0034363096009660922
2025-05-09,-4.144912193839723e-05,-6.217368290759585e-05,0.0,-6.217368290759585e-05,-6.217368290759585e-05
2025-05-12,0.014504097539767447,0.02175614630965117,0.0,0.02175614630965117,0.02175614630965117
2025-05-13,0.001934175295562398,0.0029012629433435968,0.0,0.0029012629433435968,0.0029012629433435968
2025-05-14,-0.003824547248411836,-0.005736820872617754,0.0,-0.005736820872617754,-0.005736820872617754
2025-05-15,0.004641451968884273,0.006962177953326409,0.0,0.006962177953326409,0.006962177953326409
2025-05-16,0.0029409664239584393,0.004411449635937659,0.0,0.004411449635937659,0.004411449635937659
2025-05-19,0.0004734679564153262,0.0007102019346229893,0.0,0.0007102019346229893,0.0007102019346229893
2025-05-20,-0.0008811177045749296,-0.0013216765568623944,0.0,-0.0013216765568623944,-0.0013216765568623944
2025-05-21,-0.01124075840725674,-0.01686113761088511,0.0,-0.01686113761088511,-0.01686113761088511
2025-05-22,-0.0009264397309851624,-0.0013896595964777436,0.0,-0.0013896595964777436,-0.0013896595964777436
2025-05-23,-0.0009772825051287256,-0.0014659237576930884,0.0,-0.0014659237576930884,-0.0014659237576930884
2025-05-27,0.009915372070009284,0.014873058105013926,0.0,0.014873058105013926,0.014873058105013926
2025-05-28,-0.004115231410618714,-0.0061728471159280705,0.0,-0.0061728471159280705,-0.0061728471159280705
2025-05-29,0.0031679259183925597,0.004751888877588839,0.0,0.004751888877588839,0.004751888877588839
2025-05-30,-0.0013092460871941233,-0.0019638691307911848,0.0,-0.0019638691307911848,-0.0019638691307911848
2025-06-02,0.003927636697806521,0.005891455046709781,0.0,0.005891455046709781,0.005891455046709781
2025-06-03,0.003710407232134827,0.0055656108482022406,0.0,0.0055656108482022406,0.0055656108482022406
2025-06-04,-0.0001256091693646007,-0.00018841375404690108,0.0,-0.00018841375404690108,-0.00018841375404690108
2025-06-05,-0.0017652376150627388,-0.0026478564225941082,0.0,-0.0026478564225941082,-0.0026478564225941082
2025-06-06,0.004713342727669693,0.0070700140915045395,0.0,0.0070700140915045395,0.0070700140915045395
2025-06-09,0.0009762981111384998,0.0014644471667077496,0.0,0.0014644471667077496,0.0014644471667077496
2025-06-10,0.004135998908913496,0.006203998363370244,0.0,0.006203998363370244,0.006203998363370244
2025-06-11,0.0006462547474437678,0.0009693821211656517,0.0,0.0009693821211656517,0.0009693821211656517
2025-06-12,0.0032904067202201848,0.004935610080330277,0.0,0.004935610080330277,0.004935610080330277
2025-06-13,-0.005222203197383631,-0.007833304796075446,0.0,-0.007833304796075446,-0.007833304796075446
2025-06-16,0.0027092054731148395,0.004063808209672259,0.0,0.004063808209672259,0.004063808209672259
2025-06-17,-0.0029046785941306535,-0.00435701789119598,0.0,-0.00435701789119598,-0.00435701789119598
2025-06-18,-0.0004531664891795609,-0.0006797497337693414,0.0,-0.0006797497337693414,-0.0006797497337693414
2025-06-20,-0.0004492917672337615,-0.0006739376508506423,0.0,-0.0006739376508506423,-0.0006739376508506423
2025-06-23,0.0032154441993066606,0.004823166298959991,0.0,0.004823166298959991,0.004823166298959991
2025-06-24,0.004978974588821913,0.007468461883232869,0.0,0.007468461883232869,0.007468461883232869
2025-06-25,-0.00030832443285491913,-0.0004624866492823787,0.0,-0.0004624866492823787,-0.0004624866492823787
2025-06-26,0.005185594405718286,0.007778391608577429,0.0,0.007778391608577429,0.007778391608577429
2025-06-27,-0.0008068040946657881,-0.001210206141998682,0.0,-0.001210206141998682,-0.001210206141998682
2025-06-30,0.003955863981959359,0.005933795972939038,0.0,0.005933795972939038,0.005933795972939038
2025-07-01,0.002738741094110616,0.0041081116411659235,0.0,0.0041081116411659235,0.0041081116411659235
2025-07-02,0.0027497211462333524,0.004124581719350029,0.0,0.004124581719350029,0.004124581719350029
2025-07-03,0.003133022263848217,0.004699533395772326,0.0,0.004699533395772326,0.004699533395772326
2025-07-07,-0.005567779891902744,-0.008351669837854115,0.0,-0.008351669837854115,-0.008351669837854115
2025-07-08,0.0012981351568152868,0.0019472027352229304,0.0,0.0019472027352229304,0.0019472027352229304
2025-07-09,0.0034739814656379025,0.005210972198456854,0.0,0.005210972198456854,0.005210972198456854
2025-07-10,0.0020165567051928512,0.003024835057789277,0.0,0.003024835057789277,0.003024835057789277
2025-07-11,-0.0032616227553408615,-0.004892434133011292,0.0,-0.004892434133011292,-0.004892434133011292
2025-07-14,0.00021711182269137374,0.0003256677340370606,0.0,0.0003256677340370606,0.0003256677340370606
2025-07-15,-0.005647667064498152,-0.008471500596747228,0.0,-0.008471500596747228,-0.008471500596747228
2025-07-16,0.0026483180512256884,0.003972477076838532,0.0,0.003972477076838532,0.003972477076838532
2025-07-17,0.002989608484585219,0.004484412726877829,0.0,0.004484412726877829,0.004484412726877829
2025-07-18,-0.0015634256842554852,-0.002345138526383228,0.0,-0.002345138526383228,-0.002345138526383228
2025-07-21,0.0006754070828710305,0.0010131106243065457,0.0,0.0010131106243065457,0.0010131106243065457
2025-07-22,0.0027881836145642693,0.004182275421846404,0.0,0.004182275421846404,0.004182275421846404
2025-07-23,0.004805381003590433,0.007208071505385649,0.0,0.007208071505385649,0.007208071505385649
2025-07-24,-0.0012690486278392162,-0.0019035729417588242,0.0,-0.0019035729417588242,-0.0019035729417588242
2025-07-25,0.0014966247941909112,0.0022449371912863668,0.0,0.0022449371912863668,0.0022449371912863668
2025-07-28,-0.0006033768003936105,-0.0009050652005904158,0.0,-0.0009050652005904158,-0.0009050652005904158
2025-07-29,0.00021844886379118004,0.00032767329568677005,0.0,0.00032767329568677005,0.00032767329568677005
2025-07-30,-0.003133071641105767,-0.00469960746165865,0.0,-0.00469960746165865,-0.00469960746165865
2025-07-31,-0.004420512441545317,-0.006630768662317976,0.0,-0.006630768662317976,-0.006630768662317976
2025-08-01,-0.005864678338879144,-0.008797017508318716,0.0,-0.008797017508318716,-0.008797017508318716
2025-08-04,0.008060642162942274,0.012090963244413411,0.0,0.012090963244413411,0.012090963244413411
2025-08-05,-0.0012848930693360276,-0.0019273396040040414,0.0,-0.0019273396040040414,-0.0019273396040040414
2025-08-06,0.0003172190507843231,0.00047582857617648464,0.0,0.00047582857617648464,0.00047582857617648464
2025-08-07,-0.0016479674314068419,-0.0024719511471102628,0.0,-0.0024719511471102628,-0.0024719511471102628
2025-08-08,0.0036267168007230025,0.005440075201084504,0.0,0.005440075201084504,0.005440075201084504
2025-08-11,-0.0024584819796207597,-0.0036877229694311396,0.0,-0.0036877229694311396,-0.0036877229694311396
2025-08-12,0.0064660830913446585,0.009699124637016988,0.0,0.009699124637016988,0.009699124637016988
2025-08-13,0.005268672098361963,0.007903008147542944,0.0,0.007903008147542944,0.007903008147542944
2025-08-14,-0.001415469355218472,-0.002123204032827708,0.0,-0.002123204032827708,-0.002123204032827708
2025-08-15,-0.0011923772918699023,-0.0017885659378048535,0.0,-0.0017885659378048535,-0.0017885659378048535
2025-08-18,-0.0005257963312803001,-0.0007886944969204501,0.0,-0.0007886944969204501,-0.0007886944969204501
2025-08-19,-0.0023072313781638434,-0.003460847067245765,0.0,-0.003460847067245765,-0.003460847067245765
2025-08-20,0.0008309115109427076,0.0012463672664140613,0.0,0.0012463672664140613,0.0012463672664140613
2025-08-21,-0.0014011681998293095,-0.002101752299743964,0.0,-0.002101752299743964,-0.002101752299743964
2025-08-22,0.011079440419614927,0.01661916062942239,0.0,0.01661916062942239,0.01661916062942239
2025-08-25,-0.0033728060653927788,-0.005059209098089168,0.0,-0.005059209098089168,-0.005059209098089168
2025-08-26,0.002881520706745433,0.004322281060118149,0.0,0.004322281060118149,0.004322281060118149
2025-08-27,0.0022160564877366546,0.0033240847316049816,0.0,0.0033240847316049816,0.0033240847316049816
2025-08-28,0.0026356931917134543,0.003953539787570182,0.0,0.003953539787570182,0.003953539787570182
2025-08-29,-0.0013959653162593103,-0.0020939479743889654,0.0,-0.0020939479743889654,-0.0020939479743889654
2025-09-02,-0.001703308630182443,-0.0025549629452736645,0.0,-0.0025549629452736645,-0.0025549629452736645
2025-09-03,0.0004985130256415893,0.000747769538462384,0.0,0.000747769538462384,0.000747769538462384
2025-09-04,0.004489338288338914,0.006734007432508371,0.0,0.006734007432508371,0.006734007432508371
2025-09-05,-0.00038292958149902895,-0.0005743943722485434,0.0,-0.0005743943722485434,-0.0005743943722485434
2025-09-08,0.002821451688928408,0.0042321775333926115,0.0,0.0042321775333926115,0.0042321775333926115
2025-09-09,0.0007817592034166839,0.0011726388051250258,0.0,0.0011726388051250258,0.0011726388051250258
2025-09-10,0.0020632112412609428,0.0029342898726469,0.0,0.0029342898726469,0.0032553438511359277
2025-09-11,0.004086634716075791,0.008830865315584413,0.0,0.008830865315584413,0.0034290388326429612
2025-09-12,-0.002130448281088852,-0.00364982217114459,0.0,-0.00364982217114459,-0.0027415226721219654
2025-09-15,0.0006458543036265881,0.0027338089808620625,0.0,0.0027338089808620625,-0.0007962460699822982
2025-09-16,0.0008185017535231413,0.000849082856519423,0.0,0.000849082856519423,0.0016064224040500009
2025-09-17,0.0004068784741281917,0.0005035201060037186,0.0,0.0005035201060037186,0.0007171153163808563
2025-09-18,0.0011935754974762441,0.004430038895897448,0.0,0.004430038895897448,-0.0008493124034687161
2025-09-19,3.9579960830819294e-05,0.0014138724875685238,0.0,0.0014138724875685238,-0.001295132605076066
2025-09-22,0.0013430356838082284,0.004371561496642029,0.0,0.004371561496642029,-0.0003424544452173439
2025-09-23,0.0008729209871187971,0.00014304727835341425,0.0,0.00014304727835341425,0.002475715683002977
2025-09-24,-0.0009988813631120214,-0.003271807178296382,0.0,-0.003271807178296382,0.0002751630889603174
2025-09-25,-0.0011797791367158046,-0.0029744628647448423,0.0,-0.0029744628647448423,-0.0005648745454025717
2025-09-26,0.0022362296422437145,0.005922885428910729,0.0,0.005922885428910729,0.0007858034978204143
2025-09-29,0.000996349546026202,0.0029890486380786062,0.0,0.0029890486380786062,0.0
2025-09-30,0.0009716384138405328,0.0029149152415215984,0.0,0.0029149152415215984,0.0
2025-10-01,0.0015817839131879138,0.004745351739563741,0.0,0.004745351739563741,0.0
2025-10-02,0.0001822853568199704,0.0005468560704599112,0.0,0.0005468560704599112,0.0
2025-10-03,0.0011029512370952102,0.0033088537112856307,0.0,0.0033088537112856307,0.0
2025-10-06,0.0008579478380790429,0.003441004227581046,0.0,0.003441004227581046,-0.0008671607133439174
2025-10-07,-0.0004239511055514677,-0.0013704999852888976,0.0,-0.0013704999852888976,9.864666863449446e-05
2025-10-08,0.0018078346476161874,0.005423503942848562,0.0,0.005423503942848562,0.0
2025-10-09,-0.0018784831406641926,-0.005635449421992578,0.0,-0.005635449421992578,0.0
2025-10-10,-0.006329305427748388,-0.018987916283245164,0.0,-0.018987916283245164,0.0
2025-10-13,0.0049117710352372486,0.014735313105711745,0.0,0.014735313105711745,0.0
2025-10-14,0.0007319258378574945,0.0021957775135724835,0.0,0.0021957775135724835,0.0
2025-10-15,0.0015769180083358184,0.0047307540250074555,0.0,0.0047307540250074555,0.0
2025-10-16,-0.0016092326233936637,-0.004827697870180991,0.0,-0.004827697870180991,0.0
2025-10-17,0.0005028357279206363,0.001508507183761909,0.0,0.001508507183761909,0.0
2025-10-20,0.004604784769204732,0.013814354307614195,0.0,0.013814354307614195,0.0
2025-10-21,-0.0020067705222416928,-0.006020311566725079,0.0,-0.006020311566725079,0.0
2025-10-22,-0.0011078070644469603,-0.0033234211933408806,0.0,-0.0033234211933408806,0.0
2025-10-23,0.0018658622600505657,0.0055975867801516975,0.0,0.0055975867801516975,0.0
2025-10-24,0.001829178466133537,0.005487535398400611,0.0,0.005487535398400611,0.0
2025-10-27,0.0014203710270016066,0.00426111308100482,0.0,0.00426111308100482,0.0
2025-10-28,-0.00029848811394295925,-0.0008954643418288777,0.0,-0.0008954643418288777,0.0
2025-10-29,-0.001050826428684537,-0.003152479286053611,0.0,-0.003152479286053611,0.0
2025-10-30,-0.001198907214002761,-0.003667570330385184,0.0,-0.003667570330385184,7.084868837690106e-05
2025-10-31,0.0008000045039705158,0.001733222846325233,0.0,0.001733222846325233,0.0006667906655863143
2025-11-03,-0.0001897429435028094,-4.901599179981675e-05,0.0,-4.901599179981675e-05,-0.0005202128387086114
2025-11-04,-0.0032171836347988816,-0.00976431561439467,0.0,-0.00976431561439467,0.00011276470999802558
2025-11-05,0.0014213609874389836,0.004360604070793006,0.0,0.004360604070793006,-9.652110847605533e-05
2025-11-06,-0.0014130672632208057,-0.005941835371475223,0.0,-0.005941835371475223,0.001702633581812807
2025-11-07,0.0016123460163651366,0.0027669330146415814,0.0,0.0027669330146415814,0.0020701050344538287
2025-11-10,0.004984573860423502,0.01293135171863342,0.0,0.01293135171863342,0.0020223698626370855
2025-11-11,0.003273477860262112,0.0052949591498975155,0.0,0.0052949591498975155,0.004525474430888821
2025-11-12,0.0014932813654922013,0.0034157099945770096,0.0,0.0034157099945770096,0.0010641341018995942
2025-11-13,-0.0050948503378743645,-0.013380272244245761,0.0,-0.013380272244245761,-0.0019042787693773322
2025-11-14,-0.0008195324892046885,-0.001993884299758142,0.0,-0.001993884299758142,-0.00046471316785592356
2025-11-17,-0.004928989773578008,-0.0112166241178556,0.0,-0.0112166241178556,-0.0035703452028784223
2025-11-18,-0.00044618992035034833,-0.0025330837388752416,0.0,-0.0025330837388752416,0.0011945139778241965
2025-11-19,-0.0002242658780148769,0.0006256699169941759,0.0,0.0006256699169941759,-0.0012984675510388066
2025-11-20,-0.004708521303592043,-0.011914351611685303,0.0,-0.011914351611685303,-0.0022112122990908256
2025-11-21,0.004728135647816955,0.010049243447734635,0.0,0.010049243447734635,0.004135163495716232
2025-11-24,0.004166261623464917,0.011362308957119826,0.0,0.011362308957119826,0.0011364759132749258
2025-11-25,0.0039022009478341113,0.0085657190492598,0.0,0.0085657190492598,0.0031408837942425325
2025-11-26,0.002878031267288739,0.006874821025477218,0.0,0.006874821025477218,0.001759272776388998
2025-11-28,0.002259030789359007,0.0057094164551949825,0.0,0.0057094164551949825,0.001067675912882038
2025-12-01,-0.0025140766847448225,-0.004937182793762452,0.0,-0.004937182793762452,-0.0026050472604720156
2025-12-02,-0.0007667623985789684,-0.0003597902430714228,0.0,-0.0003597902430714228,-0.0019404969526654824
2025-12-03,0.003787176089994985,0.0073950433137796034,0.0,0.0073950433137796034,0.003966484956205352
2025-12-04,-3.86642322022087e-05,0.0005537536853765345,0.0,0.0005537536853765345,-0.0006697463819831606
2025-12-05,-0.0005241206790331836,-0.0003188391316330197,0.0,-0.0003188391316330197,-0.001253522905466531
2025-12-08,-0.002124719604376128,-0.0033897768225788273,0.0,-0.0033897768225788273,-0.002984381990549556
2025-12-09,-0.000197077795872939,3.4573165671736295e-05,0.0,3.4573165671736295e-05,-0.0006258065532905533
2025-12-10,0.004148148160050543,0.008409022834879187,0.0,0.008409022834879187,0.004035421645272441
2025-12-11,0.002436230484625664,0.005155938816624417,0.0,0.005155938816624417,0.0021527526372525753
2025-12-12,-0.003442586297077192,-0.008843148788128741,0.0,-0.008843148788128741,-0.0014846101031028348
2025-12-15,-0.00026934657664396213,-0.0015705500143370354,0.0,-0.0015705500143370354,0.000762510284405149
2025-12-16,-0.0032944315853000693,-0.00544177974123472,0.0,-0.00544177974123472,-0.004441515014665487
2025-12-17,-0.0006631595178589762,-0.003912533983064048,0.0,-0.003912533983064048,0.0019230554294871194
2025-12-18,0.000729660913835358,0.0032489080768120073,0.0,0.0032489080768120073,-0.0010599253353059334
2025-12-19,0.00245478227241945,0.0065182970476048594,0.0,0.0065182970476048594,0.0008460497696534897
2025-12-22,0.0036510452581476785,0.008247882704627719,0.0,0.008247882704627719,0.0027052530698153166
2025-12-23,0.0013311733594279136,0.0031780587738122644,0.0,0.0031780587738122644,0.0008154613044714764
2025-12-24,0.0013498371915167896,0.0026721175540602494,0.0,0.0026721175540602494,0.0013773940204901193
2025-12-26,-0.0002323382200865661,5.247740744194207e-05,0.0,5.247740744194207e-05,-0.0007494920677016403
2025-12-29,-0.0018302748158564067,-0.006124006728947151,0.0,-0.006124006728947151,0.0006331822813779309
2025-12-30,-0.000389775647558203,-0.0013563414149857511,0.0,-0.0013563414149857511,0.0001870144723111422
2025-12-31,-0.003301689333107779,-0.007244031715261723,0.0,-0.007244031715261723,-0.002661036284061613
2026-01-02,0.0026083808754026085,0.005121074225681033,0.0,0.005121074225681033,0.0027040684005267936
2026-01-05,0.005785385875605383,0.012263406079893024,0.0,0.012263406079893024,0.005092751546923124
2026-01-06,0.0018084643695150653,0.005848753557781472,0.0,0.005848753557781472,-0.00042336044923627634
2026-01-07,-0.0014399165849107644,-0.003379046646996253,0.0,-0.003379046646996253,-0.0009407031077360406
2026-01-08,0.0014771283300401342,0.0022291858866192006,0.0,0.0022291858866192006,0.0022021991035012013
2026-01-09,0.0017269950502847298,0.005075586170810597,0.0,0.005075586170810597,0.00010539898004359171
2026-01-12,-9.319145475389743e-05,0.0014682105228128405,0.0,0.0014682105228128405,-0.0017477848870745328
2026-01-13,-0.0010047910963772628,-0.002285893183548249,0.0,-0.002285893183548249,-0.00072848010558354
2026-01-14,0.0018947602997384184,0.0022811702319248672,0.0,0.0022811702319248672,0.003403110667290388
2026-01-15,-7.65058261200842e-05,0.0008933361582631694,0.0,0.0008933361582631694,-0.001122853636623422
2026-01-16,-0.000913128037524232,-0.0016813972311035875,0.0,-0.0016813972311035875,-0.0010579868814691086
2026-01-20,-0.004629673431552106,-0.009894465612686375,0.0,-0.009894465612686375,-0.0039945546819699414
2026-01-21,0.006523443941110795,0.014063570142290382,0.0,0.014063570142290382,0.005506761681042005
2026-01-22,0.0026831639771606112,0.006612371950006213,0.0,0.006612371950006213,0.0014371199814756208
2026-01-23,-0.0008716763610809383,-0.0015742418788768254,0.0,-0.0015742418788768254,-0.0010407872043659895
2026-01-26,0.002187753143458819,0.004990237137312725,0.0,0.004990237137312725,0.0015730222930637305
2026-01-27,9.235062153169678e-05,0.0024291273665889013,0.0,0.0024291273665889013,-0.002152075501993811
2026-01-28,0.0013465354165163072,0.004254570912531919,0.0,0.004254570912531919,-0.0002149646629829971
2026-01-29,0.0004326231974255635,-0.0003833346868467258,0.0,-0.0003833346868467258,0.0016812042791234162
2026-01-30,-0.004552503278697973,-0.014560044740391898,0.0,-0.014560044740391898,0.0009025349042979802
2026-02-02,-0.0003061463973689708,-0.00039182974107991874,0.0,-0.00039182974107991874,-0.0005266094510269937
2026-02-03,0.0015779058550852857,0.003200998046397607,0.0,0.003200998046397607,0.0015327195188582499
2026-02-04,0.0008803351893134489,-0.0014061524389252678,0.0,-0.0014061524389252678,0.004047158006865614
2026-02-05,-0.004772809423303825,-0.012226730091340177,0.0,-0.012226730091340177,-0.0020916981785712996
2026-02-06,0.009566829372445447,0.02296617888545116,0.0,0.02296617888545116,0.005734309231885182
2026-02-09,0.0015260257748206166,0.005339661623128012,0.0,0.005339661623128012,-0.0007615842986661625
2026-02-10,-0.0010131817802682354,-0.0027253666154092083,0.0,-0.0027253666154092083,-0.0003141787253954975
2026-02-11,0.00114199193150476,0.002264285058869975,0.0,0.002264285058869975,0.0011616907356443052
2026-02-12,-0.006111350068567212,-0.015692959318386056,0.0,-0.015692959318386056,-0.0026410908873155782
2026-02-13,0.002973090374067292,0.006691559971924299,0.0,0.006691559971924299,0.002227711150277578
2026-02-17,-0.0010316122151162472,-0.0030326741528353017,0.0,-0.0030326741528353017,-6.216249251344008e-05
2026-02-18,0.003356406932814034,0.007593521205929865,0.0,0.007593521205929865,0.0024756995925122372
2026-02-19,-0.0005640681531794311,-0.001426232979898856,0.0,-0.001426232979898856,-0.0002659714796394375
2026-02-20,0.0017050740621875986,0.004123733278980535,0.0,0.004123733278980535,0.0009914889075822609
2026-02-23,-0.003211129565469869,-0.005789167387098115,0.0,-0.005789167387098115,-0.0038442213093114906
2026-02-24,0.0020895641991512987,0.0037372402344546087,0.0,0.0037372402344546087,0.002531452362999287
2026-02-25,0.003681643568262468,0.0063644209356694455,0.0,0.0063644209356694455,0.004680509769117958
2026-02-26,-0.00033343967860087383,-7.858351822697119e-05,0.0,-7.858351822697119e-05,-0.0009217355175756503
2026-02-27,-0.0006453531909340615,-0.0019378822838437616,0.0,-0.0019378822838437616,1.8227110415769409e-06
2026-03-02,0.001348170098107445,0.002566195103806468,0.0,0.002566195103806468,0.0014783151905158665
2026-03-03,-0.006201239854323973,-0.012772706610373186,0.0,-0.012772706610373186,-0.005831012952598735
2026-03-04,0.0032695525445083067,0.00600989353398953,0.0,0.00600989353398953,0.00379876409953539
2026-03-05,-0.003595207176248594,-0.007758637234537335,0.0,-0.007758637234537335,-0.0030269842942084457
2026-03-06,-0.005330235943946841,-0.008827184278107336,0.0,-0.008827184278107336,-0.007163523553733187
2026-03-09,0.0038037560153905913,0.006425024738081553,0.0,0.006425024738081553,0.004986243308090221
2026-03-10,-0.0021761840557871447,-0.002770385149232579,0.0,-0.002770385149232579,-0.003758167018128855
2026-03-11,-5.0773205002204357e-05,-0.0006488019979695503,0.0,-0.0006488019979695503,0.0004964823829629372
2026-03-12,-0.007044031323584891,-0.01339636481411518,0.0,-0.01339636481411518,-0.007735729156639492
2026-03-13,-0.0020852021054326227,-0.0040548159874586156,0.0,-0.0040548159874586156,-0.002200790328839253
2026-03-16,0.0048038183371565775,0.00805070590942042,0.0,0.00805070590942042,0.006360749102049312
2026-03-17,0.001667809541923267,0.0027558506196136865,0.0,0.0027558506196136865,0.0022475780061561148
2026-03-18,-0.007137534709123812,-0.013932809396135514,0.0,-0.013932809396135514,-0.007479794731235922
2026-03-19,-0.0001887464845395334,-0.0022261712253072276,0.0,-0.0022261712253072276,0.0016599317716886274
2026-03-20,-0.007530028288834804,-0.014369114447923848,0.0,-0.014369114447923848,-0.008220970418580564
2026-03-23,0.004629110175824295,0.007560375264083263,0.0,0.007560375264083263,0.006326955263389622
2026-03-24,0.00014213816495151817,0.00040649952616391707,0.0,0.00040649952616391707,1.991496869063747e-05
2026-03-25,0.0038298400171243863,0.008182222102893266,0.0,0.008182222102893266,0.0033072979484798926
2026-03-26,-0.007172769973303894,-0.014028839367950519,0.0,-0.014028839367950519,-0.007489470551961164
2026-03-27,-0.00578366844914665,-0.008659957781717742,0.0,-0.008659957781717742,-0.008691047565722209
2026-03-30,-0.0011373618468798143,-0.002364111099127175,0.0,-0.002364111099127175,-0.0010479744415122672
2026-03-31,0.012132611002446158,0.023075402131342636,0.0,0.023075402131342636,0.013322430875995838
2026-04-01,0.0013379943809700276,0.003443702242615998,0.0,0.003443702242615998,0.0005702809002940846
2026-04-02,0.0006632170521327325,0.0003358714429486098,0.0,0.0003358714429486098,0.001653779713449588
2026-04-06,0.0018381459532830658,0.002949037469307325,0.0,0.002949037469307325,0.002565400390541872
2026-04-07,0.0013503527949189336,0.002525544527948076,0.0,0.002525544527948076,0.0015255138568087245
2026-04-08,0.008954651749780865,0.016666794371324744,0.0,0.016666794371324744,0.010197160878017853
2026-04-09,0.0006771626766884993,0.00197659990426271,0.0,0.00197659990426271,5.488812580278779e-05
2026-04-10,-0.002260666215552909,-0.00388097518259044,0.0,-0.00388097518259044,-0.0029010234640682864
2026-04-13,0.005151720341297486,0.00854698017680564,0.0,0.00854698017680564,0.00690818084708682
2026-04-14,0.004067586713777182,0.008255807000297943,0.0,0.008255807000297943,0.0039469531410336045
2026-04-15,0.001716779974687821,0.002100415244745868,0.0,0.002100415244745868,0.003049924679317595
2026-04-16,0.0012068189463991833,0.001964891953216974,0.0,0.001964891953216974,0.001655564885980576
2026-04-17,0.004747464437253335,0.009771692425221223,0.0,0.009771692425221223,0.004470700886538781
2026-04-20,-0.0006628353523921881,-0.0011290366236431538,0.0,-0.0011290366236431538,-0.0008594694335334107
2026-04-21,-0.0026150357907928634,-0.006150949343255041,0.0,-0.006150949343255041,-0.0016941580291235491
2026-04-22,0.005193011388527258,0.009156606929151979,0.0,0.009156606929151979,0.0064224272364297955
2026-04-23,-0.0023550595964406673,-0.004368838909917627,0.0,-0.004368838909917627,-0.0026963398794043747
2026-04-24,0.0024860690775668735,0.004110400406329673,0.0,0.004110400406329673,0.003347806826370947
2026-04-27,-0.00020464300848641961,-0.000644757625162995,0.0,-0.000644757625162995,3.082859970373608e-05
2026-04-28,-0.0017577507527181421,-0.004189192744499548,0.0,-0.004189192744499548,-0.001084059513654878
2026-04-29,0.0007988839161272725,5.117742135147818e-05,0.0,5.117742135147818e-05,0.002345474327030339
2026-04-30,0.005591332763729873,0.01103457370316746,0.0,0.01103457370316746,0.005739424588022157
2026-05-01,0.0005217560688758524,0.0007975130870828794,0.0,0.0007975130870828794,0.0007677551195446775
2026-05-04,-0.002026095434841261,-0.004842030256620944,0.0,-0.004842030256620944,-0.0012362560479028395
2026-05-05,0.004663215517030683,0.008613376837464127,0.0,0.008613376837464127,0.005376269713627924
2026-05-06,0.00413465881343927,0.009086930336546506,0.0,0.009086930336546506,0.0033170461037713038
2026-05-07,-0.003344756807631607,-0.006039686506611708,0.0,-0.006039686506611708,-0.003994583916283112
2026-05-08,0.0038746121858305913,0.006414519017069386,0.0,0.006414519017069386,0.005209317540422387
2026-05-11,0.002580388270419746,0.004274871859625861,0.0,0.004274871859625861,0.0034662929516333764
2026-05-12,-0.00021989941868822598,-0.0009328965264254529,0.0,-0.0009328965264254529,0.00027319827036077494
2026-05-13,0.0010304729410026284,0.001207447375408377,0.0,0.001207447375408377,0.0018839714475995084
2026-05-14,0.003158865510203538,0.005039136900439811,0.0,0.005039136900439811,0.004437459630170804
2026-05-15,-0.005290053924974451,-0.010815042995739344,0.0,-0.010815042995739344,-0.005055118779184009
2026-05-18,0.0012720735948274534,0.00191665524959026,0.0,0.00191665524959026,0.0018995655348921004
2026-05-19,-0.0021392545175818087,-0.004879902559988647,0.0,-0.004879902559988647,-0.0015378609927567787
2026-05-20,0.004766078421258875,0.00975787336741355,0.0,0.00975787336741355,0.004540361896363076
2026-05-21,0.0013312351374911342,0.0027026719411724076,0.0,0.0027026719411724076,0.0012910334713009952
2026-05-22,0.003292983024030446,0.005324020530760765,0.0,0.005324020530760765,0.004554928541330572
2026-05-26,0.0017325351249826298,0.003479820056149674,0.0,0.003479820056149674,0.0017177853187982151
2026-05-27,-0.001956721127855517,-0.003463332266782171,0.0,-0.003463332266782171,-0.0024068311167843802
2026-05-28,0.003394669746925172,0.005918500991185649,0.0,0.005918500991185649,0.0042655082495898665
2026-05-29,0.001336425929183786,0.002625431021468283,0.0,0.002625431021468283,0.0013838467660830744
2026-06-01,0.001955392992551323,0.00204563331059916,0.0,0.00204563331059916,0.003820545667054809
2026-06-02,0.002064829468398684,0.0038999883409329915,0.0,0.0038999883409329915,0.0022945000642630607
2026-06-03,-0.0021122270617355983,-0.004910726932365628,0.0,-0.004910726932365628,-0.001425954252841166
2026-06-04,0.004194656775347405,0.008293403203349503,0.0,0.008293403203349503,0.004290567122692712
2026-06-05,-0.013235173100166975,-0.024131320573870695,0.0,-0.024131320573870695,-0.015574198726630229
2026-06-08,0.0027933787272809967,0.0046792561394576,0.0,0.0046792561394576,0.0037008800423853905
2026-06-09,-0.0018155210677795132,-0.003330831595710582,0.0,-0.003330831595710582,-0.0021157316076279575
2026-06-10,-0.0064612803784130255,-0.013184792499984721,0.0,-0.013184792499984721,-0.0061990486352543565
2026-06-11,0.009117475745198262,0.017635854536537442,0.0,0.017635854536537442,0.009716572699057346
2026-06-12,0.003014178195096684,0.0053502537320703645,0.0,0.0053502537320703645,0.0036922808532196872
2026-06-15,0.004796794675416139,0.009422357822010874,0.0,0.009422357822010874,0.004968026204237541
2026-06-16,-0.0023874594826069906,-0.003590125636094188,0.0,-0.003590125636094188,-0.0035722528117267836
2026-06-17,-0.0051320509934321655,-0.00970301744139378,0.0,-0.00970301744139378,-0.005693135538902716
2026-06-18,0.003013260314890605,0.005375050212231369,0.0,0.005375050212231369,0.0036647307324404466
2026-06-22,0.0014464281927285844,0.002432275147736929,0.0,0.002432275147736929,0.001907009430448825
2026-06-23,-0.005160842655530629,-0.009210474161253424,0.0,-0.009210474161253424,-0.006272053805338462
2026-06-24,-0.0013187340900103282,-0.003072919001179586,0.0,-0.003072919001179586,-0.0008832832688513981
2026-06-25,0.0030901522640600274,0.005564415194606276,0.0,0.005564415194606276,0.0037060415975738057
2026-06-26,-0.00040073616213548435,-2.82751314770735e-05,0.0,-2.82751314770735e-05,-0.0011739333549293796
2026-06-29,0.0041446884307478,0.005777342853010037,0.0,0.005777342853010037,0.006656722439233364
2026-06-30,0.0013138977067899905,0.002259287390954434,0.0,0.002259287390954434,0.001682405729415537
2026-07-01,-0.0017477878948165514,-0.002507455420812965,0.0,-0.002507455420812965,-0.0027359082636366884
2026-07-02,0.0010705376897487482,0.0028555675256245585,0.0,0.0028555675256245585,0.00035604554362168584
2026-07-06,0.003017112683336058,0.005485703026255606,0.0,0.005485703026255606,0.003565635023752567
2026-07-07,-0.0018496728658647747,-0.0039896533565914605,0.0,-0.0039896533565914605,-0.0015593652410028636
2026-07-08,-0.0012534512733772339,-0.00327772694328522,0.0,-0.00327772694328522,-0.00048262687684648143
2026-07-09,0.0037805233206124056,0.006945246330314736,0.0,0.006945246330314736,0.004396323631522481
2026-07-10,0.0004630623267238509,0.0004813001329905142,0.0,0.0004813001329905142,0.0009078868471810386
2026-07-13,-0.002348159777021097,-0.005381127217567505,0.0,-0.005381127217567505,-0.0016633521134957862
2026-07-14,0.0016048908577283914,0.0032874743917429617,0.0,0.0032874743917429617,0.001527198181442213
2026-07-15,-0.0003654742233431874,-0.00018736183365520854,0.0,-0.00018736183365520854,-0.0009090608363743535
2026-07-16,-0.0014086436947686335,-0.0032422147188440388,0.0,-0.0032422147188440388,-0.0009837163654618619
2026-07-17,-0.0023432897637525284,-0.0036733493012046426,0.0,-0.0036733493012046426,-0.003356519990052942
2026-07-20,-0.0016637531829184111,-0.0031752709828881233,0.0,-0.0031752709828881233,-0.0018159885658671105
2026-07-21,0.006045572289673877,0.011117220350149604,0.0,0.011117220350149604,0.007019496518872026
2026-07-22,-0.0003243832775228328,-0.00037913534559022024,0.0,-0.00037913534559022024,-0.0005940144869782781
2026-07-23,-0.0033902346775293653,-0.006876543701313254,0.0,-0.006876543701313254,-0.0032941603312748426
2026-07-24,-0.0001732325272050287,-0.0001240608694593859,0.0,-0.0001240608694593859,-0.0003956367121557003
2026-07-27,-0.00017883479450785022,0.0006385332425921985,0.0,0.0006385332425921985,-0.0011750376261157492
2026-07-28,0.00013461250882095268,0.00011844810178044396,0.0,0.00011844810178044396,0.000285389424682414
2026-07-29,-0.006583204541728696,-0.011550824180295105,0.0,-0.011550824180295105,-0.008198789444890987
2026-07-30,0.00798487198076215,0.01408483974675615,0.0,0.01408483974675615,0.0098697761955303
2026-07-31,5.206400154109667e-05,-0.0006350644588073884,0.0,-0.0006350644588073884,0.0007912564634306784
2026-08-03,0.003928283863246528,0.007435246542430917,0.0,0.007435246542430917,0.004349605047308669
2026-08-04,0.008927705181657293,0.015514662887257169,0.0,0.015514662887257169,0.01126845265771471
2026-08-05,-2.6055609411331454e-05,0.0019282475343267546,0.0,0.0019282475343267546,-0.002006414362560749
2026-08-06,-0.0005083432037637244,-0.0014377505697597327,0.0,-0.0014377505697597327,-8.727904153144062e-05
2026-08-07,0.0030441655227650814,0.006383161459684339,0.0,0.006383161459684339,0.002749335108610906
2026-08-10,0.003219716661130171,0.005019929112029642,0.0,0.005019929112029642,0.004639220871360872
2026-08-11,0.00011124896577089001,-1.96643384476336e-05,0.0,-1.96643384476336e-05,0.0003534112357603036
2026-08-12,0.002511681052002683,0.004534965745789621,0.0,0.004534965745789621,0.003000077410218427
2026-08-13,0.0023440352871260672,0.0029813274100937816,0.0,0.0029813274100937816,0.00405077845128442
2026-08-14,-0.00020248340418957956,0.0001708706007776839,0.0,0.0001708706007776839,-0.0007783208133464225
2026-08-17,-0.0008890019833817431,-0.00124601522236506,0.0,-0.00124601522236506,-0.0014209907277801693
2026-08-18,-0.0014995026159375646,-0.0038546241087874635,0.0,-0.0038546241087874635,-0.0006438837390252306
2026-08-19,0.0037528640202277494,0.007923241626063037,0.0,0.007923241626063037,0.00333535043462021
2026-08-20,-0.004221290342743507,-0.007464154048715488,0.0,-0.007464154048715488,-0.005199716979515034
2026-08-21,0.002949705387958468,0.006272760035080494,0.0,0.006272760035080494,0.0025763561287949098
2026-08-24,-0.0011682220704687088,-0.0015564151336803999,0.0,-0.0015564151336803999,-0.0019482510777257267
2026-08-25,0.0015560341065673205,0.002856167097094975,0.0,0.002856167097094975,0.0018119352226069862
2026-08-26,-0.0006037008804765061,-0.001838454904118103,0.0,-0.001838454904118103,2.7352262688584706e-05
2026-08-27,0.002241324914861176,0.0037537362338978418,0.0,0.0037537362338978418,0.0029702385106856856
2026-08-28,-0.0028517131495801856,-0.006591707608686159,0.0,-0.006591707608686159,-0.001963431840054397
2026-08-31,4.4176312889021596e-05,-0.0006250372627617295,0.0,-0.0006250372627617295,0.0007575662014287943
2026-09-01,-0.00347647368706165,-0.007574262921900232,0.0,-0.007574262921900232,-0.002855158139284719
2026-09-02,0.0029525367439921404,0.0060525771805974736,0.0,0.0060525771805974736,0.002805033051378947
2026-09-03,0.0042628957113352095,0.008113186691955487,0.0,0.008113186691955487,0.00467550044205014
2026-09-04,-0.0017163122016492355,-0.00312147296977463,0.0,-0.00312147296977463,-0.0020274636351730766
2026-09-08,-0.003518631189219175,-0.006436739119133328,0.0,-0.006436739119133328,-0.0041191544485241986
2026-09-09,-0.000924521253553249,-0.0024455793346791375,0.0,-0.0024455793346791375,-0.00032798442598060975
2026-09-10,-0.005505838302385198,-0.009081290747564918,0.0,-0.009081290747564918,-0.007436224159590677
2026-09-11,0.003512885143524873,0.005960058519443834,0.0,0.005960058519443834,0.0045785969111307835
2026-09-14,-0.003087590560484713,-0.004924628139170428,0.0,-0.004924628139170428,-0.004338143542283712
2026-09-15,-0.00013772461732313167,-0.000869083315567265,0.0,-0.000869083315567265,0.00045590946359787
2026-09-16,-0.003958562229525497,-0.006728297977901154,0.0,-0.006728297977901154,-0.005147388710675338
2026-09-17,0.006477407558961327,0.010285781457875032,0.0,0.010285781457875032,0.00914644121900895
2026-09-18,0.0004879960135555658,0.00037545905954754487,0.0,0.00037545905954754487,0.0010885289811191523
2026-09-21,0.004546739621971104,0.0074585749000846465,0.0,0.0074585749000846465,0.006181643965828665
2026-09-22,-0.00035830635054241814,-0.00042330362355302853,0.0,-0.00042330362355302853,-0.0006516154280742259
