date,ensemble,buy_and_hold,seed_0,seed_1,seed_2
2012-01-03,0.0163147067162604,0.015814365950254806,0.017315388248271592,0.015814365950254806,0.015814365950254806
2012-01-04,-0.0002806130282438627,-0.0006769667128699641,0.0005120943410083401,-0.0006769667128699641,-0.0006769667128699641
2012-01-05,0.003671220475969217,0.0036119246111191326,0.003789812205669385,0.0036119246111191326,0.0036119246111191326
2012-01-06,-0.0013207164274521843,-0.0010575577541960812,-0.0018470337739643905,-0.0010575577541960812,-0.0010575577541960812
2012-01-09,0.0009859850583734842,0.0009270197836337202,0.001103915607853012,0.0009270197836337202,0.0009270197836337202
2012-01-10,0.008654232910585978,0.008598003378287599,0.008766691975182738,0.008598003378287599,0.008598003378287599
2012-01-11,0.0023136438188615365,0.002747477463821535,0.0014459765289415393,0.002747477463821535,0.002747477463821535
2012-01-12,0.0017107553699498828,0.0016634904520500316,0.001805285205749585,0.0016634904520500316,0.0016634904520500316
2012-01-13,-0.003984715336978947,-0.003653301521848851,-0.004647542967239138,-0.003653301521848851,-0.003653301521848851
2012-01-17,0.0037084105392304963,0.0038628217744402283,0.0033995880688110327,0.0038628217744402283,0.0038628217744402283
2012-01-18,0.010083730424963416,0.009680241121849597,0.010890709031191048,0.009680241121849597,0.009680241121849597
2012-01-19,0.0031096533325444408,0.0026512181335008656,0.004026523730631592,0.0026512181335008656,0.0026512181335008656
2012-01-20,0.0015846662314730753,0.001207150658555156,0.0023396973773089137,0.001207150658555156,0.001207150658555156
2012-01-23,0.0008223107691808784,0.0006114552384479666,0.0012440218306467021,0.0006114552384479666,0.0006114552384479666
2012-01-24,-0.0010852250126845986,-0.0010250164171638377,-0.0012056422037261204,-0.0010250164171638377,-0.0010250164171638377
2012-01-25,0.009104379639761096,0.009024245157742528,0.00926464860379823,0.009024245157742528,0.009024245157742528
2012-01-26,-0.0030467734965029963,-0.002604894269286939,-0.003930531950935112,-0.002604894269286939,-0.002604894269286939
2012-01-27,0.001882699933673874,0.0019874673386153117,0.0016731651237909984,0.0019874673386153117,0.0019874673386153117
2012-01-30,-0.0022196730484957405,-0.0018272786653514284,-0.003004461814784365,-0.0018272786653514284,-0.0018272786653514284
2012-01-31,0.001463554087774388,0.0018485942155411106,0.0006934738322409428,0.0018485942155411106,0.0018485942155411106
2012-02-01,0.007824035727997768,0.007442188301741259,0.008587730580510789,0.007442188301741259,0.007442188301741259
2012-02-02,0.0029866559340597566,0.0029417385179966726,0.003076490766185924,0.0029417385179966726,0.0029417385179966726
2012-02-03,0.008360023332372091,0.008360023332372091,0.008360023332372091,0.008360023332372091,0.008360023332372091
2012-02-06,0.000257365711253188,0.000257365711253188,0.000257365711253188,0.000257365711253188,0.000257365711253188
2012-02-07,0.002035004087409331,0.002035004087409331,0.002035004087409331,0.002035004087409331,0.002035004087409331
2012-02-08,0.0015957889564144456,0.0015957889564144456,0.0015957889564144456,0.0015957889564144456,0.0015957889564144456
2012-02-09,-0.000595486707191728,-0.000595486707191728,-0.000595486707191728,-0.000595486707191728,-0.000595486707191728
2012-02-10,-0.005856715607732932,-0.005856715607732932,-0.005856715607732932,-0.005856715607732932,-0.005856715607732932
2012-02-13,0.006975484418728595,0.006975484418728595,0.006975484418728595,0.006975484418728595,0.006975484418728595
2012-02-14,-0.00015302195977704436,-0.00015302195977704436,-0.00015302195977704436,-0.00015302195977704436,-0.00015302195977704436
2012-02-15,-0.0037046332336701632,-0.003704633233670163,-0.003704633233670163,-0.003704633233670163,-0.003704633233670163
2012-02-16,0.009346272040428417,0.009346272040428417,0.009346272040428417,0.009346272040428417,0.009346272040428417
2012-02-17,0.0005653117636084892,0.0005653117636084892,0.0005653117636084892,0.0005653117636084892,0.0005653117636084892
2012-02-21,0.0014395385743597852,0.0011476325101573703,0.002023350702764615,0.0011476325101573703,0.0011476325101573703
2012-02-22,-0.000506644666992299,-0.0007599670004884484,0.0,-0.0007599670004884484,-0.0007599670004884484
2012-02-23,0.0032330966349059707,0.004849644952358956,0.0,0.004849644952358956,0.004849644952358956
2012-02-24,0.0011636379744209317,0.0017454569616313976,0.0,0.0017454569616313976,0.0017454569616313976
2012-02-27,0.001032968419927601,0.0015494526298914014,0.0,0.0015494526298914014,0.0015494526298914014
2012-02-28,0.0019750542112187516,0.0029625813168281277,0.0,0.0029625813168281277,0.0029625813168281277
2012-02-29,-0.007518999027910904,-0.011278498541866355,0.0,-0.011278498541866355,-0.011278498541866355
2012-03-01,0.0037821960439936423,0.005673294065990464,0.0,0.005673294065990464,0.005673294065990464
2012-03-02,-0.0019285708635328116,-0.0028928562952992174,0.0,-0.0028928562952992174,-0.0028928562952992174
2012-03-05,-0.0031755476179220255,-0.0047633214268830385,0.0,-0.0047633214268830385,-0.0047633214268830385
2012-03-06,-0.008569194535444113,-0.01285379180316617,0.0,-0.01285379180316617,-0.01285379180316617
2012-03-07,0.0052759238730523935,0.006243502603620443,0.003340766411916296,0.006243502603620443,0.006243502603620443
2012-03-08,0.006618060109362522,0.007806910716317039,0.004240358895453489,0.007806910716317039,0.007806910716317039
2012-03-09,0.0031860836375599074,0.004779125456339861,0.0,0.004779125456339861,0.004779125456339861
2012-03-12,-0.0009276363175081034,-0.001391454476262155,0.0,-0.001391454476262155,-0.001391454476262155
2012-03-13,0.008256402966926979,0.012384604450390468,0.0,0.012384604450390468,0.012384604450390468
2012-03-14,-0.0034138519722666312,-0.005120777958399947,0.0,-0.005120777958399947,-0.005120777958399947
2012-03-15,0.003696068170826698,0.005544102256240047,0.0,0.005544102256240047,0.005544102256240047
2012-03-16,0.001293259520490464,0.001939889280735696,0.0,0.001939889280735696,0.001939889280735696
2012-03-19,0.0017438426297738657,0.0026157639446607985,0.0,0.0026157639446607985,0.0026157639446607985
2012-03-20,-0.002431521123075653,-0.0036472816846134792,0.0,-0.0036472816846134792,-0.0036472816846134792
2012-03-21,-0.0006711151528762042,-0.0010066727293143063,0.0,-0.0010066727293143063,-0.0010066727293143063
2012-03-22,-0.004494656977140088,-0.006741985465710132,0.0,-0.006741985465710132,-0.006741985465710132
2012-03-23,0.003980927489377609,0.005971391234066414,0.0,0.005971391234066414,0.005971391234066414
2012-03-26,0.008792257353550619,0.013188386030325927,0.0,0.013188386030325927,0.013188386030325927
2012-03-27,-0.0019692250581104134,-0.00295383758716562,0.0,-0.00295383758716562,-0.00295383758716562
2012-03-28,-0.003182071467262045,-0.004773107200893067,0.0,-0.004773107200893067,-0.004773107200893067
2012-03-29,-0.0007404189912491402,-0.0011106284868737104,0.0,-0.0011106284868737104,-0.0011106284868737104
2012-03-30,0.0007185136504308743,0.0010777704756463114,0.0,0.0010777704756463114,0.0010777704756463114
2012-04-02,0.0050536016867441655,0.007580402530116248,0.0,0.007580402530116248,0.007580402530116248
2012-04-03,-0.004493782753590292,-0.006740674130385438,0.0,-0.006740674130385438,-0.006740674130385438
2012-04-04,-0.006470774847956373,-0.009706162271934559,0.0,-0.009706162271934559,-0.009706162271934559
2012-04-05,0.0005665467721192104,0.0008498201581788156,0.0,0.0008498201581788156,0.0008498201581788156
2012-04-09,-0.004160633750564754,-0.0062409506258471305,0.0,-0.0062409506258471305,-0.0062409506258471305
2012-04-10,-0.007810971725169394,-0.011716457587754091,0.0,-0.011716457587754091,-0.011716457587754091
2012-04-11,0.0031452253016448343,0.004717837952467252,0.0,0.004717837952467252,0.004717837952467252
2012-04-12,0.007838094883350263,0.011757142325025394,0.0,0.011757142325025394,0.011757142325025394
2012-04-13,-0.007301317150490923,-0.010951975725736385,0.0,-0.010951975725736385,-0.010951975725736385
2012-04-16,0.0006043553079831066,-0.0018483204529730068,0.0,0.0036613863769223267,-0.0018483204529730068
2012-04-17,0.004271269460278264,0.01281380838083479,0.0,0.0,0.01281380838083479
2012-04-18,-0.0013664074168474333,-0.0040992222505423,0.0,0.0,-0.0040992222505423
2012-04-19,-0.0013919220948857705,-0.004175766284657312,0.0,0.0,-0.004175766284657312
2012-04-20,0.00014047747291849879,0.00042143241875549633,0.0,0.0,0.00042143241875549633
2012-04-23,-0.0019447336441713444,-0.005834200932514033,0.0,0.0,-0.005834200932514033
2012-04-24,0.0008655207383797659,0.0025965622151392976,0.0,0.0,0.0025965622151392976
2012-04-25,0.0039018629470913093,0.011705588841273928,0.0,0.0,0.011705588841273928
2012-04-26,0.0024428053659525423,0.0073284160978576264,0.0,0.0,0.0073284160978576264
2012-04-27,0.0006680519905642038,0.0020041559716926114,0.0,0.0,0.0020041559716926114
2012-04-30,-0.0019393576818789616,-0.0027160303145621124,-0.001551021365537386,-0.001551021365537386,-0.0027160303145621124
2012-05-01,0.003751661249804894,0.003751661249804894,0.003751661249804894,0.003751661249804894,0.003751661249804894
2012-05-02,-0.002112727217743815,-0.002112727217743815,-0.002112727217743815,-0.002112727217743815,-0.002112727217743815
2012-05-03,-0.008415579525314586,-0.008415579525314586,-0.008415579525314586,-0.008415579525314586,-0.008415579525314586
2012-05-04,-0.013456405352387546,-0.013456405352387546,-0.013456405352387546,-0.013456405352387546,-0.013456405352387546
2012-05-07,-0.0014092972730571681,0.0002558844348258593,0.0002558844348258593,-0.004739660688823222,0.0002558844348258593
2012-05-08,-0.0022120704048138374,-0.004122510960772763,-0.004122510960772763,0.0016088107071040136,-0.004122510960772763
2012-05-09,-0.005245301612174703,-0.005245301612174702,-0.005245301612174702,-0.005245301612174702,-0.005245301612174702
2012-05-10,0.001139323357000499,0.001139323357000499,0.001139323357000499,0.001139323357000499,0.001139323357000499
2012-05-11,-0.0026373332090436235,-0.002637333209043624,-0.002637333209043624,-0.002637333209043624,-0.002637333209043624
2012-05-14,-0.009270437446732149,-0.009270437446732149,-0.009270437446732149,-0.009270437446732149,-0.009270437446732149
2012-05-15,-0.005325053151695435,-0.0053250531516954355,-0.0053250531516954355,-0.0053250531516954355,-0.0053250531516954355
2012-05-16,-0.004454667418436464,-0.004454667418436464,-0.004454667418436464,-0.004454667418436464,-0.004454667418436464
2012-05-17,-0.00815569498037234,-0.00815569498037234,-0.00815569498037234,-0.00815569498037234,-0.00815569498037234
2012-05-18,-0.0032566949147720217,-0.006185636631396751,-0.006185636631396751,0.0026011885184774376,-0.006185636631396751
2012-05-21,0.009408799786637128,0.014631330392657339,0.0010291909672374478,0.012565878000016595,0.014631330392657339
2012-05-22,-0.0022307282332389472,-0.0033460923498584206,0.0,-0.0033460923498584206,-0.0033460923498584206
2012-05-23,0.0010507120381507398,0.0015760680572261098,0.0,0.0015760680572261098,0.0015760680572261098
2012-05-24,-3.138683056690776e-05,-4.708024585036164e-05,0.0,-4.708024585036164e-05,-4.708024585036164e-05
2012-05-25,-0.0008554409299732724,-0.0012831613949599086,0.0,-0.0012831613949599086,-0.0012831613949599086
2012-05-29,0.005200848866201246,0.008373626929578515,0.0,0.007228919669025224,0.008373626929578515
2012-05-30,-0.005084782600077601,-0.00896647046475003,-0.0031439386677413863,-0.0031439386677413863,-0.00896647046475003
2012-05-31,-0.0006139716433352279,-0.0010191033312000996,-0.0010191033312000996,0.0001962917323945157,-0.0010191033312000996
2012-06-01,-0.009801540324031672,-0.01470231048604751,-0.01470231048604751,0.0,-0.01470231048604751
2012-06-04,-0.0005604862977739285,-0.0008407294466608928,-0.0008407294466608928,0.0,-0.0008407294466608928
2012-06-05,0.003298207648741632,0.004947311473112448,0.004947311473112448,0.0,0.004947311473112448
2012-06-06,0.011520645224348244,0.017280967836522367,0.017280967836522367,0.0,0.017280967836522367
2012-06-07,-0.0016938138336761574,-0.002540720750514236,-0.002540720750514236,0.0,-0.002540720750514236
2012-06-08,0.004609628571349766,0.00691444285702465,0.00691444285702465,0.0,0.00691444285702465
2012-06-11,-0.007298370169744898,-0.010947555254617347,-0.010947555254617347,0.0,-0.010947555254617347
2012-06-12,0.006389592433121864,0.009584388649682796,0.009584388649682796,0.0,0.009584388649682796
2012-06-13,-0.0026451293780123935,-0.00396769406701859,-0.00396769406701859,0.0,-0.00396769406701859
2012-06-14,0.003293767222920256,0.008814666284660256,0.008814666284660256,0.0,0.0010666353841005116
2012-06-15,0.003304820038365334,0.009914460115096002,0.009914460115096002,0.0,0.0
2012-06-18,-0.0013883864388300287,0.0016348836383894617,-0.004165159316490086,0.0,0.0
2012-06-19,0.0,0.007485931106566868,0.0,0.0,0.0
2012-06-20,0.0,-0.0008569883737880035,0.0,0.0,0.0
2012-06-21,0.0,-0.021173018349852434,0.0,0.0,0.0
2012-06-22,0.0007662172710053354,0.0063971930856661086,0.002298651813016006,0.0,0.0
2012-06-25,-0.0038873049475983876,-0.011661914842795162,-0.011661914842795162,0.0,0.0
2012-06-26,0.0009710783835302439,0.002913235150590732,0.002913235150590732,0.0,0.0
2012-06-27,0.003046856275121379,0.009140568825364136,0.009140568825364136,0.0,0.0
2012-06-28,-0.001101546631496538,-0.0033046398944896137,-0.0033046398944896137,0.0,0.0
2012-06-29,0.0074662594324535515,0.022398778297360655,0.022398778297360655,0.0,0.0
2012-07-02,0.0013944544327209596,0.004183363298162879,0.004183363298162879,0.0,0.0
2012-07-03,0.0003813088682056061,0.0078858244673071,0.0011439266046168184,0.0,0.0
2012-07-05,-0.0006108087768478598,-0.004829894280703806,-0.0018324263305435796,0.0,0.0
2012-07-06,-0.0029190355706814977,-0.008757106712044493,-0.008757106712044493,0.0,0.0
2012-07-09,-4.28584064397349e-05,-0.0001285752193192047,-0.0001285752193192047,0.0,0.0
2012-07-10,-0.002868320196162699,-0.008604960588488097,-0.008604960588488097,0.0,0.0
2012-07-11,0.00036776265766357285,0.0011032879729907185,0.0011032879729907185,0.0,0.0
2012-07-12,-0.001237323355718171,-0.003711970067154513,-0.003711970067154513,0.0,0.0
2012-07-13,0.004605574482531593,0.01381672344759478,0.01381672344759478,0.0,0.0
2012-07-16,-0.00019991047860070665,-0.0005997314358021199,-0.0005997314358021199,0.0,0.0
2012-07-17,0.0014390771543610458,0.004317231463083137,0.004317231463083137,0.0,0.0
2012-07-18,0.0018868590094662649,0.005660577028398795,0.005660577028398795,0.0,0.0
2012-07-19,0.0006092880361511121,0.0018278641084533364,0.0018278641084533364,0.0,0.0
2012-07-20,-0.0036002349592457994,-0.006627834372450003,-0.006627834372450003,-0.004172870505287396,0.0
2012-07-23,-0.007412962409244536,-0.008503530240619584,-0.008503530240619584,-0.013735356987114023,0.0
2012-07-24,-0.002229744660586493,-0.006689233981759479,-0.006689233981759479,0.0,0.0
2012-07-25,0.00075651420302697,0.00226954260908091,0.00226954260908091,0.0,0.0
2012-07-26,0.004047213533765037,0.012141640601295111,0.012141640601295111,0.0,0.0
2012-07-27,0.004973478197707578,0.014920434593122733,0.014920434593122733,0.0,0.0
2012-07-30,-8.217467889825026e-05,-0.0002465240366947508,-0.0002465240366947508,0.0,0.0
2012-07-31,-0.001444943671992105,-0.004334831015976315,-0.004334831015976315,0.0,0.0
2012-08-01,-0.0012844297537416857,-0.003853289261225057,-0.003853289261225057,0.0,0.0
2012-08-02,-0.0020790485268355474,-0.006237145580506642,-0.006237145580506642,0.0,0.0
2012-08-03,0.005041748374299537,0.015125245122898612,0.015125245122898612,0.0,0.0
2012-08-06,0.0012649742921510517,0.003794922876453155,0.003794922876453155,0.0,0.0
2012-08-07,0.001217377669370782,0.003652133008112346,0.003652133008112346,0.0,0.0
2012-08-08,4.418987452349995e-05,0.00013256962357049984,0.00013256962357049984,0.0,0.0
2012-08-09,0.0006762324637211271,0.002028697391163381,0.002028697391163381,0.0,0.0
2012-08-10,0.0005559228631226635,0.0016677685893679906,0.0016677685893679906,0.0,0.0
2012-08-13,-0.00046603192643172034,-0.001398095779295161,-0.001398095779295161,0.0,0.0
2012-08-14,-0.0007694511730205448,-0.0023083535190616344,-0.0023083535190616344,0.0,0.0
2012-08-15,0.00026525550581921,0.0007957665174576301,0.0007957665174576301,0.0,0.0
2012-08-16,0.002007584073057589,0.006022752219172767,0.006022752219172767,0.0,0.0
2012-08-17,0.0007822413002051665,0.0023467239006154995,0.0023467239006154995,0.0,0.0
2012-08-20,0.00022615491171816085,0.0006784647351544826,0.0006784647351544826,0.0,0.0
2012-08-21,-0.0002510328548824233,-0.0007530985646472699,-0.0007530985646472699,0.0,0.0
2012-08-22,0.0009863004744761945,0.0029589014234285838,0.0029589014234285838,0.0,0.0
2012-08-23,-0.0016494117466562856,-0.004948235239968857,-0.004948235239968857,0.0,0.0
2012-08-24,0.0016065765833688831,0.0048197297501066496,0.0048197297501066496,0.0,0.0
2012-08-27,0.00020706914436727046,0.0006212074331018114,0.0006212074331018114,0.0,0.0
2012-08-28,5.721988648881293e-05,0.0001716596594664388,0.0001716596594664388,0.0,0.0
2012-08-29,-0.0001969902062028369,-0.0005909706186085107,-0.0005909706186085107,0.0,0.0
2012-08-30,-0.0020158010428219333,-0.0060474031284658,-0.0060474031284658,0.0,0.0
2012-08-31,0.0038896290597434675,0.008844068183536002,0.008844068183536002,0.0028248189956944004,0.0
2012-09-04,-0.000587521182724382,2.393741952293471e-05,2.393741952293471e-05,-0.0017865009676960807,0.0
2012-09-05,-0.00036123236750610727,-0.0010836971025183217,-0.0010836971025183217,0.0,0.0
2012-09-06,0.00498742913082109,0.01496228739246327,0.01496228739246327,0.0,0.0
2012-09-07,0.0017719633859166713,0.005315890157750014,0.005315890157750014,0.0,0.0
2012-09-10,-0.0034666722380331453,-0.005768261985505163,-0.005768261985505163,-0.004631754728594273,0.0
2012-09-11,0.001829368746193527,0.0027440531192902905,0.0027440531192902905,0.0027440531192902905,0.0
2012-09-12,0.0011377776400964526,0.001706666460144679,0.001706666460144679,0.001706666460144679,0.0
2012-09-13,0.009288855994417778,0.013933283991626666,0.013933283991626666,0.013933283991626666,0.0
2012-09-14,0.001632340589956042,0.002448510884934063,0.002448510884934063,0.002448510884934063,0.0
2012-09-17,-0.0011549117498604693,-0.0016213227541819087,-0.001843412495399499,-0.0016213227541819087,0.0
2012-09-18,0.0003026217734477828,0.00019540718446268147,0.000712458135880667,0.00019540718446268147,0.0
2012-09-19,-9.184598177417828e-06,-1.3776897266126743e-05,-1.3776897266126743e-05,-1.3776897266126743e-05,0.0
2012-09-20,-0.00021957371908804348,-0.0003293605786320652,-0.0003293605786320652,-0.0003293605786320652,0.0
2012-09-21,0.0005845539716493154,0.000876830957473973,0.000876830957473973,0.000876830957473973,0.0
2012-09-24,-0.001151170868648066,-0.0017267563029720989,-0.0017267563029720989,-0.0017267563029720989,0.0
2012-09-25,-0.005261053393690725,-0.007891580090536088,-0.007891580090536088,-0.007891580090536088,0.0
2012-09-26,-0.0031015884427735133,-0.00465238266416027,-0.00465238266416027,-0.00465238266416027,0.0
2012-09-27,0.003929312777813165,0.008846405899556964,0.008846405899556964,0.002941532433882532,0.0
2012-09-28,-0.0015131768508414394,-0.004539530552524318,-0.004539530552524318,0.0,0.0
2012-10-01,0.0009753516265800159,0.0029260548797400477,0.0029260548797400477,0.0,0.0
2012-10-02,0.00035381732205121234,0.001061451966153637,0.001061451966153637,0.0,0.0
2012-10-03,0.0007145061062983183,0.002143518318894955,0.002143518318894955,0.0,0.0
2012-10-04,0.0017454136089280665,0.0052362408267842,0.0052362408267842,0.0,0.0
2012-10-05,0.0006876548324543319,-0.0028971822504778033,0.002062964497362996,0.0,0.0
2012-10-08,0.0,-0.002609758528409556,0.0,0.0,0.0
2012-10-09,0.0,-0.008312339553496684,0.0,0.0,0.0
2012-10-10,0.0,-0.0047249906652624294,0.0,0.0,0.0
2012-10-11,-0.0013032382749801933,0.0019517872141737946,-0.00390971482494058,0.0,0.0
2012-10-12,-0.0012677027371404673,-0.003803108211421402,-0.003803108211421402,0.0,0.0
2012-10-15,0.001750335792837643,0.005251007378512929,0.005251007378512929,0.0,0.0
2012-10-16,0.0026765541085041183,0.008029662325512355,0.008029662325512355,0.0,0.0
2012-10-17,0.0008571430312229437,0.002571429093668831,0.002571429093668831,0.0,0.0
2012-10-18,-0.0010197500142704338,-0.004033861698130481,-0.0030592500428113013,0.0,0.0
2012-10-19,0.0,-0.014308529316012864,0.0,0.0,0.0
2012-10-22,0.0,0.0004798494343579929,0.0,0.0,0.0
2012-10-23,0.0,-0.01088669164304611,0.0,0.0,0.0
2012-10-24,-0.0023700474844912628,-0.0035939391647355047,-0.007110142453473789,0.0,0.0
2012-10-25,0.0009628178357168597,0.002888453507150579,0.002888453507150579,0.0,0.0
2012-10-26,-0.00025158773191867877,0.0005817973861617198,-0.0007547631957560364,0.0,0.0
2012-10-31,0.0,0.00044801884975073094,0.0,0.0,0.0
2012-11-01,0.0,0.007440466290997161,0.0,0.0,0.0
2012-11-02,0.0,-0.010791822821174846,0.0,0.0,0.0
2012-11-05,0.0,0.0038094474923727863,0.0,0.0,0.0
2012-11-06,0.0,0.006830020288860072,0.0,0.0,0.0
2012-11-07,0.0,-0.017363027972540423,0.0,0.0,0.0
2012-11-08,0.0,-0.008038904490434129,0.0,0.0,0.0
2012-11-09,0.0,0.0015289108373514604,0.0,0.0,0.0
2012-11-12,0.0,0.0005778163688553884,0.0,0.0,0.0
2012-11-13,0.0,-0.003885828585168616,0.0,0.0,0.0
2012-11-14,0.0,-0.010806746549432134,0.0,0.0,0.0
2012-11-15,0.0,-0.0025791538858692675,0.0,0.0,0.0
2012-11-16,0.0,0.003825782444432391,0.0,0.0,0.0
2012-11-19,0.0,0.01677597410869035,0.0,0.0,0.0
2012-11-20,0.0,-0.000720920505649647,0.0,0.0,0.0
2012-11-21,0.00046081798056035,0.0020935998996278295,0.00138245394168105,0.0,0.0
2012-11-23,0.003948722886213721,0.011846168658641165,0.011846168658641165,0.0,0.0
2012-11-26,-0.00108864929938202,-0.0007292121947617191,-0.00326594789814606,0.0,0.0
2012-11-27,0.0,-0.00442298745656382,0.0,0.0,0.0
2012-11-28,0.0,0.004498516914983863,0.0,0.0,0.0
2012-11-29,0.0,0.004904647161665632,0.0,0.0,0.0
2012-11-30,0.0,-0.001508367845538694,0.0,0.0,0.0
2012-12-03,-0.002243303179877813,-0.0023723657319891346,0.0,-0.006729909539633439,0.0
2012-12-04,-0.00040869587121605453,-0.0012260876136481636,0.0,-0.0012260876136481636,0.0
2012-12-05,0.00020108805668096847,0.0006032641700429054,0.0,0.0006032641700429054,0.0
2012-12-06,0.0010524877578867184,0.003157463273660155,0.0,0.003157463273660155,0.0
2012-12-07,0.0003697425161957664,0.0011092275485872992,0.0,0.0011092275485872992,0.0
2012-12-10,0.00068037765139319,0.0020411329541795697,0.0,0.0020411329541795697,0.0
2012-12-11,0.002088158543595464,0.006264475630786392,0.0,0.006264475630786392,0.0
2012-12-12,0.0008850185303159063,-0.0013278268971081864,0.0,0.002655055590947719,0.0
2012-12-13,0.0,-0.006331113891679163,0.0,0.0,0.0
2012-12-14,0.0,-0.00316196740480551,0.0,0.0,0.0
2012-12-17,0.0019014299694362525,0.00833578422241844,0.0,0.005704289908308758,0.0
2012-12-18,0.0005269595876788879,0.00795841178580139,0.0,0.0015808787630366638,0.0
2012-12-19,-0.002057018679130129,-0.00442576179194204,0.0,-0.006171056037390388,0.0
2012-12-20,-0.00034999660616265765,0.0026972168437352064,0.0,-0.001049989818487973,0.0
2012-12-21,0.0,-0.005549590985890207,0.0,0.0,0.0
2012-12-24,0.0,-0.0032361492996873407,0.0,0.0,0.0
2012-12-26,0.0,-0.0030276329926594457,0.0,0.0,0.0
2012-12-27,-0.00039622650862662553,-0.000753759228108375,0.0,-0.0011886795258798765,0.0
2012-12-28,-0.0017116556413951786,-0.008374983500250243,0.0,-0.005134966924185536,0.0
2012-12-31,0.0045372630686603315,0.01271672690116874,0.0,0.013611789205980995,0.0
2013-01-02,0.006982556034414041,0.020947668103242122,0.0,0.020947668103242122,0.0
2013-01-03,-0.0014348369842343666,-0.0043045109527031,0.0,-0.0043045109527031,0.0
2013-01-04,0.001141064635202945,0.0034231939056088346,0.0,0.0034231939056088346,0.0
2013-01-07,-0.0008146339541859727,-0.002443901862557918,0.0,-0.002443901862557918,0.0
2013-01-08,-0.00016407683114482522,-0.0004922304934344756,0.0,-0.0004922304934344756,0.0
2013-01-09,0.0008169217470580933,0.00245076524117428,0.0,0.00245076524117428,0.0
2013-01-10,0.0020833136189966368,0.00624994085698991,0.0,0.00624994085698991,0.0
2013-01-11,0.0001457625970249047,0.00043728779107471416,0.0,0.00043728779107471416,0.0
2013-01-14,-0.00037759954396288467,-0.001132798631888654,0.0,-0.001132798631888654,0.0
2013-01-15,0.0004450682966065285,0.0013352048898195856,0.0,0.0013352048898195856,0.0
2013-01-16,0.000283239268544914,0.0008497178056347421,0.0,0.0008497178056347421,0.0
2013-01-17,0.0013505173242406854,0.004051551972722056,0.0,0.004051551972722056,0.0
2013-01-18,-8.745064227773472e-05,0.00249838904148546,0.0,-0.0002623519268332042,0.0
2013-01-22,0.0015996119539633796,0.00489421385800799,0.0,0.004798835861890139,0.0
2013-01-23,0.0003888076389819806,0.0011664229169459418,0.0,0.0011664229169459418,0.0
2013-01-24,-0.0007752842859992856,-0.0023258528579978566,0.0,-0.0023258528579978566,0.0
2013-01-25,0.0008904105533676709,0.0026712316601030127,0.0,0.0026712316601030127,0.0
2013-01-28,-0.0003248344933402166,-0.0009745034800206498,0.0,-0.0009745034800206498,0.0
2013-01-29,0.001332308729663223,0.003996926188989669,0.0,0.003996926188989669,0.0
2013-01-30,-0.001042476042820532,-0.0031274281284615958,0.0,-0.0031274281284615958,0.0
2013-01-31,-0.00022003504775223908,-0.0006601051432567173,0.0,-0.0006601051432567173,0.0
2013-02-01,0.0023595344657838303,0.00707860339735149,0.0,0.00707860339735149,0.0
2013-02-04,-0.002598388533633637,-0.00779516560090091,0.0,-0.00779516560090091,0.0
2013-02-05,0.002386268999698349,0.0071588069990950465,0.0,0.0071588069990950465,0.0
2013-02-06,0.0005224921650249422,0.0015674764950748266,0.0,0.0015674764950748266,0.0
2013-02-07,-0.0006846082719462816,-0.002053824815838845,0.0,-0.002053824815838845,0.0
2013-02-08,0.0018703975748562195,0.005611192724568659,0.0,0.005611192724568659,0.0
2013-02-11,-0.0005112927327822721,-0.0015338781983468164,0.0,-0.0015338781983468164,0.0
2013-02-12,0.0003522362002130149,0.0010567086006390447,0.0,0.0010567086006390447,0.0
2013-02-13,-0.00019361072141045694,-0.0005808321642313708,0.0,-0.0005808321642313708,0.0
2013-02-14,0.0006385754770771968,0.0019157264312315903,0.0,0.0019157264312315903,0.0
2013-02-15,-0.0012585803019934726,-0.003775740905980418,0.0,-0.003775740905980418,0.0
2013-02-19,0.0017884616305993064,0.005365384891797919,0.0,0.005365384891797919,0.0
2013-02-20,-0.004410283595926286,-0.013230850787778858,0.0,-0.013230850787778858,0.0
2013-02-21,-0.0014369510358508088,-0.004310853107552426,0.0,-0.004310853107552426,0.0
2013-02-22,0.002798319107219127,0.008394957321657381,0.0,0.008394957321657381,0.0
2013-02-25,-0.003955636223168857,-0.01186690866950657,0.0,-0.01186690866950657,0.0
2013-02-26,0.0017514814082795129,0.005254444224838539,0.0,0.005254444224838539,0.0
2013-02-27,0.0027724127860160688,0.008317238358048207,0.0,0.008317238358048207,0.0
2013-02-28,-0.0006482233799370074,-0.0019446701398110223,0.0,-0.0019446701398110223,0.0
2013-03-01,0.001015960862631356,0.0030478825878940685,0.0,0.0030478825878940685,0.0
2013-03-04,0.0007792715101988091,0.002337814530596427,0.0,0.002337814530596427,0.0
2013-03-05,0.0026432869530411238,0.007929860859123372,0.0,0.007929860859123372,0.0
2013-03-06,0.0003570511120402409,0.0010711533361207227,0.0,0.0010711533361207227,0.0
2013-03-07,0.0004678017775869514,0.0014034053327608542,0.0,0.0014034053327608542,0.0
2013-03-08,0.0006694176607115022,0.0020082529821345064,0.0,0.0020082529821345064,0.0
2013-03-11,0.0009669103632153489,0.002900731089646047,0.0,0.002900731089646047,0.0
2013-03-12,0.0001330806270079643,0.0003992418810238929,0.0,0.0003992418810238929,0.0
2013-03-13,-6.350239267349788e-06,-1.9050717802049365e-05,0.0,-1.9050717802049365e-05,0.0
2013-03-14,0.0016736325615484696,0.005020897684645409,0.0,0.005020897684645409,0.0
2013-03-15,-0.0001003150271831732,-0.0003009450815495196,0.0,-0.0003009450815495196,0.0
2013-03-18,-0.000835631468372433,-0.002506894405117299,0.0,-0.002506894405117299,0.0
2013-03-19,0.0004959831565074476,-0.001342999142835899,0.0,0.0014879494695223428,0.0
2013-03-20,-0.00010819066384717042,0.0036652639192868873,-0.0003245719915415113,0.0,0.0
2013-03-21,-0.0017871171625382393,-0.005361351487614718,-0.005361351487614718,0.0,0.0
2013-03-22,0.0017376515954319735,0.00521295478629592,0.00521295478629592,0.0,0.0
2013-03-25,-0.0008903899006050005,-0.0026711697018150017,-0.0026711697018150017,0.0,0.0
2013-03-26,0.0018996722404156655,0.0056990167212469965,0.0056990167212469965,0.0,0.0
2013-03-27,0.00043950891333308654,0.0013185267399992596,0.0013185267399992596,0.0,0.0
2013-03-28,0.0003000542926987741,0.0009001628780963222,0.0009001628780963222,0.0,0.0
2013-04-01,-0.0008602605530804645,-0.0025807816592413936,-0.0025807816592413936,0.0,0.0
2013-04-02,0.00043651876552888903,0.001309556296586667,0.001309556296586667,0.0,0.0
2013-04-03,0.00013901255384112982,-0.009388915415094169,0.0004170376615233895,0.0,0.0
2013-04-04,0.0010191628794234593,0.0038749889538553183,0.003057488638270378,0.0,0.0
2013-04-05,0.00015519886557811743,0.0004655965967343523,0.0004655965967343523,0.0,0.0
2013-04-08,0.0011599927384544405,0.0034799782153633217,0.0034799782153633217,0.0,0.0
2013-04-09,0.0012633343425886253,0.0037900030277658757,0.0037900030277658757,0.0,0.0
2013-04-10,0.002710631450831957,0.008131894352495872,0.008131894352495872,0.0,0.0
2013-04-11,0.0008415425708204341,0.0025246277124613024,0.0025246277124613024,0.0,0.0
2013-04-12,-0.0020505790951530416,-0.006151737285459124,-0.006151737285459124,0.0,0.0
2013-04-15,-0.015546269523799104,-0.027380383698681243,-0.027380383698681243,-0.019258424872716073,0.0
2013-04-16,0.007582230334456368,0.011373345501684552,0.011373345501684552,0.011373345501684552,0.0
2013-04-17,-0.010386695372102187,-0.011948071406933491,-0.011948071406933491,-0.011948071406933491,-0.00726394330243958
2013-04-18,-0.004238700983575006,-0.004238700983575006,-0.004238700983575006,-0.004238700983575006,-0.004238700983575006
2013-04-19,0.0068624027929681366,0.0068624027929681366,0.0068624027929681366,0.0068624027929681366,0.0068624027929681366
2013-04-22,0.006326297230081847,0.006326297230081846,0.006326297230081846,0.006326297230081846,0.006326297230081846
2013-04-23,0.008189797115870256,0.008189797115870256,0.008189797115870256,0.008189797115870256,0.008189797115870256
2013-04-24,0.0013413258238181476,0.002023165864235199,0.002023165864235199,-2.235425701595517e-05,0.002023165864235199
2013-04-25,0.003940452931077716,0.005137757368890827,0.005137757368890827,0.0015458440554514952,0.005137757368890827
2013-04-26,-0.0011220184658057113,-0.0011890314481413755,-0.0011890314481413755,-0.0009879925011343827,-0.0011890314481413755
2013-04-29,0.004525623198571075,0.006788434797856613,0.006788434797856613,0.0,0.006788434797856613
2013-04-30,0.0020138150412106833,0.003020722561816025,0.003020722561816025,0.0,0.003020722561816025
2013-05-01,-0.0062542018979167965,-0.009381302846875194,-0.009381302846875194,0.0,-0.009381302846875194
2013-05-02,0.006415650407937641,0.009623475611906462,0.009623475611906462,0.0,0.009623475611906462
2013-05-03,0.004653339451751104,0.006980009177626656,0.006980009177626656,0.0,0.006980009177626656
2013-05-06,0.0017985784773584257,0.0026978677160376385,0.0026978677160376385,0.0,0.0026978677160376385
2013-05-07,0.0011619074407035765,0.0017428611610553646,0.0017428611610553646,0.0,0.0017428611610553646
2013-05-08,0.005125942206974495,0.0054114837339948926,0.0054114837339948926,0.004554859152933699,0.0054114837339948926
2013-05-09,-0.003214083259125666,-0.003214083259125666,-0.003214083259125666,-0.003214083259125666,-0.003214083259125666
2013-05-10,0.0010572631853614013,0.0010572631853614013,0.0010572631853614013,0.0010572631853614013,0.0010572631853614013
2013-05-13,-0.0007168242479602682,-0.0007168242479602682,-0.0007168242479602682,-0.0007168242479602682,-0.0007168242479602682
2013-05-14,0.006597454897212263,0.006597454897212263,0.006597454897212263,0.006597454897212263,0.006597454897212263
2013-05-15,0.00121572424765638,0.00121572424765638,0.00121572424765638,0.00121572424765638,0.00121572424765638
2013-05-16,-0.002056543015587686,-0.002056543015587686,-0.002056543015587686,-0.002056543015587686,-0.002056543015587686
2013-05-17,0.004843583765406856,0.004843583765406856,0.004843583765406856,0.004843583765406856,0.004843583765406856
2013-05-20,0.0038331428481471635,0.003833142848147164,0.003833142848147164,0.003833142848147164,0.003833142848147164
2013-05-21,0.0005301570182710714,0.0005301570182710714,0.0005301570182710714,0.0005301570182710714,0.0005301570182710714
2013-05-22,-0.009000385717840153,-0.009000385717840153,-0.009000385717840153,-0.009000385717840153,-0.009000385717840153
2013-05-23,0.0014256498912466498,0.0014256498912466498,0.0014256498912466498,0.0014256498912466498,0.0014256498912466498
2013-05-24,-0.0015983215986578147,-0.0015983215986578147,-0.0015983215986578147,-0.0015983215986578147,-0.0015983215986578147
2013-05-28,0.0040981007182429256,0.0040981007182429256,0.0040981007182429256,0.0040981007182429256,0.0040981007182429256
2013-05-29,-0.002639745803973714,-0.002639745803973714,-0.002639745803973714,-0.002639745803973714,-0.002639745803973714
2013-05-30,0.005205180149976662,0.005205180149976662,0.005205180149976662,0.005205180149976662,0.005205180149976662
2013-05-31,-0.013975261442282616,-0.013975261442282616,-0.013975261442282616,-0.013975261442282616,-0.013975261442282616
2013-06-03,0.007059223623189293,0.007059223623189293,0.007059223623189293,0.007059223623189293,0.007059223623189293
2013-06-04,-0.007117030176390804,-0.007117030176390804,-0.007117030176390804,-0.007117030176390804,-0.007117030176390804
2013-06-05,-0.009149085724384942,-0.009149085724384942,-0.009149085724384942,-0.009149085724384942,-0.009149085724384942
2013-06-06,0.007590196109704306,0.007590196109704306,0.007590196109704306,0.007590196109704306,0.007590196109704306
2013-06-07,0.005446050370516975,0.005446050370516975,0.005446050370516975,0.005446050370516975,0.005446050370516975
2013-06-10,0.0007300072276689162,0.0007300072276689162,0.0007300072276689162,0.0007300072276689162,0.0007300072276689162
2013-06-11,-0.007716038478293064,-0.007716038478293064,-0.007716038478293064,-0.007716038478293064,-0.007716038478293064
2013-06-12,-0.007904541529457753,-0.007904541529457753,-0.007904541529457753,-0.007904541529457753,-0.007904541529457753
2013-06-13,0.013285766478825789,0.013285766478825789,0.013285766478825789,0.013285766478825789,0.013285766478825789
2013-06-14,-0.005707005933354349,-0.005707005933354348,-0.005707005933354348,-0.005707005933354348,-0.005707005933354348
2013-06-17,0.005682687053063062,0.005682687053063062,0.005682687053063062,0.005682687053063062,0.005682687053063062
2013-06-18,0.005347108416900459,0.005347108416900459,0.005347108416900459,0.005347108416900459,0.005347108416900459
2013-06-19,-0.012261411799130262,-0.012261411799130262,-0.012261411799130262,-0.012261411799130262,-0.012261411799130262
2013-06-20,-0.02666938183544636,-0.02666938183544636,-0.02666938183544636,-0.02666938183544636,-0.02666938183544636
2013-06-21,0.0005127218807590928,0.0005127218807590928,0.0005127218807590928,0.0005127218807590928,0.0005127218807590928
2013-06-24,-0.010353100206562427,-0.010353100206562427,-0.010353100206562427,-0.010353100206562427,-0.010353100206562427
2013-06-25,0.006579054993444157,0.006579054993444156,0.006579054993444156,0.006579054993444156,0.006579054993444156
2013-06-26,0.003458312774916305,0.0034583127749163054,0.0034583127749163054,0.0034583127749163054,0.0034583127749163054
2013-06-27,0.004682544357853813,0.004682544357853813,0.004682544357853813,0.004682544357853813,0.004682544357853813
2013-06-28,-0.0005530632922574385,-0.0005530632922574385,-0.0005530632922574385,-0.0005530632922574385,-0.0005530632922574385
2013-07-01,0.00713503822650421,0.007135038226504209,0.007135038226504209,0.007135038226504209,0.007135038226504209
2013-07-02,-0.0011340567293349423,-0.0011340567293349423,-0.0011340567293349423,-0.0011340567293349423,-0.0011340567293349423
2013-07-03,0.0014036645964720987,0.0014036645964720985,0.0014036645964720985,0.0014036645964720985,0.0014036645964720985
2013-07-05,0.0036934361552784394,0.00369343615527844,0.00369343615527844,0.00369343615527844,0.00369343615527844
2013-07-08,0.005805116769857832,0.005805116769857832,0.005805116769857832,0.005805116769857832,0.005805116769857832
2013-07-09,0.006336616518091277,0.006336616518091276,0.006336616518091276,0.006336616518091276,0.006336616518091276
2013-07-10,9.416645787607703e-05,9.416645787607703e-05,9.416645787607703e-05,9.416645787607703e-05,9.416645787607703e-05
2013-07-11,0.014239275739043442,0.014239275739043444,0.014239275739043444,0.014239275739043444,0.014239275739043444
2013-07-12,0.002304182738655369,0.002304182738655369,0.002304182738655369,0.002304182738655369,0.002304182738655369
2013-07-15,0.0030975331195471022,0.0030975331195471022,0.0030975331195471022,0.0030975331195471022,0.0030975331195471022
2013-07-16,-0.0018362638053733837,-0.0018362638053733837,-0.0018362638053733837,-0.0018362638053733837,-0.0018362638053733837
2013-07-17,0.0011547537677263243,0.0011547537677263243,0.0011547537677263243,0.0011547537677263243,0.0011547537677263243
2013-07-18,0.003273194978211913,0.003273194978211913,0.003273194978211913,0.003273194978211913,0.003273194978211913
2013-07-19,0.0028310412110054578,0.002831041211005458,0.002831041211005458,0.002831041211005458,0.002831041211005458
2013-07-22,0.004955850189327848,0.004955850189327848,0.004955850189327848,0.004955850189327848,0.004955850189327848
2013-07-23,-0.0015805455923137643,-0.0015805455923137645,-0.0015805455923137645,-0.0015805455923137645,-0.0015805455923137645
2013-07-24,-0.005353568694320454,-0.005353568694320454,-0.005353568694320454,-0.005353568694320454,-0.005353568694320454
2013-07-25,0.004020325788841483,0.004020325788841483,0.004020325788841483,0.004020325788841483,0.004020325788841483
2013-07-26,0.0015484147142242222,0.0015484147142242222,0.0015484147142242222,0.0015484147142242222,0.0015484147142242222
2013-07-29,-0.004322838518015381,-0.004322838518015381,-0.004322838518015381,-0.004322838518015381,-0.004322838518015381
2013-07-30,0.0005775242096510813,0.0005775242096510813,0.0005775242096510813,0.0005775242096510813,0.0005775242096510813
2013-07-31,0.0006950878620722301,0.0006950878620722301,0.0006950878620722301,0.0006950878620722301,0.0006950878620722301
2013-08-01,0.006163593109463826,0.006163593109463827,0.006163593109463827,0.006163593109463827,0.006163593109463827
2013-08-02,0.0019054216264175136,0.0019054216264175138,0.0019054216264175138,0.0019054216264175138,0.0019054216264175138
2013-08-05,-0.0016444813151749616,-0.0016444813151749616,-0.0016444813151749616,-0.0016444813151749616,-0.0016444813151749616
2013-08-06,-0.006378924575553324,-0.006378924575553324,-0.006378924575553324,-0.006378924575553324,-0.006378924575553324
2013-08-07,-0.0017269005993361456,-0.0017269005993361453,-0.0017269005993361453,-0.0017269005993361453,-0.0017269005993361453
2013-08-08,0.0049326342030029165,0.0049326342030029165,0.0049326342030029165,0.0049326342030029165,0.0049326342030029165
2013-08-09,-0.0025076823315328236,-0.0025076823315328236,-0.0025076823315328236,-0.0025076823315328236,-0.0025076823315328236
2013-08-12,0.00113145839712252,0.00113145839712252,0.00113145839712252,0.00113145839712252,0.00113145839712252
2013-08-13,0.0001994285797902617,0.00019942857979026173,0.00019942857979026173,0.00019942857979026173,0.00019942857979026173
2013-08-14,-0.002599344711110463,-0.002599344711110463,-0.002599344711110463,-0.002599344711110463,-0.002599344711110463
2013-08-15,-0.010958206561649817,-0.010958206561649819,-0.010958206561649819,-0.010958206561649819,-0.010958206561649819
2013-08-16,-0.0017814348921699752,-0.0017814348921699752,-0.0017814348921699752,-0.0017814348921699752,-0.0017814348921699752
2013-08-19,-0.005042993915895595,-0.006648962366362909,-0.006648962366362909,-0.0018310570149609683,-0.006648962366362909
2013-08-20,0.0036640785306763846,0.005496117796014577,0.005496117796014577,0.0,0.005496117796014577
2013-08-21,-0.0038418420754611437,-0.005762763113191715,-0.005762763113191715,0.0,-0.005762763113191715
2013-08-22,0.00608704463940648,0.00913056695910972,0.00913056695910972,0.0,0.00913056695910972
2013-08-23,0.005018411384390427,0.00600510460966106,0.00600510460966106,0.0030450249338491607,0.00600510460966106
2013-08-26,-0.0009641902914002022,-0.0009641902914002021,-0.0009641902914002021,-0.0009641902914002021,-0.0009641902914002021
2013-08-27,-0.009792987385783014,-0.011339520333027996,-0.011339520333027996,-0.006699921491293048,-0.011339520333027996
2013-08-28,0.001850962283923326,0.002776443425884989,0.002776443425884989,0.0,0.002776443425884989
2013-08-29,0.0014980865172317486,0.0022471297758476227,0.0022471297758476227,0.0,0.0022471297758476227
2013-08-30,-0.003454360174207882,-0.005181540261311823,-0.005181540261311823,0.0,-0.005181540261311823
2013-09-03,0.002737405817395603,0.004106108726093405,0.004106108726093405,0.0,0.004106108726093405
2013-09-04,0.003595177206098062,0.005392765809147093,0.005392765809147093,0.0,0.005392765809147093
2013-09-05,-0.0013423734011813366,-0.002013560101772005,-0.002013560101772005,0.0,-0.002013560101772005
2013-09-06,0.0016550569784697117,0.0024825854677045676,0.0024825854677045676,0.0,0.0024825854677045676
2013-09-09,0.005689368916359523,0.008534053374539285,0.008534053374539285,0.0,0.008534053374539285
2013-09-10,0.0022557293354401194,0.0032571912432423967,0.0032571912432423967,0.00025280551983556385,0.0032571912432423967
2013-09-11,0.0029914372844770387,0.0029914372844770387,0.0029914372844770387,0.0029914372844770387,0.0029914372844770387
2013-09-12,-0.0057311273893498995,-0.0057311273893498995,-0.0057311273893498995,-0.0057311273893498995,-0.0057311273893498995
2013-09-13,0.002362531180430594,0.002362531180430594,0.002362531180430594,0.002362531180430594,0.002362531180430594
2013-09-16,0.0014128737053100803,0.0014128737053100803,0.0014128737053100803,0.0014128737053100803,0.0014128737053100803
2013-09-17,0.004693371428307636,0.004693371428307636,0.004693371428307636,0.004693371428307636,0.004693371428307636
2013-09-18,0.013772901879063859,0.013772901879063859,0.013772901879063859,0.013772901879063859,0.013772901879063859
2013-09-19,-0.0019525471634732727,-0.0019525471634732727,-0.0019525471634732727,-0.0019525471634732727,-0.0019525471634732727
2013-09-20,-0.007096835519069898,-0.007096835519069899,-0.007096835519069899,-0.007096835519069899,-0.007096835519069899
2013-09-23,-0.0029219332214676214,-0.002921933221467621,-0.002921933221467621,-0.002921933221467621,-0.002921933221467621
2013-09-24,-0.0006498405139163888,-0.0006498405139163888,-0.0006498405139163888,-0.0006498405139163888,-0.0006498405139163888
2013-09-25,-0.0005603286868592239,-0.0005603286868592239,-0.0005603286868592239,-0.0005603286868592239,-0.0005603286868592239
2013-09-26,0.0011984517294802248,0.001492799260460398,0.001492799260460398,0.0006097566675198785,0.001492799260460398
2013-09-27,-0.0011070380604992546,-0.001660557090748882,-0.001660557090748882,0.0,-0.001660557090748882
2013-09-30,-0.003069462073887926,-0.004604193110831889,-0.004604193110831889,0.0,-0.004604193110831889
2013-10-01,0.0025045803303996414,0.0037568704955994623,0.0037568704955994623,0.0,0.0037568704955994623
2013-10-02,0.0007639889664623108,0.0011459834496934662,0.0011459834496934662,0.0,0.0011459834496934662
2013-10-03,-0.004943630620609903,-0.007415445930914854,-0.007415445930914854,0.0,-0.007415445930914854
2013-10-04,0.0036927598086261113,0.005539139712939167,0.005539139712939167,0.0,0.005539139712939167
2013-10-07,-0.004032848385808234,-0.00604927257871235,-0.00604927257871235,0.0,-0.00604927257871235
2013-10-08,-0.007482760690370541,-0.011224141035555812,-0.011224141035555812,0.0,-0.011224141035555812
2013-10-09,-0.001387037052481806,-0.002080555578722709,-0.002080555578722709,0.0,-0.002080555578722709
2013-10-10,0.010833415405266106,0.01625012310789916,0.01625012310789916,0.0,0.01625012310789916
2013-10-11,0.0034977565343087195,0.005246634801463079,0.005246634801463079,0.0,0.005246634801463079
2013-10-14,0.004741928838321685,0.0036330346895515732,0.0036330346895515732,0.006959717135861909,0.0036330346895515732
2013-10-15,-0.004737044349367547,-0.004737044349367547,-0.004737044349367547,-0.004737044349367547,-0.004737044349367547
2013-10-16,0.012940562905573485,0.012940562905573483,0.012940562905573483,0.012940562905573483,0.012940562905573483
2013-10-17,0.00808916590133658,0.00808916590133658,0.00808916590133658,0.00808916590133658,0.00808916590133658
2013-10-18,0.00599545881238608,0.005995458812386079,0.005995458812386079,0.005995458812386079,0.005995458812386079
2013-10-21,-0.0008467442643006806,-0.0008467442643006806,-0.0008467442643006806,-0.0008467442643006806,-0.0008467442643006806
2013-10-22,0.0060836617365492285,0.0060836617365492285,0.0060836617365492285,0.0060836617365492285,0.0060836617365492285
2013-10-23,-0.004855427805802381,-0.004855427805802381,-0.004855427805802381,-0.004855427805802381,-0.004855427805802381
2013-10-24,0.0033593283113341533,0.0033593283113341533,0.0033593283113341533,0.0033593283113341533,0.0033593283113341533
2013-10-25,0.004165860381404119,0.004165860381404119,0.004165860381404119,0.004165860381404119,0.004165860381404119
2013-10-28,0.000332513333011053,0.000332513333011053,0.000332513333011053,0.000332513333011053,0.000332513333011053
2013-10-29,0.003550492735608901,0.003550492735608901,0.003550492735608901,0.003550492735608901,0.003550492735608901
2013-10-30,-0.0049037576272163205,-0.0049037576272163205,-0.0049037576272163205,-0.0049037576272163205,-0.0049037576272163205
2013-10-31,-0.004815041840700585,-0.004815041840700585,-0.004815041840700585,-0.004815041840700585,-0.004815041840700585
2013-11-01,-0.0009240111888634163,-0.0009240111888634162,-0.0009240111888634162,-0.0009240111888634162,-0.0009240111888634162
2013-11-04,0.003511910183063327,0.003511910183063327,0.003511910183063327,0.003511910183063327,0.003511910183063327
2013-11-05,-0.004121667887176901,-0.00409933128710922,-0.00409933128710922,-0.004166341087312264,-0.00409933128710922
2013-11-06,0.0020232242272522887,0.003034836340878433,0.003034836340878433,0.0,0.003034836340878433
2013-11-07,-0.007010615620914577,-0.010515923431371865,-0.010515923431371865,0.0,-0.010515923431371865
2013-11-08,0.005219816491744914,0.007829724737617371,0.007829724737617371,0.0,0.007829724737617371
2013-11-11,1.4904533550685883e-05,-3.870549896496378e-05,-3.870549896496378e-05,0.0001221245985819852,-3.870549896496378e-05
2013-11-12,-0.002467733850862208,-0.002467733850862208,-0.002467733850862208,-0.002467733850862208,-0.002467733850862208
2013-11-13,0.007264717195669369,0.007264717195669368,0.007264717195669368,0.007264717195669368,0.007264717195669368
2013-11-14,0.004947631436798938,0.004947631436798938,0.004947631436798938,0.004947631436798938,0.004947631436798938
2013-11-15,0.0025473424717520786,0.003600013605844543,0.003600013605844543,0.00044200020356714996,0.003600013605844543
2013-11-18,-0.002743708170580842,-0.004115562255871263,-0.004115562255871263,0.0,-0.004115562255871263
2013-11-19,-0.0017166395601607043,-0.0018373536887319574,-0.0018373536887319574,-0.001475211303018198,-0.0018373536887319574
2013-11-20,-0.005498259660139959,-0.005498259660139959,-0.005498259660139959,-0.005498259660139959,-0.005498259660139959
2013-11-21,0.007963290584909822,0.007963290584909822,0.007963290584909822,0.007963290584909822,0.007963290584909822
2013-11-22,0.004924134667604552,0.004924134667604552,0.004924134667604552,0.004924134667604552,0.004924134667604552
2013-11-25,0.0007649997393601281,0.0007649997393601282,0.0007649997393601282,0.0007649997393601282,0.0007649997393601282
2013-11-26,0.0007840049548608286,0.0007840049548608286,0.0007840049548608286,0.0007840049548608286,0.0007840049548608286
2013-11-27,0.0015987123033909922,0.0015987123033909922,0.0015987123033909922,0.0015987123033909922,0.0015987123033909922
2013-11-29,0.0013430958481805866,0.0013430958481805866,0.0013430958481805866,0.0013430958481805866,0.0013430958481805866
2013-12-02,-0.005674135903476751,-0.005674135903476751,-0.005674135903476751,-0.005674135903476751,-0.005674135903476751
2013-12-03,-0.002303908619293826,-0.002303908619293826,-0.002303908619293826,-0.002303908619293826,-0.002303908619293826
2013-12-04,6.261597445840205e-05,6.261597445840205e-05,6.261597445840205e-05,6.261597445840205e-05,6.261597445840205e-05
2013-12-05,-0.004340332905724975,-0.004340332905724975,-0.004340332905724975,-0.004340332905724975,-0.004340332905724975
2013-12-06,0.00828753711025454,0.00828753711025454,0.00828753711025454,0.00828753711025454,0.00828753711025454
2013-12-09,0.002973077925435086,0.002973077925435086,0.002973077925435086,0.002973077925435086,0.002973077925435086
2013-12-10,-0.00045263776592231465,-0.00045263776592231465,-0.00045263776592231465,-0.00045263776592231465,-0.00045263776592231465
2013-12-11,-0.011903583743148793,-0.011903583743148793,-0.011903583743148793,-0.011903583743148793,-0.011903583743148793
2013-12-12,-0.004367471981562976,-0.004367471981562976,-0.004367471981562976,-0.004367471981562976,-0.004367471981562976
2013-12-13,0.0015631990527553488,0.0012302532162520087,0.0022290907257620286,0.0012302532162520087,0.0012302532162520087
2013-12-16,0.0038098801584947714,0.005714820237742157,0.0,0.005714820237742157,0.005714820237742157
2013-12-17,-0.0019322375873186267,-0.00289835638097794,0.0,-0.00289835638097794,-0.00289835638097794
2013-12-18,0.01121176354383877,0.011832864576683044,0.009969561478150224,0.011832864576683044,0.011832864576683044
2013-12-19,-0.0033930338418321306,-0.003429956889997554,-0.0033191877455012843,-0.003429956889997554,-0.003429956889997554
2013-12-20,0.0054651067813979255,0.008197660172096888,0.0,0.008197660172096888,0.008197660172096888
2013-12-23,0.0029844114623913155,0.004476617193586973,0.0,0.004476617193586973,0.004476617193586973
2013-12-24,0.0009843801200722405,0.001476570180108361,0.0,0.001476570180108361,0.001476570180108361
2013-12-26,0.0025003213910297067,0.00375048208654456,0.0,0.00375048208654456,0.00375048208654456
2013-12-27,-1.4464677287791734e-07,-2.1697015931687602e-07,0.0,-2.1697015931687602e-07,-2.1697015931687602e-07
2013-12-30,-0.001909155610836936,-0.0018737747286561412,-0.0019799173751985253,-0.0018737747286561412,-0.0018737747286561412
2013-12-31,0.003962550234662942,0.003962550234662942,0.003962550234662942,0.003962550234662942,0.003962550234662942
2014-01-02,-0.0034145368060782724,-0.005235935066806108,-0.005235935066806108,0.00022825971537739908,-0.005235935066806108
2014-01-03,0.0003217935081321066,0.0011125011656393346,0.0011125011656393346,-0.0012596218068823494,0.0011125011656393346
2014-01-06,-0.001473002237340948,-0.0015346190655562975,-0.0015346190655562975,-0.0013497685809102488,-0.0015346190655562975
2014-01-07,0.005632136947888133,0.00548737924258017,0.00548737924258017,0.005921652358504059,0.00548737924258017
2014-01-08,-0.00031324750812159466,-0.0003615899013532764,-0.0003615899013532764,-0.0002165627216582311,-0.0003615899013532764
2014-01-09,0.0004594194188743813,0.0006891291283115719,0.0006891291283115719,0.0,0.0006891291283115719
2014-01-10,0.002890064342366916,0.004335096513550374,0.004335096513550374,0.0,0.004335096513550374
2014-01-13,-0.00640199098475646,-0.00960298647713469,-0.00960298647713469,0.0,-0.00960298647713469
2014-01-14,0.005775310755697298,0.008662966133545946,0.008662966133545946,0.0,0.008662966133545946
2014-01-15,0.003010034960559982,0.0045150524408399725,0.0045150524408399725,0.0,0.0045150524408399725
2014-01-16,9.876438732010495e-05,0.00014814658098015742,0.00014814658098015742,0.0,0.00014814658098015742
2014-01-17,-0.0006469613300190617,-0.0009704419950285926,-0.0009704419950285926,0.0,-0.0009704419950285926
2014-01-21,0.0016639429637778462,0.0024959144456667692,0.0024959144456667692,0.0,0.0024959144456667692
2014-01-22,0.0003215363973569252,0.0004823045960353878,0.0004823045960353878,0.0,0.0004823045960353878
2014-01-23,-0.0019861538688197436,-0.0029792308032296154,-0.0029792308032296154,0.0,-0.0029792308032296154
2014-01-24,-0.01081816748834518,-0.01622725123251777,-0.01622725123251777,0.0,-0.01622725123251777
2014-01-27,-0.005145843371293039,-0.007718765056939558,-0.007718765056939558,0.0,-0.007718765056939558
2014-01-28,0.003495728717787538,0.0052435930766813075,0.0052435930766813075,0.0,0.0052435930766813075
2014-01-29,-0.003984357932652941,-0.005976536898979412,-0.005976536898979412,0.0,-0.005976536898979412
2014-01-30,0.004921669433620201,0.0073825041504303026,0.0073825041504303026,0.0,0.0073825041504303026
2014-01-31,-0.003105038832417232,-0.004657558248625848,-0.004657558248625848,0.0,-0.004657558248625848
2014-02-03,-0.010568144729232376,-0.015852217093848563,-0.015852217093848563,0.0,-0.015852217093848563
2014-02-04,0.003054339254467823,0.004581508881701735,0.004581508881701735,0.0,0.004581508881701735
2014-02-05,-0.0021952698997299495,-0.003292904849594924,-0.003292904849594924,0.0,-0.003292904849594924
2014-02-06,0.005928512525112684,0.008892768787669026,0.008892768787669026,0.0,0.008892768787669026
2014-02-07,0.007632301392339613,0.01144845208850942,0.01144845208850942,0.0,0.01144845208850942
2014-02-10,0.001689064315685192,0.002533596473527788,0.002533596473527788,0.0,0.002533596473527788
2014-02-11,0.006603457713419266,0.009905186570128899,0.009905186570128899,0.0,0.009905186570128899
2014-02-12,0.00019954040563945343,0.00029931060845918013,0.00029931060845918013,0.0,0.00029931060845918013
2014-02-13,0.004396823835287892,0.006595235752931838,0.006595235752931838,0.0,0.006595235752931838
2014-02-14,0.003390510952672073,0.00508576642900811,0.00508576642900811,0.0,0.00508576642900811
2014-02-18,0.0023896185323155923,0.0035844277984733884,0.0035844277984733884,0.0,0.0035844277984733884
2014-02-19,-0.004289539628883358,-0.006434309443325037,-0.006434309443325037,0.0,-0.006434309443325037
2014-02-20,0.0037458017613338852,0.005618702642000828,0.005618702642000828,0.0,0.005618702642000828
2014-02-21,-0.00042905744991767283,-0.0006435861748765092,-0.0006435861748765092,0.0,-0.0006435861748765092
2014-02-24,0.00439397099312074,0.00659095648968111,0.00659095648968111,0.0,0.00659095648968111
2014-02-25,-0.00017184288406765595,-0.00025776432610148393,-0.00025776432610148393,0.0,-0.00025776432610148393
2014-02-26,-0.00017282684347823542,-0.0002592402652173531,-0.0002592402652173531,0.0,-0.0002592402652173531
2014-02-27,0.0031804084711891446,0.004770612706783717,0.004770612706783717,0.0,0.004770612706783717
2014-02-28,0.0005067639038516185,0.0007601458557774277,0.0007601458557774277,0.0,0.0007601458557774277
2014-03-03,-0.0022634914575285253,-0.003395237186292788,-0.003395237186292788,0.0,-0.003395237186292788
2014-03-04,0.006744837471538149,0.010117256207307223,0.010117256207307223,0.0,0.010117256207307223
2014-03-05,0.0003446305116342474,0.0005169457674513711,0.0005169457674513711,0.0,0.0005169457674513711
2014-03-06,0.000762253318296254,0.001143379977444381,0.001143379977444381,0.0,0.001143379977444381
2014-03-07,-0.0011345627280648694,-0.0017018440920973043,-0.0017018440920973043,0.0,-0.0017018440920973043
2014-03-10,8.01576203972217e-05,0.00012023643059583256,0.00012023643059583256,0.0,0.00012023643059583256
2014-03-11,-0.002471926884917027,-0.0037078903273755404,-0.0037078903273755404,0.0,-0.0037078903273755404
2014-03-12,-3.2258605002814335e-05,0.0027314847625929395,0.0027314847625929395,0.0,-0.0028282605776013825
2014-03-13,-0.0027244691829771558,-0.008173407548931467,-0.008173407548931467,0.0,0.0
2014-03-14,-0.0006019462413715944,-0.0018058387241147833,-0.0018058387241147833,0.0,0.0
2014-03-17,0.001731844926820647,0.0051955347804619415,0.0051955347804619415,0.0,0.0
2014-03-18,0.002412287383684105,0.007236862151052315,0.007236862151052315,0.0,0.0
2014-03-19,-0.002206067491748883,-0.006618202475246649,-0.006618202475246649,0.0,0.0
2014-03-20,0.0013554626930937267,0.00406638807928118,0.00406638807928118,0.0,0.0
2014-03-21,-0.0009198049576015148,-0.0027594148728045443,-0.0027594148728045443,0.0,0.0
2014-03-24,-0.0016891252822277842,-0.005067375846683353,-0.005067375846683353,0.0,0.0
2014-03-25,0.0011572735761501936,0.0034718207284505807,0.0034718207284505807,0.0,0.0
2014-03-26,-0.0024156594846033532,-0.00724697845381006,-0.00724697845381006,0.0,0.0
2014-03-27,-0.0005064458343959114,-0.0015193375031877343,-0.0015193375031877343,0.0,0.0
2014-03-28,0.0006750863867938402,0.0020252591603815207,0.0020252591603815207,0.0,0.0
2014-03-31,0.0021125143305240437,0.0063375429915721315,0.0063375429915721315,0.0,0.0
2014-04-01,0.0019080434944544957,0.005724130483363487,0.005724130483363487,0.0,0.0
2014-04-02,0.0008508007614124921,0.002552402284237476,0.002552402284237476,0.0,0.0
2014-04-03,-0.0006945717498980615,-0.0020837152496941845,-0.0020837152496941845,0.0,0.0
2014-04-04,-0.0033191856961119408,-0.009957557088335822,-0.009957557088335822,0.0,0.0
2014-04-07,-0.003158941215458433,-0.0094768236463753,-0.0094768236463753,0.0,0.0
2014-04-08,0.0015148770409998626,0.0045446311229995874,0.0045446311229995874,0.0,0.0
2014-04-09,0.003271826510997781,0.009815479532993342,0.009815479532993342,0.0,0.0
2014-04-10,-0.005576307565500903,-0.01752315533083911,-0.01752315533083911,0.0007942326343364003,0.0
2014-04-11,-0.0031135750618431434,-0.007154148076402178,-0.007154148076402178,-0.0021865771091272523,0.0
2014-04-14,0.004464022212997287,0.006927469065616055,0.006927469065616055,0.006464597573375808,0.0
2014-04-15,0.002987399971688176,0.004598180484135528,0.004598180484135528,0.004364019430929,0.0
2014-04-16,0.0045044090110960035,0.00811210804642759,0.00811210804642759,0.0054011189868604205,0.0
2014-04-17,-0.00033992719409067974,-0.00020789044275979496,-0.00020789044275979496,-0.0008118911395122441,0.0
2014-04-21,0.0010259956272382928,0.0034123327665471883,0.0034123327665471883,-0.00033434588483230996,0.0
2014-04-22,0.0015725037504605557,0.004751211066265737,0.004751211066265737,-3.369981488406948e-05,0.0
2014-04-23,-0.000516282610678583,-0.0021036340486594194,-0.0021036340486594194,0.0005547862166236705,0.0
2014-04-24,0.0008394269858805499,0.0023812667717537316,0.0023812667717537316,0.00013701418588791815,0.0
2014-04-25,-0.002379562805887851,-0.007578167882978726,-0.007578167882978726,0.00043947946531517343,0.0
2014-04-28,0.0008107387446618171,0.0007578714933526354,0.0024322162339854513,0.0,0.0
2014-04-29,0.0007110855683008954,0.004579006859599078,0.002133256704902686,0.0,0.0
2014-04-30,0.0006145224219853899,0.0018435672659561698,0.0018435672659561698,0.0,0.0
2014-05-01,0.0003885965813849035,0.0011657897441547105,0.0011657897441547105,0.0,0.0
2014-05-02,4.0975166684450076e-05,0.00012292550005335023,0.00012292550005335023,0.0,0.0
2014-05-05,0.0007553461286620933,0.00226603838598628,0.00226603838598628,0.0,0.0
2014-05-06,-0.0025247129868618654,-0.0075741389605855965,-0.0075741389605855965,0.0,0.0
2014-05-07,0.0006372581574853246,0.0019117744724559738,0.0019117744724559738,0.0,0.0
2014-05-08,-0.0009522046917394517,-0.0028566140752183554,-0.0028566140752183554,0.0,0.0
2014-05-09,0.0006195921955477727,0.001858776586643318,0.001858776586643318,0.0,0.0
2014-05-12,0.003298028388977544,0.009894085166932631,0.009894085166932631,0.0,0.0
2014-05-13,0.00013787051283684995,0.0004136115385105499,0.0004136115385105499,0.0,0.0
2014-05-14,-0.0007339470277015536,-0.0022018410831046607,-0.0022018410831046607,0.0,0.0
2014-05-15,-0.002397885535002253,-0.00719365660500676,-0.00719365660500676,0.0,0.0
2014-05-16,0.0007627829908075941,0.0022883489724227824,0.0022883489724227824,0.0,0.0
2014-05-19,0.0012046849937289031,0.0036140549811867094,0.0036140549811867094,0.0,0.0
2014-05-20,-0.0017122043459033896,-0.005136613037710169,-0.005136613037710169,0.0,0.0
2014-05-21,0.0019082250056554617,0.005724675016966385,0.005724675016966385,0.0,0.0
2014-05-22,0.0010247282842595943,0.003074184852778783,0.003074184852778783,0.0,0.0
2014-05-23,0.001342490486830587,0.0040274714604917605,0.0040274714604917605,0.0,0.0
2014-05-27,0.0015571066237145955,0.004671319871143787,0.004671319871143787,0.0,0.0
2014-05-28,-0.00032982595309974193,-0.0009894778592992259,-0.0009894778592992259,0.0,0.0
2014-05-29,0.001443985715413824,0.0036241551998780095,0.0036241551998780095,0.0007078019463634622,0.0
2014-05-30,-0.00029511989799851555,-0.00012756628935429727,-0.00012756628935429727,-0.0007577934046412493,0.0
2014-06-02,-0.0009383532530799007,-0.0015942899030802703,-0.0006906540108725489,-0.002124405748367153,0.0
2014-06-03,-0.0002444040966007699,-0.0009096072197965932,0.0,-0.0007332122898023097,0.0
2014-06-04,0.0002653583342998367,0.0014836886021264207,0.0,0.0007960750028995101,0.0
2014-06-05,0.0028851730748724307,0.0072835304535247445,0.005251328065682803,0.003404191158934489,0.0
2014-06-06,0.000906161040800894,0.004361105383656916,0.0023752180666898994,0.0003432650557127825,0.0
2014-06-09,-4.777811082730491e-05,0.0012840272582485767,0.0,-0.00014333433248191473,0.0
2014-06-10,-0.00012267022595138604,0.00047402097720615765,0.0,-0.0003680106778541581,0.0
2014-06-11,6.004379596800113e-05,-0.0018761256330854237,0.0,0.0001801313879040034,0.0
2014-06-12,0.000296716506924725,-0.0025995976549108347,0.0,0.000890149520774175,0.0
2014-06-13,-0.00020668517831663087,0.00267092228701471,0.0,-0.0006200555349498926,0.0
2014-06-16,0.0,0.0008199525024288779,0.0,0.0,0.0
2014-06-17,0.0,0.001454290557535265,0.0,0.0,0.0
2014-06-18,0.0,0.006272367934905865,0.0,0.0,0.0
2014-06-19,0.0,0.0031580127488235908,0.0,0.0,0.0
2014-06-20,0.0,0.003260455095500303,0.0,0.0,0.0
2014-06-23,0.0,0.0001448258932811197,0.0,0.0,0.0
2014-06-24,0.0,-0.0044819914901073395,0.0,0.0,0.0
2014-06-25,0.0,0.004776071040116858,0.0,0.0,0.0
2014-06-26,0.0,-0.0002484481723053933,0.0,0.0,0.0
2014-06-27,0.0,0.0018932728402508369,0.0,0.0,0.0
2014-06-30,0.0,0.0013123049632431604,0.0,0.0,0.0
2014-07-01,0.0,0.005420370345021486,0.0,0.0,0.0
2014-07-02,0.0,-0.0004370790119134438,0.0,0.0,0.0
2014-07-03,0.0004656697888716699,0.003584508848250678,0.0013970093666150097,0.0,0.0
2014-07-07,-0.0006613640138322737,-0.003950885832553508,-0.001984092041496821,0.0,0.0
2014-07-08,0.0,-0.005364315159584687,0.0,0.0,0.0
2014-07-09,0.000585860470730785,0.004281830479037074,0.001757581412192355,0.0,0.0
2014-07-10,-0.002839093693317788,-0.0035327144913665396,-0.008517281079953365,0.0,0.0
2014-07-11,0.00025866633758077443,0.0017563970172600253,0.0007759990127423233,0.0,0.0
2014-07-14,0.000658715932115539,0.001976147796346617,0.001976147796346617,0.0,0.0
2014-07-15,-0.001127498653611314,-0.003382495960833942,-0.003382495960833942,0.0,0.0
2014-07-16,0.0012448842924381938,0.003724871481766112,0.0037346528773145814,0.0,0.0
2014-07-17,-0.002146836157620302,-0.007208381730418845,-0.006440508472860906,0.0,0.0
2014-07-18,0.0026838387312585585,0.008051516193775676,0.008051516193775676,0.0,0.0
2014-07-21,-0.0007692087991573912,-0.0009291983500161249,-0.0023076263974721734,0.0,0.0
2014-07-22,0.0,0.004704322737029687,0.0,0.0,0.0
2014-07-23,0.0,0.002500588622888944,0.0,0.0,0.0
2014-07-24,0.0,-0.002113486961765709,0.0,0.0,0.0
2014-07-25,0.0,-0.0019753857252980843,0.0,0.0,0.0
2014-07-28,0.0,-0.0005112863651944077,0.0,0.0,0.0
2014-07-29,0.0,-0.001537186755648401,0.0,0.0,0.0
2014-07-30,0.0,-0.0007071143379261291,0.0,0.0,0.0
2014-07-31,0.0,-0.017780993922069832,0.0,0.0,0.0
2014-08-01,0.0,-0.002103150756701455,0.0,0.0,0.0
2014-08-04,0.0,0.005818686235034054,0.0,0.0,0.0
2014-08-05,0.0,-0.007735130139561475,0.0,0.0,0.0
2014-08-06,0.0,0.0022966611722419874,0.0,0.0,0.0
2014-08-07,0.0,-0.0031779674313735518,0.0,0.0,0.0
2014-08-08,0.0,0.008240153136578342,0.0,0.0,0.0
2014-08-11,0.0,0.002310630888114895,0.0,0.0,0.0
2014-08-12,0.0,-0.002177012523549715,0.0,0.0,0.0
2014-08-13,0.0,0.006896443068236469,0.0,0.0,0.0
2014-08-14,0.0,0.0038038020535699378,0.0,0.0,0.0
2014-08-15,0.0,0.0007864975860841117,0.0,0.0,0.0
2014-08-18,0.0,0.005775905561272854,0.0,0.0,0.0
2014-08-19,0.0,0.0036190068640770123,0.0,0.0,0.0
2014-08-20,0.0,0.00019281441095834185,0.0,0.0,0.0
2014-08-21,0.0,0.002413901846657007,0.0,0.0,0.0
2014-08-22,0.0,-0.0002577116691088288,0.0,0.0,0.0
2014-08-25,0.0,0.004393733761320695,0.0,0.0,0.0
2014-08-26,0.0,0.002566112773737539,0.0,0.0,0.0
2014-08-27,0.0,8.584050808698728e-05,0.0,0.0,0.0
2014-08-28,0.0,-0.0002060632083894176,0.0,0.0,0.0
2014-08-29,0.0004316370606970099,0.003080098311257118,0.0012949111820910297,0.0,0.0
2014-09-02,-0.0012659468985663834,-0.0037978406956991504,-0.0037978406956991504,0.0,0.0
2014-09-03,-7.387636099355961e-05,-0.00022162908298067885,-0.00022162908298067885,0.0,0.0
2014-09-04,-0.001412417840686327,-0.004237253522058981,-0.004237253522058981,0.0,0.0
2014-09-05,0.0012953938300393967,0.0038861814901181902,0.0038861814901181902,0.0,0.0
2014-09-08,-0.0008064716031409716,-0.002419414809422915,-0.002419414809422915,0.0,0.0
2014-09-09,-0.001867695291813831,-0.0056030858754414934,-0.0056030858754414934,0.0,0.0
2014-09-10,0.0008524478523425083,0.002557343557027525,0.002557343557027525,0.0,0.0
2014-09-11,-4.483462808887451e-05,-0.00013450388426662353,-0.00013450388426662353,0.0,0.0
2014-09-12,-0.0024025468788292518,-0.007207640636487755,-0.007207640636487755,0.0,0.0
2014-09-15,-0.0016551252731658364,-0.001716103510393119,-0.001716103510393119,-0.0032492723091043898,0.0
2014-09-16,0.0040264454476061085,0.006039668171409163,0.006039668171409163,0.006039668171409163,0.0
2014-09-17,-0.00037576345052498335,-0.0005208648963040297,-0.0005208648963040297,-0.0006064254552709203,0.0
2014-09-18,0.001773898338369384,0.0048172685298334406,0.0048172685298334406,0.0005044264852747116,0.0
2014-09-19,-2.5661488535333454e-05,-0.0010299212651034729,-0.0010299212651034729,0.0009529367994974725,0.0
2014-09-22,-0.0029410061696376645,-0.007148996179138489,-0.007148996179138489,-0.0016740223297745048,0.0
2014-09-23,-0.0008853450164799066,-0.0030056242262014197,-0.0030056242262014197,0.00034958917676169987,0.0
2014-09-24,0.0017787888650475164,0.005707478559775247,0.005707478559775247,-0.0003711119646326977,0.0
2014-09-25,-0.0046668419403180705,-0.012471569521651515,-0.012471569521651515,-0.0015289562993026974,0.0
2014-09-26,0.00272297945128146,0.006880461818567496,0.006880461818567496,0.0012884765352768834,0.0
2014-09-29,-0.00029260569256845574,-0.0006494686368590074,-0.0006494686368590074,-0.00022834844084635987,0.0
2014-09-30,-0.0019912438528848424,-0.00472061334046372,-0.00472061334046372,-0.0012531182181908073,0.0
2014-10-01,-0.003750052761432717,-0.009208639625162551,-0.009208639625162551,-0.0020415186591355994,0.0
2014-10-02,-0.00032486827432893405,-0.0004564149906142956,-0.0004564149906142956,-0.0005181898323725065,0.0
2014-10-03,0.002224878311185715,0.00683316637635778,0.00683316637635778,-0.00015853144280063568,0.0
2014-10-06,-0.00016414652075509293,-0.0006058561080092062,-0.0006058561080092062,0.00011341654574392734,0.0
2014-10-07,-0.004005329590091089,-0.010713196672238768,-0.010713196672238768,-0.0013027920980344999,0.0
2014-10-08,0.005510898075080591,0.015557055761419525,0.015557055761419525,0.0009756384638222482,0.0
2014-10-09,-0.007235016633782887,-0.018033318714598966,-0.018033318714598966,-0.003671731186749694,0.0
2014-10-10,-0.0037870946917990087,-0.009957025683109444,-0.009957025683109444,-0.0014042583922875829,0.0
2014-10-13,-0.004707955226332731,-0.011035878090618668,-0.011035878090618668,-0.003087987588379526,0.0
2014-10-14,-0.00019885108111898547,0.0006631721461520246,0.0006631721461520246,-0.001259725389508981,0.0
2014-10-15,-0.0007203378621100876,-0.0029239856522036757,-0.0029239856522036757,0.000762972065873413,0.0
2014-10-16,0.0007525991998660442,0.00047026104897051056,0.00047026104897051056,0.001787536550627622,0.0
2014-10-17,0.0032256383252798042,0.007886371720641517,0.007886371720641517,0.0017905432551978961,0.0
2014-10-20,0.002728092529872465,0.008184277589617395,0.008184277589617395,0.0,0.0
2014-10-21,0.0054899746703495405,0.01646992401104862,0.01646992401104862,0.0,0.0
2014-10-22,-0.0025851758547302778,-0.007755527564190834,-0.007755527564190834,0.0,0.0
2014-10-23,0.0032607407974601156,0.009782222392380347,0.009782222392380347,0.0,0.0
2014-10-24,0.001792092330386989,0.005376276991160967,0.005376276991160967,0.0,0.0
2014-10-27,-0.0006207410133977113,-0.0018622230401931339,-0.0018622230401931339,0.0,0.0
2014-10-28,0.003814014441662742,0.011442043324988226,0.011442043324988226,0.0,0.0
2014-10-29,-0.0005287512695673402,-0.0015862538087020206,-0.0015862538087020206,0.0,0.0
2014-10-30,0.0014658100161909382,0.004397430048572815,0.004397430048572815,0.0,0.0
2014-10-31,0.0025831248417670706,0.007749374525301211,0.007749374525301211,0.0,0.0
2014-11-03,-0.0003295459502715592,-0.0009886378508146775,-0.0009886378508146775,0.0,0.0
2014-11-04,-0.0009130408174497544,-0.002739122452349263,-0.002739122452349263,0.0,0.0
2014-11-05,0.0005780650480407397,0.0017341951441222192,0.0017341951441222192,0.0,0.0
2014-11-06,0.0015098191204279243,0.002992568609986546,0.002992568609986546,0.0015368887512972273,0.0
2014-11-07,0.0029022591514868564,0.004565696722541224,0.004565696722541224,0.004141080731919345,0.0
2014-11-10,-0.0005763436295476783,-0.0008413154217467467,-0.0008413154217467467,-0.0008877154668962883,0.0
2014-11-11,0.0011787809296103051,0.002405029722640084,0.002405029722640084,0.0011313130661908311,0.0
2014-11-12,-0.0005864564884008587,-0.0009540605094158882,-0.0009540605094158882,-0.0008053089557866877,0.0
2014-11-13,-0.0005452690183774218,-0.0005996173987311337,-0.0005996173987311337,-0.0010361896564011319,0.0
2014-11-14,0.0018803569747564142,0.0036642472574131223,0.0036642472574131223,0.00197682366685612,0.0
2014-11-17,-0.0010597800584624857,-0.0018301957397397818,-0.0018301957397397818,-0.0013491444356476755,0.0
2014-11-18,0.0030073890040084018,0.00568873051728922,0.00568873051728922,0.003333436494735986,0.0
2014-11-19,-0.0020238054021353923,-0.004407018689018094,-0.004407018689018094,-0.001664397517388083,0.0
2014-11-20,0.0020278841633454983,0.004816532728907197,0.004816532728907197,0.0012671197611292984,0.0
2014-11-21,0.0020654338469070052,0.00483855426291877,0.00483855426291877,0.001357747277802246,0.0
2014-11-24,0.0010274886450126715,0.0030824659350380144,0.0030824659350380144,0.0,0.0
2014-11-25,-7.280641225893743e-05,-0.0002184192367768123,-0.0002184192367768123,0.0,0.0
2014-11-26,0.0005745676697748429,0.0017237030093245286,0.0017237030093245286,0.0,0.0
2014-11-28,-0.0027630939090624047,-0.008289281727187214,-0.008289281727187214,0.0,0.0
2014-12-01,-0.0006611521665819169,-0.0019834564997457506,-0.0019834564997457506,0.0,0.0
2014-12-02,0.0012502102493741247,0.0037506307481223744,0.0037506307481223744,0.0,0.0
2014-12-03,0.0017881682054370351,0.005364504616311105,0.005364504616311105,0.0,0.0
2014-12-04,-0.00037686916685456543,-0.0011306075005636962,-0.0011306075005636962,0.0,0.0
2014-12-05,-4.940380116332799e-05,-0.00014821140348998397,-0.00014821140348998397,0.0,0.0
2014-12-08,-0.001666637947436167,-0.004999913842308501,-0.004999913842308501,0.0,0.0
2014-12-09,0.0015332379098931999,0.0045997137296796,0.0045997137296796,0.0,0.0
2014-12-10,-0.004561427627703737,-0.01368428288311121,-0.01368428288311121,0.0,0.0
2014-12-11,0.0009623113147635643,0.002886933944290693,0.002886933944290693,0.0,0.0
2014-12-12,-0.003779746760613852,-0.011339240281841556,-0.011339240281841556,0.0,0.0
2014-12-15,-0.003180789926575818,-0.009542369779727455,-0.009542369779727455,0.0,0.0
2014-12-16,-0.001313127683302314,-0.003939383049906942,-0.003939383049906942,0.0,0.0
2014-12-17,0.005719856783251483,0.01715957034975445,0.01715957034975445,0.0,0.0
2014-12-18,0.00586928432788079,0.01760785298364237,0.01760785298364237,0.0,0.0
2014-12-19,0.0019526998558891024,0.0058580995676673076,0.0058580995676673076,0.0,0.0
2014-12-22,0.0001586588258100985,0.00047597647743029546,0.00047597647743029546,0.0,0.0
2014-12-23,-0.0005959218709298016,-0.001787765612789405,-0.001787765612789405,0.0,0.0
2014-12-24,0.00023461434840021944,0.0007038430452006583,0.0007038430452006583,0.0,0.0
2014-12-26,0.0016953296132929804,0.005085988839878941,0.005085988839878941,0.0,0.0
2014-12-29,0.0002683592135765892,0.0008050776407297677,0.0008050776407297677,0.0,0.0
2014-12-30,-0.0008646567360926838,-0.002593970208278051,-0.002593970208278051,0.0,0.0
2014-12-31,-0.002894355283134483,-0.008683065849403449,-0.008683065849403449,0.0,0.0
2015-01-02,0.0004315258945610689,0.0012945776836832067,0.0012945776836832067,0.0,0.0
2015-01-05,-0.003849770587459904,-0.011549311762379711,-0.011549311762379711,0.0,0.0
2015-01-06,-0.0021467475870162807,-0.0064402427610488425,-0.0064402427610488425,0.0,0.0
2015-01-07,0.002902836944953994,0.008708510834861983,0.008708510834861983,0.0,0.0
2015-01-08,0.004363600119259333,0.013090800357777998,0.013090800357777998,0.0,0.0
2015-01-09,-0.0014644653739950978,-0.004393396121985293,-0.004393396121985293,0.0,0.0
2015-01-12,-0.0019536719087090535,-0.005861015726127161,-0.005861015726127161,0.0,0.0
2015-01-13,-0.0007879297023723328,-0.0023637891071169983,-0.0023637891071169983,0.0,0.0
2015-01-14,-0.0012949375128474975,-0.0038848125385424924,-0.0038848125385424924,0.0,0.0
2015-01-15,-0.0017497531135947729,-0.005249259340784318,-0.005249259340784318,0.0,0.0
2015-01-16,0.0041595963562857255,0.012478789068857177,0.012478789068857177,0.0,0.0
2015-01-20,0.0013182243156097619,0.003954672946829285,0.003954672946829285,0.0,0.0
2015-01-21,0.0008274491591601466,0.00248234747748044,0.00248234747748044,0.0,0.0
2015-01-22,0.004353743421199178,0.013061230263597534,0.013061230263597534,0.0,0.0
2015-01-23,-0.0010144312794008773,-0.003043293838202632,-0.003043293838202632,0.0,0.0
2015-01-26,0.0006280213088674399,0.0018840639266023197,0.0018840639266023197,0.0,0.0
2015-01-27,-0.0031620696628708992,-0.009486208988612698,-0.009486208988612698,0.0,0.0
2015-01-28,-0.0036944006921940924,-0.011083202076582277,-0.011083202076582277,0.0,0.0
2015-01-29,0.001556832947794562,0.004670498843383686,0.004670498843383686,0.0,0.0
2015-01-30,-0.0017319190114029864,-0.005195757034208959,-0.005195757034208959,0.0,0.0
2015-02-02,0.0030436002393864642,0.009130800718159393,0.009130800718159393,0.0,0.0
2015-02-03,0.0029823174155264955,0.008946952246579487,0.008946952246579487,0.0,0.0
2015-02-04,-0.0010258062109895995,-0.003077418632968798,-0.003077418632968798,0.0,0.0
2015-02-05,0.002818083469447241,0.008454250408341723,0.008454250408341723,0.0,0.0
2015-02-06,-0.002004056885826396,-0.006012170657479188,-0.006012170657479188,0.0,0.0
2015-02-09,-0.001184531372998839,-0.003553594118996517,-0.003553594118996517,0.0,0.0
2015-02-10,0.0021965857963456184,0.006589757389036855,0.006589757389036855,0.0,0.0
2015-02-11,-0.00027585955617074703,-0.000827578668512241,-0.000827578668512241,0.0,0.0
2015-02-12,0.0026081395049751635,0.00782441851492549,0.00782441851492549,0.0,0.0
2015-02-13,0.001577183833638799,0.004731551500916397,0.004731551500916397,0.0,0.0
2015-02-17,-0.0003613613920229815,-0.0010840841760689445,-0.0010840841760689445,0.0,0.0
2015-02-18,-0.00017247438226832096,-0.0005174231468049629,-0.0005174231468049629,0.0,0.0
2015-02-19,-0.0002462010598440978,-0.0011426685291191286,-0.0011426685291191286,0.0004040653495868352,0.0
2015-02-20,0.001662683900473246,0.0039437516542009995,0.0039437516542009995,0.001044300047218738,0.0
2015-02-23,0.0005391863588327218,0.00121135912292617,0.00121135912292617,0.0004061999535719951,0.0
2015-02-24,0.0010506360726487214,0.003144987422529044,0.003144987422529044,6.920795417120207e-06,0.0
2015-02-25,0.000561342736171592,0.000502794626982217,0.000502794626982217,0.0007971870381039525,0.00038404654342860667
2015-02-26,-0.0007514973407714712,-0.001458552466078178,-0.001458552466078178,0.0006626129098419419,-0.001458552466078178
2015-02-27,-0.0021044693962624836,-0.0024956121484133397,-0.0024956121484133397,-0.0013221838919607709,-0.0024956121484133397
2015-03-02,0.0028129800891739,0.0025399960503208587,0.0025399960503208587,0.0033589481668799825,0.0025399960503208587
2015-03-03,-0.0034299730822562433,-0.003944359674965203,-0.003944359674965203,-0.0024011998968383242,-0.003944359674965203
2015-03-04,-0.002005229070543983,-0.002659004330105641,-0.002659004330105641,-0.0006976785514206663,-0.002659004330105641
2015-03-05,0.0006281831998392606,0.0006281831998392606,0.0006281831998392606,0.0006281831998392606,0.0006281831998392606
2015-03-06,-0.015514250889720792,-0.0159964704282331,-0.0159964704282331,-0.014549811812696179,-0.0159964704282331
2015-03-09,0.0036526019974729485,0.0037723227161248207,0.0037723227161248207,0.0034131605601692037,0.0037723227161248207
2015-03-10,-0.012217443790033367,-0.012217443790033367,-0.012217443790033367,-0.012217443790033367,-0.012217443790033367
2015-03-11,-0.00030718763043044623,-4.2399196759557166e-05,-4.2399196759557166e-05,-0.0008367644977722244,-4.2399196759557166e-05
2015-03-12,0.008507684590298914,0.008484091023369689,0.008484091023369689,0.008554871724157365,0.008484091023369689
2015-03-13,-0.0035867944301950874,-0.004169403119216386,-0.004169403119216386,-0.0024215770521524905,-0.004169403119216386
2015-03-16,0.009611681050591181,0.011346072390161744,0.011346072390161744,0.006142898371450056,0.011346072390161744
2015-03-17,-0.0017341311122437899,-0.0011842917792750595,-0.0011842917792750595,-0.002833809778181251,-0.0011842917792750595
2015-03-18,0.011845112154240658,0.01425646894972683,0.01425646894972683,0.007022398563268317,0.01425646894972683
2015-03-19,-0.003047890065752079,-0.003507616604465358,-0.003507616604465358,-0.0021284369883255217,-0.003507616604465358
2015-03-20,0.006116370766592682,0.009174556149889023,0.009174556149889023,0.0,0.009174556149889023
2015-03-23,-0.0008147911132166878,-0.0012221866698250317,-0.0012221866698250317,0.0,-0.0012221866698250317
2015-03-24,-0.002569950314206093,-0.0029767414016136583,-0.0029767414016136583,-0.0017563681393909624,-0.0029767414016136583
2015-03-25,-0.00887306326147916,-0.013159622958878481,-0.013159622958878481,-0.00029994386668051875,-0.013159622958878481
2015-03-26,-0.0011382097447830697,-0.002217343474309319,-0.002217343474309319,0.001020057714269429,-0.002217343474309319
2015-03-27,0.0014115300840837417,0.0021798912382064773,0.0021798912382064773,-0.0001251922241617298,0.0021798912382064773
2015-03-30,0.0067402918399948495,0.009379109822709753,0.009379109822709753,0.0014626558745650443,0.009379109822709753
2015-03-31,-0.004966775049233663,-0.007178166519976703,-0.007178166519976703,-0.0005439921077475818,-0.007178166519976703
2015-04-01,0.0003016987572767175,0.0004525481359150763,0.0004525481359150763,0.0,0.0004525481359150763
2015-04-02,0.000397013571587664,0.000595520357381496,0.000595520357381496,0.0,0.000595520357381496
2015-04-06,0.004262699621037054,0.006394049431555582,0.006394049431555582,0.0,0.006394049431555582
2015-04-07,-0.0008531839110980543,-0.0012797758666470815,-0.0012797758666470815,0.0,-0.0012797758666470815
2015-04-08,0.0015844076399915326,0.002376611459987299,0.002376611459987299,0.0,0.002376611459987299
2015-04-09,0.0012492615039307949,0.0018738922558961923,0.0018738922558961923,0.0,0.0018738922558961923
2015-04-10,0.0032626817327610527,0.004894022599141579,0.004894022599141579,0.0,0.004894022599141579
2015-04-13,-0.0020487501225697016,-0.0030731251838545526,-0.0030731251838545526,0.0,-0.0030731251838545526
2015-04-14,0.0012906561157012275,0.0019359841735518413,0.0019359841735518413,0.0,0.0019359841735518413
2015-04-15,0.0045633300529521305,0.006844995079428195,0.006844995079428195,0.0,0.006844995079428195
2015-04-16,-0.0010173152862734088,-0.0015259729294101131,-0.0015259729294101131,0.0,-0.0015259729294101131
2015-04-17,-0.005725341712971159,-0.008588012569456738,-0.008588012569456738,0.0,-0.008588012569456738
2015-04-20,0.004029171408633947,0.006043757112950921,0.006043757112950921,0.0,0.006043757112950921
2015-04-21,-0.000691022524006916,-0.001036533786010374,-0.001036533786010374,0.0,-0.001036533786010374
2015-04-22,0.0008770483845279638,0.0013155725767919457,0.0013155725767919457,0.0,0.0013155725767919457
2015-04-23,0.002692408967926004,0.004038613451889006,0.004038613451889006,0.0,0.004038613451889006
2015-04-24,0.0002531003277319958,0.0003796504915979937,0.0003796504915979937,0.0,0.0003796504915979937
2015-04-27,-0.0013190626827378259,-0.001978594024106739,-0.001978594024106739,0.0,-0.001978594024106739
2015-04-28,0.001618955004484953,0.0024284325067274294,0.0024284325067274294,0.0,0.0024284325067274294
2015-04-29,-0.003427682433529703,-0.005141523650294555,-0.005141523650294555,0.0,-0.005141523650294555
2015-04-30,-0.007479169240617326,-0.01121875386092599,-0.01121875386092599,0.0,-0.01121875386092599
2015-05-01,0.005185071330683144,0.006004905749052247,0.006004905749052247,0.003545402493944938,0.006004905749052247
2015-05-04,0.002430640455018599,0.0025273804345133043,0.0025273804345133043,0.0022371604960291893,0.0025273804345133043
2015-05-05,-0.007709412687336536,-0.009639561989312428,-0.009639561989312428,-0.0038491140833847525,-0.009639561989312428
2015-05-06,-0.005700944219326623,-0.004983522969927034,-0.004983522969927034,-0.007135786718125803,-0.004983522969927034
2015-05-07,0.0035006018146682433,0.003226612530422779,0.003226612530422779,0.004048580383159172,0.003226612530422779
2015-05-08,0.011091807667443263,0.011632525370578618,0.011632525370578618,0.01001037226117255,0.011632525370578618
2015-05-11,-0.004862718152608969,-0.006752362960403257,-0.006752362960403257,-0.0010834285370203921,-0.006752362960403257
2015-05-12,-2.4765297496850015e-05,-0.0010965485168859756,-0.0010965485168859756,0.002118801141281401,-0.0010965485168859756
2015-05-13,0.0010155545560615227,0.0015414098917301388,0.0015414098917301388,-3.61561152757095e-05,0.0015414098917301388
2015-05-14,0.00903972004541312,0.00921989943535222,0.00921989943535222,0.008679361265534924,0.00921989943535222
2015-05-15,0.0024517071375154353,0.002322351317045168,0.002322351317045168,0.00271041877845597,0.002322351317045168
2015-05-18,0.0009093996163548447,0.002035197453766413,0.002035197453766413,-0.0013421960584682924,0.002035197453766413
2015-05-19,-0.0020396777931226038,-0.0030595166896839054,-0.0030595166896839054,0.0,-0.0030595166896839054
2015-05-20,0.0003336612314256637,0.0005004918471384956,0.0005004918471384956,0.0,0.0005004918471384956
2015-05-21,0.0019694521570539744,0.002954178235580962,0.002954178235580962,0.0,0.002954178235580962
2015-05-22,-0.0011499434213925925,-0.001724915132088889,-0.001724915132088889,0.0,-0.001724915132088889
2015-05-26,-0.006091642811925113,-0.00913746421788767,-0.00913746421788767,0.0,-0.00913746421788767
2015-05-27,0.005733148688629234,0.00859972303294385,0.00859972303294385,0.0,0.00859972303294385
2015-05-28,-0.0008909701060985098,-0.0013364551591477647,-0.0013364551591477647,0.0,-0.0013364551591477647
2015-05-29,-0.002777203455426388,-0.0041658051831395815,-0.0041658051831395815,0.0,-0.0041658051831395815
2015-06-01,0.00023759758356542242,0.00035639637534813363,0.00035639637534813363,0.0,0.00035639637534813363
2015-06-02,-0.0009055960439943389,-0.0013583940659915084,-0.0013583940659915084,0.0,-0.0013583940659915084
2015-06-03,0.000134764530793204,0.00020214679618980603,0.00020214679618980603,0.0,0.00020214679618980603
2015-06-04,-0.00452474833083755,-0.0067871224962563256,-0.0067871224962563256,0.0,-0.0067871224962563256
2015-06-05,-0.0006191813775419182,-0.0009287720663128773,-0.0009287720663128773,0.0,-0.0009287720663128773
2015-06-08,-0.003388670323981994,-0.005083005485972991,-0.005083005485972991,0.0,-0.005083005485972991
2015-06-09,-0.0007620209095498504,-0.0011430313643247757,-0.0011430313643247757,0.0,-0.0011430313643247757
2015-06-10,0.007032502100870127,0.01054875315130519,0.01054875315130519,0.0,0.01054875315130519
2015-06-11,0.0022468953671715974,0.003370343050757396,0.003370343050757396,0.0,0.003370343050757396
2015-06-12,-0.004281062476666375,-0.006421593714999563,-0.006421593714999563,0.0,-0.006421593714999563
2015-06-15,-0.0015843869501643403,-0.0023765804252465104,-0.0023765804252465104,0.0,-0.0023765804252465104
2015-06-16,0.0035660854317768995,0.0053491281476653494,0.0053491281476653494,0.0,0.0053491281476653494
2015-06-17,-6.139420582718843e-05,-9.209130874078264e-05,-9.209130874078264e-05,0.0,-9.209130874078264e-05
2015-06-18,0.005883025527673887,0.008824538291510831,0.008824538291510831,0.0,0.008824538291510831
2015-06-19,-0.0026563006108283106,-0.003984450916242466,-0.003984450916242466,0.0,-0.003984450916242466
2015-06-22,0.0024132129357040456,0.003619819403556068,0.003619819403556068,0.0,0.003619819403556068
2015-06-23,2.2106587185636664e-06,3.3159880778454998e-06,3.3159880778454998e-06,0.0,3.3159880778454998e-06
2015-06-24,-0.003575525098078295,-0.0053632876471174425,-0.0053632876471174425,0.0,-0.0053632876471174425
2015-06-25,-0.0018426688384279263,-0.0027640032576418893,-0.0027640032576418893,0.0,-0.0027640032576418893
2015-06-26,-0.001361480412133605,-0.0020422206182004075,-0.0020422206182004075,0.0,-0.0020422206182004075
2015-06-29,-0.009808401410330488,-0.014712602115495733,-0.014712602115495733,0.0,-0.014712602115495733
2015-06-30,0.0008913185538247159,0.0013369778307370738,0.0013369778307370738,0.0,0.0013369778307370738
2015-07-01,0.0020570468874801556,0.0030855703312202333,0.0030855703312202333,0.0,0.0030855703312202333
2015-07-02,-0.0007924814391254402,-0.0011887221586881602,-0.0011887221586881602,0.0,-0.0011887221586881602
2015-07-06,-0.0005356526225010594,-0.0008034789337515891,-0.0008034789337515891,0.0,-0.0008034789337515891
2015-07-07,0.0020332710991554834,0.003049906648733225,0.003049906648733225,0.0,0.003049906648733225
2015-07-08,-0.00825522500745679,-0.012382837511185185,-0.012382837511185185,0.0,-0.012382837511185185
2015-07-09,0.00023486914204880657,0.00035230371307320985,0.00035230371307320985,0.0,0.00035230371307320985
2015-07-10,0.005740794025838995,0.008611191038758492,0.008611191038758492,0.0,0.008611191038758492
2015-07-13,0.005839072658823915,0.008758608988235873,0.008758608988235873,0.0,0.008758608988235873
2015-07-14,0.0029976170294112666,0.0044964255441169,0.0044964255441169,0.0,0.0044964255441169
2015-07-15,-0.0004513515759797082,-0.0006770273639695624,-0.0006770273639695624,0.0,-0.0006770273639695624
2015-07-16,0.004280582829732115,0.006420874244598173,0.006420874244598173,0.0,0.006420874244598173
2015-07-17,0.00017609705901095265,0.000264145588516429,0.000264145588516429,0.0,0.000264145588516429
2015-07-20,-0.002367556841595634,-0.0035513352623934512,-0.0035513352623934512,0.0,-0.0035513352623934512
2015-07-21,-0.0018877049773673514,-0.002831557466051027,-0.002831557466051027,0.0,-0.002831557466051027
2015-07-22,-0.001793629032323792,-0.002690443548485688,-0.002690443548485688,0.0,-0.002690443548485688
2015-07-23,-0.0022674917273411382,-0.0034012375910117076,-0.0034012375910117076,0.0,-0.0034012375910117076
2015-07-24,-0.0061565149878823585,-0.009234772481823538,-0.009234772481823538,0.0,-0.009234772481823538
2015-07-27,-0.0040339388253022085,-0.006050908237953312,-0.006050908237953312,0.0,-0.006050908237953312
2015-07-28,0.00627970020565826,0.00941955030848739,0.00941955030848739,0.0,0.00941955030848739
2015-07-29,0.003308124257029577,0.004962186385544365,0.004962186385544365,0.0,0.004962186385544365
2015-07-30,1.4299107205584248e-05,2.1448660808376373e-05,2.1448660808376373e-05,0.0,2.1448660808376373e-05
2015-07-31,-0.0006020441351343387,-0.0009030662027015079,-0.0009030662027015079,0.0,-0.0009030662027015079
2015-08-03,-0.0028350606619724477,-0.0042525909929586716,-0.0042525909929586716,0.0,-0.0042525909929586716
2015-08-04,-0.0017313134677220475,-0.002596970201583071,-0.002596970201583071,0.0,-0.002596970201583071
2015-08-05,0.0011293768840138663,0.0016940653260207994,0.0016940653260207994,0.0,0.0016940653260207994
2015-08-06,-0.003347219945321767,-0.00502082991798265,-0.00502082991798265,0.0,-0.00502082991798265
2015-08-07,-0.0008912707901553185,-0.0013369061852329777,-0.0013369061852329777,0.0,-0.0013369061852329777
2015-08-10,0.007473891729529562,0.011210837594294342,0.011210837594294342,0.0,0.011210837594294342
2015-08-11,-0.0034523400996988585,-0.005178510149548288,-0.005178510149548288,0.0,-0.005178510149548288
2015-08-12,-0.0008135404534444539,0.0026112575158776406,0.0026112575158776406,0.0,-0.005051878876211002
2015-08-13,-0.0011256960690699,-0.0033770882072097,-0.0033770882072097,0.0,0.0
2015-08-14,0.0010016230190428854,0.0030048690571286563,0.0030048690571286563,0.0,0.0
2015-08-17,0.001868630795196058,0.005605892385588174,0.005605892385588174,0.0,0.0
2015-08-18,-0.0012427909270143775,-0.0037283727810431323,-0.0037283727810431323,0.0,0.0
2015-08-19,-0.0019320276010919828,-0.0057960828032759485,-0.0057960828032759485,0.0,0.0
2015-08-20,-0.005267550704487685,-0.015802652113463055,-0.015802652113463055,0.0,0.0
2015-08-21,-0.008226780058971513,-0.02468034017691454,-0.02468034017691454,0.0,0.0
2015-08-24,-0.01134688741887479,-0.034040662256624374,-0.034040662256624374,0.0,0.0
2015-08-25,-0.003642987556584676,-0.010928962669754027,-0.010928962669754027,0.0,0.0
2015-08-26,0.009511974153400986,0.028535922460202957,0.028535922460202957,0.0,0.0
2015-08-27,0.0069715300792637805,0.020914590237791342,0.020914590237791342,0.0,0.0
2015-08-28,0.0011779736155350772,0.003533920846605232,0.003533920846605232,0.0,0.0
2015-08-31,-0.0021029415024542844,-0.006308824507362853,-0.006308824507362853,0.0,0.0
2015-09-01,-0.007786532482490338,-0.023359597447471014,-0.023359597447471014,0.0,0.0
2015-09-02,0.004582985356774261,0.013748956070322782,0.013748956070322782,0.0,0.0
2015-09-03,-0.00015786377860477948,-0.00047359133581433845,-0.00047359133581433845,0.0,0.0
2015-09-04,-0.0036467842652270544,-0.010940352795681164,-0.010940352795681164,0.0,0.0
2015-09-08,0.006113736711927568,0.018341210135782705,0.018341210135782705,0.0,0.0
2015-09-09,-0.003997031817712227,-0.01199109545313668,-0.01199109545313668,0.0,0.0
2015-09-10,0.0017375668263677573,0.005212700479103272,0.005212700479103272,0.0,0.0
2015-09-11,0.0010563807658598324,0.003169142297579497,0.003169142297579497,0.0,0.0
2015-09-14,-0.000980365692715579,-0.002941097078146737,-0.002941097078146737,0.0,0.0
2015-09-15,0.0026772662579475047,0.008031798773842514,0.008031798773842514,0.0,0.0
2015-09-16,0.0028971914480148803,0.00826029534726035,0.00826029534726035,0.00043127899678429004,0.0
2015-09-17,0.0005640714390618935,0.0007452136269011977,0.0007452136269011977,0.0009470006902844829,0.0
2015-09-18,-0.00378673239899275,-0.011313399872074026,-0.011313399872074026,-4.679732490422417e-05,0.0
2015-09-21,0.0009214633454623072,0.0006184795322825454,0.0006184795322825454,0.002145910504104376,0.0
2015-09-22,-0.003763531632326074,-0.009368013325208101,-0.009368013325208101,-0.001922581571770121,0.0
2015-09-23,-0.0009494961441126196,-0.0013376930795078513,-0.0013376930795078513,-0.0015107953528300077,0.0
2015-09-24,-0.00012767774142482163,0.00014928696007600052,0.00014928696007600052,-0.0005323201843504654,0.0
2015-09-25,-0.0025735307682510015,-0.00429488675692623,-0.00429488675692623,-0.0034257055478267738,0.0
2015-09-28,-0.014346100451041474,-0.022082597296349593,-0.022082597296349593,-0.020955704056774827,0.0
2015-09-29,-0.00035891698331286985,-0.0005099748219133726,-0.0005099748219133726,-0.0005667761280252371,0.0
2015-09-30,0.009139629260063521,0.013779042262782381,0.013779042262782381,0.013639845517408178,0.0
2015-10-01,0.0012530844658721672,0.0020666364428863827,0.0020666364428863827,0.0016926169547301195,0.0
2015-10-02,0.00599314723558612,0.016493331263647427,0.016493331263647427,0.0014861104431109328,0.0
2015-10-05,0.0047050296924749345,0.013234498272588758,0.013234498272588758,0.0008805908048360456,0.0
2015-10-06,-0.00016343848773615609,-0.0004903154632084683,-0.0004903154632084683,0.0,0.0
2015-10-07,0.002523588568477068,0.007570765705431204,0.007570765705431204,0.0,0.0
2015-10-08,0.0016534721339274323,0.004960416401782297,0.004960416401782297,0.0,0.0
2015-10-09,0.0007963077988364708,0.0023889233965094124,0.0023889233965094124,0.0,0.0
2015-10-12,0.00025589885802600464,0.000767696574078014,0.000767696574078014,0.0,0.0
2015-10-13,-0.0018585613602002948,-0.0055756840806008845,-0.0055756840806008845,0.0,0.0
2015-10-14,-9.026334453547946e-05,-0.0002707900336064384,-0.0002707900336064384,0.0,0.0
2015-10-15,0.00451211633803289,0.01353634901409867,0.01353634901409867,0.0,0.0
2015-10-16,0.0007528543862552972,0.002258563158765892,0.002258563158765892,0.0,0.0
2015-10-19,-0.00035453086317165745,-0.0010635925895149724,-0.0010635925895149724,0.0,0.0
2015-10-20,-0.0005945189129317,-0.0017835567387951001,-0.0017835567387951001,0.0,0.0
2015-10-21,-0.0021900963629998787,-0.006570289088999637,-0.006570289088999637,0.0,0.0
2015-10-22,0.003915412130680851,0.011746236392042553,0.011746236392042553,0.0,0.0
2015-10-23,0.0035121243592724023,0.010536373077817207,0.010536373077817207,0.0,0.0
2015-10-26,-0.0011068341016479725,-0.0033205023049439177,-0.0033205023049439177,0.0,0.0
2015-10-27,-0.00044212754517364283,-0.0013263826355209285,-0.0013263826355209285,0.0,0.0
2015-10-28,0.0039047576015408428,0.011714272804622528,0.011714272804622528,0.0,0.0
2015-10-29,-0.0011468919290869499,-0.0034406757872608496,-0.0034406757872608496,0.0,0.0
2015-10-30,-0.0011781886934095949,-0.003534566080228785,-0.003534566080228785,0.0,0.0
2015-11-02,0.0036465097517548264,0.01093952925526448,0.01093952925526448,0.0,0.0
2015-11-03,0.0007579472457351614,0.002273841737205484,0.002273841737205484,0.0,0.0
2015-11-04,-0.0009729439709706744,-0.002918831912912023,-0.002918831912912023,0.0,0.0
2015-11-05,-0.0006412426113295215,-0.0019237278339885645,-0.0019237278339885645,0.0,0.0
2015-11-06,-0.0004951081100299071,-0.0014853243300897213,-0.0014853243300897213,0.0,0.0
2015-11-09,-0.0027406074435215436,-0.008221822330564631,-0.008221822330564631,0.0,0.0
2015-11-10,0.00041356726961777244,0.0012407018088533173,0.0012407018088533173,0.0,0.0
2015-11-11,-0.001913308364636316,-0.005739925093908948,-0.005739925093908948,0.0,0.0
2015-11-12,-0.0038668419230095674,-0.011600525769028702,-0.011600525769028702,0.0,0.0
2015-11-13,-0.0027144004647238133,-0.00814320139417144,-0.00814320139417144,0.0,0.0
2015-11-16,0.004199653625468188,0.012598960876404563,0.012598960876404563,0.0,0.0
2015-11-17,-0.0007745790790537017,-0.002323737237161105,-0.002323737237161105,0.0,0.0
2015-11-18,0.004616650768797958,0.013849952306393876,0.013849952306393876,0.0,0.0
2015-11-19,-0.00036847229350513985,-0.0011054168805154196,-0.0011054168805154196,0.0,0.0
2015-11-20,0.0007214202589338062,0.0021642607768014186,0.0021642607768014186,0.0,0.0
2015-11-23,-0.00037060154073060105,-0.0011118046221918032,-0.0011118046221918032,0.0,0.0
2015-11-24,0.0012513575432561005,0.0037540726297683015,0.0037540726297683015,0.0,0.0
2015-11-25,2.7698823699443913e-05,8.309647109833174e-05,8.309647109833174e-05,0.0,0.0
2015-11-27,-0.00023822765483939208,-0.0007146829645181763,-0.0007146829645181763,0.0,0.0
2015-11-30,-0.0004599544502519352,-0.0013798633507558055,-0.0013798633507558055,0.0,0.0
2015-12-01,0.003226693040017185,0.009680079120051555,0.009680079120051555,0.0,0.0
2015-12-02,-0.0036067617798915467,-0.01082028533967464,-0.01082028533967464,0.0,0.0
2015-12-03,-0.004979822116379399,-0.014939466349138198,-0.014939466349138198,0.0,0.0
2015-12-04,0.005762198562207336,0.017286595686622008,0.017286595686622008,0.0,0.0
2015-12-07,-0.003091443942104203,-0.009274331826312609,-0.009274331826312609,0.0,0.0
2015-12-08,-0.0014000560722062386,-0.004200168216618716,-0.004200168216618716,0.0,0.0
2015-12-09,-0.002158302543368762,-0.006474907630106286,-0.006474907630106286,0.0,0.0
2015-12-10,0.0011144732673938117,0.0033434198021814352,0.0033434198021814352,0.0,0.0
2015-12-11,-0.0052139097201746734,-0.01564172916052402,-0.01564172916052402,0.0,0.0
2015-12-14,0.00027361563164774637,0.0008208468949432391,0.0008208468949432391,0.0,0.0
2015-12-15,0.0032465577715494187,0.009739673314648256,0.009739673314648256,0.0,0.0
2015-12-16,0.00344641907007122,0.01033925721021366,0.01033925721021366,0.0,0.0
2015-12-17,-0.00435626847827388,-0.01306880543482164,-0.01306880543482164,0.0,0.0
2015-12-18,-0.004356009641328765,-0.013068028923986296,-0.013068028923986296,0.0,0.0
2015-12-21,0.00250016842795789,0.00750050528387367,0.00750050528387367,0.0,0.0
2015-12-22,0.0019225161538103054,0.005767548461430916,0.005767548461430916,0.0,0.0
2015-12-23,0.0035585351345224334,0.0106756054035673,0.0106756054035673,0.0,0.0
2015-12-24,1.0912109964385703e-05,3.273632989315711e-05,3.273632989315711e-05,0.0,0.0
2015-12-28,-0.001261384355495713,-0.0037841530664871393,-0.0037841530664871393,0.0,0.0
2015-12-29,0.002484948187647921,0.007454844562943763,0.007454844562943763,0.0,0.0
2015-12-30,-0.0024880938917295407,-0.007464281675188622,-0.007464281675188622,0.0,0.0
2015-12-31,-0.002292233995390221,-0.006876701986170663,-0.006876701986170663,0.0,0.0
2016-01-04,-0.0034406435509821143,-0.010321930652946343,-0.010321930652946343,0.0,0.0
2016-01-05,0.00037920554776802086,0.0011376166433040625,0.0011376166433040625,0.0,0.0
2016-01-06,-0.003272343415058961,-0.009817030245176883,-0.009817030245176883,0.0,0.0
2016-01-07,-0.006400063853324234,-0.019200191559972702,-0.019200191559972702,0.0,0.0
2016-01-08,-0.0032734017184366895,-0.009820205155310069,-0.009820205155310069,0.0,0.0
2016-01-11,-0.0013988971075741153,-0.004196691322722346,-0.004196691322722346,0.0,0.0
2016-01-12,0.0024536882161598403,0.007361064648479521,0.007361064648479521,0.0,0.0
2016-01-13,-0.006841595333355747,-0.02052478600006724,-0.02052478600006724,0.0,0.0
2016-01-14,0.004577299244206087,0.01373189773261826,0.01373189773261826,0.0,0.0
2016-01-15,-0.0053234725507786745,-0.015970417652336023,-0.015970417652336023,0.0,0.0
2016-01-19,-0.001101036464529359,-0.0033031093935880773,-0.0033031093935880773,0.0,0.0
2016-01-20,-0.0018317559901427285,-0.005495267970428186,-0.005495267970428186,0.0,0.0
2016-01-21,0.0011454458585674473,0.003436337575702342,0.003436337575702342,0.0,0.0
2016-01-22,0.006176042729707547,0.01852812818912264,0.01852812818912264,0.0,0.0
2016-01-25,-0.004573923609433206,-0.013721770828299618,-0.013721770828299618,0.0,0.0
2016-01-26,0.0048122067619768595,0.014436620285930579,0.014436620285930579,0.0,0.0
2016-01-27,-0.0033458504638967414,-0.010037551391690224,-0.010037551391690224,0.0,0.0
2016-01-28,0.0012664636237905,0.0037993908713715,0.0037993908713715,0.0,0.0
2016-01-29,0.007313543262292854,0.021940629786878562,0.021940629786878562,0.0,0.0
2016-02-01,-0.00037849326392491354,-0.0010863129873389555,-0.0011354797917747406,0.0,0.0
2016-02-02,-0.0040058324400916575,-0.015354280199644799,-0.012017497320274972,0.0,0.0
2016-02-03,0.0007432053638200283,0.0057900565518800295,0.002229616091460085,0.0,0.0
2016-02-04,0.0010709224865785517,0.003160375284584993,0.003212767459735655,0.0,0.0
2016-02-05,-0.005389115963335719,-0.016151867750008896,-0.016167347890007157,0.0,0.0
2016-02-08,-0.0028953880685768873,-0.00786019087793589,-0.008686164205730661,0.0,0.0
2016-02-09,-0.00018304286127140967,-0.0034382446929749565,-0.000549128583814229,0.0,0.0
2016-02-10,0.0001085676282931843,0.0015766045497705439,0.0003257028848795529,0.0,0.0
2016-02-11,-0.003010008816489903,-0.004735999350540388,-0.009030026449469708,0.0,0.0
2016-02-12,0.004821837758419112,0.014853907813317902,0.014465513275257335,0.0,0.0
2016-02-16,0.004324581494452547,0.00987847158559022,0.012973744483357641,0.0,0.0
2016-02-17,0.003936961456976018,0.015092385467295587,0.011810884370928055,0.0,0.0
2016-02-18,-0.0012852716312612867,-0.00144151452772735,-0.00385581489378386,0.0,0.0
2016-02-19,0.00019696738232372426,-0.00015356983912198085,0.0005909021469711728,0.0,0.0
2016-02-22,0.003293902048705936,0.010603066558983142,0.009881706146117808,0.0,0.0
2016-02-23,-0.0030040161706790507,-0.010525000755446445,-0.009012048512037152,0.0,0.0
2016-02-24,0.001183393058480812,0.004698134119225905,0.0035501791754424363,0.0,0.0
2016-02-25,0.0027708545173987208,0.009022239359441953,0.008312563552196162,0.0,0.0
2016-02-26,6.908282716444244e-05,-0.0008464049121735262,0.0002072484814933273,0.0,0.0
2016-02-29,-0.0020981980678166662,-0.005686878343549117,-0.006294594203449999,0.0,0.0
2016-03-01,0.006119386350326747,0.01847976291791602,0.01835815905098024,0.0,0.0
2016-03-02,-0.00019457853690639794,0.006915021604517735,-0.0005837356107191938,0.0,0.0
2016-03-03,-2.716021890536435e-06,0.005527211968283585,-8.148065671609305e-06,0.0,0.0
2016-03-04,5.298078579708543e-05,0.001900379231425109,0.0001589423573912563,0.0,0.0
2016-03-07,0.00013483322625836846,0.0038593570697528445,0.0004044996787751054,0.0,0.0
2016-03-08,-0.00012816005937741717,-0.011933171961534272,-0.00038448017813225155,0.0,0.0
2016-03-09,0.0003578444596027297,0.003241887484657746,0.001073533378808189,0.0,0.0
2016-03-10,-0.0006798504792023856,0.000287938471590099,-0.002039551437607157,0.0,0.0
2016-03-11,0.003238228175737771,0.012720049530929667,0.009714684527213312,0.0,0.0
2016-03-14,-0.0015993338181038207,-0.0023638381321046563,-0.0022523038412229244,-0.00214142296190496,-0.0004042746511835782
2016-03-15,-0.0015137090520578322,-0.0028709776816498666,-0.0020302811574610226,0.00036013168293739237,-0.0028709776816498666
2016-03-16,0.006554694949899601,0.007613197441204755,0.006369700201886585,0.005681187206607463,0.007613197441204755
2016-03-17,0.003056719416241086,0.004769763370513158,0.0028018585110044848,0.0015985363672056164,0.004769763370513158
2016-03-18,0.0032341332977351123,0.004543411967032607,0.003778509902366567,0.0013804780238061642,0.004543411967032607
2016-03-21,-0.00044976712922816615,-0.0005851188566696308,-0.0006465111172375027,-0.0001176714137773649,-0.0005851188566696308
2016-03-22,0.0009014860159215747,0.00038592693671845034,0.0024013854903376488,-8.285437929137496e-05,0.00038592693671845034
2016-03-23,-0.00612228862273092,-0.009191936454174598,-0.006911919604705052,-0.0022630098093131103,-0.009191936454174598
2016-03-24,0.0023662151184209858,0.0002511022849371547,0.0016075669334556174,0.005239976136870184,0.0002511022849371547
2016-03-28,-0.00029103320319044575,-0.0002472862417424171,-0.0002472862417424171,-0.0003785271260865031,-0.0002472862417424171
2016-03-29,0.011775072685862161,0.01212456065614278,0.01212456065614278,0.011076096745300922,0.01212456065614278
2016-03-30,0.0012152028177858617,0.0003270893048025636,0.0003270893048025636,0.002991429843752458,0.0003270893048025636
2016-03-31,-0.000163584586444158,0.00013964363675524893,-0.00026596169494225164,-0.0003644357011454713,0.00013964363675524893
2016-04-01,0.00085477361515424,0.003905410177127122,0.0,-0.0013410893316644023,0.003905410177127122
2016-04-04,-0.0012091175563381943,-0.002890372366325833,0.0,-0.0007369803026887501,-0.002890372366325833
2016-04-05,-0.002156753133483084,-0.005793795030244908,0.0,-0.0006764643702043438,-0.005793795030244908
2016-04-06,0.003913709490238146,0.009581634401894934,0.0,0.002159494068819501,0.009581634401894934
2016-04-07,-0.0027117873238391246,-0.007305234040564002,0.0,-0.0008301279309533727,-0.007305234040564002
2016-04-08,0.0007072508032597772,0.0021217524097793317,0.0,0.0,0.0021217524097793317
2016-04-11,-0.001946117842058533,-0.0008627358381515515,-0.004975617688024047,0.0,-0.0008627358381515515
2016-04-12,0.005902820832296725,0.008854231248445088,0.008854231248445088,0.0,0.008854231248445088
2016-04-13,0.006309616192358872,0.009464424288538309,0.009464424288538309,0.0,0.009464424288538309
2016-04-14,-0.0009304160906750125,-0.0013956241360125188,-0.0013956241360125188,0.0,-0.0013956241360125188
2016-04-15,-0.0005900179610540087,-0.000885026941581013,-0.000885026941581013,0.0,-0.000885026941581013
2016-04-18,0.003849562439071678,0.005774343658607517,0.005774343658607517,0.0,0.005774343658607517
2016-04-19,0.002920613300612477,0.004380919950918716,0.004380919950918716,0.0,0.004380919950918716
2016-04-20,0.000414544660648349,0.0013601044201793865,-0.00011647043823433955,0.0,0.0013601044201793865
2016-04-21,-0.0015902327531232441,-0.003078540553161635,-0.0016921577062080973,0.0,-0.003078540553161635
2016-04-22,-0.001250676162131666,-0.0010811447143917019,-0.002670883772003296,0.0,-0.0010811447143917019
2016-04-25,-0.0016506468700867322,-0.002904290456271763,-0.002047650153988434,0.0,-0.002904290456271763
2016-04-26,0.0007672208545480711,0.002018271017672457,0.0002833915459717562,0.0,0.002018271017672457
2016-04-27,0.00128130374198366,0.002872228867220816,0.0009716823587301637,0.0,0.002872228867220816
2016-04-28,-0.003748064651715847,-0.006365222926318892,-0.004878971028828649,0.0,-0.006365222926318892
2016-04-29,-0.002118881545740081,-0.003259654889843655,-0.003096989747376588,0.0,-0.003259654889843655
2016-05-02,0.002845122273147005,0.004022503390421895,0.00451286342901912,0.0,0.004022503390421895
2016-05-03,-0.0047316527018215135,-0.00805407946573693,-0.006140878639727609,0.0,-0.00805407946573693
2016-05-04,-0.004119094655809056,-0.006124096870375772,-0.006233187097051396,0.0,-0.006124096870375772
2016-05-05,0.0009440659095616199,0.0014160988643424298,0.0014160988643424298,0.0,0.0014160988643424298
2016-05-06,0.0018903636899473275,0.0028355455349209913,0.0028355455349209913,0.0,0.0028355455349209913
2016-05-09,-0.0012401777861781613,-0.0018602666792672418,-0.0018602666792672418,0.0,-0.0018602666792672418
2016-05-10,0.006991661006233111,0.010487491509349666,0.010487491509349666,0.0,0.010487491509349666
2016-05-11,-0.0035471123024037876,-0.005320668453605681,-0.005320668453605681,0.0,-0.005320668453605681
2016-05-12,-0.001781345544655107,-0.0026720183169826606,-0.0026720183169826606,0.0,-0.0026720183169826606
2016-05-13,-0.0031098725023432326,-0.004664808753514849,-0.004664808753514849,0.0,-0.004664808753514849
2016-05-16,0.005804221808355832,0.008706332712533748,0.008706332712533748,0.0,0.008706332712533748
2016-05-17,-0.004241187360019157,-0.006361781040028736,-0.006361781040028736,0.0,-0.006361781040028736
2016-05-18,-0.000543329437653095,-0.0008149941564796426,-0.0008149941564796426,0.0,-0.0008149941564796426
2016-05-19,-0.002857595223322858,-0.004286392834984287,-0.004286392834984287,0.0,-0.004286392834984287
2016-05-20,0.0047837447333995385,0.007175617100099308,0.007175617100099308,0.0,0.007175617100099308
2016-05-23,-0.0009112855467723409,-0.0013669283201585114,-0.0013669283201585114,0.0,-0.0013669283201585114
2016-05-24,0.006464590006345346,0.009696885009518019,0.009696885009518019,0.0,0.009696885009518019
2016-05-25,0.0040634202585054496,0.006095130387758174,0.006095130387758174,0.0,0.006095130387758174
2016-05-26,-0.00026597959669885836,-0.00039896939504828753,-0.00039896939504828753,0.0,-0.00039896939504828753
2016-05-27,0.001918979942333047,0.0028784699134995705,0.0028784699134995705,0.0,0.0028784699134995705
2016-05-31,0.00019745503104101982,0.00029618254656152974,0.00029618254656152974,0.0,0.00029618254656152974
2016-06-01,0.0010637543552842817,0.0015956315329264225,0.0015956315329264225,0.0,0.0015956315329264225
2016-06-02,0.0018759242732996415,0.003348411265564699,0.002279361554334225,0.0,0.003348411265564699
2016-06-03,0.00042227509062853956,0.00033341908460484684,0.000933406187280772,0.0,0.00033341908460484684
2016-06-06,0.003548579363943438,0.005396002439350123,0.005249735652480192,0.0,0.005396002439350123
2016-06-07,0.0014432031035374567,0.002304986177700352,0.002024623132912018,0.0,0.002304986177700352
2016-06-08,0.002706990529915739,0.004038703327084769,0.004082268262662447,0.0,0.004038703327084769
2016-06-09,-0.0005093344125953304,-0.0014667742873195055,-6.122895046648536e-05,0.0,-0.0014667742873195055
2016-06-10,-0.004834679624198331,-0.00817319821183099,-0.006330840660764003,0.0,-0.00817319821183099
2016-06-13,-0.0034396635309286976,-0.0051594952963930464,-0.0051594952963930464,0.0,-0.0051594952963930464
2016-06-14,-0.001276932688645475,-0.0019153990329682125,-0.0019153990329682125,0.0,-0.0019153990329682125
2016-06-15,-0.00027471251471260504,-0.0004120687720689076,-0.0004120687720689076,0.0,-0.0004120687720689076
2016-06-16,0.0013167232538244071,0.0008724749560466427,0.0030776948054265785,0.0,0.0008724749560466427
2016-06-17,-0.0020347486668611894,-0.0024106784300761187,-0.00369356757050745,0.0,-0.0024106784300761187
2016-06-20,0.0028039296359247735,0.0039073878455818225,0.004504401062192498,0.0,0.0039073878455818225
2016-06-21,0.0008290037246168392,0.00028173188179068107,0.0022052792920598365,0.0,0.00028173188179068107
2016-06-22,-0.0010569685524408547,-0.0015606244647889066,-0.001610281192533658,0.0,-0.0015606244647889066
2016-06-23,0.0071092485892605825,0.010519765668625624,0.010807980099156123,0.0,0.010519765668625624
2016-06-24,-0.015131507444803205,-0.02269726116720481,-0.02269726116720481,0.0,-0.02269726116720481
2016-06-27,-0.009964788487712947,-0.014826858181970114,-0.015067507281168725,0.0,-0.014826858181970114
2016-06-28,0.01065558052261987,0.0154788204322301,0.016487921135629514,0.0,0.0154788204322301
2016-06-29,0.009837897204694853,0.014633454581864824,0.014880237032219735,0.0,0.014633454581864824
2016-06-30,0.0072311700317583645,0.011023649311625939,0.010669860783649154,0.0,0.011023649311625939
2016-07-01,0.003350021825202424,0.005025032737803636,0.005025032737803636,0.0,0.005025032737803636
2016-07-05,-0.0041072928460364365,-0.005679021365155301,-0.006642857172954009,0.0,-0.005679021365155301
2016-07-06,0.0036463151301685463,0.005843795910406712,0.005095149480098926,0.0,0.005843795910406712
2016-07-07,-0.0005953325215123521,-0.001084637611800876,-0.0007013599527361802,0.0,-0.001084637611800876
2016-07-08,0.008989647578567078,0.014153333744782693,0.012815608990918537,0.0,0.014153333744782693
2016-07-11,0.0017993876309301052,0.0017891616971744463,0.0036090011956158687,0.0,0.0017891616971744463
2016-07-12,0.003726496322570949,0.005002302061722452,0.006177186905990395,0.0,0.005002302061722452
2016-07-13,0.0007281264542867557,0.0006832545892472064,0.0015011247736130607,0.0,0.0006832545892472064
2016-07-14,0.0014029107503446695,0.0023889434069485848,0.0018197888440854237,0.0,0.0023889434069485848
2016-07-15,-0.0005435349841021157,-0.001630604952306347,0.0,0.0,-0.001630604952306347
2016-07-18,0.0007963749843648152,0.0023891249530944457,0.0,0.0,0.0023891249530944457
2016-07-19,-0.00034728010799570667,-0.00104184032398712,0.0,0.0,-0.00104184032398712
2016-07-20,0.0008968745109904345,0.0026906235329713034,0.0,0.0,0.0026906235329713034
2016-07-21,-0.0005038929830828543,-0.0015116789492485628,0.0,0.0,-0.0015116789492485628
2016-07-22,0.0010202895430876564,0.0030608686292629694,0.0,0.0,0.0030608686292629694
2016-07-25,-0.0013325635140306047,-0.003997690542091814,0.0,0.0,-0.003997690542091814
2016-07-26,0.000607517160235201,0.001822551480705603,0.0,0.0,0.001822551480705603
2016-07-27,0.0013253748680725006,0.003976124604217502,0.0,0.0,0.003976124604217502
2016-07-28,0.0001467603564526058,-0.00017553383318433813,0.0006158149025421555,0.0,-0.00017553383318433813
2016-07-29,0.0024848553285922465,0.0037272829928883698,0.0037272829928883698,0.0,0.0037272829928883698
2016-08-01,-0.002151103600973044,-0.0032266554014595663,-0.0032266554014595663,0.0,-0.0032266554014595663
2016-08-02,-0.003053275211926236,-0.004579912817889354,-0.004579912817889354,0.0,-0.004579912817889354
2016-08-03,0.0028367448981330735,0.00425511734719961,0.00425511734719961,0.0,0.00425511734719961
2016-08-04,0.0009626137045763835,0.0014439205568645753,0.0014439205568645753,0.0,0.0014439205568645753
2016-08-05,0.0036049446992975228,0.005407417048946284,0.005407417048946284,0.0,0.005407417048946284
2016-08-08,0.00031923760144898506,0.00047885640217347757,0.00047885640217347757,0.0,0.00047885640217347757
2016-08-09,0.0012252444654961003,0.0018378666982441505,0.0018378666982441505,0.0,0.0018378666982441505
2016-08-10,-0.002013674505281959,-0.003020511757922939,-0.003020511757922939,0.0,-0.003020511757922939
2016-08-11,0.0020278613573880464,0.0030417920360820694,0.0030417920360820694,0.0,0.0030417920360820694
2016-08-12,0.0002667569810666774,0.00040013547160001607,0.00040013547160001607,0.0,0.00040013547160001607
2016-08-15,0.0023832967358568954,0.003574945103785343,0.003574945103785343,0.0,0.003574945103785343
2016-08-16,-0.0025228996878963184,-0.0037843495318444775,-0.0037843495318444775,0.0,-0.0037843495318444775
2016-08-17,0.0011171106957800732,0.0016756660436701098,0.0016756660436701098,0.0,0.0016756660436701098
2016-08-18,0.0025361984491024596,0.003804297673653689,0.003804297673653689,0.0,0.003804297673653689
2016-08-19,-0.0016233888424232162,-0.002663680440017957,-0.0022064860872516912,0.0,-0.002663680440017957
2016-08-22,0.0003424499694043755,-6.152167707860202e-05,0.0010888715852917286,0.0,-6.152167707860202e-05
2016-08-23,0.0016841578363417486,0.0025514048486129483,0.0025010686604122977,0.0,0.0025514048486129483
2016-08-24,-0.0041502190758274955,-0.006225328613741243,-0.006225328613741243,0.0,-0.006225328613741243
2016-08-25,-0.0009037873287425447,-0.001355680993113817,-0.001355680993113817,0.0,-0.001355680993113817
2016-08-26,-0.0007073417787801942,-0.0010610126681702913,-0.0010610126681702913,0.0,-0.0010610126681702913
2016-08-29,0.0035895940394271944,0.005384391059140792,0.005384391059140792,0.0,0.005384391059140792
2016-08-30,-0.0008966522544239908,-0.0019869327693119556,-0.0007030239939600169,0.0,-0.0019869327693119556
2016-08-31,-0.0010959793408069777,-0.003287938022420933,0.0,0.0,-0.003287938022420933
2016-09-01,0.00010010272810901203,0.0003003081843270361,0.0,0.0,0.0003003081843270361
2016-09-02,0.0014966889771291867,0.00449263360445098,-2.5666730634199553e-06,0.0,0.00449263360445098
2016-09-06,0.0024483117959590464,0.005897574598830379,0.0014473607890467589,0.0,0.005897574598830379
2016-09-07,0.0003439485089453761,0.0010444316521592057,-1.2586125323077458e-05,0.0,0.0010444316521592057
2016-09-08,-0.0013411471153522408,-0.002011720673028361,-0.002011720673028361,0.0,-0.002011720673028361
2016-09-09,-0.014509280580014461,-0.021763920870021693,-0.021763920870021693,0.0,-0.021763920870021693
2016-09-12,0.007421585325503987,0.011132377988255981,0.011132377988255981,0.0,0.011132377988255981
2016-09-13,-0.006772830868544389,-0.01409969817344744,-0.006218794432185726,0.0,-0.01409969817344744
2016-09-14,-7.370880091751205e-05,-0.00022112640275253614,0.0,0.0,-0.00022112640275253614
2016-09-15,0.0055092702907349874,0.00819676432750156,0.008331046544703402,0.0,0.00819676432750156
2016-09-16,-0.001726615458901278,-0.002589923188351917,-0.002589923188351917,0.0,-0.002589923188351917
2016-09-19,0.00010854163239102376,0.00016281244858653565,0.00016281244858653565,0.0,0.00016281244858653565
2016-09-20,-0.00011944275367626509,-0.00017916413051439762,-0.00017916413051439762,0.0,-0.00017916413051439762
2016-09-21,0.007850167557262807,0.01177525133589421,0.01177525133589421,0.0,0.01177525133589421
2016-09-22,0.004084938224564905,0.006127407336847357,0.006127407336847357,0.0,0.006127407336847357
2016-09-23,-0.0025321890413927553,-0.005632682845626902,-0.001963884278551364,0.0,-0.005632682845626902
2016-09-26,-0.003801985074808878,-0.006793215928462271,-0.0046127392959643635,0.0,-0.006793215928462271
2016-09-27,0.003091152923233113,0.0046367293848496695,0.0046367293848496695,0.0,0.0046367293848496695
2016-09-28,0.004220914663570345,0.006331371995355517,0.006331371995355517,0.0,0.006331371995355517
2016-09-29,-0.005280004181181315,-0.007920006271771973,-0.007920006271771973,0.0,-0.007920006271771973
2016-09-30,0.004336200662046911,0.006504300993070367,0.006504300993070367,0.0,0.006504300993070367
2016-10-03,-0.0016316217777435933,-0.00244743266661539,-0.00244743266661539,0.0,-0.00244743266661539
2016-10-04,-0.004940379268206992,-0.007410568902310488,-0.007410568902310488,0.0,-0.007410568902310488
2016-10-05,0.003965188256769214,0.005311660452695188,0.005311660452695188,0.0012722438649172662,0.005311660452695188
2016-10-06,-0.0015284709221541572,-0.0014819232142603278,-0.0014819232142603278,-0.0016215663379418154,-0.0014819232142603278
2016-10-07,-0.0021494974870587087,-0.002361696081769349,-0.002361696081769349,-0.0017251002976374275,-0.002361696081769349
2016-10-10,0.005460392352328199,0.005839170429786311,0.005839170429786311,0.004702836197411975,0.005839170429786311
2016-10-11,-0.008600176581649813,-0.011985791655474753,-0.011240860422774234,-0.0025738776667004527,-0.011985791655474753
2016-10-12,-0.0004271548264649742,-0.0005107881503201739,-0.000137687721284252,-0.0006329886077904967,-0.0005107881503201739
2016-10-13,-0.00397190458221884,-0.0033022784101145453,-0.00531115692642743,-0.0033022784101145453,-0.0033022784101145453
2016-10-14,-0.0014145588578709735,-0.0023518220877958964,0.0,-0.0018918544858170239,-0.0023518220877958964
2016-10-17,-0.0013039482105087208,-0.0016367495400607668,0.0,-0.0022750950914653956,-0.0016367495400607668
2016-10-18,0.004138358095438033,0.00636988680923205,0.0,0.006045187477082048,0.00636988680923205
2016-10-19,0.0022376018413167685,0.0037937523372381767,0.0,0.0029190531867121284,0.0037937523372381767
2016-10-20,-0.000781120899749636,-0.0011581593497354326,0.0,-0.0011852033495134751,-0.0011581593497354326
2016-10-21,-0.00024473928181129034,-0.000734217845433871,0.0,0.0,-0.000734217845433871
2016-10-24,0.0009334499458160043,0.002800349837448013,0.0,0.0,0.002800349837448013
2016-10-25,-0.0006151374354153509,-0.0018454123062460527,0.0,0.0,-0.0018454123062460527
2016-10-26,-0.0010932600662113174,-0.0032797801986339525,0.0,0.0,-0.0032797801986339525
2016-10-27,-0.0008961903549235539,-0.0026885710647706618,0.0,0.0,-0.0026885710647706618
2016-10-28,-0.0013478067475322022,-0.004043420242596607,0.0,0.0,-0.004043420242596607
2016-10-31,-0.0002603958121832561,-0.0007811874365497684,0.0,0.0,-0.0007811874365497684
2016-11-01,-0.0014714192761160559,-0.004414257828348167,0.0,0.0,-0.004414257828348167
2016-11-02,-0.0016185959531556328,-0.004855787859466898,0.0,0.0,-0.004855787859466898
2016-11-03,-0.0012331379123377598,-0.0036994137370132798,0.0,0.0,-0.0036994137370132798
2016-11-04,0.00020055671012138382,0.0006016701303641514,0.0,0.0,0.0006016701303641514
2016-11-07,0.005269660523949715,0.015808981571849144,0.0,0.0,0.015808981571849144
2016-11-08,0.0006825027964384075,0.0020475083893152224,0.0,0.0,0.0020475083893152224
2016-11-09,0.006336247702989399,0.010978512831293974,0.01241544228933692,-0.004385212011662698,0.010978512831293974
2016-11-10,-0.00035701568470614494,0.002052555755329122,-0.0001575245468185882,-0.0029660782626289685,0.002052555755329122
2016-11-11,-0.003006275825732752,-0.0032250821084036096,-0.004258491979510526,-0.0015352533892841191,-0.0032250821084036096
2016-11-14,-0.0025015062868496752,0.0003651201891900047,-0.0039723370332722776,-0.0038973020164667525,0.0003651201891900047
2016-11-15,0.008063536288288042,0.008570667813490007,0.008351073407683596,0.0072688676436905245,0.008570667813490007
2016-11-16,3.0256113566580933e-05,-0.0008316522808758609,0.000618824546106167,0.0003035960754694367,-0.0008316522808758609
2016-11-17,0.00012522395296272375,0.0017471254600034513,-0.00021195645811259434,-0.0011594971430026856,0.0017471254600034513
2016-11-18,-0.0023824313038401748,-0.002136881613251751,-0.0026664153330610675,-0.0023439969652077064,-0.002136881613251751
2016-11-21,0.006259051387567297,0.007458443253576874,0.0066317840018471404,0.004686926907277877,0.007458443253576874
2016-11-22,-0.00020612514636637598,0.0005621050924929261,-0.0003623696801077658,-0.0008181108514842883,0.0005621050924929261
2016-11-23,-0.0017347418327368636,-0.0008021529364399038,-0.002423650670044797,-0.00197842189172589,-0.0008021529364399038
2016-11-25,0.001105822115656611,0.0014281886764630602,0.0014575206750398252,0.0004317569954669476,0.0014281886764630602
2016-11-28,-0.0022041539041394273,-0.0036871084101697702,-0.001750545058207209,-0.0011748082440413033,-0.0036871084101697702
2016-11-29,-0.0001435310562410123,0.0004149048914797504,0.00019698541257416878,-0.0010424834727769561,0.0004149048914797504
2016-11-30,0.0006629101849962054,-0.000497486050780771,-0.0013568057033472524,0.003843022309116639,-0.000497486050780771
2016-12-01,-0.0038414225484716476,-0.004380094150658908,-0.004065007241034491,-0.0030791662537215437,-0.004380094150658908
2016-12-02,0.0017362005526526487,0.0011861797712910515,0.00195594358640373,0.002066478300263164,0.0011861797712910515
2016-12-05,0.004185867353810276,0.005566653920722875,0.0034925761433503787,0.0034983719973575743,0.005566653920722875
2016-12-06,0.0021900975472776436,0.0028673199487507573,0.0021801363637538153,0.0015228363293283587,0.0028673199487507573
2016-12-07,0.005683034507857143,0.009709613119479132,0.007356308266894929,-1.6817862802631646e-05,0.009709613119479132
2016-12-08,0.0006168765388640381,0.0029117200771962225,6.763424824289821e-05,-0.0011287247088470065,0.0029117200771962225
2016-12-09,0.0011334176394166117,0.0024799918060255167,0.001759103408035867,-0.0008388422958115482,0.0024799918060255167
2016-12-12,-9.928826771513634e-05,-0.0011847875792449947,0.00036926781557873324,0.0005176549605208525,-0.0011847875792449947
2016-12-13,0.003464918229290548,0.005991847469049139,0.004062050112614934,0.0003408571062075705,0.005991847469049139
2016-12-14,-0.006416107769931474,-0.008746842994005887,-0.006275967415802908,-0.004225512899985628,-0.008746842994005887
2016-12-15,0.0025448103466506867,0.0028887107390650367,0.0026974893513571742,0.00204823094952985,0.0028887107390650367
2016-12-16,-0.0003148185467074886,-0.001222572707906111,-0.001222572707906111,0.0015006897756897563,-0.001222572707906111
2016-12-19,0.002938366066111494,0.002953534464910368,0.002953534464910368,0.0029080292685137454,0.002953534464910368
2016-12-20,0.001677126859671563,0.002107873810813965,0.002107873810813965,0.0008156329573867583,0.002107873810813965
2016-12-21,-0.0011727303422933786,-0.001501157805424913,-0.001501157805424913,-0.0005158754160303092,-0.001501157805424913
2016-12-22,-0.00106949503041307,-0.0017526844492762872,-0.0017526844492762872,0.00029688380731336396,-0.0017526844492762872
2016-12-23,0.0017809747352746687,0.0022397742265766406,0.0022397742265766406,0.0008633757526707253,0.0022397742265766406
2016-12-27,0.0018973197539108235,0.0025143594910736144,0.0025143594910736144,0.0006632402795852422,0.0025143594910736144
2016-12-28,-0.004030068643277658,-0.005946449667986286,-0.005946449667986286,-0.00019730659386040238,-0.005946449667986286
2016-12-29,0.0005438149235218681,0.0008157223852828021,0.0008157223852828021,0.0,0.0008157223852828021
2016-12-30,-0.0024677217968385773,-0.0037015826952578657,-0.0037015826952578657,0.0,-0.0037015826952578657
2017-01-03,0.005514337423599303,0.008271506135398954,0.008271506135398954,0.0,0.008271506135398954
2017-01-04,0.0037638649240166653,0.005645797386024998,0.005645797386024998,0.0,0.005645797386024998
2017-01-05,0.0011070659402610723,0.0016605989103916086,0.0016605989103916086,0.0,0.0016605989103916086
2017-01-06,0.000696429301722712,0.0010446439525840679,0.0010446439525840679,0.0,0.0010446439525840679
2017-01-09,-0.0007564364690955117,-0.0011346547036432675,-0.0011346547036432675,0.0,-0.0011346547036432675
2017-01-10,0.0006884879474416294,0.0010327319211624441,0.0010327319211624441,0.0,0.0010327319211624441
2017-01-11,0.002014187184451085,0.003021280776676627,0.003021280776676627,0.0,0.003021280776676627
2017-01-12,-0.0018209327305374575,-0.002731399095806186,-0.002731399095806186,0.0,-0.002731399095806186
2017-01-13,0.001147580198327273,0.0017213702974909096,0.0017213702974909096,0.0,0.0017213702974909096
2017-01-17,-0.001658881857357149,-0.0024883227860357238,-0.0024883227860357238,0.0,-0.0024883227860357238
2017-01-18,-0.00023929105916174658,-0.0007094437656749552,-8.42941181028456e-06,0.0,-0.0007094437656749552
2017-01-19,-0.0025946717385678443,-0.004107253943032285,-0.0036767612726712473,0.0,-0.004107253943032285
2017-01-20,0.0018217170397332395,0.002732575559599859,0.002732575559599859,0.0,0.002732575559599859
2017-01-23,-0.0006567393598868081,-0.0009851090398302121,-0.0009851090398302121,0.0,-0.0009851090398302121
2017-01-24,0.003024818933279098,0.004537228399918647,0.004537228399918647,0.0,0.004537228399918647
2017-01-25,0.003749514671344611,0.005624272007016917,0.005624272007016917,0.0,0.005624272007016917
2017-01-26,-0.0010399578968797913,-0.0015599368453196871,-0.0015599368453196871,0.0,-0.0015599368453196871
2017-01-27,6.567446326440537e-06,9.851169489660806e-06,9.851169489660806e-06,0.0,9.851169489660806e-06
2017-01-30,-0.00481756866835407,-0.007226353002531105,-0.007226353002531105,0.0,-0.007226353002531105
2017-01-31,0.0017104790361152904,0.0025657185541729357,0.0025657185541729357,0.0,0.0025657185541729357
2017-02-01,0.0005982452321249203,0.0008973678481873804,0.0008973678481873804,0.0,0.0008973678481873804
2017-02-02,0.00012324062948675755,0.00018486094423013632,0.00018486094423013632,0.0,0.00018486094423013632
2017-02-03,0.0050550636213372085,0.007582595432005812,0.007582595432005812,0.0,0.007582595432005812
2017-02-06,-2.7998565255808278e-05,-4.1997847883712416e-05,-4.1997847883712416e-05,0.0,-4.1997847883712416e-05
2017-02-07,-0.00037863165898754936,-0.000567947488481324,-0.000567947488481324,0.0,-0.000567947488481324
2017-02-08,0.0010978886879851933,0.00164683303197779,0.00164683303197779,0.0,0.00164683303197779
2017-02-09,0.0028164622825167813,0.004224693423775172,0.004224693423775172,0.0,0.004224693423775172
2017-02-10,0.0024912854004962865,0.0037369281007444298,0.0037369281007444298,0.0,0.0037369281007444298
2017-02-13,0.002321788360689903,0.003482682541034854,0.003482682541034854,0.0,0.003482682541034854
2017-02-14,0.0023604162150100195,0.003540624322515029,0.003540624322515029,0.0,0.003540624322515029
2017-02-15,0.0027239246600616017,0.0040858869900924025,0.0040858869900924025,0.0,0.0040858869900924025
2017-02-16,-0.00045585348106065294,-0.0007764371456147612,-0.0005911232975671976,0.0,-0.0007764371456147612
2017-02-17,0.0008294150637369861,0.0007323356974369921,0.001755909493773966,0.0,0.0007323356974369921
2017-02-21,0.0029810045833353525,0.0044715068750030285,0.0044715068750030285,0.0,0.0044715068750030285
2017-02-22,-0.000985152261091001,-0.0014777283916365014,-0.0014777283916365014,0.0,-0.0014777283916365014
2017-02-23,0.0010541050062118215,0.0015811575093177322,0.0015811575093177322,0.0,0.0015811575093177322
2017-02-24,0.0007030919788226193,0.001054637968233929,0.001054637968233929,0.0,0.001054637968233929
2017-02-27,0.001444849286653005,0.0021672739299795074,0.0021672739299795074,0.0,0.0021672739299795074
2017-02-28,-0.0018852682436717079,-0.002827902365507562,-0.002827902365507562,0.0,-0.002827902365507562
2017-03-01,0.007488746964055801,0.0112331204460837,0.0112331204460837,0.0,0.0112331204460837
2017-03-02,-0.0046930863068260515,-0.007886213416769872,-0.006193045503708283,0.0,-0.007886213416769872
2017-03-03,0.0008311616375431615,0.0013122448530988873,0.001181240059530597,0.0,0.0013122448530988873
2017-03-06,-0.0024210773253149427,-0.0036316159879724143,-0.0036316159879724143,0.0,-0.0036316159879724143
2017-03-07,-0.0028323026496754225,-0.0042484539745131335,-0.0042484539745131335,0.0,-0.0042484539745131335
2017-03-08,-0.0027627841702850668,-0.0041441762554276,-0.0041441762554276,0.0,-0.0041441762554276
2017-03-09,4.943525058389575e-05,7.415287587584363e-05,7.415287587584363e-05,0.0,7.415287587584363e-05
2017-03-10,0.0018021757594391728,0.0027032636391587594,0.0027032636391587594,0.0,0.0027032636391587594
2017-03-13,7.06907928781734e-06,1.060361893172601e-05,1.060361893172601e-05,0.0,1.060361893172601e-05
2017-03-14,-0.002238846539991039,-0.0033582698099865584,-0.0033582698099865584,0.0,-0.0033582698099865584
2017-03-15,0.007076598332364255,0.010614897498546383,0.010614897498546383,0.0,0.010614897498546383
2017-03-16,-0.0011661367061292247,-0.0017492050591938369,-0.0017492050591938369,0.0,-0.0017492050591938369
2017-03-17,-0.0002874256806357038,-0.00043113852095355565,-0.00043113852095355565,0.0,-0.00043113852095355565
2017-03-20,-0.00041018732411068166,-0.0006152809861660225,-0.0006152809861660225,0.0,-0.0006152809861660225
2017-03-21,-0.0072319092663271295,-0.010847863899490695,-0.010847863899490695,0.0,-0.010847863899490695
2017-03-22,0.001270937665415306,0.001906406498122959,0.001906406498122959,0.0,0.001906406498122959
2017-03-23,-0.000577999041498356,-0.000866998562247534,-0.000866998562247534,0.0,-0.000866998562247534
2017-03-24,4.160380812168185e-05,6.240571218252278e-05,6.240571218252278e-05,0.0,6.240571218252278e-05
2017-03-27,0.0002867233558681163,0.00043008503380217447,0.00043008503380217447,0.0,0.00043008503380217447
2017-03-28,0.003569569286906112,0.005354353930359168,0.005354353930359168,0.0,0.005354353930359168
2017-03-29,0.0016307457138773351,0.0024461185708160027,0.0024461185708160027,0.0,0.0024461185708160027
2017-03-30,0.0010084290898700664,0.0015126436348050997,0.0015126436348050997,0.0,0.0015126436348050997
2017-03-31,-0.0010567297262936556,-0.0015850945894404834,-0.0015850945894404834,0.0,-0.0015850945894404834
2017-04-03,-0.0001258277729813573,-0.00018874165947203593,-0.00018874165947203593,0.0,-0.00018874165947203593
2017-04-04,0.0004053534687247155,0.0006080302030870733,0.0006080302030870733,0.0,0.0006080302030870733
2017-04-05,-0.0023448712300911203,-0.0035173068451366807,-0.0035173068451366807,0.0,-0.0035173068451366807
2017-04-06,0.0016487859666690049,0.002473178950003507,0.002473178950003507,0.0,0.002473178950003507
2017-04-07,-0.0007263698582007594,-0.0010895547873011392,-0.0010895547873011392,0.0,-0.0010895547873011392
2017-04-10,0.0006060041951528872,0.0009090062927293308,0.0009090062927293308,0.0,0.0009090062927293308
2017-04-11,0.001210260501353185,0.0018153907520297775,0.0018153907520297775,0.0,0.0018153907520297775
2017-04-12,-0.0019095440717348626,-0.002864316107602294,-0.002864316107602294,0.0,-0.002864316107602294
2017-04-13,-0.0037654300931196406,-0.005648145139679461,-0.005648145139679461,0.0,-0.005648145139679461
2017-04-17,0.004274861117463106,0.006412291676194659,0.006412291676194659,0.0,0.006412291676194659
2017-04-18,-0.0014429531306326588,-0.0021644296959489884,-0.0021644296959489884,0.0,-0.0021644296959489884
2017-04-19,-0.00217078432445279,-0.003256176486679185,-0.003256176486679185,0.0,-0.003256176486679185
2017-04-20,0.0048993651184789785,0.007349047677718467,0.007349047677718467,0.0,0.007349047677718467
2017-04-21,-0.0018232598338650948,-0.0027348897507976423,-0.0027348897507976423,0.0,-0.0027348897507976423
2017-04-24,0.005619614590321543,0.008429421885482314,0.008429421885482314,0.0,0.008429421885482314
2017-04-25,0.0025713993113079497,0.003857098966961925,0.003857098966961925,0.0,0.003857098966961925
2017-04-26,0.0008476713182581216,0.0012715069773871824,0.0012715069773871824,0.0,0.0012715069773871824
2017-04-27,-0.0004274570140080813,-0.000641185521012122,-0.000641185521012122,0.0,-0.000641185521012122
2017-04-28,-0.0009632954882274595,-0.0014449432323411892,-0.0014449432323411892,0.0,-0.0014449432323411892
2017-05-01,0.0008232238116708812,0.0012348357175063218,0.0012348357175063218,0.0,0.0012348357175063218
2017-05-02,0.00010728352655825132,0.00016092528983737697,0.00016092528983737697,0.0,0.00016092528983737697
2017-05-03,-0.0012871124831155933,-0.00193066872467339,-0.00193066872467339,0.0,-0.00193066872467339
2017-05-04,-0.0017194703251981393,-0.002579205487797209,-0.002579205487797209,0.0,-0.002579205487797209
2017-05-05,0.002459400207488264,0.003689100311232396,0.003689100311232396,0.0,0.003689100311232396
2017-05-08,-0.0003090063451444136,-0.0004635095177166204,-0.0004635095177166204,0.0,-0.0004635095177166204
2017-05-09,-0.000997104115090878,-0.001495656172636317,-0.001495656172636317,0.0,-0.001495656172636317
2017-05-10,0.0016115801248191008,0.0024173701872286513,0.0024173701872286513,0.0,0.0024173701872286513
2017-05-11,-0.0010588504100343288,-0.0015882756150514931,-0.0015882756150514931,0.0,-0.0015882756150514931
2017-05-12,-0.00016145450625416983,-0.00024218175938125474,-0.00024218175938125474,0.0,-0.00024218175938125474
2017-05-15,0.003224603928748933,0.0048369058931234,0.0048369058931234,0.0,0.0048369058931234
2017-05-16,0.000705196736701256,0.0010577951050518841,0.0010577951050518841,0.0,0.0010577951050518841
2017-05-17,-0.009046930197074254,-0.013570395295611382,-0.013570395295611382,0.0,-0.013570395295611382
2017-05-18,0.001708748237787187,0.0025631223566807805,0.0025631223566807805,0.0,0.0025631223566807805
2017-05-19,0.003955589290313455,0.005933383935470183,0.005933383935470183,0.0,0.005933383935470183
2017-05-22,0.002461830231178171,0.0036927453467672567,0.0036927453467672567,0.0,0.0036927453467672567
2017-05-23,0.0007236708571669655,0.0010855062857504482,0.0010855062857504482,0.0,0.0010855062857504482
2017-05-24,0.001429352964687136,0.002144029447030704,0.002144029447030704,0.0,0.002144029447030704
2017-05-25,0.0008162110531508467,0.00122431657972627,0.00122431657972627,0.0,0.00122431657972627
2017-05-26,0.0007011765374125067,0.00105176480611876,0.00105176480611876,0.0,0.00105176480611876
2017-05-30,-0.0016764354240098884,-0.0025146531360148326,-0.0025146531360148326,0.0,-0.0025146531360148326
2017-05-31,-0.00043690757696962144,-0.0006553613654544322,-0.0006553613654544322,0.0,-0.0006553613654544322
2017-06-01,0.00473288276784567,0.007099324151768505,0.007099324151768505,0.0,0.007099324151768505
2017-06-02,0.002877729519824042,0.004316594279736063,0.004316594279736063,0.0,0.004316594279736063
2017-06-05,-0.0007363204820890553,-0.0011044807231335829,-0.0011044807231335829,0.0,-0.0011044807231335829
2017-06-06,0.000629973528948143,0.0009449602934222146,0.0009449602934222146,0.0,0.0009449602934222146
2017-06-07,-0.00014797926982884995,-0.00022196890474327491,-0.00022196890474327491,0.0,-0.00022196890474327491
2017-06-08,0.0009766125119894979,0.001464918767984247,0.001464918767984247,0.0,0.001464918767984247
2017-06-09,-0.00021381964671528158,-0.0003207294700729224,-0.0003207294700729224,0.0,-0.0003207294700729224
2017-06-12,-0.0005545844513265082,-0.0008318766769897623,-0.0008318766769897623,0.0,-0.0008318766769897623
2017-06-13,0.0030592790344758335,0.00458891855171375,0.00458891855171375,0.0,0.00458891855171375
2017-06-14,-0.0010584777641658106,-0.0015877166462487159,-0.0015877166462487159,0.0,-0.0015877166462487159
2017-06-15,-0.002337152421890772,-0.003505728632836158,-0.003505728632836158,0.0,-0.003505728632836158
2017-06-16,0.0008071879561486325,0.0012107819342229488,0.0012107819342229488,0.0,0.0012107819342229488
2017-06-19,0.003933967100690649,0.0059009506510359746,0.0059009506510359746,0.0,0.0059009506510359746
2017-06-20,-0.003086482199381109,-0.004629723299071664,-0.004629723299071664,0.0,-0.004629723299071664
2017-06-21,0.00023991389844029896,0.00035987084766044843,0.00035987084766044843,0.0,0.00035987084766044843
2017-06-22,0.000787179073528114,0.001180768610292171,0.001180768610292171,0.0,0.001180768610292171
2017-06-23,0.001543573378954355,0.002327922640368163,0.0023027974964949017,0.0,0.002327922640368163
2017-06-26,-0.0006640542968901894,-0.0010457910453626651,-0.0009463718453079029,0.0,-0.0010457910453626651
2017-06-27,-0.0045718339107543565,-0.006832978158175918,-0.006882523574087152,0.0,-0.006832978158175918
2017-06-28,0.005417858657245052,0.008126787985867578,0.008126787985867578,0.0,0.008126787985867578
2017-06-29,-0.004724590196380341,-0.007086885294570511,-0.007086885294570511,0.0,-0.007086885294570511
2017-06-30,1.0776802733958313e-05,1.616520410093747e-05,1.616520410093747e-05,0.0,1.616520410093747e-05
2017-07-03,-0.00019390037070655302,0.0014492740968102048,0.0014492740968102048,-0.0034802493057400686,0.0014492740968102048
2017-07-05,0.001652334288618551,0.0010132103432112017,0.0010132103432112017,0.0029305821794332497,0.0010132103432112017
2017-07-06,-0.00765934056513063,-0.00873274063652758,-0.00873274063652758,-0.005512540422336731,-0.00873274063652758
2017-07-07,0.003182089649302696,0.0036964556740290535,0.0036964556740290535,0.002153357599849981,0.0036964556740290535
2017-07-10,0.0008604976911506633,0.0013561048369695405,0.0013561048369695405,-0.00013071660048709078,0.0013561048369695405
2017-07-11,0.0006999385466857374,0.0005646995624341344,0.0005646995624341344,0.0009704165151889433,0.0005646995624341344
2017-07-12,0.005953665502526761,0.006918778570924489,0.006918778570924489,0.004023439365731307,0.006918778570924489
2017-07-13,0.0007123820968548541,0.001057938437573236,0.001057938437573236,2.1269415418090355e-05,0.001057938437573236
2017-07-14,0.002228832724975875,0.004462575166180827,0.004462575166180827,-0.002238652157434029,0.004462575166180827
2017-07-17,0.00035373140436641967,0.00018469554977837977,0.00018469554977837977,0.0006918031135424996,0.00018469554977837977
2017-07-18,0.0013108022058645104,0.0016893238680111833,0.0016893238680111833,0.0005537588815711647,0.0016893238680111833
2017-07-19,0.00378338452520827,0.005248179796293706,0.005248179796293706,0.0008537939830373986,0.005248179796293706
2017-07-20,0.0008042295559995694,0.0011336217275597859,0.0011336217275597859,0.00014544521287913615,0.0011336217275597859
2017-07-21,-0.00047720132011696,-0.0007158019801754345,-0.0007158019801754345,-1.1102230246251566e-17,-0.0007158019801754345
2017-07-24,0.0004730068681260062,0.00048773888932790443,0.00048773888932790443,0.0004435428257222096,0.00048773888932790443
2017-07-25,0.0011752737317285435,0.0012261822979315108,0.0012261822979315108,0.0010734565993226087,0.0012261822979315108
2017-07-26,0.0007974950290940827,0.0006623047045717367,0.0006623047045717367,0.0010678756781387743,0.0006623047045717367
2017-07-27,-0.001886471564012896,-0.0021140464253573076,-0.0021140464253573076,-0.0014313218413240735,-0.0021140464253573076
2017-07-28,0.0014291626123576152,0.0012924581324502804,0.0012924581324502804,0.0017025715721722845,0.0012924581324502804
2017-07-31,-0.0001375824236214,5.8180011368702544e-05,5.8180011368702544e-05,-0.0005291072936016051,5.8180011368702544e-05
2017-08-01,0.0020447460358399617,0.0025541042097000253,0.0025541042097000253,0.0010260296881198338,0.0025541042097000253
2017-08-02,-0.0008204360664977834,-0.0008514898372706913,-0.0008514898372706913,-0.0007583285249519678,-0.0008514898372706913
2017-08-03,-0.001154450455698175,-0.001631840365002235,-0.001631840365002235,-0.00019967063709005472,-0.001631840365002235
2017-08-04,0.00038662851830834066,0.0004492251533767644,0.0004492251533767644,0.0002614352481714932,0.0004492251533767644
2017-08-07,0.0007976509135151133,0.0010075361659349635,0.0010075361659349635,0.0003778804086754128,0.0010075361659349635
2017-08-08,-0.0015797417236025457,-0.0019806932749287464,-0.0019806932749287464,-0.0007778386209501443,-0.0019806932749287464
2017-08-09,0.0007086796660986623,0.0008233884873504627,0.0008233884873504627,0.00047926202359506177,0.0008233884873504627
2017-08-10,-0.010020445380066034,-0.010695814019006943,-0.010695814019006943,-0.008669708102184214,-0.010695814019006943
2017-08-11,0.0011155442776342357,0.0015340516493193902,0.0015340516493193902,0.0002785295342639271,0.0015340516493193902
2017-08-14,0.00618238364407286,0.006499630949227097,0.006499630949227097,0.005547889033764386,0.006499630949227097
2017-08-15,-0.0010243089170245522,-0.002013016673046242,-0.002013016673046242,0.0009531065950188266,-0.002013016673046242
2017-08-16,0.00036763286335954234,0.0010317034143678793,0.0010317034143678793,-0.0009605082386571317,0.0010317034143678793
2017-08-17,-0.00828242379018384,-0.01171617792861438,-0.01171617792861438,-0.0014149155133227676,-0.01171617792861438
2017-08-18,-0.00035532869485432883,-0.0007829387959375267,-0.0007829387959375267,0.0004998915073120668,-0.0007829387959375267
2017-08-21,-2.5838440985996125e-05,0.00021796576481786234,0.00021796576481786234,-0.000513446852593713,0.00021796576481786234
2017-08-22,0.0056750716522916645,0.008181975639019868,0.008181975639019868,0.0006612636788352555,0.008181975639019868
2017-08-23,-0.0005622349369583945,-0.0010596678710473983,-0.0010596678710473983,0.00043263093121961307,-0.0010596678710473983
2017-08-24,-0.000632010419680414,-0.0007476118171764301,-0.0007476118171764301,-0.00040080762468838185,-0.0007476118171764301
2017-08-25,0.0013165502751008916,0.0019748254126513375,0.0019748254126513375,0.0,0.0019748254126513375
2017-08-28,0.0012340259170406339,0.0018510388755609507,0.0018510388755609507,0.0,0.0018510388755609507
2017-08-29,0.0007351305889721586,0.0011026958834582379,0.0011026958834582379,0.0,0.0011026958834582379
2017-08-30,0.0027058534170241546,0.004058780125536232,0.004058780125536232,0.0,0.004058780125536232
2017-08-31,0.004865066000024321,0.007297599000036481,0.007297599000036481,0.0,0.007297599000036481
2017-09-01,0.0008476201240873227,0.001271430186130984,0.001271430186130984,0.0,0.001271430186130984
2017-09-05,-0.0025383792537153247,-0.003807568880572987,-0.003807568880572987,0.0,-0.003807568880572987
2017-09-06,0.0016260727456267534,0.00243910911844013,0.00243910911844013,0.0,0.00243910911844013
2017-09-07,0.0012521130148490953,0.0018781695222736428,0.0018781695222736428,0.0,0.0018781695222736428
2017-09-08,-0.0011301855282901544,-0.0016952782924352316,-0.0016952782924352316,0.0,-0.0016952782924352316
2017-09-11,0.004476576424303206,0.006714864636454809,0.006714864636454809,0.0,0.006714864636454809
2017-09-12,0.002257255899500669,0.0035070690048610853,0.0032646986936409215,0.0,0.0035070690048610853
2017-09-13,0.00038892015656653015,0.0003974596722846724,0.000769300797414918,0.0,0.0003974596722846724
2017-09-14,0.0002743951687705248,0.00046612827266099275,0.0003570572336505817,0.0,0.00046612827266099275
2017-09-15,0.0007962594661221623,0.0013123615216918405,0.0010764168766746463,0.0,0.0013123615216918405
2017-09-18,0.0006791873843129477,0.001231416150716158,0.0008061460022226851,0.0,0.001231416150716158
2017-09-19,0.000693827342538696,0.0012449258331740931,0.0008365561944419953,0.0,0.0012449258331740931
2017-09-20,5.6445479954736476e-05,0.0004235754712081263,-0.0002542390313439169,0.0,0.0004235754712081263
2017-09-21,-0.0018652439550209305,-0.0027829248160567643,-0.0028128070490060276,0.0,-0.0027829248160567643
2017-09-22,0.0007714896113034294,0.00141150613787423,0.0009029626960360582,0.0,0.00141150613787423
2017-09-25,-0.0003240442835062603,0.00023565590390055567,-0.0012077887544193367,0.0,0.00023565590390055567
2017-09-26,-0.00038400848825003163,-0.0005980217596989635,-0.0005540037050511315,0.0,-0.0005980217596989635
2017-09-27,0.0022701589334988225,0.0036180507294932053,0.0031924260710032627,0.0,0.0036180507294932053
2017-09-28,0.0004270679768610286,0.0009061033628172232,0.00037510056776586255,0.0,0.0009061033628172232
2017-09-29,0.0018192739869399399,0.0028399491065050687,0.002617872854314751,0.0,0.0028399491065050687
2017-10-02,0.0019509323673610839,0.003525900767417811,0.0023268963346654405,0.0,0.003525900767417811
2017-10-03,0.0009247948589020562,0.0016923464837525271,0.001082038092953641,0.0,0.0016923464837525271
2017-10-04,0.00035627260173716203,0.00014548108243509495,0.0009233367227763911,0.0,0.00014548108243509495
2017-10-05,0.002518702259619935,0.0039982072011540025,0.003557899577705803,0.0,0.0039982072011540025
2017-10-06,-0.0003728677368654157,-0.0006801090742154625,-0.0004384941363807848,0.0,-0.0006801090742154625
2017-10-09,-0.000232147576394733,-0.00012011334283770214,-0.0005763293863464969,0.0,-0.00012011334283770214
2017-10-10,0.001497399199921808,0.002246098799882712,0.002246098799882712,0.0,0.002246098799882712
2017-10-11,0.0010787075659336157,0.0016180613489004236,0.0016180613489004236,0.0,0.0016180613489004236
2017-10-12,-0.0013765766809255935,-0.0015024852689996759,-0.0015024852689996759,-0.0011247595047774283,-0.0015024852689996759
2017-10-13,0.001038310370006094,0.0021863424825833257,0.0021863424825833257,-0.0012577538551483691,0.0021863424825833257
2017-10-16,0.0007947067411103514,0.000744694776438437,0.000744694776438437,0.0008947306704541802,0.000744694776438437
2017-10-17,0.0007210912206788749,0.00043314172537050054,0.00043314172537050054,0.0012969902112956234,0.00043314172537050054
2017-10-18,0.00035080818374439994,0.00034271615943620715,0.00034271615943620715,0.00036699223236078546,0.00034271615943620715
2017-10-19,8.415266525209815e-05,0.00043693749702040653,0.00043693749702040653,-0.0006214169982845186,0.00043693749702040653
2017-10-20,0.0011166474424208373,0.0024203203637515602,0.0024203203637515602,-0.0014906984002406088,0.0024203203637515602
2017-10-23,-0.0022039417243885956,-0.0029767829716743745,-0.0029767829716743745,-0.0006582592298170376,-0.0029767829716743745
2017-10-24,-2.2270579634501653e-05,0.0007692674521307841,0.0007692674521307841,-0.0016053466431650732,0.0007692674521307841
2017-10-25,-0.003918564194691654,-0.004278292530942962,-0.004278292530942962,-0.0031991075221890373,-0.004278292530942962
2017-10-26,-0.0009412282313964073,-0.0006753646221927423,-0.0006753646221927423,-0.0014729554498037368,-0.0006753646221927423
2017-10-27,0.00836508744477807,0.0084670704168068,0.0084670704168068,0.008161121500720615,0.0084670704168068
2017-10-30,-0.0013745730851236944,-0.001152078032192394,-0.001152078032192394,-0.0018195631909862953,-0.001152078032192394
2017-10-31,0.0007094793033843045,0.0013300462354256747,0.0013300462354256747,-0.0005316545606984357,0.0013300462354256747
2017-11-01,0.0015585489638802724,0.002032225188070147,0.002032225188070147,0.0006111965155005227,0.002032225188070147
2017-11-02,0.0006841570767401549,0.0012207090118662388,0.0012207090118662388,-0.00038894679351201276,0.0012207090118662388
2017-11-03,0.0020576227681556574,0.0026274600281658623,0.0026274600281658623,0.0009179482481352474,0.0026274600281658623
2017-11-06,0.002611804150900395,0.004022309274649994,0.004022309274649994,-0.00020920609659880185,0.004022309274649994
2017-11-07,-0.0015998326203882232,-0.002399748930582335,-0.002399748930582335,0.0,-0.002399748930582335
2017-11-08,0.0004379103426686755,0.0006568655140030133,0.0006568655140030133,0.0,0.0006568655140030133
2017-11-09,-0.0015033817259781552,-0.002255072588967233,-0.002255072588967233,0.0,-0.002255072588967233
2017-11-10,-0.0026969244107665287,-0.004045386616149793,-0.004045386616149793,0.0,-0.004045386616149793
2017-11-13,0.00023086195836502879,0.0003462929375475432,0.0003462929375475432,0.0,0.0003462929375475432
2017-11-14,-0.0016104267618313628,-0.0024156401427470444,-0.0024156401427470444,0.0,-0.0024156401427470444
2017-11-15,-0.0019034816581990023,-0.0028552224872985033,-0.0028552224872985033,0.0,-0.0028552224872985033
2017-11-16,0.0037564760278009147,0.005634714041701372,0.005634714041701372,0.0,0.005634714041701372
2017-11-17,0.00044097207055267723,0.0006614581058290159,0.0006614581058290159,0.0,0.0006614581058290159
2017-11-20,1.7609690615261187e-05,2.641453592289178e-05,2.641453592289178e-05,0.0,2.641453592289178e-05
2017-11-21,0.004265453873451526,0.00639818081017729,0.00639818081017729,0.0,0.00639818081017729
2017-11-22,0.00039518525886222586,0.0005927778882933388,0.0005927778882933388,0.0,0.0005927778882933388
2017-11-24,0.0008486257408708934,0.0012729386113063401,0.0012729386113063401,0.0,0.0012729386113063401
2017-11-27,-0.0006807279695068003,-0.0010210919542602004,-0.0010210919542602004,0.0,-0.0010210919542602004
2017-11-28,0.005665802453721037,0.008498703680581554,0.008498703680581554,0.0,0.008498703680581554
2017-11-29,-0.0013901005232311193,-0.002085150784846679,-0.002085150784846679,0.0,-0.002085150784846679
2017-11-30,0.004006727991541507,0.00601009198731226,0.00601009198731226,0.0,0.00601009198731226
2017-12-01,0.0005505721557526193,0.00088723262622733,0.0007644838410305277,0.0,0.00088723262622733
2017-12-04,-0.002516856901533197,-0.003013874391341931,-0.00453669631325766,0.0,-0.003013874391341931
2017-12-05,-0.0018617593039503353,-0.003060507471308438,-0.0025247704405425677,0.0,-0.003060507471308438
2017-12-06,-0.0006304188331768638,-0.0011251448274890552,-0.0007661116720415362,0.0,-0.0011251448274890552
2017-12-07,0.000439213501416987,0.0008209779015841856,0.0004966626026667754,0.0,0.0008209779015841856
2017-12-08,0.0029442510528081118,0.0047217080602592445,0.00411104509816509,0.0,0.0047217080602592445
2017-12-11,0.0016962857767558088,0.002419453530498328,0.002669403799769099,0.0,0.002419453530498328
2017-12-12,0.0006159804522451647,0.0014250511869552285,0.0004228901697802656,0.0,0.0014250511869552285
2017-12-13,0.0015714494856858385,0.0017370363543868783,0.0029773121026706374,0.0,0.0017370363543868783
2017-12-14,-0.002669624960097764,-0.0038020644693319227,-0.00420681041096137,0.0,-0.0038020644693319227
2017-12-15,0.005024251657597996,0.007536377486396994,0.007536377486396994,0.0,0.007536377486396994
2017-12-18,0.0037265866755572456,0.005589880013335868,0.005589880013335868,0.0,0.005589880013335868
2017-12-19,-0.002775755713150274,-0.004163633569725411,-0.004163633569725411,0.0,-0.004163633569725411
2017-12-20,-3.826588928817672e-05,-5.739883393226508e-05,-5.739883393226508e-05,0.0,-5.739883393226508e-05
2017-12-21,0.002780011314780517,0.004170016972170776,0.004170016972170776,0.0,0.004170016972170776
2017-12-22,-0.00020241890440743466,-0.00022986775956373995,-0.00037738895365856394,0.0,-0.00022986775956373995
2017-12-26,-0.00011231989447892202,0.000269187057278808,-0.0006061467407155741,0.0,0.000269187057278808
2017-12-27,0.0013046280043393513,0.0017916554676971619,0.002122228545320892,0.0,0.0017916554676971619
2017-12-28,0.0013990297095330135,0.002262762262055573,0.00211072898554836,-0.00017640211900489257,0.002262762262055573
2017-12-29,-0.002280038636054423,-0.0034584400117530167,-0.003168665002740323,-0.0002130108936699293,-0.0034584400117530167
2018-01-02,0.005047001681547851,0.007847740868315866,0.007293264176327685,0.0,0.007847740868315866
2018-01-03,0.0036789433527279,0.006123256529949883,0.004913573528233817,0.0,0.006123256529949883
2018-01-04,0.0025631509880613243,0.004199816971690395,0.0034896359924935783,0.0,0.004199816971690395
2018-01-05,0.002877389332953499,0.004480406010957294,0.004151761987903202,0.0,0.004480406010957294
2018-01-08,0.0005304749493080722,0.0010689337274479738,0.0005224911204762428,0.0,0.0010689337274479738
2018-01-09,0.0002367967970153225,0.00022922367392427256,0.0004811667171216949,0.0,0.00022922367392427256
2018-01-10,-4.9667026171732835e-05,-0.00013430558404505799,-1.4695494470140513e-05,0.0,-0.00013430558404505799
2018-01-11,0.004670812791117332,0.008030971484674975,0.005981466888677023,0.0,0.008030971484674975
2018-01-12,0.004546399335446679,0.0073021166490869534,0.006337081357253083,0.0,0.0073021166490869534
2018-01-16,-0.0014406376342628868,-0.00279385472880187,-0.0015280581739867904,0.0,-0.00279385472880187
2018-01-17,0.004640605313489236,0.007399168622054886,0.006522647318412822,0.0,0.007399168622054886
2018-01-18,-0.001687825903989108,-0.003091406290625287,-0.0019720714213420365,0.0,-0.003091406290625287
2018-01-19,0.002149860369897372,0.0033574421559283254,0.00309213895376379,0.0,0.0033574421559283254
2018-01-22,0.005016857484021749,0.007853188110964715,0.007197384341100533,0.0,0.007853188110964715
2018-01-23,0.001317425299448157,0.002146848367275278,0.0018054275310691926,0.0,0.002146848367275278
2018-01-24,-0.00013519668992072095,-0.0004392185064110987,3.362843664893589e-05,0.0,-0.0004392185064110987
2018-01-25,-0.00035656498921747825,0.0003417878611747582,-0.001411482828827193,0.0,0.0003417878611747582
2018-01-26,0.005029727271542724,0.008593822046650268,0.006495359767977904,0.0,0.008593822046650268
2018-01-29,-0.004016719206960998,-0.006719469412028156,-0.005330688208854839,0.0,-0.006719469412028156
2018-01-30,-0.006123614807906993,-0.01148781963288208,-0.0068830247908388984,0.0,-0.01148781963288208
2018-01-31,0.0006048764920848604,0.0011842582555150027,0.0006303712207395784,0.0,0.0011842582555150027
2018-02-01,0.0002601732537526787,0.00039025988062901806,0.00039025988062901806,0.0,0.00039025988062901806
2018-02-02,-0.014427458768543774,-0.02164118815281566,-0.02164118815281566,0.0,-0.02164118815281566
2018-02-05,-0.02212753093074565,-0.03319129639611847,-0.03319129639611847,0.0,-0.03319129639611847
2018-02-06,0.008724592646332244,0.013086888969498367,0.013086888969498367,0.0,0.013086888969498367
2018-02-07,-0.00415986713794804,-0.006239800706922061,-0.006239800706922061,0.0,-0.006239800706922061
2018-02-08,-0.01997078619775096,-0.029956179296626438,-0.029956179296626438,0.0,-0.029956179296626438
2018-02-09,0.006975264212035803,0.010462896318053704,0.010462896318053704,0.0,0.010462896318053704
2018-02-12,0.008398988905026808,0.012598483357540213,0.012598483357540213,0.0,0.012598483357540213
2018-02-13,0.0016608467000486162,0.0024912700500729244,0.0024912700500729244,0.0,0.0024912700500729244
2018-02-14,0.009014317901997826,0.013521476852996739,0.013521476852996739,0.0,0.013521476852996739
2018-02-15,0.006191924413443687,0.00928788662016553,0.00928788662016553,0.0,0.00928788662016553
2018-02-16,0.00025107189525238975,0.00037660784287858463,0.00037660784287858463,0.0,0.00037660784287858463
2018-02-20,-0.003953898098913222,-0.005930847148369833,-0.005930847148369833,0.0,-0.005930847148369833
2018-02-21,-0.0037430343973578807,-0.005614551596036821,-0.005614551596036821,0.0,-0.005614551596036821
2018-02-22,0.001143362125483812,0.0017150431882257179,0.0017150431882257179,0.0,0.0017150431882257179
2018-02-23,0.009619327852560056,0.014428991778840083,0.014428991778840083,0.0,0.014428991778840083
2018-02-26,0.006631911264144434,0.009947866896216651,0.009947866896216651,0.0,0.009947866896216651
2018-02-27,-0.0063026375286141635,-0.01056397843823812,-0.00834393414760437,0.0,-0.01056397843823812
2018-02-28,-0.0072048488320185745,-0.010195690769367594,-0.011418855726688127,0.0,-0.010195690769367594
2018-03-01,-0.006475128430128985,-0.009712692645193477,-0.009712692645193477,0.0,-0.009712692645193477
2018-03-02,0.00345550513557471,0.005183257703362065,0.005183257703362065,0.0,0.005183257703362065
2018-03-05,0.005691160705790596,0.008536741058685893,0.008536741058685893,0.0,0.008536741058685893
2018-03-06,0.0023204187325297646,0.003480628098794647,0.003480628098794647,0.0,0.003480628098794647
2018-03-07,0.00011443437824677125,0.00017165156737015687,0.00017165156737015687,0.0,0.00017165156737015687
2018-03-08,0.001981936967517791,0.0029729054512766862,0.0029729054512766862,0.0,0.0029729054512766862
2018-03-09,0.009432485802618691,0.014148728703928037,0.014148728703928037,0.0,0.014148728703928037
2018-03-12,-9.25933609635147e-05,4.60591894498652e-05,-0.0003238392723404093,0.0,4.60591894498652e-05
2018-03-13,-0.002552510763121248,-0.005314542147725532,-0.0023429901416382125,0.0,-0.005314542147725532
2018-03-14,-0.0028214763673366245,-0.003410668744987333,-0.005053760357022541,0.0,-0.003410668744987333
2018-03-15,-0.0009809335939123512,-0.0014714003908685269,-0.0014714003908685269,0.0,-0.0014714003908685269
2018-03-16,0.0005814276816858828,0.0008721415225288242,0.0008721415225288242,0.0,0.0008721415225288242
2018-03-19,-0.007801400780960462,-0.011702101171440693,-0.011702101171440693,0.0,-0.011702101171440693
2018-03-20,0.0008635448479100398,0.0012953172718650596,0.0012953172718650596,0.0,0.0012953172718650596
2018-03-21,0.0021136733102042524,0.0031705099653063784,0.0031705099653063784,0.0,0.0031705099653063784
2018-03-22,-0.013799708441172702,-0.02069956266175905,-0.02069956266175905,0.0,-0.02069956266175905
2018-03-23,-0.010570791010955038,-0.015856186516432558,-0.015856186516432558,0.0,-0.015856186516432558
2018-03-26,0.015022138978692577,0.022533208468038867,0.022533208468038867,0.0,0.022533208468038867
2018-03-27,-0.010106873585422164,-0.015160310378133247,-0.015160310378133247,0.0,-0.015160310378133247
2018-03-28,-0.0029943405611517018,-0.004491510841727553,-0.004491510841727553,0.0,-0.004491510841727553
2018-03-29,0.008109614792955163,0.012164422189432745,0.012164422189432745,0.0,0.012164422189432745
2018-04-02,-0.011441366982068421,-0.01716205047310263,-0.01716205047310263,0.0,-0.01716205047310263
2018-04-03,0.0066806692104054806,0.01002100381560822,0.01002100381560822,0.0,0.01002100381560822
2018-04-04,0.005692781601834233,0.008539172402751349,0.008539172402751349,0.0,0.008539172402751349
2018-04-05,0.003246520126948682,0.0048697801904230235,0.0048697801904230235,0.0,0.0048697801904230235
2018-04-06,-0.011064180532800708,-0.016596270799201063,-0.016596270799201063,0.0,-0.016596270799201063
2018-04-09,0.0032452888835160583,0.004867933325274088,0.004867933325274088,0.0,0.004867933325274088
2018-04-10,0.01098896563879103,0.016483448458186545,0.016483448458186545,0.0,0.016483448458186545
2018-04-11,-0.001868635777796368,-0.002177223235347525,-0.0034286840980415787,0.0,-0.002177223235347525
2018-04-12,0.003765354537345241,0.005640964588800512,0.005655099023235211,0.0,0.005640964588800512
2018-04-13,-0.0015219800660157452,-0.0017308005790167224,-0.0028351396190305135,0.0,-0.0017308005790167224
2018-04-16,0.004019728057764041,0.006540717837317444,0.005518466335974681,0.0,0.006540717837317444
2018-04-17,0.005593115745728176,0.008583756059941838,0.00819559117724269,0.0,0.008583756059941838
2018-04-18,-0.00013967556876596607,0.0005775449566573831,-0.0009965716629552813,0.0,0.0005775449566573831
2018-04-19,-0.0025721969384187395,-0.0037971036575529917,-0.003919487157703227,0.0,-0.0037971036575529917
2018-04-20,-0.0049088272152548185,-0.007600863357802068,-0.007125618287962388,0.0,-0.007600863357802068
2018-04-23,-0.0006761876267487255,-0.0007073308128542233,-0.001321232067391953,0.0,-0.0007073308128542233
2018-04-24,-0.006286286986626817,-0.009965009771393862,-0.00889385118848659,0.0,-0.009965009771393862
2018-04-25,0.00039741609546122637,0.0003432768257535912,-0.000451667533993394,0.001300638994623482,0.0003432768257535912
2018-04-26,0.0090289362141911,0.00951392129059997,0.008058966061373362,0.00951392129059997,0.00951392129059997
2018-04-27,0.001478352815796365,0.0004516773507629912,0.001510474631652603,0.002472906464973501,0.0004516773507629912
2018-04-30,-0.00519261413111789,-0.006593942585814227,-0.0065803799567968335,-0.002403519850742608,-0.006593942585814227
2018-05-01,0.0007910865171123567,0.001051606713546438,0.0015023856886589582,-0.0001807328508683259,0.001051606713546438
2018-05-02,-0.002886076553622778,-0.003928627782033645,-0.003928627782033645,-0.0008009740968010437,-0.003928627782033645
2018-05-03,-0.0012949693858258207,-0.00157414050286947,-0.00157414050286947,-0.0007366271517385226,-0.00157414050286947
2018-05-04,0.007647501914001083,0.010716589314238245,0.010716589314238245,0.0015093271135267594,0.010716589314238245
2018-05-07,0.0025891583790124684,0.003594750179088091,0.003594750179088091,0.0005779747788612233,0.003594750179088091
2018-05-08,0.0008478893724227425,0.00126041607293651,0.00126041607293651,2.2835971395207545e-05,0.00126041607293651
2018-05-09,0.005285560396799505,0.007928340595199257,0.007928340595199257,0.0,0.007928340595199257
2018-05-10,0.006030536750761403,0.009045805126142104,0.009045805126142104,0.0,0.009045805126142104
2018-05-11,0.0015632722975306636,0.0023711110738843357,0.002318705818707656,0.0,0.0023711110738843357
2018-05-14,-1.0448249657894307e-05,0.000462577255257568,-0.0004939220042312509,0.0,0.000462577255257568
2018-05-15,-0.004830066470828336,-0.007704494815674712,-0.006785704596810294,0.0,-0.007704494815674712
2018-05-16,0.0020698493369281385,0.0033842557837418406,0.002825292227042575,0.0,0.0033842557837418406
2018-05-17,-0.0003265157127593972,0.00026459295596371614,-0.0012441400942419078,0.0,0.00026459295596371614
2018-05-18,-0.0007485417124989254,-0.0015102581834627537,-0.0007353669540340225,0.0,-0.0015102581834627537
2018-05-21,0.00364524491217774,0.005979956509613693,0.0049557782269195275,0.0,0.005979956509613693
2018-05-22,-0.0015827459979301387,-0.003039433594386398,-0.001708804399404018,0.0,-0.003039433594386398
2018-05-23,0.0019601272664069784,0.002674705909004804,0.0032056758902161307,0.0,0.002674705909004804
2018-05-24,-0.0011791080702388361,-0.001768662105358254,-0.001768662105358254,0.0,-0.001768662105358254
2018-05-25,-0.0022379718716083684,-0.003356957807412553,-0.003356957807412553,0.0,-0.003356957807412553
2018-05-29,-0.00423734578888025,-0.006356018683320375,-0.006356018683320375,0.0,-0.006356018683320375
2018-05-30,0.007683843278044515,0.011525764917066772,0.011525764917066772,0.0,0.011525764917066772
2018-05-31,-0.00369358511707741,-0.005540377675616115,-0.005540377675616115,0.0,-0.005540377675616115
2018-06-01,0.005006895277153101,0.007510342915729651,0.007510342915729651,0.0,0.007510342915729651
2018-06-04,0.0016481050255321428,0.002472157538298214,0.002472157538298214,0.0,0.002472157538298214
2018-06-05,0.0007207339699812169,0.0010811009549718253,0.0010811009549718253,0.0,0.0010811009549718253
2018-06-06,0.004550400388910747,0.00682560058336612,0.00682560058336612,0.0,0.00682560058336612
2018-06-07,0.0013765598730366277,0.0011183400504643504,0.0011183400504643504,0.001892999518181182,0.0011183400504643504
2018-06-08,0.001003024805421223,0.001077803716767778,0.001077803716767778,0.0008534669827281127,0.001077803716767778
2018-06-11,0.0008813560816110956,0.0012009574297753734,0.0012009574297753734,0.0002421533852825397,0.0012009574297753734
2018-06-12,0.00032251187044021187,0.0001837878882887778,0.0001837878882887778,0.0005999598347430802,0.0001837878882887778
2018-06-13,-0.0014570426693820474,-0.0021354264075582386,-0.0021354264075582386,-0.00010027519302966415,-0.0021354264075582386
2018-06-14,0.0021808902887287874,0.0028563489628280923,0.0028563489628280923,0.000829972940530177,0.0028563489628280923
2018-06-15,-0.002991516505884303,-0.004694974790203077,-0.004694974790203077,0.00041540006275324614,-0.004694974790203077
2018-06-18,-0.0003390883750747698,-0.0005086325626121546,-0.0005086325626121546,0.0,-0.0005086325626121546
2018-06-19,-0.0014756531608779656,-0.0022134797413169483,-0.0022134797413169483,0.0,-0.0022134797413169483
2018-06-20,0.0005344702554770006,0.0008017053832155008,0.0008017053832155008,0.0,0.0008017053832155008
2018-06-21,-0.004243338372300553,-0.0063650075584508305,-0.0063650075584508305,0.0,-0.0063650075584508305
2018-06-22,0.001327045795891979,0.0019905686938379687,0.0019905686938379687,0.0,0.0019905686938379687
2018-06-25,-0.008565319888405365,-0.012847979832608047,-0.012847979832608047,0.0,-0.012847979832608047
2018-06-26,0.0013313070457810384,0.0019969605686715576,0.0019969605686715576,0.0,0.0019969605686715576
2018-06-27,-0.00410889778783455,-0.006163346681751824,-0.006163346681751824,0.0,-0.006163346681751824
2018-06-28,0.0026353141544452896,0.003952971231667934,0.003952971231667934,0.0,0.003952971231667934
2018-06-29,0.0009450681728888039,0.001417602259333206,0.001417602259333206,0.0,0.001417602259333206
2018-07-02,0.0004737404009101202,0.0007106106013651803,0.0007106106013651803,0.0,0.0007106106013651803
2018-07-03,-0.000812845704392351,-0.0012192685565885265,-0.0012192685565885265,0.0,-0.0012192685565885265
2018-07-05,0.004783172306949379,0.0071747584604240685,0.0071747584604240685,0.0,0.0071747584604240685
2018-07-06,0.00503513859744001,0.007552707896160016,0.007552707896160016,0.0,0.007552707896160016
2018-07-09,0.005752190108530986,0.008628285162796479,0.008628285162796479,0.0,0.008628285162796479
2018-07-10,0.0008934904842405074,0.0013402357263607612,0.0013402357263607612,0.0,0.0013402357263607612
2018-07-11,-0.004953886935772315,-0.007430830403658472,-0.007430830403658472,0.0,-0.007430830403658472
2018-07-12,0.004980696943928272,0.007471045415892408,0.007471045415892408,0.0,0.007471045415892408
2018-07-13,0.00013094517037364197,0.00019641775556046294,0.00019641775556046294,0.0,0.00019641775556046294
2018-07-16,-0.0008076122914634368,-0.0012114184371951552,-0.0012114184371951552,0.0,-0.0012114184371951552
2018-07-17,0.000960887925041661,0.0014413318875624915,0.0014413318875624915,0.0,0.0014413318875624915
2018-07-18,0.0012050423254898431,0.0018075634882347646,0.0018075634882347646,0.0,0.0018075634882347646
2018-07-19,-0.0019012042399573733,-0.00285180635993606,-0.00285180635993606,0.0,-0.00285180635993606
2018-07-20,-0.0009792450901182563,-0.0014688676351773844,-0.0014688676351773844,0.0,-0.0014688676351773844
2018-07-23,0.0003323715024048601,0.0004985572536072902,0.0004985572536072902,0.0,0.0004985572536072902
2018-07-24,0.002673286213318719,0.0040099293199780785,0.0040099293199780785,0.0,0.0040099293199780785
2018-07-25,0.0048705964840306685,0.007305894726046003,0.007305894726046003,0.0,0.007305894726046003
2018-07-26,-0.0016769033066020326,-0.002515354959903049,-0.002515354959903049,0.0,-0.002515354959903049
2018-07-27,-0.004437953045242497,-0.006656929567863745,-0.006656929567863745,0.0,-0.006656929567863745
2018-07-30,-0.0028205253043800025,-0.0042307879565700035,-0.0042307879565700035,0.0,-0.0042307879565700035
2018-07-31,0.0027010081432087937,0.004051512214813191,0.004051512214813191,0.0,0.004051512214813191
2018-08-01,-0.0015204601249697875,-0.0022806901874546813,-0.0022806901874546813,0.0,-0.0022806901874546813
2018-08-02,0.0022324815241396476,0.003348722286209471,0.003348722286209471,0.0,0.003348722286209471
2018-08-03,0.0018351954971482863,0.0027527932457224293,0.0027527932457224293,0.0,0.0027527932457224293
2018-08-06,0.0019068934996760544,0.0028603402495140815,0.0028603402495140815,0.0,0.0028603402495140815
2018-08-07,0.0018234415448960355,0.002735162317344053,0.002735162317344053,0.0,0.002735162317344053
2018-08-08,8.426644775250866e-05,0.000126399671628763,0.000126399671628763,0.0,0.000126399671628763
2018-08-09,-0.000680421620360579,-0.0010206324305408686,-0.0010206324305408686,0.0,-0.0010206324305408686
2018-08-10,-0.002364112916390382,-0.0035461693745855727,-0.0035461693745855727,0.0,-0.0035461693745855727
2018-08-13,-0.003751263908884813,-0.005626895863327219,-0.005626895863327219,0.0,-0.005626895863327219
2018-08-14,0.003239229906679686,0.004858844860019529,0.004858844860019529,0.0,0.004858844860019529
2018-08-15,-0.006812938664430476,-0.010219407996645714,-0.010219407996645714,0.0,-0.010219407996645714
2018-08-16,0.004741343914173254,0.00711201587125988,0.00711201587125988,0.0,0.00711201587125988
2018-08-17,0.00213981641056377,0.003209724615845655,0.003209724615845655,0.0,0.003209724615845655
2018-08-20,0.0020701108829274044,0.0031051663243911063,0.0031051663243911063,0.0,0.0031051663243911063
2018-08-21,0.002010289766594194,0.003015434649891291,0.003015434649891291,0.0,0.003015434649891291
2018-08-22,0.0013939830795314985,0.002090974619297248,0.002090974619297248,0.0,0.002090974619297248
2018-08-23,-0.0015883647822278208,-0.002382547173341731,-0.002382547173341731,0.0,-0.002382547173341731
2018-08-24,0.004748210134604121,0.007122315201906182,0.007122315201906182,0.0,0.007122315201906182
2018-08-27,0.004117022724238935,0.006175534086358403,0.006175534086358403,0.0,0.006175534086358403
2018-08-28,-0.0009246309819807601,-0.0013869464729711401,-0.0013869464729711401,0.0,-0.0013869464729711401
2018-08-29,0.003315442361277499,0.004973163541916248,0.004973163541916248,0.0,0.004973163541916248
2018-08-30,-0.0019140206569680778,-0.0028710309854521167,-0.0028710309854521167,0.0,-0.0028710309854521167
2018-08-31,-0.00047518021804554187,-0.0007127703270683128,-0.0007127703270683128,0.0,-0.0007127703270683128
2018-09-04,-0.002055382460540822,-0.0030830736908112333,-0.0030830736908112333,0.0,-0.0030830736908112333
2018-09-05,-0.0017241375721667692,-0.0025862063582501537,-0.0025862063582501537,0.0,-0.0025862063582501537
2018-09-06,-0.002797027661841319,-0.0041955414927619785,-0.0041955414927619785,0.0,-0.0041955414927619785
2018-09-07,-0.001565878503182172,-0.0023488177547732582,-0.0023488177547732582,0.0,-0.0023488177547732582
2018-09-10,0.0004049613572174593,0.0006074420358261889,0.0006074420358261889,0.0,0.0006074420358261889
2018-09-11,0.0018713332733520122,0.0028069999100280183,0.0028069999100280183,0.0,0.0028069999100280183
2018-09-12,0.0002207430482737897,0.0003311145724106845,0.0003311145724106845,0.0,0.0003311145724106845
2018-09-13,0.002916899587503193,0.00437534938125479,0.00437534938125479,0.0,0.00437534938125479
2018-09-14,-7.28114119579404e-05,-0.00010921711793691058,-0.00010921711793691058,0.0,-0.00010921711793691058
2018-09-17,-0.0031590591500428346,-0.004738588725064252,-0.004738588725064252,0.0,-0.004738588725064252
2018-09-18,0.002469264960514502,0.0037038974407717527,0.0037038974407717527,0.0,0.0037038974407717527
2018-09-19,0.0010959352730513185,0.0016439029095769776,0.0016439029095769776,0.0,0.0016439029095769776
2018-09-20,0.0051277193632526105,0.007691579044878915,0.007691579044878915,0.0,0.007691579044878915
2018-09-21,-0.0010634438635922579,-0.0015951657953883868,-0.0015951657953883868,0.0,-0.0015951657953883868
2018-09-24,-0.00019013487243101738,-0.00028520230864652606,-0.00028520230864652606,0.0,-0.00028520230864652606
2018-09-25,-0.00011922594952907448,-0.0001788389242936117,-0.0001788389242936117,0.0,-0.0001788389242936117
2018-09-26,-0.0024289394192363867,-0.00364340912885458,-0.00364340912885458,0.0,-0.00364340912885458
2018-09-27,0.0008228917908212896,0.0012343376862319344,0.0012343376862319344,0.0,0.0012343376862319344
2018-09-28,5.391992056902328e-05,8.087988085353492e-05,8.087988085353492e-05,0.0,8.087988085353492e-05
2018-10-01,0.0013136235096961565,0.0019704352645442346,0.0019704352645442346,0.0,0.0019704352645442346
2018-10-02,0.0004782046687031342,0.0007173070030547013,0.0007173070030547013,0.0,0.0007173070030547013
2018-10-03,0.00027769668639873176,0.0009084075253417256,0.0009084075253417256,-0.0009837249914872559,0.0009084075253417256
2018-10-04,-0.007078273414759958,-0.007905176120863121,-0.007905176120863121,-0.005424468002553628,-0.007905176120863121
2018-10-05,-0.004858486362060411,-0.005877104731874361,-0.005877104731874361,-0.002821249622432509,-0.005877104731874361
2018-10-08,-0.002629886266818937,-0.0026397285382741996,-0.0026397285382741996,-0.002610201723908412,-0.0026397285382741996
2018-10-09,0.0014781623545758401,0.0016591065059436082,0.0016591065059436082,0.0011162740518403046,0.0016591065059436082
2018-10-10,-0.02570130397961844,-0.026995414913234695,-0.026995414913234695,-0.02311308211238594,-0.026995414913234695
2018-10-11,-0.013029175795183512,-0.014157238941187,-0.014157238941187,-0.010773049503176535,-0.014157238941187
2018-10-12,0.009664186786698089,0.009711441337202632,0.009711441337202632,0.009569677685689004,0.009711441337202632
2018-10-15,-0.004704187718151057,-0.004774538161929931,-0.004774538161929931,-0.0045634868305933106,-0.004774538161929931
2018-10-16,0.018224342599938163,0.018518890591811575,0.018518890591811575,0.017635246616191334,0.018518890591811575
2018-10-17,-0.0008268706329247439,-0.0008945744062842431,-0.0008945744062842431,-0.0006914630862057458,-0.0008945744062842431
2018-10-18,-0.008063768338261619,-0.012095652507392429,-0.012095652507392429,0.0,-0.012095652507392429
2018-10-19,-0.001663737974824812,-0.002495606962237218,-0.002495606962237218,0.0,-0.002495606962237218
2018-10-22,-0.0028509123232120996,-0.004276368484818149,-0.004276368484818149,0.0,-0.004276368484818149
2018-10-23,-0.003834162084947875,-0.005751243127421812,-0.005751243127421812,0.0,-0.005751243127421812
2018-10-24,-0.018013589097842616,-0.027020383646763922,-0.027020383646763922,0.0,-0.027020383646763922
2018-10-25,0.010641265379643406,0.01596189806946511,0.01596189806946511,0.0,0.01596189806946511
2018-10-26,-0.007414245359709241,-0.011121368039563862,-0.011121368039563862,0.0,-0.011121368039563862
2018-10-29,-0.004699016761174035,-0.0070485251417610525,-0.0070485251417610525,0.0,-0.0070485251417610525
2018-10-30,0.008163589335383466,0.0122453840030752,0.0122453840030752,0.0,0.0122453840030752
2018-10-31,0.0053786783789173155,0.008068017568375973,0.008068017568375973,0.0,0.008068017568375973
2018-11-01,0.007210215662949926,0.010815323494424888,0.010815323494424888,0.0,0.010815323494424888
2018-11-02,-0.004299033235969333,-0.006448549853954,-0.006448549853954,0.0,-0.006448549853954
2018-11-05,0.0034844720292562283,0.005226708043884342,0.005226708043884342,0.0,0.005226708043884342
2018-11-06,0.0029008741700371782,0.004351311255055767,0.004351311255055767,0.0,0.004351311255055767
2018-11-07,0.012115373324475084,0.018173059986712627,0.018173059986712627,0.0,0.018173059986712627
2018-11-08,-0.0024608872825593723,-0.0030929052566412763,-0.0042897565910368415,0.0,-0.0030929052566412763
2018-11-09,-0.005437906157201559,-0.008767241621733323,-0.007546476849871353,0.0,-0.008767241621733323
2018-11-12,-0.012034795999877564,-0.018136296208211687,-0.017968091791421004,0.0,-0.018136296208211687
2018-11-13,-0.002142675758649067,-0.0032140136379736005,-0.0032140136379736005,0.0,-0.0032140136379736005
2018-11-14,-0.0037705313111367524,-0.0056557969667051285,-0.0056557969667051285,0.0,-0.0056557969667051285
2018-11-15,0.007697340897777146,0.011546011346665719,0.011546011346665719,0.0,0.011546011346665719
2018-11-16,0.002788693243427313,0.00418303986514097,0.00418303986514097,0.0,0.00418303986514097
2018-11-19,-0.008962211677415599,-0.013443317516123399,-0.013443317516123399,0.0,-0.013443317516123399
2018-11-20,-0.010827959813503195,-0.016241939720254794,-0.016241939720254794,0.0,-0.016241939720254794
2018-11-21,0.003000917552503106,0.0045013763287546586,0.0045013763287546586,0.0,0.0045013763287546586
2018-11-23,-0.004611223376798631,-0.006916835065197946,-0.006916835065197946,0.0,-0.006916835065197946
2018-11-26,0.008756277105522145,0.013134415658283216,0.013134415658283216,0.0,0.013134415658283216
2018-11-27,0.0005654526885775945,0.0008481790328663918,0.0008481790328663918,0.0,0.0008481790328663918
2018-11-28,0.013323412650209249,0.019985118975313874,0.019985118975313874,0.0,0.019985118975313874
2018-11-29,-0.0006958185632240784,-0.0010437278448361177,-0.0010437278448361177,0.0,-0.0010437278448361177
2018-11-30,0.00409218559103807,0.006138278386557105,0.006138278386557105,0.0,0.006138278386557105
2018-12-03,0.007678210807939433,0.011333687946456594,0.011700944477361707,0.0,0.011333687946456594
2018-12-04,-0.016175763291717604,-0.025379871899859952,-0.02314741797529286,0.0,-0.025379871899859952
2018-12-06,-0.0016754520700336597,-0.00311520901005683,-0.0019111472000441498,0.0,-0.00311520901005683
2018-12-07,-0.011668292569327504,-0.017502438853991255,-0.017502438853991255,0.0,-0.017502438853991255
2018-12-10,-9.780659663971569e-06,-1.4670989495957354e-05,-1.4670989495957354e-05,0.0,-1.4670989495957354e-05
2018-12-11,-0.0003933849329572266,-0.0005900773994358399,-0.0005900773994358399,0.0,-0.0005900773994358399
2018-12-12,0.003587647016438204,0.005381470524657306,0.005381470524657306,0.0,0.005381470524657306
2018-12-13,-0.001245015546722561,-0.0018675233200838414,-0.0018675233200838414,0.0,-0.0018675233200838414
2018-12-14,-0.011262501453672408,-0.016893752180508613,-0.016893752180508613,0.0,-0.016893752180508613
2018-12-17,-0.009445838645936821,-0.014168757968905233,-0.014168757968905233,0.0,-0.014168757968905233
2018-12-18,-0.0007952481237916438,-0.0011928721856874658,-0.0011928721856874658,0.0,-0.0011928721856874658
2018-12-19,-0.008466793513859297,-0.012700190270788947,-0.012700190270788947,0.0,-0.012700190270788947
2018-12-20,-0.007900842986553636,-0.012350109118445118,-0.011352419841215789,0.0,-0.012350109118445118
2018-12-21,-0.01139952784553506,-0.017279691351877968,-0.016918892184727218,0.0,-0.017279691351877968
2018-12-24,-0.013436202245163212,-0.019358273035702346,-0.020950333699787292,0.0,-0.019358273035702346
2018-12-26,0.027621473193148602,0.040746473590656564,0.04211794598878924,0.0,0.040746473590656564
2018-12-27,0.004416485200189061,0.007013291244130459,0.0062361643564367245,0.0,0.007013291244130459
2018-12-28,-0.0003503509281395016,9.838621034098382e-05,-0.0011494389947594886,0.0,9.838621034098382e-05
2018-12-31,0.005249331273006537,0.008142452836378688,0.0076055409826409235,0.0,0.008142452836378688
2019-01-02,0.0018658684260068226,0.003095156595552173,0.0025024486824682945,0.0,0.003095156595552173
2019-01-03,-0.01305557046628616,-0.018561082765259716,-0.02060562863359876,0.0,-0.018561082765259716
2019-01-04,0.012889497830444283,0.026871249679843844,0.02883741228553551,0.0,0.009831081205797332
2019-01-07,0.002007736273458542,0.007128873083640697,0.0070778246086686146,0.0,-0.0010546157882929895
2019-01-08,0.0021338618726280843,0.006401585617884254,0.006935226182730281,0.0,-0.0005336405648460274
2019-01-09,0.0021014455694935725,0.006834289870260047,0.005818947057086565,0.0,0.00048538965139415246
2019-01-10,-8.970647542790124e-05,0.0013433396966141431,0.0009629379622102307,0.0,-0.0012320573884939344
2019-01-11,0.00019135590562167069,8.769427987109779e-06,1.1168483835621857e-05,0.0,0.0005628992330293902
2019-01-14,-0.0011196771915493694,-0.004596143092400418,-0.003225012105785974,0.0,-0.00013401946886213434
2019-01-15,0.002490121184068883,0.008669550095782363,0.008007588653880737,0.0,-0.0005372251016740881
2019-01-16,0.0007708542790078636,0.0038097937218545485,0.0018925808588302617,0.0,0.00041998197819332895
2019-01-17,0.0005800926810406893,0.006144772673873622,0.0018461945859153174,0.0,-0.00010591654279324958
2019-01-18,-0.00013948458657496356,0.009802641817792024,0.0009983540016681668,0.0,-0.0014168077613930575
2019-01-22,0.0006885371777348345,-0.01083999806028756,0.0010328057666022517,0.0,0.0010328057666022517
2019-01-23,-0.0004421131523387856,0.0001325502947532975,-0.0011448613528619034,0.0,-0.00018147810415445332
2019-01-24,0.0007986851306856094,0.0024678056289125006,0.001896139436128408,0.0,0.0004999159559284205
2019-01-25,0.0022556553460991503,0.008716095798780344,0.00578415803065011,0.0,0.00098280800764734
2019-01-28,-0.0020309435124369482,-0.0069861835227046035,-0.006343225668810881,0.0,0.00025039513150003633
2019-01-29,0.000126173233919058,-0.0006296259831106155,-0.0006877274308148662,0.0,0.0010662471325720401
2019-01-30,0.004714339080675999,0.014005407189781905,0.013644683082686127,0.0,0.0004983341593418733
2019-01-31,0.0018946643017024051,0.005749969024616386,0.0047758805439837015,0.0,0.0009081123611235142
2019-02-01,3.4522066043633316e-05,0.0018871099664472869,0.0009079017465246086,0.0,-0.0008043355483937087
2019-02-04,0.00048413971314424935,0.0049651631556621775,0.002332611667039808,0.0,-0.00088019252760706
2019-02-05,0.0007188073997529891,0.0033588128775326465,0.0014415052590008304,0.0,0.0007149169402581368
2019-02-06,-0.0005053427633058272,-0.0012788973653630742,-0.0008897026562207589,0.0,-0.0006263256336967227
2019-02-07,-0.0016845972903432223,-0.00867223551727272,-0.005957803624055324,0.0,0.0009040117530256575
2019-02-08,0.0011032898849074732,0.0008054398499664827,0.002503207352620507,0.0,0.0008066623021019126
2019-02-11,-0.00016715830851985838,0.00038192297226062876,0.00038192297226062876,0.0,-0.000883397897820204
2019-02-12,0.003597375034457014,0.010836174940947773,0.010836174940947773,0.0,-4.404983757673175e-05
2019-02-13,0.0006024079281924981,0.0022684310309904034,0.0025812396406800554,0.0,-0.0007740158561025612
2019-02-14,0.0005001754527212891,0.0005455045823283822,0.0003714511282996602,0.0,0.001129075229864207
2019-02-15,0.0038316514718194487,0.01154565569926933,0.01074244533308325,0.0,0.0007525090823750968
2019-02-19,0.000806902266168097,0.002730086663027409,0.0006441367315725644,0.0,0.0017765700669317263
2019-02-20,1.8145835372040957e-05,0.0015238003928826128,0.0005142911927424554,0.0,-0.00045985368662633254
2019-02-21,-0.0021025782136302462,-0.006405341945989873,-0.004283215293385689,0.0,-0.0020245193475050493
2019-02-22,0.0018142549872323518,0.00614817205835747,0.004487111769186003,0.0,0.0009556531925110523
2019-02-25,0.00046705051718795386,0.0016075785909800966,0.0018008743587872521,0.0,-0.0003997228072233905
2019-02-26,8.239497669570253e-05,-0.000893090729825885,-0.00041535269169401534,0.0,0.0006625376217811229
2019-02-27,-0.0010257431260536096,-0.0018708549424784505,-0.0014323614054026269,0.00019674973021504004,-0.0018416177029732417
2019-02-28,-0.0024671589541829498,-0.003728620805440308,-0.0034124416833780868,-0.003087211632833553,-0.0009018235463372104
2019-03-01,0.001546270709601316,0.004638065141110581,0.004638065141110581,0.002626791551652574,-0.0026260445639592067
2019-03-04,-0.00040277670430814244,-0.003741135023133335,-0.003741135023133335,0.0020116261357382426,0.0005211787744706653
2019-03-05,-0.0008480314497270638,-0.0012786879379659832,-0.0012786879379659832,-0.001606101910466695,0.0003406954992514866
2019-03-06,-0.004306427226177441,-0.007261775349484034,-0.007261775349484034,-0.0059342539044844435,0.0002767475754361537
2019-03-07,-0.0038924576786376476,-0.006535777512265417,-0.006535777512265417,-0.0057078553156269755,0.0005662597919794509
2019-03-08,-0.0002778003351631957,-0.0010398289352641864,-0.0010398289352641864,-0.0013094238524627877,0.0015158517822373874
2019-03-11,0.00666455198341398,0.0111919290770633,0.0111919290770633,0.009586314590909662,-0.0007845877177310223
2019-03-12,0.002187113372347379,0.004129218847860184,0.004129218847860184,0.0011254636468246647,0.0013066576223572878
2019-03-13,0.0024719390627223393,0.006327597437159338,0.006327597437159338,0.0005773780456934441,0.0005108417053142356
2019-03-14,-0.0012638766281178326,-0.0019145804432702308,-0.0019145804432702308,0.0,-0.0018770494410832671
2019-03-15,0.002259706111243117,0.005660192564366317,0.005660192564366317,0.0,0.0011189257693630327
2019-03-18,0.0013888142814862468,0.004167004751114478,0.004167004751114478,0.0,-5.619066557382979e-07
2019-03-19,-4.399254040390692e-05,-0.00018640654756122422,-0.00018640654756122422,0.0,5.442892634950347e-05
2019-03-20,-3.729876951856778e-05,-0.00180634739814991,-0.00180634739814991,0.0,0.0016944510895942066
2019-03-21,0.002609974913392025,0.008012489344886664,0.008012489344886664,0.0,-0.0001825646047105889
2019-03-22,-0.00403554041806693,-0.017396564645158208,-0.013894589425217619,0.0,0.0017879681710168294
2019-03-25,0.0005944536722669443,0.00026524228183500976,0.0008568842698075229,0.0,0.00092647674699331
2019-03-26,0.00184256029476005,0.006095944781011197,0.006095944781011197,0.0,-0.0005682638967310471
2019-03-27,-0.0011465233996550267,-0.0038368897191285666,-0.0038368897191285666,0.0,0.00039731952016348605
2019-03-28,0.0005525353686098485,0.0027240444878201876,0.0027240444878201876,0.0,-0.001066438381990642
2019-03-29,0.0015969089778037383,0.0047953100953463165,0.0047953100953463165,0.0,-4.58316193510111e-06
2019-04-01,0.0021718686007403455,0.008329397693571916,0.008329397693571916,0.0,-0.00181379189135088
2019-04-02,0.0001229096691999887,-0.000186481580881237,-0.000186481580881237,0.0,0.0005552105884812031
2019-04-03,-0.00021281525591330857,0.0003758827002982135,0.0003758827002982135,0.0,-0.0010143284680381392
2019-04-04,0.0012053204569938266,0.0027459257076022925,0.003078129016997511,0.0,0.0005378323539839691
2019-04-05,0.00160767837701404,0.005181692981434583,0.0048002974994761916,0.0,2.2737631565927786e-05
2019-04-08,0.00029536087471983735,0.000806334697403488,0.000806334697403488,0.0,7.974792675602416e-05
2019-04-09,-0.0012803132789426278,-0.004678899360377342,-0.004678899360377342,0.0,0.0008379595235494586
2019-04-10,0.0015932356761850118,0.004229159453408782,0.004229159453408782,0.0,0.000550547575146254
2019-04-11,-0.0016284301220436262,-0.0030188846435123427,-0.0030188846435123427,0.0,-0.001866405722618536
2019-04-12,0.0009188683664218914,0.0035672707271700243,0.0035672707271700243,0.0,-0.0008106656279043501
2019-04-15,-0.0004000022300052031,-0.0012638830302915461,-0.0012638830302915461,0.0,6.38763402759368e-05
2019-04-16,-0.0005354978133209879,-8.39869924185055e-05,-8.39869924185055e-05,0.0,-0.0015225064475444584
2019-04-17,-0.0010821379952258442,-0.003155987000108351,-0.0030964780714238583,0.0,-0.00014993591425367382
2019-04-18,0.0005497186008464679,0.0007590687851302458,0.0010508510899081558,0.0,0.000598304712631248
2019-04-22,0.0004379306852654789,0.0015512762207047447,0.0017938803040082995,0.0,-0.0004800882482118629
2019-04-23,0.002451758002885877,0.007350344432215783,0.007350344432215783,0.0,4.929576441847771e-06
2019-04-24,-5.718943520904114e-05,-0.0012668173310753429,-0.0012788003277997896,0.0,0.0011072320221726661
2019-04-25,-0.00025320483519407263,-0.0001930351981252132,-0.0006969760239749712,0.0,-6.263848160724672e-05
2019-04-26,0.0013569004528711792,0.003066846267946377,0.003066846267946377,0.0,0.0010038550906671605
2019-04-29,-0.00017712160114718243,0.000551590634717647,0.000551590634717647,0.0,-0.0010829554381591943
2019-04-30,0.0004245412898465288,0.00045532445617232355,0.00045532445617232355,0.0,0.0008182994133672627
2019-05-01,-0.002128013094276567,-0.0061364936580787675,-0.0061364936580787675,0.0,-0.00024754562475093334
2019-05-02,-0.0013711747995866497,-0.003255263531542729,-0.003255263531542729,0.0,-0.0008582608672172198
2019-05-03,0.0035213358862050907,0.00968817846292327,0.00968817846292327,0.0,0.0008758291956920017
2019-05-06,-0.00040257292417933784,-0.0016152231631133885,-0.0016152231631133885,0.0,0.00040750439057537504
2019-05-07,-0.003929272644248997,-0.012885111023495543,-0.012885111023495543,0.0,0.0010972930907485524
2019-05-08,-0.0007693945014751957,-0.0016285074710974622,-0.0016285074710974622,0.0,-0.0006796760333281249
2019-05-09,-0.0004958673949967887,-0.0021373128928317774,-0.0021373128928317774,0.0,0.0006497107078414111
2019-05-10,0.0010206686360000698,0.0030082714880407813,0.0030082714880407813,0.0,5.373441995942807e-05
2019-05-13,-0.00610391673310828,-0.020118487519795624,-0.020118487519795624,0.0,0.0018067373204707859
2019-05-14,0.002459341420865361,0.007843510429672629,0.007843510429672629,0.0,-0.00046548616707654534
2019-05-15,0.0018006365981437825,0.004844848053211903,0.004844848053211903,0.0,0.0005570617412194445
2019-05-16,0.0015257953155124089,0.0056293719208645124,0.0056293719208645124,0.0,-0.0010519859743272852
2019-05-17,-0.0023800220276769127,-0.0066549923510969555,-0.0066549923510969555,0.0,-0.00048507373193378277
2019-05-20,-0.0017985556284249174,-0.005181066213725205,-0.005181066213725205,0.0,-0.00021460067154954743
2019-05-21,0.002564805196740568,0.00808560746538366,0.00808560746538366,0.0,-0.00039119187516195586
2019-05-22,-0.001060858876882757,-0.0036564628269699752,-0.0036564628269699752,0.0,0.00047388619632170447
2019-05-23,-0.0029925389456534374,-0.010875811913225498,-0.010875811913225498,0.0,0.0018981950762651857
2019-05-24,0.0011231773400923184,0.0031760641834391755,0.0031760641834391755,0.0,0.00019346783683777958
2019-05-28,-0.0021266458919794655,-0.006712427681126842,-0.006712427681126842,0.0,0.0003324900051884461
2019-05-29,-0.001634695551272584,-0.005240207270078378,-0.005240207270078378,0.0,0.0003361206162606267
2019-05-30,0.0010968101121482164,0.0017521004715720157,0.0017521004715720157,0.0,0.001538329864872634
2019-05-31,-0.002082401026634943,-0.008846839012632635,-0.008846839012632635,0.0,0.0025996359327278063
2019-06-03,0.0007317944642795263,0.0005362212558289503,8.32312744325936e-05,0.0,0.0021121521184059855
2019-06-04,0.006004323479349076,0.01798099784166628,0.019121211838547668,0.0,-0.0011082414005004425
2019-06-05,0.0013253985080921016,0.0037205026030436407,0.004285665081030543,0.0,-0.00030946955675423824
2019-06-06,0.002279711288118384,0.006512365689711053,0.006189752659913528,0.0,0.0006493812044416237
2019-06-07,0.003276065141358512,0.009264166904879346,0.008398952536833315,0.0,0.0014292428872422214
2019-06-10,0.0006763052627419386,0.0030242507619885227,0.003965573000507605,0.0,-0.0019366572122817894
2019-06-11,0.00020867037024623338,-0.00021717718431466527,0.0006843294559150115,0.0,-5.83183451763114e-05
2019-06-12,-0.000536315532567492,-0.002686900500119327,-0.0022047277872573766,0.0,0.0005957811895549003
2019-06-13,0.001812485741634684,0.0051260268235613585,0.004481158760447723,0.0,0.0009562984644563288
2019-06-14,-0.0006339805428442296,-0.00274305447481219,-0.0021220567730436237,0.0,0.00022011514451093507
2019-06-17,0.000603745358966179,0.0019532741519108776,0.0016995007907485982,0.0,0.00011173528614993877
2019-06-18,0.003379048637045264,0.011443133897453061,0.009129956074666512,0.0,0.00100718983646928
2019-06-19,0.0009038171634929777,0.0027582760531218,0.0019622163704847706,0.0,0.0007492351199941627
2019-06-20,0.0035902166979084587,0.010647754090009265,0.007988738957147246,0.0,0.00278191113657813
2019-06-21,-0.0004577577388551468,-0.0012133467941464748,-0.0009381654377552118,0.0,-0.00043510777881022866
2019-06-24,0.00020394942276114056,-0.0007092415365025251,-0.001618860671226252,0.0,0.0022307089395096737
2019-06-25,-0.00014656391332099246,-0.0068887282714745314,-0.0009434571474729147,0.0,0.0005037654075099373
2019-06-26,-0.000657705306023589,-0.0002689207621505263,-0.00041662742720784964,0.0,-0.0015564884908629173
2019-06-27,0.0011244697516517353,0.004297903804841052,0.002766539701762194,0.0,0.0006068695531930123
2019-06-28,0.0009512893431965597,0.005243159690571564,0.0026505118953471076,0.0,0.0002033561342425716
2019-07-01,8.863198283514115e-05,0.004268948311064669,0.0015814803579030645,0.0,-0.001315584409397641
2019-07-02,-0.0002864044237507524,0.0021656646371919553,-0.0008592132712522571,0.0,0.0
2019-07-03,0.0005017171167713903,0.006665414420183202,0.001505151350314171,0.0,0.0
2019-07-05,0.00018454953454924243,-0.0030457133263387948,0.0005536486036477273,0.0,0.0
2019-07-08,-0.0004827112948424639,-0.005022729295865125,-0.0014481338845273918,0.0,0.0
2019-07-09,0.00010458226984661293,0.001705978185128587,0.0003137468095398388,0.0,0.0
2019-07-10,-6.082135364276671e-05,0.005045785069988362,-0.00018246406092830013,0.0,0.0
2019-07-11,2.792692541680279e-05,-0.0005058542114365183,8.378077625040837e-05,0.0,0.0
2019-07-12,0.00048335231428038307,0.004167751813825227,0.0014500569428411493,0.0,0.0
2019-07-15,-0.0003633922483058086,-0.0004346125614220986,-0.001090176744917426,0.0,0.0
2019-07-16,-9.360481278336922e-05,-0.0048231691741368096,-0.0002808144383501077,0.0,0.0
2019-07-17,-0.0005231270036016497,-0.0018106272427633962,-0.0015693810108049489,0.0,0.0
2019-07-18,0.0003767865080505454,0.00435249757487226,0.0011303595241516362,0.0,0.0
2019-07-19,-0.00033431547644480935,-0.005221283207850658,-0.001002946429334428,0.0,0.0
2019-07-22,4.124011434231505e-05,0.0028212805638219707,0.00012372034302694513,0.0,0.0
2019-07-23,0.0005664665490157687,0.004027178116605579,0.001699399647047306,0.0,0.0
2019-07-24,0.0008933057839002704,0.005833866071170757,0.0026799173517008112,0.0,0.0
2019-07-25,-0.0006359983800228026,-0.006999320207380933,-0.001907995140068408,0.0,0.0
2019-07-26,0.0007588912820168566,0.004618934586256296,0.0022766738460505698,0.0,0.0
2019-07-29,-0.00047823406652820104,-0.0012122776667071512,-0.0014347021995846031,0.0,0.0
2019-07-30,0.0002671002177484505,0.0006719059993032684,0.0008013006532453515,0.0,0.0
2019-07-31,-0.0004347118722244692,-0.008353836178465524,-0.0013041356166734075,0.0,0.0
2019-08-01,-0.0012384545089725752,-0.004363659220639582,-0.0037153635269177253,0.0,0.0
2019-08-02,-0.0003815078153956504,-0.006480729847061306,-0.0011445234461869513,0.0,0.0
2019-08-05,-0.002111691360035643,-0.022165399157188036,-0.0063350740801069285,0.0,0.0
2019-08-06,0.0008435454578038515,0.01102307799609511,0.0025306363734115545,0.0,0.0
2019-08-07,-0.00045156663763825283,0.0006848746813843731,-0.0013546999129147586,0.0,0.0
2019-08-08,0.0013543272354338423,0.017072596020920504,0.004062981706301527,0.0,0.0
2019-08-09,-0.0005296168008368518,-0.006218571592886579,-0.0015888504025105554,0.0,0.0
2019-08-12,-0.001069514729999869,-0.007425245085973475,-0.003208544189999607,0.0,0.0
2019-08-13,0.000771497830113484,0.011308713528478408,0.002314493490340452,0.0,0.0
2019-08-14,-0.0021671331843667466,-0.02235703782623254,-0.00650139955310024,0.0,0.0
2019-08-15,3.443467123821487e-05,0.002079594402784557,0.0001033040137146446,0.0,0.0
2019-08-16,0.0013066569836180635,0.011253652030818717,0.003919970950854191,0.0,0.0
2019-08-19,0.0006751557846404207,0.007861818407977372,0.002025467353921262,0.0,0.0
2019-08-20,-0.0006646956490757305,-0.004549815794431977,-0.0019940869472271916,0.0,0.0
2019-08-21,0.00042595283748382654,0.005452966439668627,0.0012778585124514797,0.0,0.0
2019-08-22,0.0001479759225965512,-0.0018034564799082498,0.00044392776778965357,0.0,0.0
2019-08-23,-0.0018684110249242289,-0.019093814267341726,-0.005605233074772687,0.0,0.0
2019-08-26,0.0006860013140001546,0.008243562566604423,0.002058003942000464,0.0,0.0
2019-08-27,-0.0006966317249857042,-0.0020640550512103116,-0.0020898951749571126,0.0,0.0
2019-08-28,0.0006943826233730984,0.006247773762695463,0.0020831478701192952,0.0,0.0
2019-08-29,0.001089064089534338,0.010287832386298101,0.0032671922686030143,0.0,0.0
2019-08-30,5.1460683774577166e-05,-0.00017554543442172,0.0001543820513237315,0.0,0.0
2019-09-03,-0.0008349330142757811,-0.005857559018858938,-0.0025047990428273435,0.0,0.0
2019-09-04,0.0005935164900519484,0.00926403041892132,0.0017805494701558454,0.0,0.0
2019-09-05,0.0013015825872919162,0.008550804358073937,0.0039047477618757488,0.0,0.0
2019-09-06,-0.00016488501612118938,0.00029854780726190633,-0.0004946550483635681,0.0,0.0
2019-09-09,0.0009571789836939109,0.0010721744384308396,0.0028715369510817325,0.0,0.0
2019-09-10,0.000516649953785205,-0.00010428386669503187,0.001549949861355615,0.0,0.0
2019-09-11,0.0006824787217587206,0.007686727208425647,0.002047436165276162,0.0,0.0
2019-09-12,2.1531044727899723e-05,0.0009886855770005697,6.459313418369917e-05,0.0,0.0
2019-09-13,0.0,-0.0023306894633787546,0.0,0.0,0.0
2019-09-16,0.0002674614567544698,0.0037443127952586975,0.0008023843702634093,0.0,0.0
2019-09-17,0.0007261674299797738,0.00063058462554485,0.0021785022899393214,0.0,0.0
2019-09-18,-1.9408561738128623e-05,-0.0008042143863324913,-5.822568521438587e-05,0.0,0.0
2019-09-19,0.00045164397108543586,0.00015528089027999625,0.0013549319132563076,0.0,0.0
2019-09-20,-6.610714417565703e-05,-0.0009162188152236017,-0.0001983214325269711,0.0,0.0
2019-09-23,0.00012629631608345184,0.0005123479333840719,0.0003788889482503555,0.0,0.0
2019-09-24,-0.0009271563228617774,-0.006833015736792747,-0.002781468968585332,0.0,0.0
2019-09-25,-9.8750709475622e-05,0.0017906145887355174,-0.000296252128426866,0.0,0.0
2019-09-26,-0.00022125843992449877,-0.0035500147710762044,-0.0006637753197734963,0.0,0.0
2019-09-27,-0.0013874956863656734,-0.004586442608136098,-0.00416248705909702,0.0,0.0
2019-09-30,0.0008339206772720412,0.001650300273090022,0.0025017620318161238,0.0,0.0
2019-10-01,-0.0014771804537162204,-0.010815375295988972,-0.004431541361148661,0.0,0.0
2019-10-02,-0.0024037872536943707,-0.012464680747774081,-0.007211361761083113,0.0,0.0
2019-10-03,0.0019671523025214838,0.007725266374581241,0.005901456907564451,0.0,0.0
2019-10-04,0.0027256015434129256,0.011610373239095329,0.008176804630238777,0.0,0.0
2019-10-07,-0.0011720561835065757,-0.005089217205208896,-0.003516168550519727,0.0,0.0
2019-10-08,-0.0031092832682714636,-0.012144511548544757,-0.009327849804814391,0.0,0.0
2019-10-09,0.0022251008951560403,0.006675302685468121,0.006675302685468121,0.0,0.0
2019-10-10,0.0011892496226518852,0.0035677488679556556,0.0035677488679556556,0.0,0.0
2019-10-11,0.0027387453415512373,0.008216236024653711,0.008216236024653711,0.0,0.0
2019-10-14,0.0001711296357436831,0.0005133889072310493,0.0005133889072310493,0.0,0.0
2019-10-15,0.002391215122334696,0.007173645367004089,0.007173645367004089,0.0,0.0
2019-10-16,-0.0007086891712313913,-0.002126067513694174,-0.002126067513694174,0.0,0.0
2019-10-17,0.0008134130374274794,0.0024402391122824384,0.0024402391122824384,0.0,0.0
2019-10-18,-0.001509700237191162,-0.004529100711573486,-0.004529100711573486,0.0,0.0
2019-10-21,0.0018759221469032156,0.005627766440709647,0.005627766440709647,0.0,0.0
2019-10-22,-0.0001318479627813988,-0.0003955438883441964,-0.0003955438883441964,0.0,0.0
2019-10-23,0.0010208102305014086,0.0030624306915042255,0.0030624306915042255,0.0,0.0
2019-10-24,0.0005995838054761522,0.0017987514164284567,0.0017987514164284567,0.0,0.0
2019-10-25,0.0015701454119471027,0.004710436235841308,0.004710436235841308,0.0,0.0
2019-10-28,0.001114856095376926,0.003344568286130778,0.003344568286130778,0.0,0.0
2019-10-29,0.0004223829147955457,0.000495382182351689,0.001267148744386637,0.0,0.0
2019-10-30,0.0003103061300525401,0.001862514779064306,0.0009309183901576202,0.0,0.0
2019-10-31,4.233730443977679e-05,1.1022914636904525e-05,0.00012701191331933038,0.0,0.0
2019-11-01,0.0029523563119323876,0.009442942380478946,0.008857068935797163,0.0,0.0
2019-11-04,0.0015750050792382082,0.004725015237714625,0.004725015237714625,0.0,0.0
2019-11-05,-0.0009375659580243594,-0.002898483224550086,-0.002812697874073078,0.0,0.0
2019-11-06,0.0001981862551587129,-0.0009863246309113616,0.0005945587654761387,0.0,0.0
2019-11-07,-5.116720678959667e-05,0.001660053308933096,-0.00015350162036879,0.0,0.0
2019-11-08,0.00024924753821387404,0.000714277914301209,0.0007477426146416221,0.0,0.0
2019-11-11,-0.0005261682656922913,-0.001846632085815325,-0.001578504797076874,0.0,0.0
2019-11-12,0.0005940935493898403,0.0018659720290152392,0.001782280648169521,0.0,0.0
2019-11-13,7.226373920405926e-05,0.0002167912176121778,0.0002167912176121778,0.0,0.0
2019-11-14,0.0004609147571493555,0.0013827442714480665,0.0013827442714480665,0.0,0.0
2019-11-15,0.0021312214106975072,0.006393664232092522,0.006393664232092522,0.0,0.0
2019-11-18,-0.00018566696154552755,-0.0005570008846365826,-0.0005570008846365826,0.0,0.0
2019-11-19,0.0002106104496411576,0.0006318313489234728,0.0006318313489234728,0.0,0.0
2019-11-20,-0.0002884090305497485,-0.0008652270916492455,-0.0008652270916492455,0.0,0.0
2019-11-21,-0.0003097553971239379,-0.0009292661913718137,-0.0009292661913718137,0.0,0.0
2019-11-22,0.0005288532212290013,0.0015865596636870038,0.0015865596636870038,0.0,0.0
2019-11-25,0.0026510748718106287,0.007953224615431886,0.007953224615431886,0.0,0.0
2019-11-26,0.0002478745710603803,0.0007436237131811408,0.0007436237131811408,0.0,0.0
2019-11-27,0.0009823624731770527,0.0029470874195311582,0.0029470874195311582,0.0,0.0
2019-11-29,-0.0010766990331887401,-0.00323009709956622,-0.00323009709956622,0.0,0.0
2019-12-02,-0.0025715453493736864,-0.00771463604812106,-0.00771463604812106,0.0,0.0
2019-12-03,-0.0012296324786238507,-0.003688897435871552,-0.003688897435871552,0.0,0.0
2019-12-04,0.0016737029240822914,0.005021108772246874,0.005021108772246874,0.0,0.0
2019-12-05,0.00017461382038147142,0.0005238414611444143,0.0005238414611444143,0.0,0.0
2019-12-06,0.0026077975713204213,0.007823392713961264,0.007823392713961264,0.0,0.0
2019-12-09,-0.0008915496767657017,-0.002674649030297105,-0.002674649030297105,0.0,0.0
2019-12-10,0.00019505323178468462,0.0005851596953540539,0.0005851596953540539,0.0,0.0
2019-12-11,0.0009058304368303017,0.002717491310490905,0.002717491310490905,0.0,0.0
2019-12-12,0.0023539718467472676,0.007061915540241803,0.007061915540241803,0.0,0.0
2019-12-13,-6.080935828540006e-05,0.0011467903390214086,-0.00018242807485620017,0.0,0.0
2019-12-16,0.0,0.005505554951288361,0.0,0.0,0.0
2019-12-17,0.0,0.0006511120030534889,0.0,0.0,0.0
2019-12-18,-0.00021807157361008653,-0.0005218164955155591,0.0,-0.0006542147208302596,0.0
2019-12-19,0.0008197356601882922,0.0033743728133062813,0.0022992243953501522,0.0001599825852147241,0.0
2019-12-20,0.0008548840438818206,0.0038892599433451467,0.0024327658431348874,0.00013188628851057427,0.0
2019-12-23,-4.878749528459681e-05,0.0025670996466918396,0.0,-0.00014636248585379042,0.0
2019-12-24,9.527848265767544e-05,0.0014875282664371658,0.0,0.0002858354479730263,0.0
2019-12-26,3.760148812611182e-07,0.004009261732512514,0.0,1.1280446437833546e-06,0.0
2019-12-27,0.0,-0.0010930803112933374,0.0,0.0,0.0
2019-12-30,-0.0014997929511096021,-0.00402709154292602,-0.004499378853328806,0.0,0.0
2019-12-31,-0.0008395383446349455,0.001390270317017206,-0.0025186150339048365,0.0,0.0
2020-01-02,0.0,0.009785424993251279,0.0,0.0,0.0
2020-01-03,0.0,-0.0033499948775393084,0.0,0.0,0.0
2020-01-06,0.0,0.0034443620227285086,0.0,0.0,0.0
2020-01-07,-0.0005173378008731189,-0.0023111544948356544,-0.0015520134026193566,0.0,0.0
2020-01-08,0.0004970006128746208,0.0014910018386238622,0.0014910018386238622,0.0,0.0
2020-01-09,0.0017008256083063372,0.0051024768249190115,0.0051024768249190115,0.0,0.0
2020-01-10,-0.00046492530428546844,-0.0013947759128564053,-0.0013947759128564053,0.0,0.0
2020-01-13,0.001111222169080269,0.0033336665072408065,0.0033336665072408065,0.0,0.0
2020-01-14,9.08960194796656e-05,0.0002726880584389968,0.0002726880584389968,0.0,0.0
2020-01-15,0.000692357250445271,0.002077071751335813,0.002077071751335813,0.0,0.0
2020-01-16,0.0021367266564741934,0.006410179969422581,0.006410179969422581,0.0,0.0
2020-01-17,0.00011793607466800509,0.00035380822400401526,0.00035380822400401526,0.0,0.0
2020-01-21,-0.0009889003384554748,-0.0029667010153664243,-0.0029667010153664243,0.0,0.0
2020-01-22,0.00013399514644266697,0.0004019854393280009,0.0004019854393280009,0.0,0.0
2020-01-23,0.00017581990910477962,0.0005274597273143388,0.0005274597273143388,0.0,0.0
2020-01-24,-0.0022412087468548095,-0.0067236262405644285,-0.0067236262405644285,0.0,0.0
2020-01-27,-0.003853711281682052,-0.011561133845046156,-0.011561133845046156,0.0,0.0
2020-01-28,0.002148445655983918,0.006445336967951754,0.006445336967951754,0.0,0.0
2020-01-29,-6.684929398586374e-05,-0.00020054788195759122,-0.00020054788195759122,0.0,0.0
2020-01-30,0.001112050143942415,0.003336150431827245,0.003336150431827245,0.0,0.0
2020-01-31,-0.0053518240831256746,-0.016055472249377024,-0.016055472249377024,0.0,0.0
2020-02-03,0.0016037721781699266,0.00481131653450978,0.00481131653450978,0.0,0.0
2020-02-04,0.0032681658454641587,0.009804497536392476,0.009804497536392476,0.0,0.0
2020-02-05,0.00261899772859688,0.01200171127358778,0.00785699318579064,0.0,0.0
2020-02-06,0.0,0.002113671950914453,0.0,0.0,0.0
2020-02-07,0.0,-0.004294766357718538,0.0,0.0,0.0
2020-02-10,0.002355174497041816,0.005336315737493658,0.007065523491125447,0.0,0.0
2020-02-11,0.0005888193765031543,0.0017664581295094629,0.0017664581295094629,0.0,0.0
2020-02-12,0.0017612766362888185,0.0052838299088664555,0.0052838299088664555,0.0,0.0
2020-02-13,-0.00013338881665880448,-0.0004001664499764135,-0.0004001664499764135,0.0,0.0
2020-02-14,0.0003106496565135101,0.0009319489695405303,0.0009319489695405303,0.0,0.0
2020-02-18,-0.0004754607327904522,-0.0014263821983713566,-0.0014263821983713566,0.0,0.0
2020-02-19,0.0022160348824016743,0.006648104647205022,0.006648104647205022,0.0,0.0
2020-02-20,-0.0007799428982459851,-0.0023398286947379555,-0.0023398286947379555,0.0,0.0
2020-02-21,-0.002209420323269503,-0.006628260969808508,-0.006628260969808508,0.0,0.0
2020-02-24,-0.007832185861373657,-0.026457840017652102,-0.023496557584120968,0.0,0.0
2020-02-25,0.00016964500858698272,-0.027769855030032164,0.0,0.0,0.0005089350257609481
2020-02-26,-0.00017653057332495855,-0.004761517100300783,0.0,0.0,-0.0005295917199748757
2020-02-27,6.603639632655571e-06,-0.03486557552388101,0.0,0.0,1.981091889796671e-05
2020-02-28,-0.00046366644008971245,-0.008028249866830017,0.0,0.0,-0.0013909993202691374
2020-03-02,-6.103133643076871e-05,0.03704447439613161,0.0,0.0,-0.00018309400929230612
2020-03-03,0.0015653221659564325,-0.019405601723124888,0.0,0.0,0.004695966497869297
2020-03-04,-0.00029546832500468116,0.030535280733697445,0.0,0.0,-0.0008864049750140435
2020-03-05,0.0015497547323656269,-0.022331713540306376,0.0,0.0,0.004649264197096881
2020-03-06,0.0017475061803521243,-0.012745542200590121,0.0,0.0,0.005242518541056373
2020-03-09,0.0009584426908082994,-0.07303560667258585,0.0,0.0,0.0028753280724248985
2020-03-10,-0.0006983944570052542,0.03214710256401473,0.0,0.0,-0.002095183371015763
2020-03-11,0.0,-0.04472518538628677,0.0,0.0,0.0
2020-03-12,0.0,-0.0837326336714632,0.0,0.0,0.0
2020-03-13,0.0,0.06888845622596336,0.0,0.0,0.0
2020-03-16,0.0016881393694327135,-0.09460835952544114,0.0,0.0,0.005064418108298141
2020-03-17,-0.00046011087507667655,0.036875918519559556,0.0,0.0,-0.0013803326252300296
2020-03-18,0.0,-0.06001471088431465,0.0,0.0,0.0
2020-03-19,0.0,0.013808599344036254,0.0,0.0,0.0
2020-03-20,0.0,-0.016992231448693097,0.0,0.0,0.0
2020-03-23,0.0,-0.0171733950031397,0.0,0.0,0.0
2020-03-24,0.0,0.08634956893399486,0.0,0.0,0.0
2020-03-25,0.0,0.011665656041206562,0.0,0.0,0.0
2020-03-26,0.0,0.05045803599545033,0.0,0.0,0.0
2020-03-27,0.0,-0.028392688681108037,0.0,0.0,0.0
2020-03-30,0.0,0.023647382464929822,0.0,0.0,0.0
2020-03-31,0.0,-0.012104494545576671,0.0,0.0,0.0
2020-04-01,0.0,-0.03733549297319301,0.0,0.0,0.0
2020-04-02,0.0,0.026520077989234236,0.0,0.0,0.0
2020-04-03,0.0,-0.012040407968663302,0.0,0.0,0.0
2020-04-06,0.0,0.05784758270785002,0.0,0.0,0.0
2020-04-07,0.0,0.00018038233946827688,0.0,0.0,0.0
2020-04-08,0.0,0.02968517644580494,0.0,0.0,0.0
2020-04-09,0.0,0.01547670171706611,0.0,0.0,0.0
2020-04-13,0.0,-0.007692570404402998,0.0,0.0,0.0
2020-04-14,0.0,0.02001485245730117,0.0,0.0,0.0
2020-04-15,0.0,-0.01885440410141944,0.0,0.0,0.0
2020-04-16,0.0,8.405597586148561e-05,0.0,0.0,0.0
2020-04-17,0.0,0.02714315923560968,0.0,0.0,0.0
2020-04-20,0.0,-0.012257104285594234,0.0,0.0,0.0
2020-04-21,0.0,-0.02347153098966335,0.0,0.0,0.0
2020-04-22,0.0,0.019339812654126785,0.0,0.0,0.0
2020-04-23,0.0,0.00508703859643399,0.0,0.0,0.0
2020-04-24,0.0,0.010813395285639016,0.0,0.0,0.0
2020-04-27,0.0,0.012864280469599077,0.0,0.0,0.0
2020-04-28,0.0,-0.00027106892152473083,0.0,0.0,0.0
2020-04-29,0.0,0.028419765154656405,0.0,0.0,0.0
2020-04-30,0.0,-0.014706288976250403,0.0,0.0,0.0
2020-05-01,-0.0012429945372553004,-0.023914089629468893,0.0,0.0,-0.0037289836117659013
2020-05-04,0.0011529501151014956,0.005640552923655051,0.0,0.0,0.003458850345304487
2020-05-05,0.0013486985474139735,0.006500103735985974,0.0,0.0,0.004046095642241921
2020-05-06,0.0,-0.009491664693160273,0.0,0.0,0.0
2020-05-07,0.0,0.014368598777641151,0.0,0.0,0.0
2020-05-08,0.0,0.015648816922659115,0.0,0.0,0.0
2020-05-11,-0.0007998626911881615,-0.00272099820955819,0.0,-0.0012597854316588886,-0.0011398026419055963
2020-05-12,-0.00011439433882364971,-0.016063753658265824,0.0,0.001415340640273577,-0.001758523656744526
2020-05-13,0.00031478756000331566,-0.0172233847913138,0.0,0.0016619171448704507,-0.0007175544648605036
2020-05-14,0.0003186665562346406,0.012265050619066598,0.0,0.0009559996687039218,0.0
2020-05-15,0.0,0.003571852178070478,0.0,0.0,0.0
2020-05-18,0.0,0.028416907473644337,0.0,0.0,0.0
2020-05-19,0.0,-0.010232320798453941,0.0,0.0,0.0
2020-05-20,0.0,0.01723519751502136,0.0,0.0,0.0
2020-05-21,-0.0006497424008243157,-0.0071491543250217,0.0,0.0,-0.0019492272024729473
2020-05-22,-0.00020661048890689983,0.0017471884633274426,0.0,0.0,-0.0006198314667206995
2020-05-26,0.0009268831031850278,0.010973542066137976,0.0,0.0,0.0027806493095550834
2020-05-27,0.0004298440428236239,0.014574045852532547,0.0,0.0,0.0012895321284708717
2020-05-28,-0.000931935194947738,-0.0065394579558112785,0.0,0.0,-0.002795805584843214
2020-05-29,-0.00015407345965203766,0.003631738061712264,0.0,0.0,-0.000462220378956113
2020-06-01,-6.824981224572424e-05,0.0037209599029607078,0.0,0.0,-0.0002047494367371727
2020-06-02,0.0,0.007434745409947286,0.0,0.0,0.0
2020-06-03,-0.00015563336748752876,0.0103288553680275,-0.0004669001024625863,0.0,0.0
2020-06-04,-0.0010344777876014732,-0.0008529398481819883,-0.00310343336280442,0.0,0.0
2020-06-05,0.0006793806222370691,0.02417795379308387,0.004103567188708035,0.0,-0.0020654253219968277
2020-06-08,0.004510342958891822,0.01473584578961451,0.0029285644567070947,0.0014728520912071553,0.009129612328761217
2020-06-09,-0.00112999366048413,-0.007275231668618498,0.0017852316727113514,0.002100019014454757,-0.007275231668618498
2020-06-10,-0.005138178040509685,-0.007378735819723914,0.0034285757939090723,-0.011464374095714214,-0.007378735819723914
2020-06-11,-0.03354906849053273,-0.0528877720304909,-0.004392197988768776,-0.043367235452338504,-0.0528877720304909
2020-06-12,0.003885924795718339,0.01293142937956796,-0.009614741665056149,0.008341086672643206,0.01293142937956796
2020-06-15,0.007503675823541694,0.007843778642379551,0.007843778642379551,0.006823470185865976,0.007843778642379551
2020-06-16,0.01623756170278957,0.01562908228693811,0.01745452053449248,0.01562908228693811,0.01562908228693811
2020-06-17,-0.0027269713739658773,-0.007094518768152059,-0.003687333831740891,0.0026009384779953184,-0.007094518768152059
2020-06-18,0.0029823206918443645,0.0022145368426097376,0.0009799277657102866,0.005752497467213069,0.0022145368426097376
2020-06-19,-0.002804968681470462,-0.002555850927140091,-0.0010376533361423856,-0.004821401781128909,-0.002555850927140091
2020-06-22,0.00428131986317967,0.005555126325793702,0.005091845893689373,0.002196987370055936,0.005555126325793702
2020-06-23,0.0036351187457735576,0.0040626254745710355,0.0039606868776065115,0.0028820438851431263,0.0040626254745710355
2020-06-24,-0.018625096122367832,-0.023700913509767895,-0.02225933863794648,-0.009915036219389117,-0.023700913509767895
2020-06-25,0.009544881822745169,0.011696773782835545,0.011696773782835545,0.005241097902564417,0.011696773782835545
2020-06-26,-0.019131505086077416,-0.019584136411928233,-0.019584136411928233,-0.018226242434375782,-0.019584136411928233
2020-06-29,0.012298199007437213,0.012223953080113648,0.012223953080113648,0.012446690862084341,0.012223953080113648
2020-06-30,0.01197042624345202,0.012566000198338301,0.012566000198338301,0.010779278333679454,0.012566000198338301
2020-07-01,-0.0013482187342437632,-0.002304416566076728,-0.002304416566076728,0.0005641769294221666,-0.002304416566076728
2020-07-02,0.003355078915857098,0.004967232378428799,0.004967232378428799,0.00013077199071369615,0.004967232378428799
2020-07-06,0.008411167660363858,0.011658980015041254,0.011658980015041254,0.0019155429510090637,0.011658980015041254
2020-07-07,-0.0071587086112426595,-0.010100999110926634,-0.009562683215862922,-0.0018124435069384215,-0.010100999110926634
2020-07-08,0.004796541549086789,0.0063034344083796046,0.005714986465868576,0.002371203773012187,0.0063034344083796046
2020-07-09,-0.009138025206600724,-0.009241604713356466,-0.009372754570111486,-0.008799716336334218,-0.009241604713356466
2020-07-10,0.01008388631799751,0.010312046320836687,0.009629325759641682,0.010310286873514162,0.010312046320836687
2020-07-13,-0.0022467054861774398,-0.005265592564862987,-0.0032085298275152606,0.001734005933845928,-0.005265592564862987
2020-07-14,0.013788763402348872,0.013550184152359335,0.01452635483154976,0.013289751223137525,0.013550184152359335
2020-07-15,0.009862153904216775,0.011263194892714535,0.011263194892714535,0.007060071927221257,0.011263194892714535
2020-07-16,-0.003645046098393419,-0.004461914993422777,-0.004461914993422777,-0.0020113083083347027,-0.004461914993422777
2020-07-17,0.00031886609640893927,0.0007525451269774109,0.0007525451269774109,-0.000548491964728004,0.0007525451269774109
2020-07-20,0.0043237608147680745,0.00438803369721188,0.00438803369721188,0.004195215049880463,0.00438803369721188
2020-07-21,0.0099203197317315,0.009367028837360857,0.009367028837360857,0.011026901520472787,0.009367028837360857
2020-07-22,0.0019764741157027015,0.0038773144146799,0.0038773144146799,-0.0018252064822516956,0.0038773144146799
2020-07-23,-0.005042461736771446,-0.006022161645187684,-0.006022161645187684,-0.0030830619199389677,-0.006022161645187684
2020-07-24,-0.004843662190636347,-0.006077593284280458,-0.006077593284280458,-0.0023758000033481273,-0.006077593284280458
2020-07-27,0.00663963506970644,0.007246554801805749,0.007246554801805749,0.005425795605507822,0.007246554801805749
2020-07-28,-0.005799680827251589,-0.005373011723142573,-0.00637230150658632,-0.005653729252025874,-0.005373011723142573
2020-07-29,0.01041689030180122,0.012220057692686692,0.011469034627210505,0.007561578585506457,0.012220057692686692
2020-07-30,-0.006245058963306353,-0.007004546799287792,-0.006264520687991692,-0.005466109402639574,-0.007004546799287792
2020-07-31,0.0033448326067824145,0.00437865868562135,0.0034698655756590035,0.0021859735590668895,0.00437865868562135
2020-08-03,0.00581368037513601,0.008328883893082551,0.00821562998478178,0.0008965272475436991,0.008328883893082551
2020-08-04,0.0037104032536148398,0.006994170488121098,0.0043481002763857135,-0.00021106100366229396,0.006994170488121098
2020-08-05,0.004574434901885434,0.007509585761705362,0.006213718943950941,0.0,0.007509585761705362
2020-08-06,0.0020905381210553783,0.004566631424773338,0.001704982938392796,0.0,0.004566631424773338
2020-08-07,0.0007702089608278376,-0.0003838119078780844,0.0026944387903615973,0.0,-0.0003838119078780844
2020-08-10,0.002838108323980485,0.004595434900508555,0.003918890071432901,0.0,0.004595434900508555
2020-08-11,-0.005888786097988079,-0.01180623413770282,-0.005860124156261415,0.0,-0.01180623413770282
2020-08-12,0.004863378368967134,0.008638412670359108,0.005951722436542295,0.0,0.008638412670359108
2020-08-13,-0.0011702518015358043,-0.0017553777023037065,-0.0017553777023037065,0.0,-0.0017553777023037065
2020-08-14,0.00014673961655865171,0.00022010942483797759,0.00022010942483797759,0.0,0.00022010942483797759
2020-08-17,0.002083042946684688,0.0031245644200270316,0.0031245644200270316,0.0,0.0031245644200270316
2020-08-18,4.0485258873790285e-06,6.072788831068543e-06,6.072788831068543e-06,0.0,6.072788831068543e-06
2020-08-19,-0.0045175295785495765,-0.006776294367824365,-0.006776294367824365,0.0,-0.006776294367824365
2020-08-20,0.0006420216661255548,0.0009630324991883321,0.0009630324991883321,0.0,0.0009630324991883321
2020-08-21,0.0009145070871316774,0.001371760630697516,0.001371760630697516,0.0,0.001371760630697516
2020-08-24,0.0059265261378949495,0.008889789206842424,0.008889789206842424,0.0,0.008889789206842424
2020-08-25,4.7163280620058734e-05,0.00046135519236559783,-0.00031986535050542163,0.0,0.00046135519236559783
2020-08-26,0.0015749290575653406,0.002915495501176213,0.0018092916715198083,0.0,0.002915495501176213
2020-08-27,0.0007090355881122648,0.0006168818833754974,0.0015102248809612973,0.0,0.0006168818833754974
2020-08-28,0.004558480744992751,0.00753016835628717,0.006145273878691082,0.0,0.00753016835628717
2020-08-31,-0.0026195250826927564,-0.003369263837842018,-0.004489311410236252,0.0,-0.003369263837842018
2020-09-01,0.0031683853962025817,0.006562237948481331,0.002942918240126413,0.0,0.006562237948481331
2020-09-02,0.0048640977700071435,0.008214363517291679,0.0063779297927297526,0.0,0.008214363517291679
2020-09-03,-0.01375816908303342,-0.02538400125789979,-0.01461454922036537,-0.001275956770835096,-0.02538400125789979
2020-09-04,-0.006718332354893997,-0.006628655352182466,-0.005533998826311082,-0.007992342886188442,-0.006628655352182466
2020-09-08,-0.024023018809332965,-0.023673848094318085,-0.023673848094318085,-0.024721360239362722,-0.023673848094318085
2020-09-09,0.015469746123630468,0.015469746123630468,0.015469746123630468,0.015469746123630468,0.015469746123630468
2020-09-10,-0.014851973188987351,-0.01515751338526069,-0.01515751338526069,-0.014240892796440674,-0.01515751338526069
2020-09-11,-0.00021401536742334434,-0.00021584403585417355,-0.00021584403585417355,-0.0002103580305616859,-0.00021584403585417355
2020-09-14,0.013219267464454268,0.013392792887783255,0.013392792887783255,0.012872216617796296,0.013392792887783255
2020-09-15,0.002023951145391164,0.0006804429787998334,0.0006804429787998334,0.004710967478573825,0.0006804429787998334
2020-09-16,0.0030745045032697445,0.0025320136709657383,0.0025320136709657383,0.004159486167877757,0.0025320136709657383
2020-09-17,-0.005170262208076722,-0.005986033435744898,-0.005986033435744898,-0.0035387197527403714,-0.005986033435744898
2020-09-18,-0.004782354962988888,-0.006916997901708788,-0.006916997901708788,-0.0005130690855490894,-0.006916997901708788
2020-09-21,-0.010366659968667624,-0.014550945782568913,-0.014550945782568913,-0.0019980883408650453,-0.014550945782568913
2020-09-22,0.0017727100288945457,0.0030898343908574823,0.0030898343908574823,-0.0008615386950313275,0.0030898343908574823
2020-09-23,-0.016207780347076105,-0.02319493200849241,-0.02319493200849241,-0.002233477024243502,-0.02319493200849241
2020-09-24,0.0013542295581142393,0.0019235702349734152,0.0019235702349734152,0.00021554820439588783,0.0019235702349734152
2020-09-25,0.008069177974397441,0.011587636754862818,0.011587636754862818,0.0010322604134666903,0.011587636754862818
2020-09-28,0.011476893271703143,0.01602334363159148,0.01602334363159148,0.0023839925519264725,0.01602334363159148
2020-09-29,-0.003771421059812112,-0.005486667396387246,-0.005486667396387246,-0.0003409283866618429,-0.005486667396387246
2020-09-30,0.0031950691548685278,0.004792603732302792,0.004792603732302792,0.0,0.004792603732302792
2020-10-01,0.0019463629286710453,0.002919544393006568,0.002919544393006568,0.0,0.002919544393006568
2020-10-02,-0.00397535430526564,-0.00596303145789846,-0.00596303145789846,0.0,-0.00596303145789846
2020-10-05,0.01053147878322156,0.015797218174832338,0.015797218174832338,0.0,0.015797218174832338
2020-10-06,-0.007236587498820317,-0.010854881248230475,-0.010854881248230475,0.0,-0.010854881248230475
2020-10-07,0.009041553456857199,0.013562330185285798,0.013562330185285798,0.0,0.013562330185285798
2020-10-08,0.006656917053927983,0.01005437689882489,0.00991637426295906,0.0,0.01005437689882489
2020-10-09,0.0040055312505800815,0.006267761571490638,0.0057488321802496075,0.0,0.006267761571490638
2020-10-12,0.007152556823229809,0.011063814836527353,0.010393855633162075,0.0,0.011063814836527353
2020-10-13,-0.0041927278807718776,-0.00765103597566813,-0.004927147666647503,0.0,-0.00765103597566813
2020-10-14,-0.002036603344856299,-0.0041196404288532775,-0.001990169605715619,0.0,-0.0041196404288532775
2020-10-15,0.0019288443695559896,0.0011998866331565106,0.004586646475511458,0.0,0.0011998866331565106
2020-10-16,-0.0017792585954299073,-0.0025936097148141824,-0.00274416607147554,0.0,-0.0025936097148141824
2020-10-19,-0.0088642517302622,-0.013110991397806504,-0.013481763792980096,0.0,-0.013110991397806504
2020-10-20,0.002109389659218652,0.0031640844888279783,0.0031640844888279783,0.0,0.0031640844888279783
2020-10-21,-0.0027621469077413695,-0.004143220361612054,-0.004143220361612054,0.0,-0.004143220361612054
2020-10-22,0.005332881386159209,0.007999322079238813,0.007999322079238813,0.0,0.007999322079238813
2020-10-23,0.0010677071189401533,0.0016015606784102298,0.0016015606784102298,0.0,0.0016015606784102298
2020-10-26,-0.01066060724580123,-0.015990910868701847,-0.015990910868701847,0.0,-0.015990910868701847
2020-10-27,-0.002425005947589476,-0.003637508921384214,-0.003637508921384214,0.0,-0.003637508921384214
2020-10-28,-0.019611061937696874,-0.029416592906545313,-0.029416592906545313,0.0,-0.029416592906545313
2020-10-29,0.0051135028787124915,0.007670254318068737,0.007670254318068737,0.0,0.007670254318068737
2020-10-30,-0.006149233990322519,-0.007393572978539364,-0.007393572978539364,-0.0036605560138888273,-0.007393572978539364
2020-11-02,0.013759111212876365,0.013759111212876363,0.013759111212876363,0.013759111212876363,0.013759111212876363
2020-11-03,0.013704884050558233,0.013215564672888114,0.013215564672888114,0.014683522805898474,0.013215564672888114
2020-11-04,0.014601566306211773,0.017626812190406203,0.017626812190406203,0.008551074537822912,0.017626812190406203
2020-11-05,0.012285285962046108,0.01751734820988158,0.01751734820988158,0.0018211614663751652,0.01751734820988158
2020-11-06,-0.0029295053230262266,-0.004607626104115292,-0.004607626104115292,0.0004267362391519036,-0.004607626104115292
2020-11-09,0.014697819062291026,0.022012322277884223,0.022012322277884223,6.88126311046311e-05,0.022012322277884223
2020-11-10,-2.7580584468718933e-05,0.0028098490908367137,5.2591875231766675e-06,-0.0028978500317660472,0.0028098490908367137
2020-11-11,0.004573004191526154,0.003547511091603106,0.00563397492789156,0.004537526555083793,0.003547511091603106
2020-11-12,-0.002303473466123503,-0.007857579542461112,-0.0008413450206923301,0.0017885041647829336,-0.007857579542461112
2020-11-13,0.009464198840087453,0.013698725019683245,0.006332843297838664,0.00836102820274045,0.013698725019683245
2020-11-16,0.010098886651918597,0.015397255846052293,0.003927148007103231,0.010972256102600265,0.015397255846052293
2020-11-17,-0.001005871625658572,-0.000986770836987405,-0.002006020892299243,-2.4823147689068124e-05,-0.000986770836987405
2020-11-18,-0.005510324918929529,-0.011593880220675168,-0.005283601559881235,0.00034650702376781695,-0.011593880220675168
2020-11-19,0.004994888369157395,0.005190207406185876,0.0026443609879797103,0.007150096713306598,0.005190207406185876
2020-11-20,-0.0033269779113039703,-0.0034632908435875964,-0.002167405930431543,-0.004350236959892772,-0.0034632908435875964
2020-11-23,0.006090540993052951,0.009853428816716237,-0.0009584225040893179,0.009376616666531935,0.009853428816716237
2020-11-24,0.008840319232405367,0.014229923437441384,0.0037083587354804102,0.008582675524294304,0.014229923437441384
2020-11-25,-0.0013570588064722815,-0.003633825862810358,-0.00025819873793243576,-0.00017915181867405038,-0.003633825862810358
2020-11-27,0.0014372610975504315,0.0017193489213721102,0.0024939331593021308,9.850121197705342e-05,0.0017193489213721102
2020-11-30,-0.0067088741895478116,-0.010378836243715106,-0.0009638992223193532,-0.008783887102608978,-0.010378836243715106
2020-12-01,0.005682740663387738,0.008671192752307022,0.004831573455454518,0.003545455782401674,0.008671192752307022
2020-12-02,0.003879402813586671,0.005591783686512653,0.0023424241807045165,0.003704000573542843,0.005591783686512653
2020-12-03,0.002552483715781717,0.00345980716470875,0.0023956577454885774,0.0018019862371478235,0.00345980716470875
2020-12-04,0.005259432235698732,0.01143252579261007,0.005264623515953115,-0.0009188526014669906,0.01143252579261007
2020-12-07,0.0003713134592771745,-0.0009983022117572183,0.0012101574965330485,0.0009020850930556934,-0.0009983022117572183
2020-12-08,0.004725854740668193,0.0056388806151136065,0.002867329995514212,0.005671353611376761,0.0056388806151136065
2020-12-09,-0.0053275612841391816,-0.008648328001728222,-0.008143290469208465,0.0008089346185191415,-0.008648328001728222
2020-12-10,0.004044446423163428,0.005139187988465088,0.002903166177641503,0.004090985103383693,0.005139187988465088
2020-12-11,-0.0023382300143892903,-0.0029242787494725754,-0.0019822085516295385,-0.002108202742065757,-0.0029242787494725754
2020-12-14,-0.006150492485214169,-0.006092963970237064,-0.003815015999357174,-0.008543497486048268,-0.006092963970237064
2020-12-15,0.013362368416116039,0.013585195956165941,0.012972274760556114,0.013529634531626067,0.013585195956165941
2020-12-16,0.0003864457239622254,0.0005418251023872722,0.0010824272847852479,-0.0004649152152858438,0.0005418251023872722
2020-12-17,0.0034873138739653516,0.0053070508908926615,0.004866914797604404,0.0002879759333989873,0.0053070508908926615
2020-12-18,-0.003639303513632345,-0.004797856840246484,-0.0042009345191588165,-0.0019191191814917352,-0.004797856840246484
2020-12-21,-0.00031334057090100334,-0.0019185321456928529,-0.0018673760445688582,0.002845886477558701,-0.0019185321456928529
2020-12-22,-0.00218058164419415,-0.001810749782805221,-0.0029478047607111257,-0.0017831903890661027,-0.001810749782805221
2020-12-23,0.0037615457947369722,0.003993976056859772,0.0031431736233955678,0.004147487703955577,0.003993976056859772
2020-12-24,0.0022361471569544377,0.0023722990751257277,0.0024375813763702903,0.0018985610193672953,0.0023722990751257277
2020-12-28,0.0032617748295649565,0.003068783621991,0.003440630162379188,0.0032759107043246805,0.003068783621991
2020-12-29,-0.0020582886091320344,-0.0029829724026795403,-0.0010462303561052711,-0.002145663068611292,-0.0029829724026795403
2020-12-30,0.0033230664300231694,0.004311513738860717,0.0032931650279033773,0.0023645205233054135,0.004311513738860717
2020-12-31,0.002036827932883323,0.003235698373283069,0.0037565792498825746,-0.0008817938245156753,0.003235698373283069
2021-01-04,-0.00449353953784386,-0.006369495741393405,-0.005222114253362653,-0.0018890086187755228,-0.006369495741393405
2021-01-05,0.008249942323551036,0.009414854982544874,0.0051012350593169775,0.01023373692879126,0.009414854982544874
2021-01-06,0.006386393240461537,0.008179760184633567,0.005128800618770468,0.005850618917980577,0.008179760184633567
2021-01-07,0.009596596904096722,0.012219557884374076,0.009480484672987056,0.007089748154929032,0.012219557884374076
2021-01-08,-0.0013936290261345981,-0.000989868956255957,-0.0005884911496769729,-0.0026025269724708642,-0.000989868956255957
2021-01-11,-0.0015968562847090918,-0.0013115905756846068,-0.0031176260247914424,-0.0003613522536512259,-0.0013115905756846068
2021-01-12,0.0014697441310459582,0.005368663840391053,-0.0009495456553805459,-9.885791872632499e-06,0.005368663840391053
2021-01-13,0.0019783902597753492,0.0009549332172186009,0.0025143946524339156,0.0024658429096735325,0.0009549332172186009
2021-01-14,-0.0007111623590726852,0.0021532427870111113,-0.0032543341945272643,-0.0010323956697019022,0.0021532427870111113
2021-01-15,-0.0065080460261803695,-0.010696858270937548,-0.0036634532955215015,-0.005163826512082059,-0.010696858270937548
2021-01-19,0.006975965954603339,0.00941027632802507,0.005551732267780218,0.0059658892680047315,0.00941027632802507
2021-01-20,0.008285118895467132,0.009151723941762845,0.008344471632809136,0.007359161111829415,0.009151723941762845
2021-01-21,-0.0028224728944100178,-0.004339732761674364,-9.083050485145794e-05,-0.0040368554167042325,-0.004339732761674364
2021-01-22,-0.0015949062965401996,-0.0024720855311279434,-0.0031140824209662577,0.0008014490624736025,-0.0024720855311279434
2021-01-25,0.0012707233933763348,0.0020282477686256683,0.0031480369828801426,-0.0013641145713768066,0.0020282477686256683
2021-01-26,-0.0029685824645645956,-0.004461972203773923,-0.0016309413680627104,-0.0028128338218571525,-0.004461972203773923
2021-01-27,-0.01489942820429361,-0.018643771904775074,-0.015460969571859306,-0.010593543136246452,-0.018643771904775074
2021-01-28,0.00606924694088596,0.006500704525270906,0.005651538537122613,0.006055497760264361,0.006500704525270906
2021-01-29,-0.014901360581121579,-0.01682395713686822,-0.011990585453043313,-0.015889539153453203,-0.01682395713686822
2021-02-01,0.012267687738135935,0.013323956274838778,0.01015515066473025,0.013323956274838778,0.013323956274838778
2021-02-02,0.008474227368764312,0.009344453407397068,0.00683419006301138,0.009244038635884489,0.009344453407397068
2021-02-03,0.001324754708465762,0.002872675527005686,-0.0016987353158926521,0.002800323914284253,0.002872675527005686
2021-02-04,0.004666162609225266,0.008381398994925326,0.005239684908447295,0.0003774039243031768,0.008381398994925326
2021-02-05,0.0017936529361285648,0.0033947543224847722,0.0011557012276920409,0.0008305032582088812,0.0033947543224847722
2021-02-08,0.006867389829316583,0.012793837797590779,0.006057914358441008,0.0017504173319179638,0.012793837797590779
2021-02-09,0.0002716202436561602,-0.00020512992462647927,0.00038415665485770357,0.0006358340007372564,-0.00020512992462647927
2021-02-10,0.001294006957176001,0.002237313080935921,0.0009793744534722815,0.0006653333371198,0.002237313080935921
2021-02-11,-0.0004828283477752808,-0.0013353413649022428,0.0003225220656832395,-0.000435665744106839,-0.0013353413649022428
2021-02-12,0.00288058005075457,0.0036684758300076113,0.0019094661388842859,0.003063798183371813,0.0036684758300076113
2021-02-16,-0.0003014537563039192,-0.0008661440000380383,-0.0027442063450409115,0.002705989076167192,-0.0008661440000380383
2021-02-17,-0.000533162022156175,4.503211516775352e-05,-0.0015170917567200349,-0.00012742642491624377,4.503211516775352e-05
2021-02-18,-0.004448581959422423,-0.007115678196030828,-0.0027177253359971674,-0.0035123423462392724,-0.007115678196030828
2021-02-19,0.00043815138337410797,0.0020499036959944704,-0.0012414831875942722,0.0005060336417221257,0.0020499036959944704
2021-02-22,-0.004260553118538158,-0.0012320451654383557,-0.0061589509502213095,-0.005390663239954807,-0.0012320451654383557
2021-02-23,-0.0008601358038684744,0.00030211373677470067,-0.0010821885108647233,-0.0018003326375154005,0.00030211373677470067
2021-02-24,0.008272408798892003,0.012584112272867843,0.006651712323684156,0.0055814018001240084,0.012584112272867843
2021-02-25,-0.01631031691517039,-0.023089159455145614,-0.01578862023771438,-0.010053171052651178,-0.023089159455145614
2021-02-26,-0.004213836260672624,-0.005405623156344896,-0.001584477249122218,-0.0056514083765507594,-0.005405623156344896
2021-03-01,0.01815857288569045,0.0197258540398186,0.01535302798754955,0.019396836629703196,0.0197258540398186
2021-03-02,-0.004541010301246365,-0.006982305329846328,-0.006245613899452063,-0.0003951116744407068,-0.006982305329846328
2021-03-03,-0.010027603546772701,-0.009410936805290449,-0.011319770095153581,-0.009352103739874074,-0.009410936805290449
2021-03-04,-0.011725314960061324,-0.010690239119430844,-0.013077390845639515,-0.011408314915113616,-0.010690239119430844
2021-03-05,0.014013616748502588,0.017090544912173856,0.013348405354472659,0.011601899978861251,0.017090544912173856
2021-03-08,-0.0054145228333576335,-0.004918463859118904,-0.005107349498635972,-0.0062177551423180264,-0.004918463859118904
2021-03-09,0.013860267076247892,0.012426556524238564,0.014179636694824027,0.01497460800968109,0.012426556524238564
2021-03-10,0.007757034479857927,0.008667734434268604,0.006135103418343469,0.00846826558696171,0.008667734434268604
2021-03-11,0.005382760968351508,0.007820515590102262,0.007501605135593892,0.0008261621793583696,0.007820515590102262
2021-03-12,-0.0018325479979267405,-0.0005877742476108949,-0.002003947634073988,-0.0029059221120953382,-0.0005877742476108949
2021-03-15,0.003612653644044816,0.003630541670834908,0.004769240027577759,0.0024381792337217823,0.003630541670834908
2021-03-16,-0.0027566929031927925,-0.005131703854973735,-0.002280489130892749,-0.0008578857237118931,-0.005131703854973735
2021-03-17,0.002644033397651121,0.003088258572814273,0.0023108166466684343,0.0025330249734706544,0.003088258572814273
2021-03-18,-0.012198013758079551,-0.016536063596334638,-0.012042337008902494,-0.008015640669001522,-0.016536063596334638
2021-03-19,0.00018464369101226137,6.762999616181098e-05,4.7453999979119035e-05,0.0004388470768958541,6.762999616181098e-05
2021-03-22,0.0039122348159995116,0.003860211276129133,0.004819184272694399,0.0030573088991750043,0.003860211276129133
2021-03-23,-0.008784782631909098,-0.010143426913940467,-0.008680721672776403,-0.007530199309010421,-0.010143426913940467
2021-03-24,-0.003613354496761756,-0.0020732005048552217,-0.004582104173345525,-0.004184758812084521,-0.0020732005048552217
2021-03-25,0.004928855609950677,0.004667248957073056,0.004300148398019099,0.005819169474759878,0.004667248957073056
2021-03-26,0.01313818347288615,0.014701648251648936,0.012222496761501767,0.012490405405507743,0.014701648251648936
2021-03-29,-0.00483847676948318,-0.0067273941257183,-0.005537649580769644,-0.002250386601961596,-0.0067273941257183
2021-03-30,-0.0008724265671193517,-0.002530512356903836,-0.0016675948169112553,0.0015808274724570359,-0.002530512356903836
2021-03-31,0.0040993227065312535,0.004387370009257241,0.005075651359861844,0.002834946750474676,0.004387370009257241
2021-04-01,0.010142145722979942,0.012851063824715191,0.01030314841039992,0.007272224933824711,0.012851063824715191
2021-04-05,0.005385556399996731,0.00580025940988046,0.008185478769628707,0.0021709310204810262,0.00580025940988046
2021-04-06,-0.00038921389788708257,-0.00046428006390785147,1.808111056021966e-05,-0.0007214427403136158,-0.00046428006390785147
2021-04-07,-0.0007873167528439547,-0.0010896352540744948,-0.001406628524505249,0.00013431352004787954,-0.0010896352540744948
2021-04-08,0.003193593175839478,0.00481941159892455,0.005477548678776345,-0.0007161807501824602,0.00481941159892455
2021-04-09,0.0015220818779575153,0.003304520834596203,0.0019301045762670666,-0.000668379776990724,0.003304520834596203
2021-04-12,-0.0017966004657816873,-0.0019664337099688954,-0.0017235114360789616,-0.0016998562512972049,-0.0019664337099688954
2021-04-13,0.0018405093525203477,0.00296247391098482,0.0014998863392157058,0.0010591678073605172,0.00296247391098482
2021-04-14,0.002989189924088875,0.0012217791754455475,0.003506203614387282,0.004239586982433796,0.0012217791754455475
2021-04-15,0.00751375032949161,0.009707342980091672,0.007798699582238344,0.005035208426144811,0.009707342980091672
2021-04-16,0.0007311243608225697,0.0015273580025889967,0.0015658945910028478,-0.0008998795111241353,0.0015273580025889967
2021-04-19,-0.0028217440260602765,-0.004786137423071379,-0.0035339895220276364,-0.00014510513308181318,-0.004786137423071379
2021-04-20,-0.00806445332342118,-0.008480798535232714,-0.00832077014103182,-0.007391791293999006,-0.008480798535232714
2021-04-21,0.010504714284136301,0.011228592721080389,0.011228592721080389,0.009056957410248123,0.011228592721080389
2021-04-22,-0.006775939508958631,-0.007580583120616857,-0.007580583120616857,-0.005166652285642182,-0.007580583120616857
2021-04-23,0.009181874571964448,0.009231776324589125,0.009231776324589125,0.009082071066715092,0.009231776324589125
2021-04-26,0.0027258982122231727,0.003098838107774382,0.003098838107774382,0.001980018421120755,0.003098838107774382
2021-04-27,-0.0005567625229716951,-0.0002614759590640725,-0.0002614759590640725,-0.0011473356507869404,-0.0002614759590640725
2021-04-28,0.0012065965497429702,0.0023407660463698465,0.0023407660463698465,-0.0010617424435107824,0.0023407660463698465
2021-04-29,0.001887490804495107,0.0029794656137308363,0.0029794656137308363,-0.00029645881397635245,0.0029794656137308363
2021-04-30,-0.006877070328108521,-0.008315855012507489,-0.008315855012507489,-0.003999500959310587,-0.008315855012507489
2021-05-03,0.005185264784674115,0.0062786207319244,0.0062786207319244,0.002998552890173545,0.0062786207319244
2021-05-04,-0.0048178237650884845,-0.004387938408484382,-0.0043001064808393715,-0.005765426405941698,-0.004387938408484382
2021-05-05,0.0013279641183860493,0.004091247153813549,0.0008616418247459068,-0.0009689966234013081,0.004091247153813549
2021-05-06,0.006296978517754489,0.007548266888845157,0.007033182137248639,0.00430948652716967,0.007548266888845157
2021-05-07,0.005292754870681849,0.007751624563606563,0.004241762641784119,0.003884877406654863,0.007751624563606563
2021-05-10,-0.006813126787814608,-0.009245669556062774,-0.009203553547281085,-0.0019901572600999674,-0.009245669556062774
2021-05-11,-0.003244705901385847,-0.009014980224294788,-0.005493566735210476,0.004774429255347723,-0.009014980224294788
2021-05-12,-0.016365679532375357,-0.016322210818173345,-0.016888549222722482,-0.01588627855623024,-0.016322210818173345
2021-05-13,0.0060595823535886245,0.00832303575463903,0.001535757382275471,0.008319953923851375,0.00832303575463903
2021-05-14,0.013775196252690766,0.016544098752902258,0.008237391252267778,0.016544098752902258,0.016544098752902258
2021-05-17,-0.0009394910681407336,0.0016311207812071515,-0.0010920993404603396,-0.0033574946451690123,0.0016311207812071515
2021-05-18,-0.005603177450760048,-0.007580754963347924,-0.005260258859276589,-0.003968518529655629,-0.007580754963347924
2021-05-19,-0.0020163740725514783,-0.004501564508121692,-0.002216862257502361,0.000669304547969618,-0.004501564508121692
2021-05-20,0.008002550679255649,0.008429076694850591,0.008429076694850591,0.007149498648065767,0.008429076694850591
2021-05-21,0.0017936048063041943,0.0010234885181744757,0.0010234885181744757,0.0033338373825636315,0.0010234885181744757
2021-05-24,0.004837093413079822,0.007808623264658232,0.004491725800146784,0.0022109311744344497,0.007808623264658232
2021-05-25,-0.002753935748364918,-0.0027490817930374777,-0.00521609240540335,-0.00029663304665392685,-0.0027490817930374777
2021-05-26,0.0017935151894291847,0.002690272784143777,0.002690272784143777,0.0,0.002690272784143777
2021-05-27,0.0008074787764269435,0.0012112181646404153,0.0012112181646404153,0.0,0.0012112181646404153
2021-05-28,0.001379790349669796,0.002069685524504694,0.002069685524504694,0.0,0.002069685524504694
2021-06-01,0.0018742252865083721,0.0028113379297625583,0.0028113379297625583,0.0,0.0028113379297625583
2021-06-02,0.002563594065612988,0.003845391098419482,0.003845391098419482,0.0,0.003845391098419482
2021-06-03,-0.00383159498874149,-0.004798175348422318,-0.0066966096178021515,0.0,-0.004798175348422318
2021-06-04,0.0030687708455086134,0.00920631253652584,0.0,0.0,0.00920631253652584
2021-06-07,0.00017256936133377792,0.0005177080840013337,0.0,0.0,0.0005177080840013337
2021-06-08,0.0005830104777575025,0.0017490314332725076,0.0,0.0,0.0017490314332725076
2021-06-09,-0.0017391799382135273,-0.0010794200201516113,-0.00413811979448897,0.0,-0.0010794200201516113
2021-06-10,0.0020030899320495326,0.003004634898074299,0.003004634898074299,0.0,0.003004634898074299
2021-06-11,0.0002821433152147668,0.00042321497282215014,0.00042321497282215014,0.0,0.00042321497282215014
2021-06-14,-0.0007133487088977061,-0.0010700230633465591,-0.0010700230633465591,0.0,-0.0010700230633465591
2021-06-15,-0.0002452453628011275,-0.0003678680442016913,-0.0003678680442016913,0.0,-0.0003678680442016913
2021-06-16,-0.0034991492065486723,-0.005248723809823008,-0.005248723809823008,0.0,-0.005248723809823008
2021-06-17,-0.004344407565845458,-0.0065166113487681865,-0.0065166113487681865,0.0,-0.0065166113487681865
2021-06-18,-0.008029657507559351,-0.012044486261339027,-0.012044486261339027,0.0,-0.012044486261339027
2021-06-21,0.00957230139377799,0.014358452090666985,0.014358452090666985,0.0,0.014358452090666985
2021-06-22,0.002599858737657394,0.0038997881064860907,0.0038997881064860907,0.0,0.0038997881064860907
2021-06-23,-0.0002133741038763552,-0.0003200611558145328,-0.0003200611558145328,0.0,-0.0003200611558145328
2021-06-24,0.0046139920629554515,0.006920988094433178,0.006920988094433178,0.0,0.006920988094433178
2021-06-25,0.0016578835731421678,0.0024868253597132516,0.0024868253597132516,0.0,0.0024868253597132516
2021-06-28,-0.0011625310246396127,-0.001743796536959419,-0.001743796536959419,0.0,-0.001743796536959419
2021-06-29,-0.0006185978426449967,-0.000927896763967495,-0.000927896763967495,0.0,-0.000927896763967495
2021-06-30,0.0019909363678748773,0.002986404551812316,0.002986404551812316,0.0,0.002986404551812316
2021-07-01,0.0038840938776719017,0.005826140816507852,0.005826140816507852,0.0,0.005826140816507852
2021-07-02,0.003085567917901636,0.0046283518768524545,0.0046283518768524545,0.0,0.0046283518768524545
2021-07-06,-0.003121359633535096,-0.004682039450302644,-0.004682039450302644,0.0,-0.004682039450302644
2021-07-07,0.0006056565730797899,0.0009084848596196849,0.0009084848596196849,0.0,0.0009084848596196849
2021-07-08,-0.004548076140627932,-0.006822114210941898,-0.006822114210941898,0.0,-0.006822114210941898
2021-07-09,0.006845466089074326,0.010268199133611489,0.010268199133611489,0.0,0.010268199133611489
2021-07-12,0.0013697335769580134,0.0020546003654370202,0.0020546003654370202,0.0,0.0020546003654370202
2021-07-13,-0.003116906770355506,-0.004675360155533259,-0.004675360155533259,0.0,-0.004675360155533259
2021-07-14,-0.0011223378724705062,-0.0016835068087057592,-0.0016835068087057592,0.0,-0.0016835068087057592
2021-07-15,-0.0021375509051776024,-0.0025796145802172376,-0.0038330381353155695,0.0,-0.0025796145802172376
2021-07-16,-0.0032518481854155734,-0.00975554455624672,0.0,0.0,-0.00975554455624672
2021-07-19,-0.004072664797249167,-0.0122179943917475,0.0,0.0,-0.0122179943917475
2021-07-20,0.0042185118996786635,0.012655535699035991,0.0,0.0,0.012655535699035991
2021-07-21,0.0029489636546121394,0.008846890963836418,0.0,0.0,0.008846890963836418
2021-07-22,-7.889593005271367e-05,-0.000236687790158141,0.0,0.0,-0.000236687790158141
2021-07-23,0.0014292902051590247,0.004287870615477074,0.0,0.0,0.004287870615477074
2021-07-26,0.0008919654239149015,0.0026758962717447045,0.0,0.0,0.0026758962717447045
2021-07-27,-0.001048968418499537,-0.003146905255498611,0.0,0.0,-0.003146905255498611
2021-07-28,0.0009919615186847364,0.002975884556054209,0.0,0.0,0.002975884556054209
2021-07-29,0.0017026442901155812,0.005107932870346743,0.0,0.0,0.005107932870346743
2021-07-30,-0.0015745749366482247,-0.004723724809944674,0.0,0.0,-0.004723724809944674
2021-08-02,-0.00039945315189331794,-0.0011983594556799538,0.0,0.0,-0.0011983594556799538
2021-08-03,0.0024899848723500075,0.007469954617050023,0.0,0.0,0.007469954617050023
2021-08-04,-0.0020054831930853075,-0.006016449579255923,0.0,0.0,-0.006016449579255923
2021-08-05,0.0018322699851890945,0.005496809955567283,0.0,0.0,0.005496809955567283
2021-08-06,-0.00021193689939403106,-0.0006358106981820932,0.0,0.0,-0.0006358106981820932
2021-08-09,-0.001311816478432463,-0.003935449435297389,0.0,0.0,-0.003935449435297389
2021-08-10,0.0005643839413517463,0.001693151824055239,0.0,0.0,0.001693151824055239
2021-08-11,0.0011546533543358366,0.0034639600630075097,0.0,0.0,0.0034639600630075097
2021-08-12,0.0006030281206816072,0.0018090843620448215,0.0,0.0,0.0018090843620448215
2021-08-13,0.000641461676623715,0.001924385029871145,0.0,0.0,0.001924385029871145
2021-08-16,-3.0491611869287726e-05,-9.147483560786318e-05,0.0,0.0,-9.147483560786318e-05
2021-08-17,-0.0016970088761813756,-0.005091026628544127,0.0,0.0,-0.005091026628544127
2021-08-18,-0.00325929323668734,-0.009777879710062021,0.0,0.0,-0.009777879710062021
2021-08-19,-0.0007351478484230418,-0.0022054435452691255,0.0,0.0,-0.0022054435452691255
2021-08-20,0.002328960839207594,0.006986882517622783,0.0,0.0,0.006986882517622783
2021-08-23,0.003993026934033161,0.011979080802099484,0.0,0.0,0.011979080802099484
2021-08-24,0.0008342151406978471,0.002502645422093541,0.0,0.0,0.002502645422093541
2021-08-25,0.00029604980910742006,0.0008881494273222601,0.0,0.0,0.0008881494273222601
2021-08-26,-0.001831507625295429,-0.005494522875886287,0.0,0.0,-0.005494522875886287
2021-08-27,0.004132539900254943,0.012397619700764828,0.0,0.0,0.012397619700764828
2021-08-30,-5.522556374125686e-05,-0.0001656766912237706,0.0,0.0,-0.0001656766912237706
2021-08-31,-0.0006753027882177168,-0.0020259083646531504,0.0,0.0,-0.0020259083646531504
2021-09-01,-0.00034148126904821234,-0.001024443807144637,0.0,0.0,-0.001024443807144637
2021-09-02,0.0017808742109282109,0.005342622632784633,0.0,0.0,0.005342622632784633
2021-09-03,-0.00014037211807863548,-0.0009176769295243137,0.0004965605752884072,0.0,-0.0009176769295243137
2021-09-07,-0.00415283313691391,-0.006229249705370865,-0.006229249705370865,0.0,-0.006229249705370865
2021-09-08,-0.0012276869605916414,-0.003280235233887252,-0.0004028256478876724,0.0,-0.003280235233887252
2021-09-09,-0.00020163776579591082,-0.0006049132973877325,0.0,0.0,-0.0006049132973877325
2021-09-10,-0.002447784084078397,-0.007343352252235191,0.0,0.0,-0.007343352252235191
2021-09-13,0.001957988187644251,0.005873964562932754,0.0,0.0,0.005873964562932754
2021-09-14,-0.00132699321197333,-0.00398097963591999,0.0,0.0,-0.00398097963591999
2021-09-15,0.0028151309004285714,0.008445392701285715,0.0,0.0,0.008445392701285715
2021-09-16,-0.0015154740775691715,-0.004546422232707514,0.0,0.0,-0.004546422232707514
2021-09-17,-0.0019468801066241713,-0.005840640319872514,0.0,0.0,-0.005840640319872514
2021-09-20,-0.00473352328822807,-0.01420056986468421,0.0,0.0,-0.01420056986468421
2021-09-21,0.00032129166682609935,0.0009638750004782981,0.0,0.0,0.0009638750004782981
2021-09-22,0.005244154252495563,0.010979311121113455,0.004753151636373232,0.0,0.010979311121113455
2021-09-23,0.006658622220827019,0.009987933331240529,0.009987933331240529,0.0,0.009987933331240529
2021-09-24,-0.0001995927124038695,-0.00029938906860580425,-0.00029938906860580425,0.0,-0.00029938906860580425
2021-09-27,0.001538456593140092,0.0030110332416841247,0.0016043365377361508,0.0,0.0030110332416841247
2021-09-28,-0.011626897036781053,-0.017269604037070764,-0.017611087073272393,0.0,-0.017269604037070764
2021-09-29,0.0003369012392277456,0.0005053518588416184,0.0005053518588416184,0.0,0.0005053518588416184
2021-09-30,-0.004407495240590916,-0.007367519166579106,-0.005854966555193642,0.0,-0.007367519166579106
2021-10-01,0.007197888950069749,0.012476603854034707,0.00911706299617454,0.0,0.012476603854034707
2021-10-04,-0.005929898250649771,-0.008077602792623716,-0.009712091959325597,0.0,-0.008077602792623716
2021-10-05,0.004329402687380512,0.006786503490213025,0.006201704571928512,0.0,0.006786503490213025
2021-10-06,0.0011353802646084025,0.0011761732507191481,0.0022299675431060595,0.0,0.0011761732507191481
2021-10-07,0.0034343299441582727,0.006377424325582581,0.003925565506892237,0.0,0.006377424325582581
2021-10-08,0.00019130223003144264,0.0005739066900943279,0.0,0.0,0.0005739066900943279
2021-10-11,-0.001981252994894108,-0.005943758984682324,0.0,0.0,-0.005943758984682324
2021-10-12,0.00018184026184471977,0.0005455207855341593,0.0,0.0,0.0005455207855341593
2021-10-13,0.001510077553731933,0.004530232661195799,0.0,0.0,0.004530232661195799
2021-10-14,0.0045767100404704,0.013730130121411199,0.0,0.0,0.013730130121411199
2021-10-15,0.0010939606512045878,0.0032818819536137634,0.0,0.0,0.0032818819536137634
2021-10-18,0.0019291611599690135,0.0016274357148014062,0.0040727425768470995,8.730518825853518e-05,0.0016274357148014062
2021-10-19,0.0035622261653377855,0.005825388043636503,0.004692367282515653,0.0001689231698612015,0.005825388043636503
2021-10-20,0.002954760948614358,0.004334416277949849,0.0035243430448087198,0.0010055235230845062,0.004334416277949849
2021-10-21,0.0001325061885048365,-0.0005800552892466393,0.0012664245764056558,-0.00028885072164450685,-0.0005800552892466393
2021-10-22,0.0023263681067829055,0.0031479945864333002,0.002729833031815987,0.0011012767020994296,0.0031479945864333002
2021-10-25,0.0032564658286900355,0.005069183449171499,0.005069183449171499,-0.0003689694122728904,0.005069183449171499
2021-10-26,0.0006723517707756107,0.0011526597781450487,0.0008643955341817832,0.0,0.0011526597781450487
2021-10-27,-0.0030938985932135103,-0.006078118919697495,-0.0032035768599430357,0.0,-0.006078118919697495
2021-10-28,0.005594315352218275,0.008143550590425897,0.008639395466228928,0.0,0.008143550590425897
2021-10-29,0.000488842038829936,0.000733263058244904,0.000733263058244904,0.0,0.000733263058244904
2021-11-01,0.0031085768267426,0.0046628652401139005,0.0046628652401139005,0.0,0.0046628652401139005
2021-11-02,0.0016521029690259668,0.00247815445353895,0.00247815445353895,0.0,0.00247815445353895
2021-11-03,0.0017218759943452122,0.002582813991517818,0.002582813991517818,0.0,0.002582813991517818
2021-11-04,0.0021465999354824627,0.003550825941818625,0.002888973864628763,0.0,0.003550825941818625
2021-11-05,0.003576847858698636,0.005905545749478857,0.00482499782661705,0.0,0.005905545749478857
2021-11-08,0.002214921889125461,0.003305177788664115,0.003339587878712269,0.0,0.003305177788664115
2021-11-09,-0.00044823001188658935,-0.001006771418668706,-0.00033791861699106196,0.0,-0.001006771418668706
2021-11-10,-0.005887323097754274,-0.009382966823100681,-0.008279002470162144,0.0,-0.009382966823100681
2021-11-11,0.001276225216451247,0.0019143378246768705,0.0019143378246768705,0.0,0.0019143378246768705
2021-11-12,0.0025717065880316897,0.0038575598820475344,0.0038575598820475344,0.0,0.0038575598820475344
2021-11-15,-0.0011297782272579567,-0.001694667340886935,-0.001694667340886935,0.0,-0.001694667340886935
2021-11-16,0.0013568299604157284,0.0020352449406235928,0.0020352449406235928,0.0,0.0020352449406235928
2021-11-17,-0.0019703743859890116,-0.0032060990363747986,-0.0027050241215922366,0.0,-0.0032060990363747986
2021-11-18,0.0007344106116218127,0.0008045618630672325,0.0013986699717982054,0.0,0.0008045618630672325
2021-11-19,-0.0026149550025166613,-0.0058735613700770075,-0.0019713036374729765,0.0,-0.0058735613700770075
2021-11-22,-0.0023563682601475417,-0.00358365487239245,-0.0034854499080501757,0.0,-0.00358365487239245
2021-11-23,0.001479807924690128,0.002219711887035192,0.002219711887035192,0.0,0.002219711887035192
2021-11-24,0.0024349052330915407,0.003652357849637311,0.003652357849637311,0.0,0.003652357849637311
2021-11-26,-0.012169162462314476,-0.018253743693471713,-0.018253743693471713,0.0,-0.018253743693471713
2021-11-29,0.004448255238713846,0.006672382858070769,0.006672382858070769,0.0,0.006672382858070769
2021-11-30,-0.009286816238237017,-0.013930224357355525,-0.013930224357355525,0.0,-0.013930224357355525
2021-12-01,-0.006033003156844497,-0.009049504735266745,-0.009049504735266745,0.0,-0.009049504735266745
2021-12-02,0.009143993259827272,0.013715989889740909,0.013715989889740909,0.0,0.013715989889740909
2021-12-03,-0.004429416232390467,-0.006644124348585701,-0.006644124348585701,0.0,-0.006644124348585701
2021-12-06,0.005869648067860678,0.008804472101791017,0.008804472101791017,0.0,0.008804472101791017
2021-12-07,0.01149940148140071,0.017249102222101066,0.017249102222101066,0.0,0.017249102222101066
2021-12-08,0.00047494473481416447,0.00044944627290337545,0.0009753879315391178,0.0,0.00044944627290337545
2021-12-09,-0.003974097163546549,-0.006250086864665383,-0.005672204625974264,0.0,-0.006250086864665383
2021-12-10,0.003815482651807985,0.005723223977711978,0.005723223977711978,0.0,0.005723223977711978
2021-12-13,-0.0048958345702518075,-0.007343751855377711,-0.007343751855377711,0.0,-0.007343751855377711
2021-12-14,-0.0039104135141446285,-0.005865620271216942,-0.005865620271216942,0.0,-0.005865620271216942
2021-12-15,0.006941077684275765,0.010411616526413647,0.010411616526413647,0.0,0.010411616526413647
2021-12-16,-0.003118748252412673,-0.004678122378619009,-0.004678122378619009,0.0,-0.004678122378619009
2021-12-17,-0.003955395294048717,-0.006767342678483923,-0.005098843203662229,0.0,-0.006767342678483923
2021-12-20,-0.0036857489693949276,-0.010818744922789048,-0.00023850198539573375,0.0,-0.010818744922789048
2021-12-21,0.007205162639058804,0.015930744013122933,0.0056847439040534796,0.0,0.015930744013122933
2021-12-22,0.002955465238831382,0.008866395716494146,0.0,0.0,0.008866395716494146
2021-12-23,0.001497707861008435,0.0036256782373125353,0.0008674453457127695,0.0,0.0036256782373125353
2021-12-27,0.007927430238557938,0.011891145357836908,0.011891145357836908,0.0,0.011891145357836908
2021-12-28,-0.0016619376278676822,-0.0024929064418015233,-0.0024929064418015233,0.0,-0.0024929064418015233
2021-12-29,-0.0005214721852115541,-0.0007822082778173312,-0.0007822082778173312,0.0,-0.0007822082778173312
2021-12-30,-0.00033346610410826355,-0.0005001991561623953,-0.0005001991561623953,0.0,-0.0005001991561623953
2021-12-31,-0.0008367191214995851,-0.0012550786822493776,-0.0012550786822493776,0.0,-0.0012550786822493776
2022-01-03,0.0020756588231679177,0.003566106600678076,-0.000905236731852399,0.003566106600678076,0.003566106600678076
2022-01-04,0.001787038905245967,0.0031502166974138766,-0.0009393166790898522,0.0031502166974138766,0.0031502166974138766
2022-01-05,-0.014897528511512437,-0.015212905888465422,-0.014266773757606465,-0.015212905888465422,-0.015212905888465422
2022-01-06,-0.00017368761686804572,0.0010138012852750177,-0.0025486654211541726,0.0010138012852750177,0.0010138012852750177
2022-01-07,-0.0012006756082348173,-0.001801013412352226,0.0,-0.001801013412352226,-0.001801013412352226
2022-01-10,8.013533080062362e-05,0.00012020299620093544,0.0,0.00012020299620093544,0.00012020299620093544
2022-01-11,0.008071948451849146,0.01210792267777372,0.0,0.01210792267777372,0.01210792267777372
2022-01-12,0.00024285354630887803,0.00036428031946331705,0.0,0.00036428031946331705,0.00036428031946331705
2022-01-13,-0.010303802186732628,-0.009765262795944907,-0.011380880968308072,-0.009765262795944907,-0.009765262795944907
2022-01-14,-0.0019680711666867057,0.00041447534042601266,-0.006733164180912144,0.00041447534042601266,0.00041447534042601266
2022-01-18,-0.010639008119814842,-0.015958512179722262,0.0,-0.015958512179722262,-0.015958512179722262
2022-01-19,-0.0044541435576196465,-0.006681215336429469,0.0,-0.006681215336429469,-0.006681215336429469
2022-01-20,-0.005473129296184938,-0.008209693944277407,0.0,-0.008209693944277407,-0.008209693944277407
2022-01-21,-0.00942074447637642,-0.014131116714564629,0.0,-0.014131116714564629,-0.014131116714564629
2022-01-24,0.0029921665758777527,0.004488249863816629,0.0,0.004488249863816629,0.004488249863816629
2022-01-25,-0.0024143497198008865,-0.0036215245797013296,0.0,-0.0036215245797013296,-0.0036215245797013296
2022-01-26,-0.003305305134638633,-0.004957957701957949,0.0,-0.004957957701957949,-0.004957957701957949
2022-01-27,-0.0022982187091682427,-0.003447328063752364,0.0,-0.003447328063752364,-0.003447328063752364
2022-01-28,0.010820096080094073,0.01623014412014111,0.0,0.01623014412014111,0.01623014412014111
2022-01-31,0.009128875387199463,0.013693313080799196,0.0,0.013693313080799196,0.013693313080799196
2022-02-01,0.005632661944381264,0.008448992916571895,0.0,0.008448992916571895,0.008448992916571895
2022-02-02,0.0034963668503677383,0.005244550275551607,0.0,0.005244550275551607,0.005244550275551607
2022-02-03,-0.010679907116923659,-0.016019860675385487,0.0,-0.016019860675385487,-0.016019860675385487
2022-02-04,0.0027423180090522543,0.004113477013578381,0.0,0.004113477013578381,0.004113477013578381
2022-02-07,0.00061378218026511,0.000920673270397665,0.0,0.000920673270397665,0.000920673270397665
2022-02-08,0.003748611095966152,0.005622916643949228,0.0,0.005622916643949228,0.005622916643949228
2022-02-09,0.00757098126233188,0.01135647189349782,0.0,0.01135647189349782,0.01135647189349782
2022-02-10,-0.009784213257678464,-0.014676319886517696,0.0,-0.014676319886517696,-0.014676319886517696
2022-02-11,-0.004795278954638923,-0.0071929184319583835,0.0,-0.0071929184319583835,-0.0071929184319583835
2022-02-14,-0.0037654997888341367,-0.006195698918307191,0.0,-0.00510080044819522,-0.006195698918307191
2022-02-15,0.007341880290325801,0.010014190641851151,0.0,0.012011450229126253,0.010014190641851151
2022-02-16,0.0011846093487262843,0.002695351679768687,0.0,0.0008584763664101658,0.002695351679768687
2022-02-17,-0.010083061346930185,-0.014521379076523644,0.0,-0.01572780496426691,-0.014521379076523644
2022-02-18,-0.002906572280228326,-0.004703242521376561,0.0,-0.004016474319308416,-0.004703242521376561
2022-02-22,-0.004715341502397367,-0.007776789257072947,0.0,-0.006369235250119154,-0.007776789257072947
2022-02-23,-0.008619413393752341,-0.012188448013032583,0.0,-0.013669792168224438,-0.012188448013032583
2022-02-24,0.00647031871148871,0.008991197964553044,0.0,0.010419758169913085,0.008991197964553044
2022-02-25,0.01156228698260999,0.0184956259034026,0.0,0.016191235044427366,0.0184956259034026
2022-02-28,0.001078652444691719,0.0033702787213853004,0.0,-0.00013432138731014342,0.0033702787213853004
2022-03-01,-0.006954245694230147,-0.009020226836269473,0.0,-0.011842510246420968,-0.009020226836269473
2022-03-02,0.007412178364096959,0.011741158667642559,0.0,0.010495376424648317,0.011741158667642559
2022-03-03,-0.0019411616395277331,-0.0024769259112843002,0.0,-0.003346559007298899,-0.0024769259112843002
2022-03-04,-0.0023168611997878897,-0.0012359963325519919,0.0,-0.005714587266811677,-0.0012359963325519919
2022-03-07,-0.013225240480645365,-0.018356993128057185,0.0,-0.02131872831387891,-0.018356993128057185
2022-03-08,-0.0021512393544163085,-0.0010729400984353487,0.0,-0.005380777964813577,-0.0010729400984353487
2022-03-09,0.011152548435533193,0.013715018619806951,0.0,0.01974262668679263,0.013715018619806951
2022-03-10,-0.0030035113878637,-0.002819346840035053,0.0,-0.0061911873235560464,-0.002819346840035053
2022-03-11,-0.006134933544145719,-0.009953941727188631,0.0,-0.008450858905248526,-0.009953941727188631
2022-03-14,-0.006098983416081234,-0.011398566885145168,0.0,-0.006898383363098537,-0.011398566885145168
2022-03-15,0.008404674199989604,0.00984073609572902,0.0,0.015373286504239792,0.00984073609572902
2022-03-16,0.012622758547616216,0.019017433654811945,0.0,0.018850841988036705,0.019017433654811945
2022-03-17,0.006659389633348045,0.011954052571013663,0.0,0.008024116329030473,0.011954052571013663
2022-03-18,0.005702192886157986,0.00806645868107132,0.0,0.009040119977402639,0.00806645868107132
2022-03-21,-0.0013173957513608059,0.0004215033291112835,0.0,-0.004373690583193701,0.0004215033291112835
2022-03-22,0.003993664047205129,0.005260182634504396,0.0,0.0067208095071109916,0.005260182634504396
2022-03-23,-0.004845170447753159,-0.005724633550461944,0.0,-0.008810877792797534,-0.005724633550461944
2022-03-24,0.006826290255374142,0.010726023020955055,0.0,0.00975284774516737,0.010726023020955055
2022-03-25,0.0014406123427405995,0.0030526928929437537,0.0,0.0012691441352780442,0.0030526928929437537
2022-03-28,0.0019387712033475592,0.0007598781725508319,0.0,0.005056435437491846,0.0007598781725508319
2022-03-29,0.006813623021981551,0.01011256595397606,0.0,0.010328303111968595,0.01011256595397606
2022-03-30,-0.002702571074597334,-0.0030709955727272085,0.0,-0.005036717651064793,-0.0030709955727272085
2022-03-31,-0.007002661200558621,-0.011162102544362873,0.0,-0.009845881057312988,-0.011162102544362873
2022-04-01,0.0015022714445982837,0.002340638424844088,0.0,0.0021661759089507625,0.002340638424844088
2022-04-04,0.002444551610991019,0.003974061763248183,0.0,0.0033595930697248753,0.003974061763248183
2022-04-05,-0.008374327032638252,-0.013658830979756165,0.0,-0.01146415011815859,-0.013658830979756165
2022-04-06,-0.004870717710842225,-0.006561963501497769,0.0,-0.008050189631028904,-0.006561963501497769
2022-04-07,0.002451838798959042,0.003677758198438563,0.0,0.003677758198438563,0.003677758198438563
2022-04-08,0.0003012698205659007,0.0004519047308488511,0.0,0.0004519047308488511,0.0004519047308488511
2022-04-11,-0.009997189701467879,-0.014995784552201819,0.0,-0.014995784552201819,-0.014995784552201819
2022-04-12,-0.0006511678861163069,-0.0009767518291744603,0.0,-0.0009767518291744603,-0.0009767518291744603
2022-04-13,0.006925454751886513,0.01038818212782977,0.0,0.01038818212782977,0.01038818212782977
2022-04-14,-0.00728988654731096,-0.01093482982096644,0.0,-0.01093482982096644,-0.01093482982096644
2022-04-18,0.0003249739530966374,0.0004874609296449561,0.0,0.0004874609296449561,0.0004874609296449561
2022-04-19,0.005621805274870343,0.008432707912305515,0.0,0.008432707912305515,0.008432707912305515
2022-04-20,0.0029126584142251666,0.00436898762133775,0.0,0.00436898762133775,0.00436898762133775
2022-04-21,-0.010362778968975535,-0.015544168453463302,0.0,-0.015544168453463302,-0.015544168453463302
2022-04-22,-0.01609103286386683,-0.024136549295800246,0.0,-0.024136549295800246,-0.024136549295800246
2022-04-25,0.0009241577377110103,0.0013862366065665154,0.0,0.0013862366065665154,0.0013862366065665154
2022-04-26,-0.01260461860921279,-0.018906927913819184,0.0,-0.018906927913819184,-0.018906927913819184
2022-04-27,0.0003480458979884989,0.0005220688469827484,0.0,0.0005220688469827484,0.0005220688469827484
2022-04-28,0.013468642023600362,0.020202963035400544,0.0,0.020202963035400544,0.020202963035400544
2022-04-29,-0.01864653460644353,-0.027969801909665293,0.0,-0.027969801909665293,-0.027969801909665293
2022-05-02,0.0017172743301243113,0.002575911495186467,0.0,0.002575911495186467,0.002575911495186467
2022-05-03,0.004741205587531994,0.00711180838129799,0.0,0.00711180838129799,0.00711180838129799
2022-05-04,0.017593180639567763,0.026389770959351643,0.0,0.026389770959351643,0.026389770959351643
2022-05-05,-0.01998510288624353,-0.0299776543293653,0.0,-0.0299776543293653,-0.0299776543293653
2022-05-06,-0.002649825366962551,-0.003974738050443826,0.0,-0.003974738050443826,-0.003974738050443826
2022-05-09,-0.018625079516526036,-0.03097635021691956,0.0,-0.024898888332658554,-0.03097635021691956
2022-05-10,0.0018317215425472193,0.0032011779559161014,0.0,0.0022939866717255563,0.0032011779559161014
2022-05-11,-0.007214155656735666,-0.008742671417980841,0.0,-0.012899795552226156,-0.008742671417980841
2022-05-12,-0.0011029459635211551,-0.0015355290250014364,0.0,-0.0017733088655620289,-0.0015355290250014364
2022-05-13,0.011137924326667133,0.017676960976453427,0.0,0.015736812003547974,0.017676960976453427
2022-05-16,-0.0006666473916714451,0.0006359357699860513,0.0,-0.0026358779450003865,0.0006359357699860513
2022-05-17,0.005787035241349503,0.015312334817764861,0.0,0.002048770906283648,0.015312334817764861
2022-05-18,-0.009065998827462961,-0.026264289096095527,0.0,-0.0009337073862933587,-0.026264289096095527
2022-05-19,-0.00015446670850364957,-0.001933123605664122,0.0,0.0014697234801531733,-0.001933123605664122
2022-05-20,0.0007326670173743963,0.0023642810506746105,0.0,-0.00016627999855142183,0.0023642810506746105
2022-05-23,0.004894983521295907,0.014684950563887722,0.0,0.0,0.014684950563887722
2022-05-24,-0.0008280616319599161,-0.0024841848958797484,0.0,0.0,-0.0024841848958797484
2022-05-25,0.0028212632129319313,0.008463789638795793,0.0,0.0,0.008463789638795793
2022-05-26,0.004739161618089008,0.014217484854267026,0.0,0.0,0.014217484854267026
2022-05-27,0.006329924113262001,0.018989772339786003,0.0,0.0,0.018989772339786003
2022-05-31,-0.0031899436980821726,-0.009569831094246518,0.0,0.0,-0.009569831094246518
2022-06-01,-0.0012880835126311849,-0.0038642505378935544,0.0,0.0,-0.0038642505378935544
2022-06-02,0.0046604523197520285,0.013981356959256086,0.0,0.0,0.013981356959256086
2022-06-03,-0.003694201892153526,-0.011082605676460577,0.0,0.0,-0.011082605676460577
2022-06-06,-0.00032873893557131185,-0.0009862168067139355,0.0,0.0,-0.0009862168067139355
2022-06-07,0.004081657373644935,0.012244972120934805,0.0,0.0,0.012244972120934805
2022-06-08,-0.0028776433567191876,-0.008632930070157563,0.0,0.0,-0.008632930070157563
2022-06-09,-0.0062355113563456535,-0.01870653406903696,0.0,0.0,-0.01870653406903696
2022-06-10,-0.007283840682227069,-0.021851522046681206,0.0,0.0,-0.021851522046681206
2022-06-13,-0.012460317736522194,-0.03738095320956658,0.0,0.0,-0.03738095320956658
2022-06-14,-0.0013566473631909288,-0.004069942089572787,0.0,0.0,-0.004069942089572787
2022-06-15,0.003851105522225192,0.011553316566675575,0.0,0.0,0.011553316566675575
2022-06-16,-0.008715037441049083,-0.026145112323147247,0.0,0.0,-0.026145112323147247
2022-06-17,-0.0009230137786880496,-0.0027690413360641486,0.0,0.0,-0.0027690413360641486
2022-06-21,0.006458641151662237,0.01937592345498671,0.0,0.0,0.01937592345498671
2022-06-22,-0.0002849853711335874,-0.0008549561134007621,0.0,0.0,-0.0008549561134007621
2022-06-23,0.0014088654982535014,0.004226596494760504,0.0,0.0,0.004226596494760504
2022-06-24,0.002139163114555483,0.02117591886150383,0.0,0.0,0.00641748934366645
2022-06-27,0.0,0.0003723438018837233,0.0,0.0,0.0
2022-06-28,0.0,-0.01129371082226276,0.0,0.0,0.0
2022-06-29,0.0,-0.002256729895711518,0.0,0.0,0.0
2022-06-30,0.0,-0.00783191685814566,0.0,0.0,0.0
2022-07-01,0.0,0.00907054437077277,0.0,0.0,0.0
2022-07-05,0.0,-0.0026083573788646787,0.0,0.0,0.0
2022-07-06,0.0,-0.003222820419034378,0.0,0.0,0.0
2022-07-07,0.0,0.013868013692773361,0.0,0.0,0.0
2022-07-08,0.0,-0.0011043262793457576,0.0,0.0,0.0
2022-07-11,0.0,-0.008060863041054567,0.0,0.0,0.0
2022-07-12,0.0,-0.007746059815258566,0.0,0.0,0.0
2022-07-13,0.0,-0.0021886682050752614,0.0,0.0,0.0
2022-07-14,0.0,-0.006751446196421951,0.0,0.0,0.0
2022-07-15,0.0,0.01744225009358167,0.0,0.0,0.0
2022-07-18,0.0,-0.004713082798456747,0.0,0.0,0.0
2022-07-19,0.0,0.02223932089477685,0.0,0.0,0.0
2022-07-20,0.0,0.005220435417177182,0.0,0.0,0.0
2022-07-21,0.0,0.008505836870602546,0.0,0.0,0.0
2022-07-22,0.0,-0.005960464649494878,0.0,0.0,0.0
2022-07-25,0.0,0.0032990371503854978,0.0,0.0,0.0
2022-07-26,0.0,-0.007972955702102347,0.0,0.0,0.0
2022-07-27,0.0,0.019684687512292954,0.0,0.0,0.0
2022-07-28,0.0,0.010068561530506549,0.0,0.0,0.0
2022-07-29,0.0,0.012010467612336328,0.0,0.0,0.0
2022-08-01,0.0,-0.001458850736320272,0.0,0.0,0.0
2022-08-02,0.0,-0.007390721851509863,0.0,0.0,0.0
2022-08-03,0.0,0.011066322406255302,0.0,0.0,0.0
2022-08-04,0.0,-0.002505542436550012,0.0,0.0,0.0
2022-08-05,0.0,-0.0011083567247428428,0.0,0.0,0.0
2022-08-08,0.0,0.0030638376793591495,0.0,0.0,0.0
2022-08-09,0.0,-0.0021750991336756177,0.0,0.0,0.0
2022-08-10,0.0,0.015242526374300801,0.0,0.0,0.0
2022-08-11,0.0,0.0009499192307537929,0.0,0.0,0.0
2022-08-12,0.0009782506946202085,0.014451265559378812,0.0,0.0029347520838606256,0.0
2022-08-15,-2.123065149679896e-05,-0.00018854934063424755,0.0,-6.369195449039689e-05,0.0
2022-08-16,-8.719329339681077e-05,0.0008197047799765155,0.0,-0.0002615798801904323,0.0
2022-08-17,-0.0011127313512711678,-0.0066389462712003414,0.0,-0.0033381940538135036,0.0
2022-08-18,-3.783183012155596e-05,0.004068433390439652,0.0,-0.00011349549036466788,0.0
2022-08-19,-0.0007807543813954025,-0.012191166448419954,0.0,-0.0023422631441862075,0.0
2022-08-22,-0.002612604742845522,-0.016127127623419446,0.0,-0.007837814228536567,0.0
2022-08-23,-0.0008601338196329282,0.0010257046680225534,0.0,-0.0025804014588987844,0.0
2022-08-24,0.0006267409607241444,0.0031093812574329084,0.0,0.0018802228821724332,0.0
2022-08-25,0.004000217166836295,0.012544370874590505,0.0,0.011859501574978882,0.00014114992553000417
2022-08-26,-0.0005385942677270994,-0.02551764626574543,0.0,-0.00044660368197649845,-0.0011691791212047997
2022-08-29,0.0005029778950073875,-0.005124281370501438,0.0,0.0,0.0015089336850221623
2022-08-30,-0.0011297463005298584,-0.01078390733241551,0.0,0.0,-0.0033892389015895753
2022-08-31,-0.00030362194307866536,-0.007701558555611854,0.0,0.0,-0.0009108658292359961
2022-09-01,-0.0008198740906085632,-0.003997678314600517,0.0,0.0,-0.00245962227182569
2022-09-02,0.0008022422213986561,-0.004524624085085383,0.0,0.0,0.0024067266641959683
2022-09-06,0.0,-0.007376964812599418,0.0,0.0,0.0
2022-09-07,0.0,0.013963160317672607,0.0,0.0,0.0
2022-09-08,0.0,0.005262785422069527,0.0,0.0,0.0
2022-09-09,0.00021224043460130738,0.014029471839798658,0.0,0.0,0.0006367213038039222
2022-09-12,0.0006120802029354388,0.008791657212400916,0.0,0.0,0.0018362406088063166
2022-09-13,-0.0008406444694462538,-0.033626368626922275,0.0,0.0,-0.0025219334083387613
2022-09-14,0.0009415454066145523,0.004572755770447801,0.0,0.0,0.002824636219843657
2022-09-15,-0.0008589525335737314,-0.009994878196841672,0.0,0.0,-0.0025768576007211942
2022-09-16,-0.0007111670254838868,-0.007457579049144803,0.0,0.0,-0.0021335010764516604
2022-09-19,0.004890536487560889,0.004871340445362271,0.014612324430970158,0.0,5.928503171250821e-05
2022-09-20,-0.0035027066718612775,-0.009812608831898028,-0.009812608831898028,0.0,-0.0006955111836858041
2022-09-21,-0.0042824151550517105,-0.011381590690198484,-0.011381590690198484,0.0,-0.0014656547749566484
2022-09-22,-0.0034153001120463566,-0.009890477279853527,-0.009890477279853527,0.0,-0.00035542305628554204
2022-09-23,-0.008582908387345541,-0.01885313753997695,-0.01885313753997695,0.0,-0.006895587622059674
2022-09-26,-0.0050145334124458395,-0.012588968360825492,-0.012588968360825492,0.0,-0.002454631876512026
2022-09-27,-0.0003822786686513628,-0.0022668469203574793,-0.0022668469203574793,0.0,0.001120010914403391
2022-09-28,0.009495409189664827,0.024055867704649358,0.024055867704649358,0.0,0.004430359864345123
2022-09-29,-0.004658768191597499,-0.013976304574792486,-0.013976304574792486,0.0,-1.1102230246251566e-17
2022-09-30,-0.004246295485528983,-0.011940003958475753,-0.011940003958475753,0.0,-0.0007988824981111975
2022-10-03,0.011764349438073222,0.027769218209609113,0.027769218209609113,0.0,0.007523830104610552
2022-10-04,0.011206255593649392,0.027888429075533638,0.027888429075533638,0.0,0.005730337705414534
2022-10-05,-0.0004447181321513783,-0.0006925641331097743,-0.002846877982391949,0.0,0.001512723585937814
2022-10-06,-0.0020189772899142735,-0.005944302698520143,-0.0077220778027724205,0.0,0.0016651459330295991
2022-10-07,-0.008057195851533527,-0.023075302428702905,-0.022298966157111754,0.0,-0.0018726213974888273
2022-10-10,-0.004025372078605693,-0.010555968604041377,-0.008502174524649232,0.0,-0.0035739417111678496
2022-10-11,-0.001633251829940922,-0.004693946334804244,-0.003895151602082025,0.0,-0.0010046038877407405
2022-10-12,0.00021822548852501084,0.00011974361466960959,-0.00068548322765557,0.0,0.0013401596932306025
2022-10-13,0.007212320645662518,0.02232931516028557,0.018247941591719663,0.0,0.00338902034526789
2022-10-14,-0.007139808012941402,-0.020173534238976255,-0.01644407522307373,0.0,-0.00497534881575048
2022-10-17,0.0064432455559210915,0.019042115767191482,0.017796472311184707,0.0,0.0015332643565785676
2022-10-18,0.0029419350434871055,0.008610708118993938,0.007737182389694541,0.0,0.0010886227407667759
2022-10-19,-0.002671845255455237,-0.00667569995589824,-0.009627276012742814,0.0,0.0016117402463771025
2022-10-20,-0.0024304884324505725,-0.007133244261488281,-0.007228015055632297,0.0,-6.345024171942049e-05
2022-10-21,0.007350516613644842,0.02026878523040442,0.017380837705587193,0.0,0.004670712135347333
2022-10-24,0.002579142668682825,0.008061787409095722,0.007590169604585262,0.0,0.0001472584014632128
2022-10-25,0.004940506702901537,0.0145937256945041,0.014490677771242532,0.0,0.0003308423374620784
2022-10-26,0.00023168664024394067,5.86990586934677e-05,-0.0013023843862995043,0.0,0.0019974443070313263
2022-10-27,-0.0017686781628649265,-0.0012731850856005588,-0.0016342889230566038,-0.0038779970084975137,0.00020625144295933763
2022-10-28,0.008711229341725331,0.01736706223950004,0.017018527548720262,0.009787694529999147,-0.0006725340535434166
2022-10-31,-0.0028576457895463183,-0.004850591938780369,-0.005971757104258746,-0.002625366439345034,2.4186174964824227e-05
2022-11-01,0.000412711826636943,0.0007785002843219257,-0.0007488964045285984,0.0,0.0019870318844394273
2022-11-02,-0.007073397890257031,-0.020760954980143853,-0.018112905044107296,0.0,-0.0031072886266637957
2022-11-03,-0.002647192599426766,-0.007560974193465209,-0.009410306653961864,0.0,0.001468728855681567
2022-11-04,0.0052631053528022255,0.012605982536232107,0.011388088401427377,0.0,0.0044012276569793006
2022-11-07,0.004106830723980866,0.007895687926906248,0.006178341385826136,0.0016436534475378628,0.0044984973385786
2022-11-08,0.004511970497114667,0.007851572398239992,0.0026932764575843928,0.0029910626355196144,0.007851572398239992
2022-11-09,-0.0063756686640885326,-0.019455741875653597,0.0,0.0003287358833879983,-0.019455741875653597
2022-11-10,0.021379993602331088,0.04761847845388685,0.014331802229958179,0.0021897001231482305,0.04761847845388685
2022-11-11,0.004438076707217794,0.008289863537678998,0.0050243665839743825,0.0,0.008289863537678998
2022-11-14,-0.0033016704529155137,-0.005688487035304957,-0.0042165243234415836,0.0,-0.005688487035304957
2022-11-15,0.003966846522081828,0.008183500829954993,0.00371703873629049,0.0,0.008183500829954993
2022-11-16,-0.0032578089518118095,-0.005907130839381403,-0.003866296016054027,0.0,-0.005907130839381403
2022-11-17,-0.0023827571563673176,-0.0034656341785673896,-0.003682637290534563,0.0,-0.0034656341785673896
2022-11-18,0.0013764246511019965,0.0016694508819581233,0.0024598230713478663,0.0,0.0016694508819581233
2022-11-21,-0.00236217807485191,-0.004219905765729193,-0.0028666284588265366,0.0,-0.004219905765729193
2022-11-22,0.008558763376937832,0.01350028739321898,0.012176002737594515,0.0,0.01350028739321898
2022-11-23,0.0034466957357771684,0.005170043603665753,0.005170043603665753,0.0,0.005170043603665753
2022-11-25,-0.00019016572767069178,-0.00028524859150603766,-0.00028524859150603766,0.0,-0.00028524859150603766
2022-11-28,-0.009601889870776667,-0.014402834806164999,-0.014402834806164999,0.0,-0.014402834806164999
2022-11-29,-0.0002966692416038012,-0.0004450038624057018,-0.0004450038624057018,0.0,-0.0004450038624057018
2022-11-30,0.01622797328072202,0.024341959921083033,0.024341959921083033,0.0,0.024341959921083033
2022-12-01,0.002587068370482689,0.003880602555724033,0.003880602555724033,0.0,0.003880602555724033
2022-12-02,-0.0007875087010957813,-0.0003101191030651984,-0.0020524070002221452,0.0,-0.0003101191030651984
2022-12-05,-0.012053206553057966,-0.01878016718713881,-0.017379452472035095,0.0,-0.01878016718713881
2022-12-06,-0.007607370121612396,-0.01095319902433547,-0.01186891134050172,0.0,-0.01095319902433547
2022-12-07,0.0013732204967837076,0.0020598307451755614,0.0020598307451755614,0.0,0.0020598307451755614
2022-12-08,0.0033602242448935323,0.005279831763636877,0.004800840971043718,0.0,0.005279831763636877
2022-12-09,-0.006552264453170778,-0.010358714608519138,-0.0092980787509932,0.0,-0.010358714608519138
2022-12-12,0.00809232983243647,0.012138494748654704,0.012138494748654704,0.0,0.012138494748654704
2022-12-13,0.0062183238983198955,0.009327485847479843,0.009327485847479843,0.0,0.009327485847479843
2022-12-14,-0.0032469212857761647,-0.004870381928664247,-0.004870381928664247,0.0,-0.004870381928664247
2022-12-15,-0.013250938131232681,-0.019876407196849022,-0.019876407196849022,0.0,-0.019876407196849022
2022-12-16,-0.005884273783972271,-0.008826410675958407,-0.008826410675958407,0.0,-0.008826410675958407
2022-12-19,-0.005359969791450074,-0.00803995468717511,-0.00803995468717511,0.0,-0.00803995468717511
2022-12-20,0.0018898650269537555,0.0028347975404306334,0.0028347975404306334,0.0,0.0028347975404306334
2022-12-21,0.00851142907623934,0.012767143614359011,0.012767143614359011,0.0,0.012767143614359011
2022-12-22,-0.00883734522563986,-0.013256017838459788,-0.013256017838459788,0.0,-0.013256017838459788
2022-12-23,0.003006011307442809,0.0045090169611642136,0.0045090169611642136,0.0,0.0045090169611642136
2022-12-27,-0.002658166380313272,-0.00364626890771389,-0.004328230233225927,0.0,-0.00364626890771389
2022-12-28,-0.0066884400847512125,-0.011152113073271986,-0.008913207180981653,0.0,-0.011152113073271986
2022-12-29,0.007074574126452768,0.015672648929919753,0.005551073449438548,0.0,0.015672648929919753
2022-12-30,-0.0005312237216508235,-0.0015936711649524704,0.0,0.0,-0.0015936711649524704
2023-01-03,-0.0011098212230832886,-0.003329463669249866,0.0,0.0,-0.003329463669249866
2023-01-04,0.0024419718415904586,0.007325915524771376,0.0,0.0,0.007325915524771376
2023-01-05,-0.002498422646977546,-0.007495267940932637,0.0,0.0,-0.007495267940932637
2023-01-06,0.011543936258515353,0.021127427006981513,0.013504381768564545,0.0,0.021127427006981513
2023-01-09,-6.7374200191835e-06,-1.0106130028775251e-05,-1.0106130028775251e-05,0.0,-1.0106130028775251e-05
2023-01-10,0.0033687754420839156,0.005053163163125873,0.005053163163125873,0.0,0.005053163163125873
2023-01-11,0.004544148070110206,0.010084008733262484,0.003548435477068135,0.0,0.010084008733262484
2023-01-12,0.004730874730359643,0.008895645857264777,0.005296978333814151,0.0,0.008895645857264777
2023-01-13,0.0026178464483537812,0.003926769672530672,0.003926769672530672,0.0,0.003926769672530672
2023-01-17,-0.0020009960219090333,-0.00300149403286355,-0.00300149403286355,0.0,-0.00300149403286355
2023-01-18,-0.007053883131703357,-0.010580824697555035,-0.010580824697555035,0.0,-0.010580824697555035
2023-01-19,-0.002171624611615234,-0.003257436917422851,-0.003257436917422851,0.0,-0.003257436917422851
2023-01-20,0.007386807730235426,0.01108021159535314,0.01108021159535314,0.0,0.01108021159535314
2023-01-23,0.0060264318312231195,0.009039647746834679,0.009039647746834679,0.0,0.009039647746834679
2023-01-24,0.00034270244292110194,0.0005140536643816529,0.0005140536643816529,0.0,0.0005140536643816529
2023-01-25,0.0009846660093414691,0.0014769990140122036,0.0014769990140122036,0.0,0.0014769990140122036
2023-01-26,0.0055625090880276305,0.008343763632041446,0.008343763632041446,0.0,0.008343763632041446
2023-01-27,-0.0005550593690704024,-0.0008325890536056036,-0.0008325890536056036,0.0,-0.0008325890536056036
2023-01-30,-0.0074784927884561,-0.011641950799979827,-0.010793527565388473,0.0,-0.011641950799979827
2023-01-31,0.008384781929009976,0.012609531079182678,0.012544814707847251,0.0,0.012609531079182678
2023-02-01,0.005402983454784145,0.008104475182176218,0.008104475182176218,0.0,0.008104475182176218
2023-02-02,0.002846051840842434,0.004984181124814346,0.0035539743977129556,0.0,0.004984181124814346
2023-02-03,-0.006194450282556867,-0.009464953804528674,-0.009118397043141924,0.0,-0.009464953804528674
2023-02-06,-0.002998264415614445,-0.005843180923413627,-0.003151612323429709,0.0,-0.005843180923413627
2023-02-07,0.007828927023777377,0.01184937912291526,0.01163740194841687,0.0,0.01184937912291526
2023-02-08,-0.003926851590629303,-0.007213336683000893,-0.004567218088887015,0.0,-0.007213336683000893
2023-02-09,-0.007030785983818432,-0.009023764262488887,-0.01206859368896641,0.0,-0.009023764262488887
2023-02-10,0.002712502342931833,0.00406875351439775,0.00406875351439775,0.0,0.00406875351439775
2023-02-13,0.005931801761126694,0.008897702641690042,0.008897702641690042,0.0,0.008897702641690042
2023-02-14,-0.0003953008327744367,-0.000592951249161655,-0.000592951249161655,0.0,-0.000592951249161655
2023-02-15,-0.002920616920061377,-0.0012934643962967396,-0.007468386363887391,0.0,-0.0012934643962967396
2023-02-16,-0.0038941509353973853,-0.011682452806192156,0.0,0.0,-0.011682452806192156
2023-02-17,-0.0010207102612312575,-0.003062130783693773,0.0,0.0,-0.003062130783693773
2023-02-21,-0.00905037713237942,-0.017951691670970372,-0.00919943972616789,0.0,-0.017951691670970372
2023-02-22,-0.0006133711890093041,-0.0009200567835139561,-0.0009200567835139561,0.0,-0.0009200567835139561
2023-02-23,0.004607403435772536,0.006911105153658803,0.006911105153658803,0.0,0.006911105153658803
2023-02-24,-0.006590811474397462,-0.009886217211596193,-0.009886217211596193,0.0,-0.009886217211596193
2023-02-27,0.0019097694743008895,0.002864654211451334,0.002864654211451334,0.0,0.002864654211451334
2023-02-28,-0.0016943717715663497,-0.0025415576573495245,-0.0025415576573495245,0.0,-0.0025415576573495245
2023-03-01,-0.00045831135260601864,-0.0006874670289090279,-0.0006874670289090279,0.0,-0.0006874670289090279
2023-03-02,0.002799244648040452,0.0041988669720606775,0.0041988669720606775,0.0,0.0041988669720606775
2023-03-03,0.010605910832792128,0.01590886624918819,0.01590886624918819,0.0,0.01590886624918819
2023-03-06,-0.00037516166614693183,-0.001857727333770731,0.0007322423353299356,0.0,-0.001857727333770731
2023-03-07,-0.009082692617035142,-0.013967602244714727,-0.013280475606390696,0.0,-0.013967602244714727
2023-03-08,-0.00030569154622746747,-0.00045853731934120123,-0.00045853731934120123,0.0,-0.00045853731934120123
2023-03-09,-0.009798144795905498,-0.014697217193858247,-0.014697217193858247,0.0,-0.014697217193858247
2023-03-10,-0.004502240828457856,-0.006753361242686784,-0.006753361242686784,0.0,-0.006753361242686784
2023-03-13,-0.0021959159596616133,-0.0032938739394924197,-0.0032938739394924197,0.0,-0.0032938739394924197
2023-03-14,0.00723330564230864,0.01084995846346296,0.01084995846346296,0.0,0.01084995846346296
2023-03-15,-0.005283496009208848,-0.007925244013813271,-0.007925244013813271,0.0,-0.007925244013813271
2023-03-16,0.008714620372275557,0.013071930558413335,0.013071930558413335,0.0,0.013071930558413335
2023-03-17,-0.004900963465926619,-0.007351445198889928,-0.007351445198889928,0.0,-0.007351445198889928
2023-03-20,0.005077361326547014,0.007616041989820521,0.007616041989820521,0.0,0.007616041989820521
2023-03-21,0.00685385954526662,0.01028078931789993,0.01028078931789993,0.0,0.01028078931789993
2023-03-22,-0.00765635434510185,-0.011484531517652774,-0.011484531517652774,0.0,-0.011484531517652774
2023-03-23,0.001233333894645794,0.0018500008419686908,0.0018500008419686908,0.0,0.0018500008419686908
2023-03-24,0.002437880917487711,0.003656821376231567,0.003656821376231567,0.0,0.003656821376231567
2023-03-27,0.000739521670720067,0.0011092825060801004,0.0011092825060801004,0.0,0.0011092825060801004
2023-03-28,0.0002598455215482224,0.0003897682823223336,0.0003897682823223336,0.0,0.0003897682823223336
2023-03-29,0.006631254222270171,0.009946881333405256,0.009946881333405256,0.0,0.009946881333405256
2023-03-30,0.0034072784305886634,0.005110917645882995,0.005110917645882995,0.0,0.005110917645882995
2023-03-31,0.007627785083600017,0.011441677625400026,0.011441677625400026,0.0,0.011441677625400026
2023-04-03,0.0036848856890543957,0.008037774764711547,0.00301688230245164,0.0,0.008037774764711547
2023-04-04,-0.001383648900309083,-0.004150946700927249,0.0,0.0,-0.004150946700927249
2023-04-05,0.0007154656133934216,0.0009651707618707484,0.0011812260783095163,0.0,0.0009651707618707484
2023-04-06,0.0007432051999586483,0.00045602908721045223,0.0017735865126654927,0.0,0.00045602908721045223
2023-04-10,-0.00015765337256135048,-2.2299947590076475e-05,-0.00045066017009397495,0.0,-2.2299947590076475e-05
2023-04-11,0.001673630390080838,0.002510445585121257,0.002510445585121257,0.0,0.002510445585121257
2023-04-12,-0.0016077282635601781,-0.002411592395340267,-0.002411592395340267,0.0,-0.002411592395340267
2023-04-13,0.007317710903639026,0.01097656635545854,0.01097656635545854,0.0,0.01097656635545854
2023-04-14,-0.003127566558028549,-0.004691349837042824,-0.004691349837042824,0.0,-0.004691349837042824
2023-04-17,0.0004465742646454866,0.0006698613969682299,0.0006698613969682299,0.0,0.0006698613969682299
2023-04-18,0.0004498332015425784,0.0006747498023138676,0.0006747498023138676,0.0,0.0006747498023138676
2023-04-19,-0.0005560716875649148,-0.0008341075313473723,-0.0008341075313473723,0.0,-0.0008341075313473723
2023-04-20,-0.0020866078262155477,-0.0031299117393233213,-0.0031299117393233213,0.0,-0.0031299117393233213
2023-04-21,-0.0011540723556654104,-0.0017311085334981158,-0.0017311085334981158,0.0,-0.0017311085334981158
2023-04-24,0.001797593791596556,0.002696390687394834,0.002696390687394834,0.0,0.002696390687394834
2023-04-25,-0.00784734627866126,-0.01177101941799189,-0.01177101941799189,0.0,-0.01177101941799189
2023-04-26,-0.003549018159111402,-0.005323527238667103,-0.005323527238667103,0.0,-0.005323527238667103
2023-04-27,0.0075017382659720395,0.011252607398958059,0.011252607398958059,0.0,0.011252607398958059
2023-04-28,0.0063834141084339715,0.009575121162650958,0.009575121162650958,0.0,0.009575121162650958
2023-05-01,-0.003006855252059274,-0.0045102828780889115,-0.0045102828780889115,0.0,-0.0045102828780889115
2023-05-02,-0.005756938370820194,-0.00863540755623029,-0.00863540755623029,0.0,-0.00863540755623029
2023-05-03,-0.002931259967812731,-0.004396889951719096,-0.004396889951719096,0.0,-0.004396889951719096
2023-05-04,-0.004645269964109174,-0.006967904946163761,-0.006967904946163761,0.0,-0.006967904946163761
2023-05-05,0.009785876379815983,0.014678814569723975,0.014678814569723975,0.0,0.014678814569723975
2023-05-08,-0.0010002732441794762,-0.0015004098662692144,-0.0015004098662692144,0.0,-0.0015004098662692144
2023-05-09,-0.0019479440622182616,-0.0029219160933273924,-0.0029219160933273924,0.0,-0.0029219160933273924
2023-05-10,0.0017429225253014601,0.00261438378795219,0.00261438378795219,0.0,0.00261438378795219
2023-05-11,-0.0021142589800490367,-0.003171388470073555,-0.003171388470073555,0.0,-0.003171388470073555
2023-05-12,-2.6368906816494862e-05,-0.0022599082163209383,-0.0022599082163209383,0.0,0.0021808014958714537
2023-05-15,0.0011453506998176266,0.0034360520994528797,0.0034360520994528797,0.0,0.0
2023-05-16,-0.0029026895517784037,-0.00870806865533521,-0.00870806865533521,0.0,0.0
2023-05-17,0.0035636476985273537,0.010690943095582061,0.010690943095582061,0.0,0.0
2023-05-18,0.0016969568105330863,0.005090870431599259,0.005090870431599259,0.0,0.0
2023-05-19,-9.075139142807516e-05,-0.0002722541742842255,-0.0002722541742842255,0.0,0.0
2023-05-22,0.00022676052489091212,0.0006802815746727364,0.0006802815746727364,0.0,0.0
2023-05-23,-0.0019350781695523216,-0.005805234508656965,-0.005805234508656965,0.0,0.0
2023-05-24,-0.0022225513112687054,-0.006667653933806117,-0.006667653933806117,0.0,0.0
2023-05-25,0.000745205806679076,0.002235617420037228,0.002235617420037228,0.0,0.0
2023-05-26,0.0033991566386747754,0.010197469916024327,0.010197469916024327,0.0,0.0
2023-05-30,0.00013748636311576852,0.0004992060915374075,0.0013830471979500935,0.0,-0.0009705881086027879
2023-05-31,-0.0013218622030978086,-0.004175445913080755,-0.003342411224368991,0.0,-0.0006231753849244348
2023-06-01,0.002589441407896172,0.008784875934060432,0.0077683242236885166,0.0,0.0
2023-06-02,0.003971043905851465,0.012485583875908302,0.011913131717554393,0.0,0.0
2023-06-05,-0.0010020011283038421,-0.0030158548598630984,-0.0024406732923936804,0.0,-0.0005653300925178462
2023-06-06,0.0015837342096542307,0.004751202628962692,0.00477531109333913,0.0,-2.4108464376437765e-05
2023-06-07,-0.00046803729471249776,-0.0014041118841374932,9.075686670432238e-05,0.0,-0.0014948687508418157
2023-06-08,0.0018861406429631189,0.005658421928889356,0.004575329623534385,0.0,0.0010830923053549713
2023-06-09,-7.789144291262169e-05,-0.0002336743287378651,-0.0007300755756678656,0.0,0.0004964012469300006
2023-06-12,0.0017750960006738443,0.005325288002021533,0.0031507410726075435,0.0,0.0021745469294139896
2023-06-13,0.0011536699069376044,0.0034610097208128132,0.0028537633437343835,0.0,0.0006072463770784298
2023-06-14,-0.00010883850866909945,-0.0014258418654528372,-0.001357873142098287,0.0,0.0010313576160909887
2023-06-15,0.004248725930696451,0.011458541660243515,0.011458541660243515,0.0,0.0012876361318458374
2023-06-16,-0.0015429720822649968,-0.0038043167702451865,-0.0038043167702451865,0.0,-0.0008245994765498033
2023-06-20,-0.0022056324769625566,-0.005941068664283733,-0.005941068664283733,0.0,-0.0006758287666039364
2023-06-21,-0.0015286731021219727,-0.0031063681744490923,-0.0031063681744490923,0.0,-0.001479651131916826
2023-06-22,-1.4442699489443833e-05,-0.0020525733166885662,-0.0020525733166885662,0.0011932821617886002,0.0008159630564316345
2023-06-23,-0.004201150957666041,-0.005184259808940573,-0.005184259808940573,-0.005184259808940573,-0.0022349332551169776
2023-06-26,-0.0010776041693605133,-0.0010776041693605133,-0.0010776041693605133,-0.0010776041693605133,-0.0010776041693605133
2023-06-27,0.006925897032141859,0.006925897032141859,0.006925897032141859,0.006925897032141859,0.006925897032141859
2023-06-28,0.001263753843727977,0.001263753843727977,0.001263753843727977,0.001263753843727977,0.001263753843727977
2023-06-29,0.0038953449136801877,0.0038953449136801877,0.0038953449136801877,0.0038953449136801877,0.0038953449136801877
2023-06-30,0.009963344686497089,0.009963344686497089,0.009963344686497089,0.009963344686497089,0.009963344686497089
2023-07-03,-7.348678815750631e-05,-7.348678815750631e-05,-7.348678815750631e-05,-7.348678815750631e-05,-7.348678815750631e-05
2023-07-05,-0.004246985581291196,-0.004246985581291196,-0.004246985581291196,-0.004246985581291196,-0.004246985581291196
2023-07-06,-0.010087635062611155,-0.010087635062611155,-0.010087635062611155,-0.010087635062611155,-0.010087635062611155
2023-07-07,0.000786854365133083,0.0007868543651330829,0.0007868543651330829,0.0007868543651330829,0.0007868543651330829
2023-07-10,0.0051232365647985835,0.0051232365647985835,0.0051232365647985835,0.0051232365647985835,0.0051232365647985835
2023-07-11,0.007570839883800184,0.007570839883800184,0.007570839883800184,0.007570839883800184,0.007570839883800184
2023-07-12,0.00834854710559968,0.00834854710559968,0.00834854710559968,0.00834854710559968,0.00834854710559968
2023-07-13,0.005817995313638469,0.005817995313638469,0.005817995313638469,0.005817995313638469,0.005817995313638469
2023-07-14,-0.0035579293846148773,-0.0035579293846148773,-0.0035579293846148773,-0.0035579293846148773,-0.0035579293846148773
2023-07-17,0.004259384842933511,0.004259384842933511,0.004259384842933511,0.004259384842933511,0.004259384842933511
2023-07-18,0.009483648784366538,0.009483648784366538,0.009483648784366538,0.009483648784366538,0.009483648784366538
2023-07-19,0.003311769851813162,0.003311769851813162,0.003311769851813162,0.003311769851813162,0.003311769851813162
2023-07-20,-0.0034905228844908215,-0.003490522884490821,-0.003490522884490821,-0.003490522884490821,-0.003490522884490821
2023-07-21,0.0006026666634218802,0.0006026666634218802,0.0006026666634218802,0.0006026666634218802,0.0006026666634218802
2023-07-24,0.0031429028744187743,0.003142902874418774,0.003142902874418774,0.003142902874418774,0.003142902874418774
2023-07-25,0.0023604275019219354,0.0023604275019219354,0.0023604275019219354,0.0023604275019219354,0.0023604275019219354
2023-07-26,0.0005395091551402053,0.0005395091551402053,0.0005395091551402053,0.0005395091551402053,0.0005395091551402053
2023-07-27,-0.00933827742700193,-0.00933827742700193,-0.00933827742700193,-0.00933827742700193,-0.00933827742700193
2023-07-28,0.008052682136046574,0.008052682136046574,0.008052682136046574,0.008052682136046574,0.008052682136046574
2023-07-31,0.0039496363777068,0.0039496363777068,0.0039496363777068,0.0039496363777068,0.0039496363777068
2023-08-01,-0.00429630826878914,-0.00429630826878914,-0.00429630826878914,-0.00429630826878914,-0.00429630826878914
2023-08-02,-0.012028378427676923,-0.012028378427676923,-0.012028378427676923,-0.012028378427676923,-0.012028378427676923
2023-08-03,-0.0031215544206509072,-0.0031215544206509072,-0.0031215544206509072,-0.0031215544206509072,-0.0031215544206509072
2023-08-04,-0.0013433716605929069,-0.0013433716605929069,-0.0013433716605929069,-0.0013433716605929069,-0.0013433716605929069
2023-08-07,0.0046617243011445545,0.0046617243011445545,0.0046617243011445545,0.0046617243011445545,0.0046617243011445545
2023-08-08,-0.0022467776812578723,-0.0022467776812578723,-0.0022467776812578723,-0.0022467776812578723,-0.0022467776812578723
2023-08-09,-0.0038063080057787247,-0.0038063080057787247,-0.0038063080057787247,-0.0038063080057787247,-0.0038063080057787247
2023-08-10,-0.0017823473238950504,-0.0017823473238950504,-0.0017823473238950504,-0.0017823473238950504,-0.0017823473238950504
2023-08-11,0.00115338894709488,0.00115338894709488,0.00115338894709488,0.00115338894709488,0.00115338894709488
2023-08-14,0.0023094487006295127,0.0023094487006295127,0.0023094487006295127,0.0023094487006295127,0.0023094487006295127
2023-08-15,-0.010708387975759681,-0.010708387975759681,-0.010708387975759681,-0.010708387975759681,-0.010708387975759681
2023-08-16,-0.007627445155054091,-0.007627445155054091,-0.007627445155054091,-0.007627445155054091,-0.007627445155054091
2023-08-17,-0.005438222290188944,-0.0054382222901889436,-0.0054382222901889436,-0.0054382222901889436,-0.0054382222901889436
2023-08-18,0.0021518856419452505,0.0021518856419452505,0.0021518856419452505,0.0021518856419452505,0.0021518856419452505
2023-08-21,0.00219213684317906,0.00219213684317906,0.00219213684317906,0.00219213684317906,0.00219213684317906
2023-08-22,-0.002453877265027027,-0.002453877265027027,-0.002453877265027027,-0.002453877265027027,-0.002453877265027027
2023-08-23,0.010631387987575893,0.010631387987575892,0.010631387987575892,0.010631387987575892,0.010631387987575892
2023-08-24,-0.010903997948878983,-0.010903997948878984,-0.010903997948878984,-0.010903997948878984,-0.010903997948878984
2023-08-25,0.006018933530457594,0.006018933530457593,0.006018933530457593,0.006018933530457593,0.006018933530457593
2023-08-28,0.005596615279153405,0.005596615279153405,0.005596615279153405,0.005596615279153405,0.005596615279153405
2023-08-29,0.011963069745799257,0.011963069745799259,0.011963069745799259,0.011963069745799259,0.011963069745799259
2023-08-30,0.0029534786981335486,0.002953478698133549,0.002953478698133549,0.002953478698133549,0.002953478698133549
2023-08-31,-0.0012128258471028718,-0.0012128258471028718,-0.0012128258471028718,-0.0012128258471028718,-0.0012128258471028718
2023-09-01,0.003623021452898822,0.0036230214528988223,0.0036230214528988223,0.0036230214528988223,0.0036230214528988223
2023-09-05,-0.006358437462949863,-0.006358437462949862,-0.006358437462949862,-0.006358437462949862,-0.006358437462949862
2023-09-06,-0.004322433297617445,-0.004322433297617445,-0.004322433297617445,-0.004322433297617445,-0.004322433297617445
2023-09-07,-0.002763216802186019,-0.002763216802186019,-0.002763216802186019,-0.002763216802186019,-0.002763216802186019
2023-09-08,0.0021003577723729184,0.0021003577723729184,0.0021003577723729184,0.0021003577723729184,0.0021003577723729184
2023-09-11,0.0021499549041116284,0.0021499549041116284,0.0021499549041116284,0.0021499549041116284,0.0021499549041116284
2023-09-12,-0.0006585988008748211,-0.0006585988008748211,-0.0006585988008748211,-0.0006585988008748211,-0.0006585988008748211
2023-09-13,-0.0010873900574307261,-0.0010873900574307261,-0.0010873900574307261,-0.0010873900574307261,-0.0010873900574307261
2023-09-14,0.006531563852061606,0.006531563852061606,0.006531563852061606,0.006531563852061606,0.006531563852061606
2023-09-15,-0.009406286691868326,-0.009406286691868326,-0.009406286691868326,-0.009406286691868326,-0.009406286691868326
2023-09-18,0.002110291276476206,0.002110291276476206,0.002110291276476206,0.002110291276476206,0.002110291276476206
2023-09-19,-0.00297275518032023,-0.00297275518032023,-0.00297275518032023,-0.00297275518032023,-0.00297275518032023
2023-09-20,-0.006380990895065564,-0.006380990895065564,-0.006380990895065564,-0.006380990895065564,-0.006380990895065564
2023-09-21,-0.014837883919326144,-0.014837883919326144,-0.014837883919326144,-0.014837883919326144,-0.014837883919326144
2023-09-22,-0.00019743744312440418,-0.00019743744312440415,-0.00019743744312440415,-0.00019743744312440415,-0.00019743744312440415
2023-09-25,0.0008441261357988172,0.0008441261357988172,0.0008441261357988172,0.0008441261357988172,0.0008441261357988172
2023-09-26,-0.011119751873636887,-0.011119751873636886,-0.011119751873636886,-0.011119751873636886,-0.011119751873636886
2023-09-27,0.0012678872750773395,0.0012678872750773395,0.0012678872750773395,0.0012678872750773395,0.0012678872750773395
2023-09-28,0.004302329854285056,0.004499788702080965,0.0039074121586932355,0.004499788702080965,0.004499788702080965
2023-09-29,-0.005477002483953361,-0.005510287579731455,-0.005410432292397171,-0.005510287579731455,-0.005510287579731455
2023-10-02,-0.005598194114819088,-0.005598194114819088,-0.005598194114819088,-0.005598194114819088,-0.005598194114819088
2023-10-03,-0.012678476104567746,-0.012678476104567748,-0.012678476104567748,-0.012678476104567748,-0.012678476104567748
2023-10-04,0.003112311058178064,0.0031123110581780635,0.0031123110581780635,0.0031123110581780635,0.0031123110581780635
2023-10-05,-0.0003615855780064959,-0.00036158557800649584,-0.00036158557800649584,-0.00036158557800649584,-0.00036158557800649584
2023-10-06,0.008387854124324922,0.008387854124324922,0.008387854124324922,0.008387854124324922,0.008387854124324922
2023-10-09,0.010769280246259672,0.010769280246259672,0.010769280246259672,0.010769280246259672,0.010769280246259672
2023-10-10,0.003784234879245618,0.003784234879245618,0.003784234879245618,0.003784234879245618,0.003784234879245618
2023-10-11,0.0032929563880228613,0.003292956388022861,0.003292956388022861,0.003292956388022861,0.003292956388022861
2023-10-12,-0.00803558372778862,-0.00803558372778862,-0.00803558372778862,-0.00803558372778862,-0.00803558372778862
2023-10-13,0.004144946005470973,0.004144946005470973,0.004144946005470973,0.004144946005470973,0.004144946005470973
2023-10-16,0.00609243973887844,0.006092439738878441,0.006092439738878441,0.006092439738878441,0.006092439738878441
2023-10-17,0.0008138660909049576,0.0008138660909049577,0.0008138660909049577,0.0008138660909049577,0.0008138660909049577
2023-10-18,-0.00782930532665016,-0.00782930532665016,-0.00782930532665016,-0.00782930532665016,-0.00782930532665016
2023-10-19,-0.008032979267109807,-0.008032979267109807,-0.008032979267109807,-0.008032979267109807,-0.008032979267109807
2023-10-20,-0.009288248164344226,-0.009288248164344226,-0.009288248164344226,-0.009288248164344226,-0.009288248164344226
2023-10-23,-0.0031672158735095656,-0.0031672158735095656,-0.0031672158735095656,-0.0031672158735095656,-0.0031672158735095656
2023-10-24,0.004824597303438693,0.004824597303438693,0.004824597303438693,0.004824597303438693,0.004824597303438693
2023-10-25,-0.010297079797543896,-0.010297079797543896,-0.010297079797543896,-0.010297079797543896,-0.010297079797543896
2023-10-26,-0.005816593238002332,-0.005816593238002332,-0.005816593238002332,-0.005816593238002332,-0.005816593238002332
2023-10-27,-0.006839668126164211,-0.006839668126164211,-0.006839668126164211,-0.006839668126164211,-0.006839668126164211
2023-10-30,0.007162711049449477,0.007162711049449477,0.007162711049449477,0.007162711049449477,0.007162711049449477
2023-10-31,0.004025369820039926,0.004025369820039926,0.004025369820039926,0.004025369820039926,0.004025369820039926
2023-11-01,0.008448135180309157,0.008448135180309157,0.008448135180309157,0.008448135180309157,0.008448135180309157
2023-11-02,0.01939290461395913,0.01939290461395913,0.01939290461395913,0.01939290461395913,0.01939290461395913
2023-11-03,0.008345692156883045,0.008345692156883045,0.008345692156883045,0.008345692156883045,0.008345692156883045
2023-11-06,-0.0023359857332098666,-0.0023359857332098666,-0.0023359857332098666,-0.0023359857332098666,-0.0023359857332098666
2023-11-07,0.0008808236259464809,0.0008808236259464808,0.0008808236259464808,0.0008808236259464808,0.0008808236259464808
2023-11-08,-0.0010524162737940768,-0.0010524162737940768,-0.0010524162737940768,-0.0010524162737940768,-0.0010524162737940768
2023-11-09,-0.008840744253532252,-0.008840744253532252,-0.008840744253532252,-0.008840744253532252,-0.008840744253532252
2023-11-10,0.010991950669801876,0.010991950669801876,0.010991950669801876,0.010991950669801876,0.010991950669801876
2023-11-13,0.000725594013412408,0.0006864863879237681,0.0008038092643896877,0.0006864863879237681,0.0006864863879237681
2023-11-14,0.019085978851052166,0.019614977354605313,0.018027981843945873,0.019614977354605313,0.019614977354605313
2023-11-15,-1.9348261430744235e-05,-0.00010881154159363416,0.0001595782988950356,-0.00010881154159363416,-0.00010881154159363416
2023-11-16,0.00010709257404307727,0.00027350617385769606,-0.0002257346255861603,0.00027350617385769606,0.00027350617385769606
2023-11-17,0.004282947150594048,0.00421380593815609,0.004421229575469965,0.00421380593815609,0.00421380593815609
2023-11-20,0.006156282043122382,0.006215656906025435,0.006037532317316274,0.006215656906025435,0.006215656906025435
2023-11-21,-0.0016337166414563474,-0.0017357564801347204,-0.001429636964099601,-0.0017357564801347204,-0.0017357564801347204
2023-11-22,0.0028937940452146704,0.0031202508757480095,0.002440880384147992,0.0031202508757480095,0.0031202508757480095
2023-11-24,0.0013560581069885444,0.0013560581069885446,0.0013560581069885446,0.0013560581069885446,0.0013560581069885446
2023-11-27,0.00028338843415188776,0.00028338843415188776,0.00028338843415188776,0.00028338843415188776,0.00028338843415188776
2023-11-28,0.00139983382504042,0.0013998338250404197,0.0013998338250404197,0.0013998338250404197,0.0013998338250404197
2023-11-29,0.001989423735999818,0.001989423735999818,0.001989423735999818,0.001989423735999818,0.001989423735999818
2023-11-30,0.0036551291615035003,0.0036551291615035007,0.0036551291615035007,0.0036551291615035007,0.0036551291615035007
2023-12-01,0.010152160657318055,0.010152160657318055,0.010152160657318055,0.010152160657318055,0.010152160657318055
2023-12-04,-0.004652108505012642,-0.004652108505012642,-0.004652108505012642,-0.004652108505012642,-0.004652108505012642
2023-12-05,-0.0013126141654503764,-0.0013126141654503764,-0.0013126141654503764,-0.0013126141654503764,-0.0013126141654503764
2023-12-06,-0.0024126447821446796,-0.0024126447821446796,-0.0024126447821446796,-0.0024126447821446796,-0.0024126447821446796
2023-12-07,0.003527547689378419,0.0035275476893784187,0.0035275476893784187,0.0035275476893784187,0.0035275476893784187
2023-12-08,0.00247121560402781,0.00247121560402781,0.00247121560402781,0.00247121560402781,0.00247121560402781
2023-12-11,0.0028310108572330967,0.0028310108572330963,0.0028310108572330963,0.0028310108572330963,0.0028310108572330963
2023-12-12,0.002301018299330715,0.002301018299330715,0.002301018299330715,0.002301018299330715,0.002301018299330715
2023-12-13,0.017819672503753957,0.017819672503753957,0.017819672503753957,0.017819672503753957,0.017819672503753957
2023-12-14,0.009835165005113245,0.009835165005113245,0.009835165005113245,0.009835165005113245,0.009835165005113245
2023-12-15,-0.002622455706189849,-0.0027547422904345533,-0.0023578825377004397,-0.0027547422904345533,-0.0027547422904345533
2023-12-18,0.0027821306878577424,0.0025924158648592986,0.0031615603338546296,0.0025924158648592986,0.0025924158648592986
2023-12-19,0.007705377990598405,0.007956787420408683,0.007202559130977848,0.007956787420408683,0.007956787420408683
2023-12-20,-0.01103666855231726,-0.011616112680111201,-0.009877780296729376,-0.011616112680111201,-0.011616112680111201
2023-12-21,0.008032461774783731,0.008428358057498087,0.007240669209355022,0.008428358057498087,0.008428358057498087
2023-12-22,0.0023883156891855496,0.0023883156891855496,0.0023883156891855496,0.0023883156891855496,0.0023883156891855496
2023-12-26,0.005365952500632758,0.005695365619647408,0.004707126262603456,0.005695365619647408,0.005695365619647408
2023-12-27,0.0034604721906048683,0.003578059253856225,0.0032252980641021556,0.003578059253856225,0.003578059253856225
2023-12-28,-0.0023018914265085437,-0.0024288340994829015,-0.0020480060805598277,-0.0024288340994829015,-0.0024288340994829015
2023-12-29,-0.004128740027370836,-0.004202537884845714,-0.003981144312421081,-0.004202537884845714,-0.004202537884845714
2024-01-02,-0.0029579005297054374,-0.0029579005297054374,-0.0029579005297054374,-0.0029579005297054374,-0.0029579005297054374
2024-01-03,-0.006125251504877106,-0.006125251504877105,-0.006125251504877105,-0.006125251504877105,-0.006125251504877105
2024-01-04,-0.003950954975845055,-0.003950954975845055,-0.003950954975845055,-0.003950954975845055,-0.003950954975845055
2024-01-05,-0.0005575416415719902,-0.0005575416415719902,-0.0005575416415719902,-0.0005575416415719902,-0.0005575416415719902
2024-01-08,0.008959216109253144,0.008959216109253144,0.008959216109253144,0.008959216109253144,0.008959216109253144
2024-01-09,-0.003982979989644498,-0.003982979989644498,-0.003982979989644498,-0.003982979989644498,-0.003982979989644498
2024-01-10,0.001560133581901768,0.001560133581901768,0.001560133581901768,0.001560133581901768,0.001560133581901768
2024-01-11,0.0005220043362558103,0.0005220043362558103,0.0005220043362558103,0.0005220043362558103,0.0005220043362558103
2024-01-12,0.0014186426685648065,0.0014186426685648067,0.0014186426685648067,0.0014186426685648067,0.0014186426685648067
2024-01-16,-0.007164033980758021,-0.008344666324346339,-0.0048027692935813885,-0.008344666324346339,-0.008344666324346339
2024-01-17,-0.003369965297266253,-0.005054947945899379,0.0,-0.005054947945899379,-0.005054947945899379
2024-01-18,0.003577993401897335,0.005366990102846003,0.0,0.005366990102846003,0.005366990102846003
2024-01-19,0.006781503765394037,0.010172255648091055,0.0,0.010172255648091055,0.010172255648091055
2024-01-22,0.0035644099225102996,0.004809335002066028,0.0010745597633988412,0.004809335002066028,0.004809335002066028
2024-01-23,0.0004432642991492374,0.00044326429914923746,0.00044326429914923746,0.00044326429914923746,0.00044326429914923746
2024-01-24,-0.00022514231616895807,-0.00022514231616895807,-0.00022514231616895807,-0.00022514231616895807,-0.00022514231616895807
2024-01-25,0.0061891912185958785,0.006189191218595879,0.006189191218595879,0.006189191218595879,0.006189191218595879
2024-01-26,-0.0002944763712395493,-0.0002944763712395493,-0.0002944763712395493,-0.0002944763712395493,-0.0002944763712395493
2024-01-29,0.007743168676840749,0.00774316867684075,0.00774316867684075,0.00774316867684075,0.00774316867684075
2024-01-30,0.0014586733416061873,0.001458673341606187,0.001458673341606187,0.001458673341606187,0.001458673341606187
2024-01-31,-0.01126583202079561,-0.011265832020795608,-0.011265832020795608,-0.011265832020795608,-0.011265832020795608
2024-02-01,0.010492209851977527,0.010492209851977529,0.010492209851977529,0.010492209851977529,0.010492209851977529
2024-02-02,0.000846829018954509,0.0008468290189545091,0.0008468290189545091,0.0008468290189545091,0.0008468290189545091
2024-02-05,-0.005375041918418588,-0.005375041918418588,-0.005375041918418588,-0.005375041918418588,-0.005375041918418588
2024-02-06,0.004041873455848865,0.004041873455848865,0.004041873455848865,0.004041873455848865,0.004041873455848865
2024-02-07,0.00407751453165125,0.00407751453165125,0.00407751453165125,0.00407751453165125,0.00407751453165125
2024-02-08,0.0020332755135550663,0.0020332755135550663,0.0020332755135550663,0.0020332755135550663,0.0020332755135550663
2024-02-09,0.0024515206430749,0.0024515206430749,0.0024515206430749,0.0024515206430749,0.0024515206430749
2024-02-12,0.0025329493857882634,0.0025329493857882634,0.0025329493857882634,0.0025329493857882634,0.0025329493857882634
2024-02-13,-0.016491753557421905,-0.016491753557421905,-0.016491753557421905,-0.016491753557421905,-0.016491753557421905
2024-02-14,0.007927293586883299,0.007927293586883299,0.007927293586883299,0.007927293586883299,0.007927293586883299
2024-02-15,0.010891734013161633,0.010891734013161635,0.010891734013161635,0.010891734013161635,0.010891734013161635
2024-02-16,-0.004356718994488406,-0.004356718994488406,-0.004356718994488406,-0.004356718994488406,-0.004356718994488406
2024-02-20,-0.004663246061817394,-0.004663246061817394,-0.004663246061817394,-0.004663246061817394,-0.004663246061817394
2024-02-21,0.00037649081206345684,0.0003764908120634569,0.0003764908120634569,0.0003764908120634569,0.0003764908120634569
2024-02-22,0.013230839879303869,0.013230839879303869,0.013230839879303869,0.013230839879303869,0.013230839879303869
2024-02-23,0.0021758599448459593,0.0021758599448459593,0.0021758599448459593,0.0021758599448459593,0.0021758599448459593
2024-02-26,-0.0010190616928604124,-0.0010190616928604124,-0.0010190616928604124,-0.0010190616928604124,-0.0010190616928604124
2024-02-27,0.0004511956501947911,0.0004511956501947911,0.0004511956501947911,0.0004511956501947911,0.0004511956501947911
2024-02-28,-0.0014818307425062515,-0.0014818307425062515,-0.0014818307425062515,-0.0014818307425062515,-0.0014818307425062515
2024-02-29,0.0039631945430336326,0.0039631945430336326,0.0039631945430336326,0.0039631945430336326,0.0039631945430336326
2024-03-01,0.010280492449180011,0.010280492449180011,0.010280492449180011,0.010280492449180011,0.010280492449180011
2024-03-04,-0.0005864608795290938,-0.0005864608795290938,-0.0005864608795290938,-0.0005864608795290938,-0.0005864608795290938
2024-03-05,-0.005197800825611343,-0.005197800825611343,-0.005197800825611343,-0.005197800825611343,-0.005197800825611343
2024-03-06,0.00576817447973883,0.005852064945177471,0.005600393548861549,0.005852064945177471,0.005852064945177471
2024-03-07,0.005038055268878805,0.006891693637375696,0.001330778531885024,0.006891693637375696,0.006891693637375696
2024-03-08,-0.0027026295550305773,-0.0027026295550305777,-0.0027026295550305777,-0.0027026295550305777,-0.0027026295550305777
2024-03-11,-0.00013319426175320003,-0.00013319426175320003,-0.00013319426175320003,-0.00013319426175320003,-0.00013319426175320003
2024-03-12,0.003828508384439389,0.0038285083844393887,0.0038285083844393887,0.0038285083844393887,0.0038285083844393887
2024-03-13,0.0006536775375371784,0.0006536775375371784,0.0006536775375371784,0.0006536775375371784,0.0006536775375371784
2024-03-14,-0.004594328234504041,-0.004594328234504041,-0.004594328234504041,-0.004594328234504041,-0.004594328234504041
2024-03-15,-0.004296509425630701,-0.004296509425630701,-0.004296509425630701,-0.004296509425630701,-0.004296509425630701
2024-03-18,0.0024214211606198187,0.0024214211606198187,0.0024214211606198187,0.0024214211606198187,0.0024214211606198187
2024-03-19,0.005022438127609852,0.005022438127609852,0.005022438127609852,0.005022438127609852,0.005022438127609852
2024-03-20,0.008239464261399532,0.008239464261399532,0.008239464261399532,0.008239464261399532,0.008239464261399532
2024-03-21,0.004380620033272997,0.004380620033272997,0.004380620033272997,0.004380620033272997,0.004380620033272997
2024-03-22,-0.0035765059856237903,-0.0035765059856237903,-0.0035765059856237903,-0.0035765059856237903,-0.0035765059856237903
2024-03-25,-0.00124645039595761,-0.00124645039595761,-0.00124645039595761,-0.00124645039595761,-0.00124645039595761
2024-03-26,-0.0005927060460809042,-0.0005927060460809042,-0.0005927060460809042,-0.0005927060460809042,-0.0005927060460809042
2024-03-27,0.010228618681515589,0.010228618681515589,0.010228618681515589,0.010228618681515589,0.010228618681515589
2024-03-28,0.002795602835378419,0.002795602835378419,0.002795602835378419,0.002795602835378419,0.002795602835378419
2024-04-01,-0.0027370020879370466,-0.002737002087937046,-0.002737002087937046,-0.002737002087937046,-0.002737002087937046
2024-04-02,-0.004992996900651925,-0.004992996900651925,-0.004992996900651925,-0.004992996900651925,-0.004992996900651925
2024-04-03,0.0025419279705052424,0.0025419279705052424,0.0025419279705052424,0.0025419279705052424,0.0025419279705052424
2024-04-04,-0.009161959642067608,-0.009161959642067608,-0.009161959642067608,-0.009161959642067608,-0.009161959642067608
2024-04-05,0.007671938970364567,0.007671938970364567,0.007671938970364567,0.007671938970364567,0.007671938970364567
2024-04-08,0.0006703688130091477,0.0006703688130091478,0.0006703688130091478,0.0006703688130091478,0.0006703688130091478
2024-04-09,0.002610221299143767,0.002610221299143767,0.002610221299143767,0.002610221299143767,0.002610221299143767
2024-04-10,-0.012338326643519129,-0.012338326643519127,-0.012338326643519127,-0.012338326643519127,-0.012338326643519127
2024-04-11,0.004478042368230677,0.005332567748569705,0.0027689916075526178,0.005332567748569705,0.005332567748569705
2024-04-12,-0.008548758990425072,-0.012823138485637608,0.0,-0.012823138485637608,-0.012823138485637608
2024-04-15,-0.005500465008287166,-0.008250697512430748,0.0,-0.008250697512430748,-0.008250697512430748
2024-04-16,-0.001532403300311569,-0.0022986049504673534,0.0,-0.0022986049504673534,-0.0022986049504673534
2024-04-17,-0.0028560097397060335,-0.00428401460955905,0.0,-0.00428401460955905,-0.00428401460955905
2024-04-18,-0.0031153786127503086,-0.002022646552074581,-0.005300842734101763,-0.002022646552074581,-0.002022646552074581
2024-04-19,-0.0006408790575598178,-0.0006408790575598178,-0.0006408790575598178,-0.0006408790575598178,-0.0006408790575598178
2024-04-22,0.004224223001122951,0.004224223001122951,0.004224223001122951,0.004224223001122951,0.004224223001122951
2024-04-23,0.008812239078741124,0.008812239078741124,0.008812239078741124,0.008812239078741124,0.008812239078741124
2024-04-24,-0.0010075014094062418,-0.0010075014094062418,-0.0010075014094062418,-0.0010075014094062418,-0.0010075014094062418
2024-04-25,-0.003501236547035424,-0.0035012365470354244,-0.0035012365470354244,-0.0035012365470354244,-0.0035012365470354244
2024-04-26,0.004749847586768196,0.004749847586768196,0.004749847586768196,0.004749847586768196,0.004749847586768196
2024-04-29,0.003890116849044433,0.0038901168490444336,0.0038901168490444336,0.0038901168490444336,0.0038901168490444336
2024-04-30,-0.01605769574489212,-0.01605769574489212,-0.01605769574489212,-0.01605769574489212,-0.01605769574489212
2024-05-01,-0.0014334192419933611,-0.0014334192419933611,-0.0014334192419933611,-0.0014334192419933611,-0.0014334192419933611
2024-05-02,0.007246417763545343,0.007246417763545343,0.007246417763545343,0.007246417763545343,0.007246417763545343
2024-05-03,0.00962803660524295,0.00962803660524295,0.00962803660524295,0.00962803660524295,0.00962803660524295
2024-05-06,0.008947255206801685,0.008947255206801685,0.008947255206801685,0.008947255206801685,0.008947255206801685
2024-05-07,0.0013205241388745345,0.0013205241388745347,0.0013205241388745347,0.0013205241388745347,0.0013205241388745347
2024-05-08,-0.0008963313417952312,-0.0008963313417952312,-0.0008963313417952312,-0.0008963313417952312,-0.0008963313417952312
2024-05-09,0.007703767406697093,0.007703767406697093,0.007703767406697093,0.007703767406697093,0.007703767406697093
2024-05-10,0.0005660757231019997,0.0005660757231019997,0.0005660757231019997,0.0005660757231019997,0.0005660757231019997
2024-05-13,-0.0008910340074961831,-0.0008910340074961831,-0.0008910340074961831,-0.0008910340074961831,-0.0008910340074961831
2024-05-14,0.005775867745923313,0.005775867745923313,0.005775867745923313,0.005775867745923313,0.005775867745923313
2024-05-15,0.012333612381789849,0.012333612381789849,0.012333612381789849,0.012333612381789849,0.012333612381789849
2024-05-16,-0.002374996847089572,-0.002374996847089572,-0.002374996847089572,-0.002374996847089572,-0.002374996847089572
2024-05-17,0.0035819636925349175,0.0035819636925349175,0.0035819636925349175,0.0035819636925349175,0.0035819636925349175
2024-05-20,-0.00037633303144964943,-0.0003763330314496494,-0.0003763330314496494,-0.0003763330314496494,-0.0003763330314496494
2024-05-21,0.0006344294174979985,0.0013758132396343825,-0.0008483382267747697,0.0013758132396343825,0.0013758132396343825
2024-05-22,-0.003657543123256324,-0.005486314684884486,0.0,-0.005486314684884486,-0.005486314684884486
2024-05-23,-0.00744825509139977,-0.011172382637099654,0.0,-0.011172382637099654,-0.011172382637099654
2024-05-24,0.00290057831859362,0.00435086747789043,0.0,0.00435086747789043,0.00435086747789043
2024-05-28,-0.0009724976997614728,-0.0014587465496422093,0.0,-0.0014587465496422093,-0.0014587465496422093
2024-05-29,-0.006691166858538899,-0.010036750287808349,0.0,-0.010036750287808349,-0.010036750287808349
2024-05-30,-0.0012276887796541347,-0.001841533169481202,0.0,-0.001841533169481202,-0.001841533169481202
2024-05-31,0.005874783683302157,0.008812175524953236,0.0,0.008812175524953236,0.008812175524953236
2024-06-03,-3.753006107223289e-05,-5.629509160834933e-05,0.0,-5.629509160834933e-05,-5.629509160834933e-05
2024-06-04,-0.0008161230270582169,-0.0012241845405873252,0.0,-0.0012241845405873252,-0.0012241845405873252
2024-06-05,0.006581501222457449,0.009872251833686174,0.0,0.009872251833686174,0.009872251833686174
2024-06-06,0.0003413083081787264,0.0005119624622680896,0.0,0.0005119624622680896,0.0005119624622680896
2024-06-07,-0.004399379395199684,-0.006599069092799526,0.0,-0.006599069092799526,-0.006599069092799526
2024-06-10,0.0016704776231509864,0.0025057164347264795,0.0,0.0025057164347264795,0.0025057164347264795
2024-06-11,0.001116660799765934,0.001674991199648901,0.0,0.001674991199648901,0.001674991199648901
2024-06-12,0.003627830076405347,0.0054417451146080206,0.0,0.0054417451146080206,0.0054417451146080206
2024-06-13,2.32611677533893e-05,3.489175163008395e-05,0.0,3.489175163008395e-05,3.489175163008395e-05
2024-06-14,0.00019731184478245884,0.00029596776717368824,0.0,0.00029596776717368824,0.00029596776717368824
2024-06-17,0.002971386241635354,0.004457079362453031,0.0,0.004457079362453031,0.004457079362453031
2024-06-18,0.0021540145070646647,0.003231021760596997,0.0,0.003231021760596997,0.003231021760596997
2024-06-20,0.0009645680373519279,0.001446852056027892,0.0,0.001446852056027892,0.001446852056027892
2024-06-21,-0.0016972104407324922,-0.002545815661098738,0.0,-0.002545815661098738,-0.002545815661098738
2024-06-24,0.001417428210021628,0.002126142315032442,0.0,0.002126142315032442,0.002126142315032442
2024-06-25,0.0007526969030025402,0.0011290453545038104,0.0,0.0011290453545038104,0.0011290453545038104
2024-06-26,-0.0028740432746004944,-0.004311064911900741,0.0,-0.004311064911900741,-0.004311064911900741
2024-06-27,0.002025105122968259,0.0030376576844523885,0.0,0.0030376576844523885,0.0030376576844523885
2024-06-28,-0.0012473465372526546,-0.0018710198058789818,0.0,-0.0018710198058789818,-0.0018710198058789818
2024-07-01,-0.0006397757146336798,-0.0009596635719505197,0.0,-0.0009596635719505197,-0.0009596635719505197
2024-07-02,0.003020021235894621,0.0045300318538419315,0.0,0.0045300318538419315,0.0045300318538419315
2024-07-03,0.0028620384803136408,0.004293057720470461,0.0,0.004293057720470461,0.004293057720470461
2024-07-05,0.0020237891297416153,0.003035683694612423,0.0,0.003035683694612423,0.003035683694612423
2024-07-08,-0.00022211522010742908,-0.0003331728301611436,0.0,-0.0003331728301611436,-0.0003331728301611436
2024-07-09,-0.00024100721706460013,-0.0003615108255969002,0.0,-0.0003615108255969002,-0.0003615108255969002
2024-07-10,0.007378038888717323,0.008245380560140857,0.0056433555458702545,0.008245380560140857,0.008245380560140857
2024-07-11,0.003753052847033833,0.0034058543544640885,0.0044474498321733225,0.0034058543544640885,0.0034058543544640885
2024-07-12,0.003687445769652527,0.005531168654478791,0.0,0.005531168654478791,0.005531168654478791
2024-07-15,0.0032879394633907135,0.0049319091950860705,0.0,0.0049319091950860705,0.0049319091950860705
2024-07-16,0.007960988427023034,0.01194148264053455,0.0,0.01194148264053455,0.01194148264053455
2024-07-17,-0.004813518919038947,-0.0069532765770418,-0.0005340036030332396,-0.0069532765770418,-0.0069532765770418
2024-07-18,-0.006093313908272258,-0.009133808981155312,-1.2323762506150082e-05,-0.009133808981155312,-0.009133808981155312
2024-07-19,-0.00565651135037628,-0.008484767025564421,0.0,-0.008484767025564421,-0.008484767025564421
2024-07-22,0.004683742137069139,0.007025613205603709,0.0,0.007025613205603709,0.007025613205603709
2024-07-23,-0.0008416927568794938,-0.0012625391353192406,0.0,-0.0012625391353192406,-0.0012625391353192406
2024-07-24,-0.010190701455459283,-0.015286052183188925,0.0,-0.015286052183188925,-0.015286052183188925
2024-07-25,-0.00025495468178673427,-0.00038243202268010144,0.0,-0.00038243202268010144,-0.00038243202268010144
2024-07-26,0.007314385772692944,0.010971578659039416,0.0,0.010971578659039416,0.010971578659039416
2024-07-29,-0.001297326482794762,-0.001945989724192143,0.0,-0.001945989724192143,-0.001945989724192143
2024-07-30,0.00042154701516379235,0.0006323205227456886,0.0,0.0006323205227456886,0.0006323205227456886
2024-07-31,0.0072566386135596295,0.012301727239128845,0.0,0.012301727239128845,0.009468188601550043
2024-08-01,-0.005965186243729333,-0.014634043647407858,0.0,-0.014634043647407858,-0.003261515083780142
2024-08-02,-0.006007530778476603,-0.014405257878357114,0.0,-0.014405257878357114,-0.0036173344570726964
2024-08-05,-0.007852837593932982,-0.023558512781798945,0.0,-0.023558512781798945,0.0
2024-08-06,0.001598153675564388,0.004794461026693164,0.0,0.004794461026693164,0.0
2024-08-07,-0.0021277092149308324,-0.006383127644792497,0.0,-0.006383127644792497,0.0
2024-08-08,0.006736090888910543,0.02020827266673163,0.0,0.02020827266673163,0.0
2024-08-09,0.001247517351904174,0.0037425520557125224,0.0,0.0037425520557125224,0.0
2024-08-12,0.0005020195178430109,0.0015060585535290327,0.0,0.0015060585535290327,0.0
2024-08-13,0.0038265496934599096,0.011479649080379729,0.0,0.011479649080379729,0.0
2024-08-14,0.0009430143781094486,0.002829043134328346,0.0,0.002829043134328346,0.0
2024-08-15,0.0044716128884595896,0.01341483866537877,0.0,0.01341483866537877,0.0
2024-08-16,0.001465591878503414,0.004396775635510242,0.0,0.004396775635510242,0.0
2024-08-19,0.0026176429912425484,0.007852928973727646,0.0,0.007852928973727646,0.0
2024-08-20,-0.0011368554950616173,-0.003410566485184852,0.0,-0.003410566485184852,0.0
2024-08-21,0.0009705614091705264,0.0029116842275115793,0.0,0.0029116842275115793,0.0
2024-08-22,-0.002405967308598974,-0.007217901925796921,0.0,-0.007217901925796921,0.0
2024-08-23,0.004208995314695977,0.012626985944087931,0.0,0.012626985944087931,0.0
2024-08-26,-0.0003304809617713733,-0.00099144288531412,0.0,-0.00099144288531412,0.0
2024-08-27,4.7811489183424705e-05,0.00014343446755027411,0.0,0.00014343446755027411,0.0
2024-08-28,-0.0017510236647362472,-0.005253070994208742,0.0,-0.005253070994208742,0.0
2024-08-29,0.0009650172242521479,0.0028950516727564435,0.0,0.0028950516727564435,0.0
2024-08-30,0.001615831945869628,0.004847495837608884,0.0,0.004847495837608884,0.0
2024-09-03,-0.005464988046532411,-0.016394964139597235,0.0,-0.016394964139597235,0.0
2024-09-04,-0.0003142476666039914,-0.0009427429998119741,0.0,-0.0009427429998119741,0.0
2024-09-05,-0.0010421009669060973,-0.0031263029007182917,0.0,-0.0031263029007182917,0.0
2024-09-06,-0.004548997734752595,-0.013646993204257784,0.0,-0.013646993204257784,0.0
2024-09-09,0.00307326204488169,0.00921978613464507,0.0,0.00921978613464507,0.0
2024-09-10,0.00047865453843037864,0.001435963615291136,0.0,0.001435963615291136,0.0
2024-09-11,0.0017390104140480552,0.005217031242144165,0.0,0.005217031242144165,0.0
2024-09-12,0.0024585848560998067,0.00737575456829942,0.0,0.00737575456829942,0.0
2024-09-13,0.0023285767947110124,0.006985730384133038,0.0,0.006985730384133038,0.0
2024-09-16,0.0014400470828162797,0.004320141248448839,0.0,0.004320141248448839,0.0
2024-09-17,0.0001710556767723285,0.0005131670303169855,0.0,0.0005131670303169855,0.0
2024-09-18,-0.0013910237297845279,-0.004173071189353584,0.0,-0.004173071189353584,0.0
2024-09-19,0.004800923667266995,0.014402771001800985,0.0,0.014402771001800985,0.0
2024-09-20,-0.0005459290724909509,-0.0016377872174728526,0.0,-0.0016377872174728526,0.0
2024-09-23,0.0003863388409656092,0.0011590165228968275,0.0,0.0011590165228968275,0.0
2024-09-24,0.0006518142196419293,0.001955442658925788,0.0,0.001955442658925788,0.0
2024-09-25,-0.0020912240661787947,-0.0062736721985363845,0.0,-0.0062736721985363845,0.0
2024-09-26,0.0010770438802290487,0.003231131640687146,0.0,0.003231131640687146,0.0
2024-09-27,-0.00019601272736089097,0.0013572411167292909,-0.0019452792988119637,0.0013572411167292909,0.0
2024-09-30,0.0011416126982172203,0.0017124190473258305,0.0017124190473258305,0.0017124190473258305,0.0
2024-10-01,-0.0023151926916505842,-0.003472789037475876,-0.003472789037475876,-0.003472789037475876,0.0
2024-10-02,0.0006625662617833816,0.0009938493926750724,0.0009938493926750724,0.0009938493926750724,0.0
2024-10-03,-0.0011021867136857524,-0.0016532800705286288,-0.0016532800705286288,-0.0016532800705286288,0.0
2024-10-04,0.004466474140400903,0.0066997112106013555,0.0066997112106013555,0.0066997112106013555,0.0
2024-10-07,-0.0045015043437288535,-0.00675225651559328,-0.00675225651559328,-0.00675225651559328,0.0
2024-10-08,0.0017346670049893653,0.002602000507484048,0.002602000507484048,0.002602000507484048,0.0
2024-10-09,0.0035113122735401865,0.00526696841031028,0.00526696841031028,0.00526696841031028,0.0
2024-10-10,-0.00041306111268369543,-0.0006195916690255431,-0.0006195916690255431,-0.0006195916690255431,0.0
2024-10-11,0.005258588214198179,0.007887882321297269,0.007887882321297269,0.007887882321297269,0.0
2024-10-14,0.0034974120421019366,0.005246118063152905,0.005246118063152905,0.005246118063152905,0.0
2024-10-15,-0.005117849644145279,-0.0076767744662179175,-0.0076767744662179175,-0.0076767744662179175,0.0
2024-10-16,0.004043290817172733,0.006064936225759099,0.006064936225759099,0.006064936225759099,0.0
2024-10-17,-0.0002029906198502296,-0.0003044859297753444,-0.0003044859297753444,-0.0003044859297753444,0.0
2024-10-18,0.0017194286723387186,0.002579143008508078,0.002579143008508078,0.002579143008508078,0.0
2024-10-21,-0.003915172871572289,-0.005872759307358433,-0.005872759307358433,-0.005872759307358433,0.0
2024-10-22,0.000422536426637025,0.0006338046399555375,0.0006338046399555375,0.0006338046399555375,0.0
2024-10-23,-0.005539660847227405,-0.008309491270841107,-0.008309491270841107,-0.008309491270841107,0.0
2024-10-24,0.0013603523564734933,0.00204052853471024,0.00204052853471024,0.00204052853471024,0.0
2024-10-25,-0.0012980701363000187,-0.001947105204450028,-0.001947105204450028,-0.001947105204450028,0.0
2024-10-28,0.00207412578952737,0.0031111886842910552,0.0031111886842910552,0.0031111886842910552,0.0
2024-10-29,0.0004017697959884788,0.0006026546939827182,0.0006026546939827182,0.0006026546939827182,0.0
2024-10-30,-0.0010870304579818338,-0.0016305456869727508,-0.0016305456869727508,-0.0016305456869727508,0.0
2024-10-31,-0.008872691168778483,-0.013309036753167724,-0.013309036753167724,-0.013309036753167724,0.0
2024-11-01,0.0010776473501090233,0.001616471025163535,0.001616471025163535,0.001616471025163535,0.0
2024-11-04,0.000917500585893231,0.0013762508788398465,0.0013762508788398465,0.0013762508788398465,0.0
2024-11-05,0.006587932917105036,0.009881899375657555,0.009881899375657555,0.009881899375657555,0.0
2024-11-06,0.014379536634333978,0.021569304951500966,0.021569304951500966,0.021569304951500966,0.0
2024-11-07,0.0035772211202564387,0.005283302908900611,0.005448360451868706,0.005283302908900611,0.0
2024-11-08,0.003165612340864536,0.004677577017769297,0.004819260004824311,0.004677577017769297,0.0
2024-11-11,0.00014379135619993673,0.0002156870342999051,0.0002156870342999051,0.0002156870342999051,0.0
2024-11-12,-0.004686740959281403,-0.0075224613828759335,-0.006537761494968275,-0.0075224613828759335,0.0
2024-11-13,-0.0020250399627972445,-0.0027042708245140433,-0.00337084906387769,-0.0027042708245140433,0.0
2024-11-14,-0.0030942836432391375,-0.0046414254648587065,-0.0046414254648587065,-0.0046414254648587065,0.0
2024-11-15,-0.006857845529389291,-0.010286768294083936,-0.010286768294083936,-0.010286768294083936,0.0
2024-11-18,0.0035549224404025047,0.005332383660603757,0.005332383660603757,0.005332383660603757,0.0
2024-11-19,0.0012671046119445842,0.0019006569179168763,0.0019006569179168763,0.0019006569179168763,0.0
2024-11-20,0.001657117396952231,0.0024856760954283462,0.0024856760954283462,0.0024856760954283462,0.0
2024-11-21,0.005435719371172013,0.00815357905675802,0.00815357905675802,0.00815357905675802,0.0
2024-11-22,0.004019132027526669,0.006028698041290003,0.006028698041290003,0.006028698041290003,0.0
2024-11-25,0.001452635011294734,0.0021789525169421007,0.0021789525169421007,0.0021789525169421007,0.0
2024-11-26,0.0010148157653362558,0.0015222236480043837,0.0015222236480043837,0.0015222236480043837,0.0
2024-11-27,-0.0006817338865710157,-0.0010226008298565236,-0.0010226008298565236,-0.0010226008298565236,0.0
2024-11-29,0.004086474080399519,0.006129711120599279,0.006129711120599279,0.006129711120599279,0.0
2024-12-02,-0.0006626193460803767,-0.000993929019120565,-0.000993929019120565,-0.000993929019120565,0.0
2024-12-03,-0.0012210775840547491,-0.0018316163760821237,-0.0018316163760821237,-0.0018316163760821237,0.0
2024-12-04,0.0021729654932675833,0.0032594482399013747,0.0032594482399013747,0.0032594482399013747,0.0
2024-12-05,-0.002389450287152465,-0.0035841754307286977,-0.0035841754307286977,-0.0035841754307286977,0.0
2024-12-06,-0.00040308706803106423,-0.0006046306020465964,-0.0006046306020465964,-0.0006046306020465964,0.0
2024-12-09,-0.0027221393743885065,-0.00408320906158276,-0.00408320906158276,-0.00408320906158276,0.0
2024-12-10,-0.002037279610919655,-0.0030559194163794824,-0.0030559194163794824,-0.0030559194163794824,0.0
2024-12-11,0.002142733920869951,0.0032141008813049267,0.0032141008813049267,0.0032141008813049267,0.0
2024-12-12,-0.005501110931329382,-0.008251666396994073,-0.008251666396994073,-0.008251666396994073,0.0
2024-12-13,-0.0016955091470342465,-0.00254326372055137,-0.00254326372055137,-0.00254326372055137,0.0
2024-12-16,0.00013200863310884882,0.00019801294966327322,0.00019801294966327322,0.00019801294966327322,0.0
2024-12-17,-0.003270454118526045,-0.004905681177789068,-0.004905681177789068,-0.004905681177789068,0.0
2024-12-18,-0.01821505654166727,-0.027322584812500904,-0.027322584812500904,-0.027322584812500904,0.0
2024-12-19,-0.0022533970633498604,-0.0033800955950247904,-0.0033800955950247904,-0.0033800955950247904,0.0
2024-12-20,0.007389723150144345,0.011084584725216517,0.011084584725216517,0.011084584725216517,0.0
2024-12-23,0.0019482708787547246,0.002922406318132087,0.002922406318132087,0.002922406318132087,0.0
2024-12-24,0.005528568132050671,0.008292852198076007,0.008292852198076007,0.008292852198076007,0.0
2024-12-26,0.001450647408028575,0.0021759711120428625,0.0021759711120428625,0.0021759711120428625,0.0
2024-12-27,-0.0057518117278772575,-0.008627717591815886,-0.008627717591815886,-0.008627717591815886,0.0
2024-12-30,-0.004811555749499889,-0.0072173336242498335,-0.0072173336242498335,-0.0072173336242498335,0.0
2024-12-31,-0.00015769783487369347,-0.00023654675231054022,-0.00023654675231054022,-0.00023654675231054022,0.0
2025-01-02,0.0010572835813859925,0.001585925372078989,0.001585925372078989,0.001585925372078989,0.0
2025-01-03,0.0055965085310520175,0.008394762796578026,0.008394762796578026,0.008394762796578026,0.0
2025-01-06,0.001158701325843799,0.0017380519887656987,0.0017380519887656987,0.0017380519887656987,0.0
2025-01-07,-0.0036267899375063066,-0.00544018490625946,-0.00544018490625946,-0.00544018490625946,0.0
2025-01-08,0.0009815512334961326,0.0014723268502441988,0.0014723268502441988,0.0014723268502441988,0.0
2025-01-10,-0.007563671668940356,-0.011345507503410535,-0.011345507503410535,-0.011345507503410535,0.0
2025-01-13,0.0021872805991412095,0.0032809208987118143,0.0032809208987118143,0.0032809208987118143,0.0
2025-01-14,0.0024021225167555854,0.0036031837751333783,0.0036031837751333783,0.0036031837751333783,0.0
2025-01-15,0.011100699653366625,0.01665104948004994,0.01665104948004994,0.01665104948004994,0.0
2025-01-16,0.0004191765982869004,0.0011830080737973204,7.452172106338084e-05,0.0011830080737973204,0.0
2025-01-17,0.0040125549013951154,0.006044021276477884,0.005271827429658848,0.006044021276477884,0.0007218159980486138
2025-01-21,0.006610841807143213,0.009916262710714819,0.010427110995098233,0.009916262710714819,-0.0005108482843834139
2025-01-22,0.00027105555502671873,0.0011877259569403886,0.0014440033289879306,0.0011877259569403886,-0.0018185626208481632
2025-01-23,0.0026671073744196413,0.003771860225236556,0.003771860225236556,0.003771860225236556,0.00045760167278581233
2025-01-24,-0.0015883578663017444,-0.0018998894729804427,-0.0018998894729804427,-0.0018998894729804427,-0.0009652946529443484
2025-01-27,-0.005055745367961691,-0.00706341666548439,-0.00706341666548439,-0.00706341666548439,-0.0010404027729162934
2025-01-28,0.0026001977971115663,0.0043761679353867215,0.0043761679353867215,0.0043761679353867215,-0.0009517424794387441
2025-01-29,-0.0019138488190603969,-0.0029825000683484483,-0.0029825000683484483,-0.0029825000683484483,0.00022345367951570605
2025-01-30,0.004866356081142276,0.007043125910878012,0.007043125910878012,0.007043125910878012,0.0005128164216708031
2025-01-31,-0.0056496516550711825,-0.007076969944871725,-0.007076969944871725,-0.007076969944871725,-0.0027950150754700977
2025-02-03,-0.0013152777431524097,-0.0022866919491671077,-0.0022866919491671077,-0.0022866919491671077,0.0006275506688769861
2025-02-04,0.005959857505302709,0.00789091232294955,0.00789091232294955,0.00789091232294955,0.002097747870009026
2025-02-05,0.005763712075278445,0.008540061262562815,0.008540061262562815,0.008540061262562815,0.00021101370070970572
2025-02-06,-0.0017393778727124627,-0.001689200350862441,-0.001689200350862441,-0.001689200350862441,-0.0018397329164125064
2025-02-07,-0.004432662492607727,-0.006643342611468539,-0.006643342611468539,-0.006643342611468539,-1.1302254886103036e-05
2025-02-10,0.00532678664739028,0.006889224990558362,0.006889224990558362,0.006889224990558362,0.002201909961054116
2025-02-11,-8.355479323893797e-05,-0.0005286047065105936,-0.0005286047065105936,-0.0005286047065105936,0.0008065450333043733
2025-02-12,-0.004879272025862347,-0.006113293198401692,-0.006113293198401692,-0.006113293198401692,-0.002411229680783655
2025-02-13,0.007124006347607851,0.010309775375616526,0.010309775375616526,0.010309775375616526,0.0007524682915905023
2025-02-14,-0.00059879968215375,-0.001098848731465274,-0.001098848731465274,-0.001098848731465274,0.00040129841646929787
2025-02-18,0.0033722592293854874,0.004375594603698995,0.004375594603698995,0.004375594603698995,0.0013655884807584728
2025-02-19,0.0018659158762226087,0.002404564014563226,0.002404564014563226,0.002404564014563226,0.0007886195995413736
2025-02-20,-0.001501817621498791,-0.0027091433961225152,-0.0027091433961225152,-0.0027091433961225152,0.0009128339277486575
2025-02-21,-0.009916719162234753,-0.013835884953456523,-0.013835884953456523,-0.013835884953456523,-0.0020783875797912078
2025-02-24,-0.0009814555772308684,-0.001598094145389306,-0.001598094145389306,-0.001598094145389306,0.00025182155908600736
2025-02-25,-0.0030916381498964102,-0.00325786648350479,-0.00325786648350479,-0.00325786648350479,-0.0027591814826796513
2025-02-26,8.555262735567835e-05,0.0003364880402118464,0.0003364880402118464,0.0003364880402118464,-0.00041631819835665775
2025-02-27,-0.008025238553898218,-0.011545134622821496,-0.011545134622821496,-0.011545134622821496,-0.0009854464160516606
2025-02-28,0.008497034324075507,0.012283259766746402,0.012283259766746402,0.012283259766746402,0.0009245834387337171
2025-03-03,-0.009569332670857895,-0.01326576746465894,-0.01326576746465894,-0.01326576746465894,-0.0021764630832558085
2025-03-04,-0.007066077996608407,-0.009979021397579913,-0.009979021397579913,-0.009979021397579913,-0.0012401911946653965
2025-03-05,0.0029589758721020177,0.005463752668365985,0.005463752668365985,0.005463752668365985,-0.002050577720425917
2025-03-06,-0.008415791370215924,-0.012355947947773161,-0.012355947947773161,-0.012355947947773161,-0.0005354782151014481
2025-03-07,0.0035113906432509075,0.004546337297888947,0.004546337297888947,0.004546337297888947,0.0014414973339748282
2025-03-10,-0.011536335179927101,-0.017760022307509594,-0.017760022307509594,-0.017760022307509594,0.0009110390752378849
2025-03-11,-0.0033778455395608417,-0.004898821257184771,-0.004898821257184771,-0.004898821257184771,-0.0003358941043129837
2025-03-12,0.0015960761363773225,0.002659059711675038,0.002659059711675038,0.002659059711675038,-0.000529891014218109
2025-03-13,-0.00410608452058141,-0.006878489199656812,-0.006878489199656812,-0.006878489199656812,0.001438724837569394
2025-03-14,0.012578759156617244,0.017088731950996028,0.01741289280912197,0.017088731950996028,0.003234652709733732
2025-03-17,0.007502841943838048,0.009382555770538769,0.009222866628708281,0.009382555770538769,0.0039031034322670965
2025-03-18,-0.0024799260683240564,-0.004459250013422955,-0.004459250013422955,-0.004459250013422955,0.0014787218218737408
2025-03-19,0.007326951848748191,0.009933133330287114,0.0094330960771701,0.009933133330287114,0.002614626138787357
2025-03-20,-0.0008620299941748101,-0.001539709600456307,-0.0014116510574229356,-0.001539709600456307,0.00036527067535481185
2025-03-21,-0.0022888396173416314,-0.002649070919918095,-0.0018440807985912965,-0.002649070919918095,-0.002373367133515503
2025-03-24,0.009348141657525684,0.0119615522228119,0.01240680708936256,0.0119615522228119,0.0036760656604025942
2025-03-25,0.000582525978032596,0.000782918921148934,0.00018174009179992013,0.000782918921148934,0.000782918921148934
2025-03-26,-0.00746579076034901,-0.007465790760349011,-0.007465790760349011,-0.007465790760349011,-0.007465790760349011
2025-03-27,-0.0025002523315726167,-0.0025002523315726167,-0.0025002523315726167,-0.0025002523315726167,-0.0025002523315726167
2025-03-28,-0.011473680412242804,-0.011428533737492096,-0.011563973761744218,-0.011428533737492096,-0.011428533737492096
2025-03-31,0.002176164747163104,0.007039004176990582,-0.007549514112491851,0.007039004176990582,0.007039004176990582
2025-04-01,0.0007126263872704319,0.0010689395809056479,0.0,0.0010689395809056479,0.0010689395809056479
2025-04-02,0.0040235349852712305,0.006035302477906845,0.0,0.006035302477906845,0.006035302477906845
2025-04-03,-0.03217061463992066,-0.041239378056479425,-0.014033087806803124,-0.041239378056479425,-0.041239378056479425
2025-04-04,-0.04166563199556914,-0.05179531408136471,-0.02140626782397801,-0.05179531408136471,-0.05179531408136471
2025-04-07,-0.005237358333520881,-0.007856037500281321,0.0,-0.007856037500281321,-0.007856037500281321
2025-04-08,-0.02302089476228648,-0.013998919808287802,-0.04106484467028384,-0.013998919808287802,-0.013998919808287802
2025-04-09,0.07497543526008076,0.0762084769539068,0.07250935187242864,0.0762084769539068,0.0762084769539068
2025-04-10,-0.028315437768830793,-0.03248374715465866,-0.019978818997175064,-0.03248374715465866,-0.03248374715465866
2025-04-11,0.005254563642904379,0.016764079572242775,0.0,0.016764079572242775,-0.0010003886435296372
2025-04-14,0.0025135659878522064,0.007357342945540257,0.0,0.007357342945540257,0.00018335501801636234
2025-04-15,0.00026258745853849537,0.0002645244404015923,0.0,0.0002645244404015923,0.0005232379352138938
2025-04-16,-0.002028016889215737,-0.009338131694287322,0.0,-0.009338131694287322,0.00325408102664011
2025-04-17,-0.0002489975508976857,-0.00030792344328859354,0.0,-0.00030792344328859354,-0.0004390692094044635
2025-04-21,-0.004801533802615487,-0.017498159937754908,0.0,-0.017498159937754908,0.0030935585299084467
2025-04-22,0.006786810557692344,0.019808687662945933,0.0,0.021779998528273392,-0.0014195668551963635
2025-04-23,0.0041032596543545,0.009303192563901153,0.0,0.014707642036036916,-0.0023978630729734164
2025-04-24,0.0012261110807684735,0.018376450028333834,0.0,0.0022227055404846264,0.001455627701820794
2025-04-25,-0.0003613893226089108,0.0028324444115041315,0.0,0.0,-0.0010841679678267324
2025-04-28,0.0009718853748237185,0.004046398001234308,0.0014914457804215964,0.0,0.001424210344049559
2025-04-29,0.0013937070007473053,0.004181121002241916,0.005155013549009646,0.0,-0.0009738925467677295
2025-04-30,-0.001039642336845,-0.0031189270105349996,-0.0023707049092512754,0.0,-0.0007482221012837242
2025-05-01,-0.0001967891749592073,-0.0005903675248776219,0.0014868612293788552,0.0,-0.002077228754256477
2025-05-02,0.0038999763306038233,0.01227619748401645,0.011525109000488865,0.0,0.00017481999132260562
2025-05-05,-0.0009156745347405551,-0.0029562842386341216,-0.005733799081887081,0.0,0.0029867754776654156
2025-05-06,-0.0009103077902334222,-0.004827457962872828,-0.005533323646599531,0.0,0.002802400275899264
2025-05-07,0.001033405605564271,0.0031507057466883203,0.004599522896827679,0.0,-0.0014993060801348657
2025-05-08,0.0011454365336553641,0.0034363096009660922,0.005405736830954033,0.0,-0.001969427229987941
2025-05-09,-2.072456096919864e-05,-6.217368290759585e-05,-0.000787641108852144,0.0,0.0007254674259445481
2025-05-12,0.007252048769883723,0.02175614630965117,0.024575203147000048,0.0,-0.0028190568373488768
2025-05-13,-5.724110306671858e-05,0.0029012629433435968,-0.0005976225691599057,0.0,0.00042589925995975
2025-05-14,-0.0021073716531500183,-0.005736820872617754,-0.0042183321594983616,0.0,-0.0021037827999516923
2025-05-15,0.00255304614605627,0.006962177953326409,0.006062743085010291,0.0,0.0015963953531585196
2025-05-16,0.0005224800686107496,0.004411449635937659,0.002962128650636553,0.0,-0.001394688444804304
2025-05-19,0.0007739185161679301,0.0007102019346229893,0.0011784275886230545,0.0,0.0011433279598807356
2025-05-20,0.00032413896383528537,-0.0013216765568623944,-0.0005146140327746851,0.0,0.0014870309242805413
2025-05-21,-0.004911197042890439,-0.01686113761088511,-0.013592731589562234,0.0,-0.0011408595391090848
2025-05-22,-0.0008209786239528838,-0.0013896595964777436,-0.0016029714615027001,0.0,-0.0008599644103559512
2025-05-23,0.000934185505999763,-0.0014659237576930884,0.0017151024572015672,0.0,0.0010874540607977213
2025-05-27,0.005184859099937319,0.014873058105013926,0.014873058105013926,0.0,0.0006815191947980304
2025-05-28,-0.002270960275478654,-0.0061728471159280705,-0.0061728471159280705,0.0,-0.0006400337105078924
2025-05-29,0.0018376744506027147,0.004751888877588839,0.004751888877588839,0.0,0.0007611344742193049
2025-05-30,-0.0009774695356974579,-0.0019638691307911848,-0.0019638691307911848,0.0,-0.000968539476301189
2025-06-02,0.0031443389456508194,0.005891455046709781,0.005891455046709781,0.0,0.0035415617902426755
2025-06-03,0.0020608381792442143,0.0055656108482022406,0.0055656108482022406,0.0,0.0006169036895304014
2025-06-04,0.0007755345667247781,-0.00018841375404690108,0.0015343739713151393,0.0,0.0007922297288591951
2025-06-05,-0.0002626406607726247,-0.0026478564225941082,0.0,0.0,-0.000787921982317874
2025-06-06,-0.000132403220574621,0.0070700140915045395,0.0,0.0,-0.00039720966172386297
2025-06-09,0.0003208985644121754,0.0014644471667077496,0.0,0.0,0.0009626956932365261
2025-06-10,0.0010572669365767693,0.006203998363370244,0.002583011621366238,0.0,0.0005887891883640695
2025-06-11,0.00043019048861769145,0.0009693821211656517,0.0009693821211656517,0.0,0.00032118934468742253
2025-06-12,0.002368492859095824,0.004935610080330277,0.004935610080330277,0.0,0.0021698684969571947
2025-06-13,-0.0026416343084469276,-0.007833304796075446,-0.007833304796075446,0.0,-9.159812926533562e-05
2025-06-16,0.001364911176206984,0.004063808209672259,0.004063808209672259,0.0,3.0925318948693546e-05
2025-06-17,-0.0014523392970653267,-0.00435701789119598,-0.00435701789119598,0.0,0.0
2025-06-18,-0.00022658324458978046,-0.0006797497337693414,-0.0006797497337693414,0.0,0.0
2025-06-20,-0.00022464588361688074,-0.0006739376508506423,-0.0006739376508506423,0.0,0.0
2025-06-23,0.0016077220996533303,0.004823166298959991,0.004823166298959991,0.0,0.0
2025-06-24,0.0024894872944109564,0.007468461883232869,0.007468461883232869,0.0,0.0
2025-06-25,-0.00015416221642745956,-0.0004624866492823787,-0.0004624866492823787,0.0,0.0
2025-06-26,0.002592797202859143,0.007778391608577429,0.007778391608577429,0.0,0.0
2025-06-27,-0.00047483163582587496,-0.001210206141998682,-0.001210206141998682,-0.00021428876547894272,0.0
2025-06-30,0.004446790862465059,0.005933795972939038,0.005933795972939038,0.005933795972939038,0.001472780641517102
2025-07-01,0.0041081116411659235,0.0041081116411659235,0.0041081116411659235,0.0041081116411659235,0.0041081116411659235
2025-07-02,0.004124581719350029,0.004124581719350029,0.004124581719350029,0.004124581719350029,0.004124581719350029
2025-07-03,0.004699533395772326,0.004699533395772326,0.004699533395772326,0.004699533395772326,0.004699533395772326
2025-07-07,-0.008351669837854115,-0.008351669837854115,-0.008351669837854115,-0.008351669837854115,-0.008351669837854115
2025-07-08,0.0019472027352229304,0.0019472027352229304,0.0019472027352229304,0.0019472027352229304,0.0019472027352229304
2025-07-09,0.005210972198456854,0.005210972198456854,0.005210972198456854,0.005210972198456854,0.005210972198456854
2025-07-10,0.003024835057789277,0.003024835057789277,0.003024835057789277,0.003024835057789277,0.003024835057789277
2025-07-11,-0.004892434133011292,-0.004892434133011292,-0.004892434133011292,-0.004892434133011292,-0.004892434133011292
2025-07-14,0.00032566773403706054,0.0003256677340370606,0.0003256677340370606,0.0003256677340370606,0.0003256677340370606
2025-07-15,-0.008471500596747228,-0.008471500596747228,-0.008471500596747228,-0.008471500596747228,-0.008471500596747228
2025-07-16,0.003972477076838532,0.003972477076838532,0.003972477076838532,0.003972477076838532,0.003972477076838532
2025-07-17,0.004484412726877829,0.004484412726877829,0.004484412726877829,0.004484412726877829,0.004484412726877829
2025-07-18,-0.002345138526383228,-0.002345138526383228,-0.002345138526383228,-0.002345138526383228,-0.002345138526383228
2025-07-21,0.0010131106243065457,0.0010131106243065457,0.0010131106243065457,0.0010131106243065457,0.0010131106243065457
2025-07-22,0.004182275421846404,0.004182275421846404,0.004182275421846404,0.004182275421846404,0.004182275421846404
2025-07-23,0.007208071505385649,0.007208071505385649,0.007208071505385649,0.007208071505385649,0.007208071505385649
2025-07-24,-0.001903572941758824,-0.0019035729417588242,-0.0019035729417588242,-0.0019035729417588242,-0.0019035729417588242
2025-07-25,0.0022449371912863668,0.0022449371912863668,0.0022449371912863668,0.0022449371912863668,0.0022449371912863668
2025-07-28,-0.0009050652005904158,-0.0009050652005904158,-0.0009050652005904158,-0.0009050652005904158,-0.0009050652005904158
2025-07-29,0.00032767329568677005,0.00032767329568677005,0.00032767329568677005,0.00032767329568677005,0.00032767329568677005
2025-07-30,-0.00469960746165865,-0.00469960746165865,-0.00469960746165865,-0.00469960746165865,-0.00469960746165865
2025-07-31,-0.006630768662317976,-0.006630768662317976,-0.006630768662317976,-0.006630768662317976,-0.006630768662317976
2025-08-01,-0.008797017508318716,-0.008797017508318716,-0.008797017508318716,-0.008797017508318716,-0.008797017508318716
2025-08-04,0.012090963244413411,0.012090963244413411,0.012090963244413411,0.012090963244413411,0.012090963244413411
2025-08-05,-0.0019273396040040414,-0.0019273396040040414,-0.0019273396040040414,-0.0019273396040040414,-0.0019273396040040414
2025-08-06,0.0004758285761764846,0.00047582857617648464,0.00047582857617648464,0.00047582857617648464,0.00047582857617648464
2025-08-07,-0.0024719511471102628,-0.0024719511471102628,-0.0024719511471102628,-0.0024719511471102628,-0.0024719511471102628
2025-08-08,0.005440075201084503,0.005440075201084504,0.005440075201084504,0.005440075201084504,0.005440075201084504
2025-08-11,-0.003687722969431139,-0.0036877229694311396,-0.0036877229694311396,-0.0036877229694311396,-0.0036877229694311396
2025-08-12,0.009699124637016988,0.009699124637016988,0.009699124637016988,0.009699124637016988,0.009699124637016988
2025-08-13,0.007903008147542944,0.007903008147542944,0.007903008147542944,0.007903008147542944,0.007903008147542944
2025-08-14,-0.002123204032827708,-0.002123204032827708,-0.002123204032827708,-0.002123204032827708,-0.002123204032827708
2025-08-15,-0.0017885659378048535,-0.0017885659378048535,-0.0017885659378048535,-0.0017885659378048535,-0.0017885659378048535
2025-08-18,-0.0007886944969204501,-0.0007886944969204501,-0.0007886944969204501,-0.0007886944969204501,-0.0007886944969204501
2025-08-19,-0.0034608470672457653,-0.003460847067245765,-0.003460847067245765,-0.003460847067245765,-0.003460847067245765
2025-08-20,0.0012463672664140613,0.0012463672664140613,0.0012463672664140613,0.0012463672664140613,0.0012463672664140613
2025-08-21,-0.002101752299743964,-0.002101752299743964,-0.002101752299743964,-0.002101752299743964,-0.002101752299743964
2025-08-22,0.01661916062942239,0.01661916062942239,0.01661916062942239,0.01661916062942239,0.01661916062942239
2025-08-25,-0.005059209098089168,-0.005059209098089168,-0.005059209098089168,-0.005059209098089168,-0.005059209098089168
2025-08-26,0.004322281060118149,0.004322281060118149,0.004322281060118149,0.004322281060118149,0.004322281060118149
2025-08-27,0.0033240847316049816,0.0033240847316049816,0.0033240847316049816,0.0033240847316049816,0.0033240847316049816
2025-08-28,0.003953539787570182,0.003953539787570182,0.003953539787570182,0.003953539787570182,0.003953539787570182
2025-08-29,-0.0020939479743889654,-0.0020939479743889654,-0.0020939479743889654,-0.0020939479743889654,-0.0020939479743889654
2025-09-02,-0.0025549629452736645,-0.0025549629452736645,-0.0025549629452736645,-0.0025549629452736645,-0.0025549629452736645
2025-09-03,0.0007477695384623841,0.000747769538462384,0.000747769538462384,0.000747769538462384,0.000747769538462384
2025-09-04,0.006734007432508372,0.006734007432508371,0.006734007432508371,0.006734007432508371,0.006734007432508371
2025-09-05,-0.0005743943722485434,-0.0005743943722485434,-0.0005743943722485434,-0.0005743943722485434,-0.0005743943722485434
2025-09-08,0.003675595518720069,0.0042321775333926115,0.0042321775333926115,0.0042321775333926115,0.0025624314893749832
2025-09-09,0.0007817592034166839,0.0011726388051250258,0.0011726388051250258,0.0011726388051250258,0.0
2025-09-10,0.0019561932484312666,0.0029342898726469,0.0029342898726469,0.0029342898726469,0.0
2025-09-11,0.005887243543722942,0.008830865315584413,0.008830865315584413,0.008830865315584413,0.0
2025-09-12,-0.00243321478076306,-0.00364982217114459,-0.00364982217114459,-0.00364982217114459,0.0
2025-09-15,0.0018225393205747082,0.0027338089808620625,0.0027338089808620625,0.0027338089808620625,0.0
2025-09-16,0.0005660552376796153,0.000849082856519423,0.000849082856519423,0.000849082856519423,0.0
2025-09-17,0.0001654851528935852,0.0005035201060037186,0.0005035201060037186,0.0005035201060037186,-0.0005105847533266817
2025-09-18,0.0028198156152759554,0.004430038895897448,0.004430038895897448,0.004430038895897448,-0.00040063094596702874
2025-09-19,0.0012961559001193558,0.0014138724875685238,0.0014138724875685238,0.0014138724875685238,0.0010607227252210194
2025-09-22,0.0034912553622033974,0.004371561496642029,0.004371561496642029,0.004371561496642029,0.0017306430933261342
2025-09-23,0.0003857486897671662,0.00014304727835341425,0.00014304727835341425,0.00014304727835341425,0.0008711515125946701
2025-09-24,-0.002181204785530921,-0.003271807178296382,-0.003271807178296382,-0.003271807178296382,0.0
2025-09-25,-0.0019829752431632284,-0.0029744628647448423,-0.0029744628647448423,-0.0029744628647448423,0.0
2025-09-26,0.003948590285940486,0.005922885428910729,0.005922885428910729,0.005922885428910729,0.0
2025-09-29,0.001992699092052404,0.0029890486380786062,0.0029890486380786062,0.0029890486380786062,0.0
2025-09-30,0.0019432768276810657,0.0029149152415215984,0.0029149152415215984,0.0029149152415215984,0.0
2025-10-01,0.0031635678263758275,0.004745351739563741,0.004745351739563741,0.004745351739563741,0.0
2025-10-02,0.0003645707136399408,0.0005468560704599112,0.0005468560704599112,0.0005468560704599112,0.0
2025-10-03,0.0022059024741904205,0.0033088537112856307,0.0033088537112856307,0.0033088537112856307,0.0
2025-10-06,0.0022940028183873642,0.003441004227581046,0.003441004227581046,0.003441004227581046,0.0
2025-10-07,-0.000913666656859265,-0.0013704999852888976,-0.0013704999852888976,-0.0013704999852888976,0.0
2025-10-08,0.0036156692952323747,0.005423503942848562,0.005423503942848562,0.005423503942848562,0.0
2025-10-09,-0.003083365044690182,-0.005635449421992578,-0.0036146457120779683,-0.005635449421992578,0.0
2025-10-10,-0.012995200855894845,-0.018987916283245164,-0.019997686284439365,-0.018987916283245164,0.0
2025-10-13,0.009013507272453937,0.014735313105711745,0.012305208711650062,0.014735313105711745,0.0
2025-10-14,0.001225812034960757,0.0021957775135724835,0.0014816585913097868,0.0021957775135724835,0.0
2025-10-15,0.0025760892310057334,0.0047307540250074555,0.0029975136680097437,0.0047307540250074555,0.0
2025-10-16,-0.003998041144978356,-0.004827697870180991,-0.007166425564754076,-0.004827697870180991,0.0
2025-10-17,0.0016329066467401585,0.001508507183761909,0.003390212756458566,0.001508507183761909,0.0
2025-10-20,0.007996170392107723,0.013814354307614195,0.010174156868708973,0.013814354307614195,0.0
2025-10-21,-0.001871244624261337,-0.006020311566725079,0.0004065776939410681,-0.006020311566725079,0.0
2025-10-22,-0.0022191493271724277,-0.0033234211933408806,-0.003334026788176403,-0.0033234211933408806,0.0
2025-10-23,0.003598312574021234,0.0055975867801516975,0.005197350941912005,0.0055975867801516975,0.0
2025-10-24,0.003770118022633795,0.005487535398400611,0.005822818669500773,0.005487535398400611,0.0
2025-10-27,0.0037687264039626966,0.00426111308100482,0.00704506613088327,0.00426111308100482,0.0
2025-10-28,-0.0003581085482739462,-0.0008954643418288777,-0.00017886130299296087,-0.0008954643418288777,0.0
2025-10-29,-0.0019754105769365575,-0.003152479286053611,-0.0027737524447560614,-0.003152479286053611,0.0
2025-10-30,-0.002656511898737731,-0.003667570330385184,-0.004301965365828009,-0.003667570330385184,0.0
2025-10-31,0.0011554818975501554,0.001733222846325233,0.001733222846325233,0.001733222846325233,0.0
2025-11-03,-3.26773278665445e-05,-4.901599179981675e-05,-4.901599179981675e-05,-4.901599179981675e-05,0.0
2025-11-04,-0.00650954374292978,-0.00976431561439467,-0.00976431561439467,-0.00976431561439467,0.0
2025-11-05,0.0029070693805286706,0.004360604070793006,0.004360604070793006,0.004360604070793006,0.0
2025-11-06,-0.0039612235809834825,-0.005941835371475223,-0.005941835371475223,-0.005941835371475223,0.0
2025-11-07,0.0018446220097610543,0.0027669330146415814,0.0027669330146415814,0.0027669330146415814,0.0
2025-11-10,0.008620901145755614,0.01293135171863342,0.01293135171863342,0.01293135171863342,0.0
2025-11-11,0.0035299727665983435,0.0052949591498975155,0.0052949591498975155,0.0052949591498975155,0.0
2025-11-12,0.002277139996384673,0.0034157099945770096,0.0034157099945770096,0.0034157099945770096,0.0
2025-11-13,-0.00892018149616384,-0.013380272244245761,-0.013380272244245761,-0.013380272244245761,0.0
2025-11-14,-0.0013292561998387612,-0.001993884299758142,-0.001993884299758142,-0.001993884299758142,0.0
2025-11-17,-0.007477749411903733,-0.0112166241178556,-0.0112166241178556,-0.0112166241178556,0.0
2025-11-18,-0.0016887224925834943,-0.0025330837388752416,-0.0025330837388752416,-0.0025330837388752416,0.0
2025-11-19,0.00041711327799611727,0.0006256699169941759,0.0006256699169941759,0.0006256699169941759,0.0
2025-11-20,-0.007942901074456868,-0.011914351611685303,-0.011914351611685303,-0.011914351611685303,0.0
2025-11-21,0.00669949563182309,0.010049243447734635,0.010049243447734635,0.010049243447734635,0.0
2025-11-24,0.0075839751949319245,0.011362308957119826,0.011362308957119826,0.011362308957119826,2.7307670556120377e-05
2025-11-25,0.006464051840943511,0.0085657190492598,0.0085657190492598,0.0085657190492598,0.0022607174243109316
2025-11-26,0.004509731174191226,0.006874821025477218,0.006874821025477218,0.006874821025477218,-0.00022044852838075667
2025-11-28,0.0036442588660697685,0.0057094164551949825,0.0057094164551949825,0.0057094164551949825,-0.00048605631218066046
2025-12-01,-0.003790451122472442,-0.004937182793762452,-0.004937182793762452,-0.004937182793762452,-0.0014969877798924225
2025-12-02,-0.0004394841911382582,-0.0003597902430714228,-0.0003597902430714228,-0.0003597902430714228,-0.0005988720872719289
2025-12-03,0.005085511628678038,0.0073950433137796034,0.0073950433137796034,0.0073950433137796034,0.0004664482584749052
2025-12-04,0.00011553482235115613,0.0005537536853765345,0.0005537536853765345,0.0005537536853765345,-0.0007609029036996007
2025-12-05,-0.00035117865869966903,-0.0003188391316330197,-0.0003188391316330197,-0.0003188391316330197,-0.0004158577128329677
2025-12-08,-0.002657868578408192,-0.0033897768225788273,-0.0033897768225788273,-0.0033897768225788273,-0.0011940520900669215
2025-12-09,-0.000300531258249348,3.4573165671736295e-05,3.4573165671736295e-05,3.4573165671736295e-05,-0.0009707401060915166
2025-12-10,0.006090587733880485,0.008409022834879187,0.008409022834879187,0.008409022834879187,0.0014537175318830808
2025-12-11,0.003752795613791878,0.005155938816624417,0.005155938816624417,0.005155938816624417,0.0009465092081268001
2025-12-12,-0.005791253168838144,-0.008843148788128741,-0.008843148788128741,-0.008843148788128741,0.0003125380697430513
2025-12-15,-0.0006056472099804792,-0.0015705500143370354,-0.0015705500143370354,-0.0015705500143370354,0.0013241583987326333
2025-12-16,-0.004061337590240802,-0.00544177974123472,-0.00544177974123472,-0.00544177974123472,-0.0013004532882529673
2025-12-17,-0.002668932891066766,-0.003912533983064048,-0.003912533983064048,-0.003912533983064048,-0.00018173070707220296
2025-12-18,0.0021919446312441103,0.0032489080768120073,0.0032489080768120073,0.0032489080768120073,7.801774010831596e-05
2025-12-19,0.00456861005391529,0.0065182970476048594,0.0065182970476048594,0.0065182970476048594,0.0006692360665361497
2025-12-22,0.005718311774520084,0.008247882704627719,0.008247882704627719,0.008247882704627719,0.0006591699143048135
2025-12-23,0.002052169099466231,0.0031780587738122644,0.0031780587738122644,0.0031780587738122644,-0.0001996102492258345
2025-12-24,0.0019556164090844892,0.0026721175540602494,0.0026721175540602494,0.0026721175540602494,0.0005226141191329691
2025-12-26,8.846788373944037e-05,5.247740744194207e-05,5.247740744194207e-05,5.247740744194207e-05,0.00016044883633443697
2025-12-29,-0.004133933455914203,-0.006124006728947151,-0.006124006728947151,-0.006124006728947151,-0.00015378690984830802
2025-12-30,-0.0009320414522351883,-0.0013563414149857511,-0.0013563414149857511,-0.0013563414149857511,-8.344152673406269e-05
2025-12-31,-0.005017770690121796,-0.007244031715261723,-0.007244031715261723,-0.007244031715261723,-0.0005652486398419421
2026-01-02,0.0035669293070203687,0.005121074225681033,0.005121074225681033,0.005121074225681033,0.00045863946969904035
2026-01-05,0.008074859193617404,0.012263406079893024,0.012263406079893024,0.012263406079893024,-0.0003022345789338354
2026-01-06,0.004554918024937801,0.005848753557781472,0.005848753557781472,0.005848753557781472,0.001967246959250457
2026-01-07,-0.0019216606689466196,-0.003379046646996253,-0.003379046646996253,-0.003379046646996253,0.000993111287152648
2026-01-08,0.001164602148634464,0.0022291858866192006,0.0022291858866192006,0.0022291858866192006,-0.0009645653273350097
2026-01-09,0.0032129710385239893,0.005075586170810597,0.005075586170810597,0.005075586170810597,-0.0005122592260492276
2026-01-12,0.0009936386260160912,0.0014682105228128405,0.0014682105228128405,0.0014682105228128405,4.449483242259244e-05
2026-01-13,-0.0016594806591107274,-0.002285893183548249,-0.002285893183548249,-0.002285893183548249,-0.00040665561023568443
2026-01-14,0.0017589653386446136,0.0022811702319248672,0.0022811702319248672,0.0022811702319248672,0.0007145555520841063
2026-01-15,0.0004055157040331214,0.0008933361582631694,0.0008933361582631694,0.0008933361582631694,-0.0005701252044269745
2026-01-16,-0.0013800185628895254,-0.0016813972311035875,-0.0016813972311035875,-0.0016813972311035875,-0.000777261226461401
2026-01-20,-0.006669083436425901,-0.009894465612686375,-0.009894465612686375,-0.009894465612686375,-0.0002183190839049498
2026-01-21,0.01002941997977131,0.014063570142290382,0.014063570142290382,0.014063570142290382,0.0019611196547331677
2026-01-22,0.004525332312715384,0.006612371950006213,0.004770187077877686,0.006612371950006213,0.0021934379102622526
2026-01-23,-0.0010292464574921537,-0.0015742418788768254,-0.002948772377034281,-0.0015742418788768254,0.0014352748834346452
2026-01-26,0.0034783933496753167,0.004990237137312725,0.003527352375952164,0.004990237137312725,0.0019175905357610601
2026-01-27,0.0013654482593409992,0.0024291273665889013,-2.4066865608685095e-05,0.0024291273665889013,0.0016912842770427817
2026-01-28,0.0028469492210705014,0.004254570912531919,0.0003772360630413862,0.004254570912531919,0.003909040687638199
2026-01-29,-5.503875209007524e-05,-0.0003833346868467258,-0.0006542818610026701,-0.0003833346868467258,0.0008725002915791702
2026-01-30,-0.009150968596393978,-0.014560044740391898,-0.004285799465831863,-0.014560044740391898,-0.008607061582958176
2026-02-02,-0.0007095308481234148,-0.00039182974107991874,0.003613116170895314,-0.00039182974107991874,-0.00534987897418564
2026-02-03,0.002978023091105638,0.003200998046397607,-0.0028411596686014227,0.003200998046397607,0.00857423089552073
2026-02-04,0.00014332747668541014,-0.0014061524389252678,-0.0015908631286412733,-0.0014061524389252678,0.0034269979976227715
2026-02-05,-0.008405375708327044,-0.012226730091340177,-0.00838998938867963,-0.012226730091340177,-0.004599407644961329
2026-02-06,0.015928628818043408,0.02296617888545116,0.01790099109641794,0.02296617888545116,0.006918716472261122
2026-02-09,0.0032659842059855654,0.005339661623128012,0.0020669793255126633,0.005339661623128012,0.0023913116693160207
2026-02-10,-0.002028016411307017,-0.0027253666154092083,-0.0016221375859066134,-0.0027253666154092083,-0.00173654503260523
2026-02-11,0.0017069502068164674,0.002264285058869975,-0.0014796770453659124,0.002264285058869975,0.00433624260694534
2026-02-12,-0.0105153050943999,-0.015692959318386056,-0.0104012844401829,-0.015692959318386056,-0.005451671524630742
2026-02-13,0.0052472237376101445,0.006691559971924299,0.004806285459789716,0.006691559971924299,0.004243825781116417
2026-02-17,-0.0030121483270510933,-0.0030326741528353017,-0.0015925243525867993,-0.0030326741528353017,-0.004411246475731179
2026-02-18,0.0060116342687374395,0.007593521205929865,0.006085477060368616,0.007593521205929865,0.004355904539913835
2026-02-19,-0.0007010021333187548,-0.001426232979898856,-0.001426232979898856,-0.001426232979898856,0.0007494595598414478
2026-02-20,0.002781392682057715,0.004123733278980535,0.003072455115600792,0.004123733278980535,0.0011479896515918186
2026-02-23,-0.0034439312353953255,-0.005789167387098115,-0.008832948346647562,-0.005789167387098115,0.004290322027559701
2026-02-24,0.002309795761687979,0.0037372402344546087,0.005091303167426497,0.0037372402344546087,-0.001899156116817169
2026-02-25,0.003958773071472103,0.0063644209356694455,0.006205371476253674,0.0063644209356694455,-0.0006934731975068109
2026-02-26,-2.9634855346386917e-05,-7.858351822697119e-05,-0.0009361724336591437,-7.858351822697119e-05,0.0009258513858469541
2026-02-27,-0.00036285822136781246,-0.0019378822838437616,-0.0038101861087150744,-0.0019378822838437616,0.004659493728455399
2026-03-02,0.0013633166990015266,0.002566195103806468,-0.0007286656735857155,0.002566195103806468,0.0022524206667838276
2026-03-03,-0.008891513260200039,-0.012772706610373186,-0.007399836092504863,-0.012772706610373186,-0.006501997077722066
2026-03-04,0.004072524438903254,0.00600989353398953,0.005811943411347298,0.00600989353398953,0.0003957363713729345
2026-03-05,-0.005838883286997216,-0.007758637234537335,-0.007072970673224798,-0.007758637234537335,-0.0026850419532295166
2026-03-06,-0.00614684621970241,-0.008827184278107336,-0.010569779834657655,-0.008827184278107336,0.000956425453657761
2026-03-09,0.004623886688240076,0.006425024738081553,0.007073926473304004,0.006425024738081553,0.00037270885333466895
2026-03-10,-0.002086778127356311,-0.002770385149232579,-0.0026199420759975833,-0.002770385149232579,-0.0008700071568387702
2026-03-11,-0.0004978267386556121,-0.0006488019979695503,-0.002791809618901109,-0.0006488019979695503,0.001947131400903823
2026-03-12,-0.009517542476662604,-0.01339636481411518,-0.012361121100841265,-0.01339636481411518,-0.002795141515031363
2026-03-13,-0.0027853475169947518,-0.0040548159874586156,-0.003091501048056222,-0.0040548159874586156,-0.0012097255154694176
2026-03-16,0.005638629505639248,0.00805070590942042,0.007793046992651309,0.00805070590942042,0.001072135614846015
2026-03-17,0.0014284456655905978,0.0027558506196136865,0.0016351213523332242,0.0027558506196136865,-0.00010563497517511733
2026-03-18,-0.010900002364444286,-0.013932809396135514,-0.01379608043636471,-0.013932809396135514,-0.004971117260832636
2026-03-19,-0.0029780177409865012,-0.0022261712253072276,-0.003817818300658404,-0.0022261712253072276,-0.002890063696993872
2026-03-20,-0.010889010085084713,-0.014369114447923848,-0.014284885797415992,-0.014369114447923848,-0.004013030009914298
2026-03-23,0.0042951704787338825,0.007560375264083263,0.006363945917256042,0.007560375264083263,-0.0010388097451376587
2026-03-24,0.0013227357650000863,0.00040649952616391707,-0.0016226854300102956,0.00040649952616391707,0.005184393198846638
2026-03-25,0.008330151385170384,0.008182222102893266,0.008626009949724622,0.008182222102893266,0.008182222102893266
2026-03-26,-0.01455165114849885,-0.014028839367950519,-0.01559727470959551,-0.014028839367950519,-0.014028839367950519
2026-03-27,-0.009223459550307194,-0.008659957781717742,-0.010350463087486095,-0.008659957781717742,-0.008659957781717742
2026-03-30,-0.0020444169221379665,-0.002364111099127175,-0.0014050285681595498,-0.002364111099127175,-0.002364111099127175
2026-03-31,0.02345198838475293,0.023075402131342636,0.02420516089157352,0.023075402131342636,0.023075402131342636
2026-04-01,0.004689757962793887,0.003443702242615998,0.007181869403149665,0.003443702242615998,0.003443702242615998
2026-04-02,0.00017759702366028826,0.0003358714429486098,-0.0001389518149163549,0.0003358714429486098,0.0003358714429486098
2026-04-06,0.0027071236402856987,0.002949037469307325,0.002223295982242446,0.002949037469307325,0.002949037469307325
2026-04-07,0.0022574501430260704,0.002525544527948076,0.0017212613731820592,0.002525544527948076,0.002525544527948076
2026-04-08,0.01783590016308613,0.016666794371324744,0.0201741117466089,0.016666794371324744,0.016666794371324744
2026-04-09,0.002390034463413841,0.00197659990426271,0.0032169035817161016,0.00197659990426271,0.00197659990426271
2026-04-10,-0.0036542163759586375,-0.00388097518259044,-0.0032006987626950313,-0.00388097518259044,-0.00388097518259044
2026-04-13,0.008447460101418008,0.00854698017680564,0.008248419950642738,0.00854698017680564,0.00854698017680564
2026-04-14,0.008932861218325979,0.008255807000297943,0.01028696965438205,0.008255807000297943,0.008255807000297943
2026-04-15,0.0016471790425532154,0.002100415244745868,0.0007407066381679095,0.002100415244745868,0.002100415244745868
2026-04-16,0.0014113475207330826,0.001964891953216974,0.00030425865576529933,0.001964891953216974,0.001964891953216974
2026-04-17,0.00882465893030783,0.009771692425221223,0.006930591940481045,0.009771692425221223,0.009771692425221223
2026-04-20,-0.0014115059861357045,-0.0011290366236431538,-0.0019764447111208063,-0.0011290366236431538,-0.0011290366236431538
2026-04-21,-0.0057108816743401064,-0.006150949343255041,-0.004830746336510238,-0.006150949343255041,-0.006150949343255041
2026-04-22,0.007742104461142127,0.009156606929151979,0.004913099525122422,0.009156606929151979,0.009156606929151979
2026-04-23,-0.002912559273278418,-0.004368838909917627,0.0,-0.004368838909917627,-0.004368838909917627
2026-04-24,0.0027402669375531153,0.004110400406329673,0.0,0.004110400406329673,0.004110400406329673
2026-04-27,-0.00042983841677533,-0.000644757625162995,0.0,-0.000644757625162995,-0.000644757625162995
2026-04-28,-0.002792795162999699,-0.004189192744499548,0.0,-0.004189192744499548,-0.004189192744499548
2026-04-29,3.411828090098545e-05,5.117742135147818e-05,0.0,5.117742135147818e-05,5.117742135147818e-05
2026-04-30,0.007356382468778307,0.01103457370316746,0.0,0.01103457370316746,0.01103457370316746
2026-05-01,0.0005316753913885863,0.0007975130870828794,0.0,0.0007975130870828794,0.0007975130870828794
2026-05-04,-0.003228020171080629,-0.004842030256620944,0.0,-0.004842030256620944,-0.004842030256620944
2026-05-05,0.005742251224976084,0.008613376837464127,0.0,0.008613376837464127,0.008613376837464127
2026-05-06,0.006057953557697671,0.009086930336546506,0.0,0.009086930336546506,0.009086930336546506
2026-05-07,-0.004026457671074472,-0.006039686506611708,0.0,-0.006039686506611708,-0.006039686506611708
2026-05-08,0.004276346011379591,0.006414519017069386,0.0,0.006414519017069386,0.006414519017069386
2026-05-11,0.0028499145730839074,0.004274871859625861,0.0,0.004274871859625861,0.004274871859625861
2026-05-12,-0.0006219310176169686,-0.0009328965264254529,0.0,-0.0009328965264254529,-0.0009328965264254529
2026-05-13,0.000804964916938918,0.001207447375408377,0.0,0.001207447375408377,0.001207447375408377
2026-05-14,0.0033594246002932072,0.005039136900439811,0.0,0.005039136900439811,0.005039136900439811
2026-05-15,-0.0072100286638262295,-0.010815042995739344,0.0,-0.010815042995739344,-0.010815042995739344
2026-05-18,0.0012777701663935067,0.00191665524959026,0.0,0.00191665524959026,0.00191665524959026
2026-05-19,-0.0032532683733257645,-0.004879902559988647,0.0,-0.004879902559988647,-0.004879902559988647
2026-05-20,0.006505248911609033,0.00975787336741355,0.0,0.00975787336741355,0.00975787336741355
2026-05-21,0.0018017812941149385,0.0027026719411724076,0.0,0.0027026719411724076,0.0027026719411724076
2026-05-22,0.0035493470205071767,0.005324020530760765,0.0,0.005324020530760765,0.005324020530760765
2026-05-26,0.002319880037433116,0.003479820056149674,0.0,0.003479820056149674,0.003479820056149674
2026-05-27,-0.0023088881778547806,-0.003463332266782171,0.0,-0.003463332266782171,-0.003463332266782171
2026-05-28,0.0039456673274570996,0.005918500991185649,0.0,0.005918500991185649,0.005918500991185649
2026-05-29,0.001750287347645522,0.002625431021468283,0.0,0.002625431021468283,0.002625431021468283
2026-06-01,0.00136375554039944,0.00204563331059916,0.0,0.00204563331059916,0.00204563331059916
2026-06-02,0.002599992227288661,0.0038999883409329915,0.0,0.0038999883409329915,0.0038999883409329915
2026-06-03,-0.0032738179549104186,-0.004910726932365628,0.0,-0.004910726932365628,-0.004910726932365628
2026-06-04,0.005528935468899669,0.008293403203349503,0.0,0.008293403203349503,0.008293403203349503
2026-06-05,-0.01608754704924713,-0.024131320573870695,0.0,-0.024131320573870695,-0.024131320573870695
2026-06-08,0.003119504092971733,0.0046792561394576,0.0,0.0046792561394576,0.0046792561394576
2026-06-09,-0.002220554397140388,-0.003330831595710582,0.0,-0.003330831595710582,-0.003330831595710582
2026-06-10,-0.008789861666656481,-0.013184792499984721,0.0,-0.013184792499984721,-0.013184792499984721
2026-06-11,0.011757236357691629,0.017635854536537442,0.0,0.017635854536537442,0.017635854536537442
2026-06-12,0.003566835821380243,0.0053502537320703645,0.0,0.0053502537320703645,0.0053502537320703645
2026-06-15,0.006281571881340583,0.009422357822010874,0.0,0.009422357822010874,0.009422357822010874
2026-06-16,-0.0023934170907294588,-0.003590125636094188,0.0,-0.003590125636094188,-0.003590125636094188
2026-06-17,-0.00646867829426252,-0.00970301744139378,0.0,-0.00970301744139378,-0.00970301744139378
2026-06-18,0.003583366808154246,0.005375050212231369,0.0,0.005375050212231369,0.005375050212231369
2026-06-22,0.0016215167651579526,0.002432275147736929,0.0,0.002432275147736929,0.002432275147736929
2026-06-23,-0.006140316107502282,-0.009210474161253424,0.0,-0.009210474161253424,-0.009210474161253424
2026-06-24,-0.0020486126674530572,-0.003072919001179586,0.0,-0.003072919001179586,-0.003072919001179586
2026-06-25,0.0037096101297375175,0.005564415194606276,0.0,0.005564415194606276,0.005564415194606276
2026-06-26,-1.8850087651382335e-05,-2.82751314770735e-05,0.0,-2.82751314770735e-05,-2.82751314770735e-05
2026-06-29,0.0038515619020066914,0.005777342853010037,0.0,0.005777342853010037,0.005777342853010037
2026-06-30,0.0015061915939696229,0.002259287390954434,0.0,0.002259287390954434,0.002259287390954434
2026-07-01,-0.0016716369472086436,-0.002507455420812965,0.0,-0.002507455420812965,-0.002507455420812965
2026-07-02,0.0019037116837497057,0.0028555675256245585,0.0,0.0028555675256245585,0.0028555675256245585
2026-07-06,0.0036571353508370705,0.005485703026255606,0.0,0.005485703026255606,0.005485703026255606
2026-07-07,-0.002659768904394307,-0.0039896533565914605,0.0,-0.0039896533565914605,-0.0039896533565914605
2026-07-08,-0.00218515129552348,-0.00327772694328522,0.0,-0.00327772694328522,-0.00327772694328522
2026-07-09,0.004630164220209824,0.006945246330314736,0.0,0.006945246330314736,0.006945246330314736
2026-07-10,0.0003208667553270095,0.0004813001329905142,0.0,0.0004813001329905142,0.0004813001329905142
2026-07-13,-0.0035874181450450036,-0.005381127217567505,0.0,-0.005381127217567505,-0.005381127217567505
2026-07-14,0.002191649594495308,0.0032874743917429617,0.0,0.0032874743917429617,0.0032874743917429617
2026-07-15,-0.00012490788910347235,-0.00018736183365520854,0.0,-0.00018736183365520854,-0.00018736183365520854
2026-07-16,-0.002161476479229359,-0.0032422147188440388,0.0,-0.0032422147188440388,-0.0032422147188440388
2026-07-17,-0.0024488995341364283,-0.0036733493012046426,0.0,-0.0036733493012046426,-0.0036733493012046426
2026-07-20,-0.0021168473219254154,-0.0031752709828881233,0.0,-0.0031752709828881233,-0.0031752709828881233
2026-07-21,0.0074114802334330696,0.011117220350149604,0.0,0.011117220350149604,0.011117220350149604
2026-07-22,-0.00025275689706014684,-0.00037913534559022024,0.0,-0.00037913534559022024,-0.00037913534559022024
2026-07-23,-0.004584362467542169,-0.006876543701313254,0.0,-0.006876543701313254,-0.006876543701313254
2026-07-24,-8.270724630625726e-05,-0.0001240608694593859,0.0,-0.0001240608694593859,-0.0001240608694593859
2026-07-27,0.000425688828394799,0.0006385332425921985,0.0,0.0006385332425921985,0.0006385332425921985
2026-07-28,7.896540118696264e-05,0.00011844810178044396,0.0,0.00011844810178044396,0.00011844810178044396
2026-07-29,-0.0077005494535300695,-0.011550824180295105,0.0,-0.011550824180295105,-0.011550824180295105
2026-07-30,0.0093898931645041,0.01408483974675615,0.0,0.01408483974675615,0.01408483974675615
2026-07-31,-0.00042337630587159226,-0.0006350644588073884,0.0,-0.0006350644588073884,-0.0006350644588073884
2026-08-03,0.004956831028287278,0.007435246542430917,0.0,0.007435246542430917,0.007435246542430917
2026-08-04,0.01034310859150478,0.015514662887257169,0.0,0.015514662887257169,0.015514662887257169
2026-08-05,0.002071026636474379,0.0019282475343267546,0.0,0.004284832375096382,0.0019282475343267546
2026-08-06,-0.0004671787196697845,-0.0014377505697597327,0.0,3.6214410750379235e-05,-0.0014377505697597327
2026-08-07,0.004255440973122893,0.006383161459684339,0.0,0.006383161459684339,0.006383161459684339
2026-08-10,0.0048936669323585685,0.005019929112029642,0.004641142573016422,0.005019929112029642,0.005019929112029642
2026-08-11,0.0001689952512200647,-1.96643384476336e-05,0.0005463144305554613,-1.96643384476336e-05,-1.96643384476336e-05
2026-08-12,0.0041570304757537315,0.004534965745789621,0.003401159935681952,0.004534965745789621,0.004534965745789621
2026-08-13,0.002333515395355505,0.0029813274100937816,0.0010378913658789513,0.0029813274100937816,0.0029813274100937816
2026-08-14,-0.00022291749607552904,0.0001708706007776839,-0.001010493689781955,0.0001708706007776839,0.0001708706007776839
2026-08-17,-0.00124601522236506,-0.00124601522236506,-0.00124601522236506,-0.00124601522236506,-0.00124601522236506
2026-08-18,-0.003854624108787464,-0.0038546241087874635,-0.0038546241087874635,-0.0038546241087874635,-0.0038546241087874635
2026-08-19,0.008047860367786793,0.007923241626063037,0.008297097851234303,0.007923241626063037,0.007923241626063037
2026-08-20,-0.008262966224304369,-0.007464154048715488,-0.009860590575482131,-0.007464154048715488,-0.007464154048715488
2026-08-21,0.005830107165704538,0.006272760035080494,0.004944801426952627,0.006272760035080494,0.006272760035080494
2026-08-24,-0.0014268397986929692,-0.0015564151336803999,-0.001167689128718108,-0.0015564151336803999,-0.0015564151336803999
2026-08-25,0.002748360111936621,0.002856167097094975,0.0025327461416199126,0.002856167097094975,0.002856167097094975
2026-08-26,-0.00131283994359697,-0.001838454904118103,-0.00026161002255470356,-0.001838454904118103,-0.001838454904118103
2026-08-27,0.0037767246078530214,0.0037537362338978418,0.0038227013557633805,0.0037537362338978418,0.0037537362338978418
2026-08-28,-0.006591707608686159,-0.006591707608686159,-0.006591707608686159,-0.006591707608686159,-0.006591707608686159
2026-08-31,-0.0006250372627617295,-0.0006250372627617295,-0.0006250372627617295,-0.0006250372627617295,-0.0006250372627617295
2026-09-01,-0.007574262921900232,-0.007574262921900232,-0.007574262921900232,-0.007574262921900232,-0.007574262921900232
2026-09-02,0.0060525771805974736,0.0060525771805974736,0.0060525771805974736,0.0060525771805974736,0.0060525771805974736
2026-09-03,0.007084061451608163,0.008113186691955487,0.005025810970913513,0.008113186691955487,0.008113186691955487
2026-09-04,-0.0020809819798497534,-0.00312147296977463,0.0,-0.00312147296977463,-0.00312147296977463
2026-09-08,-0.004291159412755552,-0.006436739119133328,0.0,-0.006436739119133328,-0.006436739119133328
2026-09-09,-0.001630386223119425,-0.0024455793346791375,0.0,-0.0024455793346791375,-0.0024455793346791375
2026-09-10,-0.006054193831709946,-0.009081290747564918,0.0,-0.009081290747564918,-0.009081290747564918
2026-09-11,0.00397337234629589,0.005960058519443834,0.0,0.005960058519443834,0.005960058519443834
2026-09-14,-0.0032830854261136186,-0.004924628139170428,0.0,-0.004924628139170428,-0.004924628139170428
2026-09-15,-0.0005793888770448433,-0.000869083315567265,0.0,-0.000869083315567265,-0.000869083315567265
2026-09-16,-0.004485531985267436,-0.006728297977901154,0.0,-0.006728297977901154,-0.006728297977901154
2026-09-17,0.006857187638583354,0.010285781457875032,0.0,0.010285781457875032,0.010285781457875032
2026-09-18,0.00025030603969836325,0.00037545905954754487,0.0,0.00037545905954754487,0.00037545905954754487
2026-09-21,0.004972383266723098,0.0074585749000846465,0.0,0.0074585749000846465,0.0074585749000846465
2026-09-22,-0.00045858742386058285,-0.00042330362355302853,-0.0005291550244756916,-0.00042330362355302853,-0.00042330362355302853
