date,ensemble,buy_and_hold,seed_0,seed_1,seed_2,seed_3,seed_4,seed_5,seed_6,seed_7,seed_8
2012-01-03,0.00910711088353051,0.015814354986661828,0.017315406137488876,0.015814354986661828,0.015814354986661828,0.0,0.015814354986661828,0.00023047276958494401,0.0011606990980534636,0.0,0.015814354986661828
2012-01-04,-0.000575538651816406,-0.0006767250457985763,0.0005122116373323382,-0.0006767250457985763,-0.0006767250457985763,0.0,-0.0006767250457985763,-0.0021886470737562226,-0.0007965122467294639,0.0,-0.0006767250457985763
2012-01-05,0.0024608587620195384,0.0036117032263065394,0.0037896588482886464,0.0036117032263065394,0.0036117032263065394,0.0,0.0036117032263065394,-0.00017795562198210657,0.004089212726643143,0.0,0.0036117032263065394
2012-01-06,-0.0006391590282653732,-0.0010575267485959162,-0.0018470027683642255,-0.0010575267485959162,-0.0010575267485959162,0.0,-0.0010575267485959162,0.0007894760197683093,-0.0004647975114087766,0.0,-0.0010575267485959162
2012-01-09,0.0005945751804867204,0.0009270019155892206,0.001103849357382991,0.0009270019155892206,0.0009270019155892206,0.0,0.0009270019155892206,-0.00012405871695346792,0.000663378321594077,0.0,0.0009270019155892206
2012-01-10,0.006107483361077377,0.008597998917408301,0.008766803756079656,0.008597998917408301,0.008597998917408301,0.0,0.008597998917408301,0.002196070111602666,0.009612480712380866,0.0,0.008597998917408301
2012-01-11,0.0014962434178763702,0.002747662148847141,0.0014460146790499229,0.002747662148847141,0.002747662148847141,0.0,0.002747662148847141,0.0010295274864488447,0.0,0.0,0.002747662148847141
2012-01-12,0.000842774259183829,0.0016633776950223278,0.001805229851507717,0.0016633776950223278,0.0016633776950223278,0.0,0.0016633776950223278,-0.00042437343905089576,-0.00044939885989166985,0.0,0.0016633776950223278
2012-01-13,-0.0022515606590796716,-0.0036533832700093027,-0.004647509338099454,-0.0036533832700093027,-0.0036533832700093027,0.0,-0.0036533832700093027,-0.0005015017567901903,-0.0005015017567901903,0.0,-0.0036533832700093027
2012-01-17,0.0015986619474105462,0.0038629609935028953,0.003399593786230071,0.0038629609935028953,0.0038629609935028953,0.0,0.0038629609935028953,-0.001260497386580639,-0.003202982846966096,0.0,0.0038629609935028953
2012-01-18,0.007047379055577114,0.00968011643898482,0.01089061227189796,0.00968011643898482,0.00968011643898482,0.0,0.00968011643898482,0.002924721200458824,0.01089061227189796,0.0,0.00968011643898482
2012-01-19,0.0020331685840004614,0.0026511971298798787,0.0040265792070581785,0.0026511971298798787,0.0026511971298798787,0.0,0.0026511971298798787,0.0005365412598292262,0.0031306082695972347,0.0,0.0026511971298798787
2012-01-20,0.0008047544777587993,0.001207131716638199,0.002339611235052319,0.001207131716638199,0.001207131716638199,0.0,0.001207131716638199,-0.00113247951841412,0.001207131716638199,0.0,0.001207131716638199
2012-01-23,0.0004076380197090667,0.0006114570295636002,0.001244062906732668,0.0006114570295636002,0.0006114570295636002,0.0,0.0006114570295636002,-0.0006326058771690679,0.0006114570295636002,0.0,0.0006114570295636002
2012-01-24,-0.0006545818072139758,-0.0010250265038222795,-0.0012056721293308703,-0.0010250265038222795,-0.0010250265038222795,0.0,-0.0010250265038222795,0.0004395683835164865,-0.0010250265038222795,0.0,-0.0010250265038222795
2012-01-25,0.0064604073632381675,0.009024249302669384,0.009264613332379313,0.009024249302669384,0.009024249302669384,0.0,0.009024249302669384,0.003757806423417276,0.009024249302669384,0.0,0.009024249302669384
2012-01-26,-0.0015957319839031653,-0.00260494686530931,-0.003930515056736239,-0.00260494686530931,-0.00260494686530931,0.0,-0.00260494686530931,0.002593661528154301,-0.00260494686530931,0.0,-0.00260494686530931
2012-01-27,0.0014945497814139131,0.001987597976098698,0.0016732370458683143,0.001987597976098698,0.001987597976098698,0.0,0.001987597976098698,0.0018397211063634123,0.001987597976098698,0.0,0.001987597976098698
2012-01-30,-0.0013105068077625497,-0.001827318305580028,-0.0030045013404759622,-0.001827318305580028,-0.001827318305580028,0.0,-0.001827318305580028,0.0003465315985131556,-0.001827318305580028,0.0,-0.001827318305580028
2012-01-31,0.0016552322983644583,0.0018484669411690136,0.0006934043682275237,0.0018484669411690136,0.0018484669411690136,0.0,0.0018484669411690136,0.0018484669411690136,0.004961351611207532,0.0,0.0018484669411690136
2012-02-01,0.005088858004724016,0.007442372709941925,0.008587858492806522,0.007442372709941925,0.007442372709941925,0.0,0.007442372709941925,0.007442372709941925,0.0,0.0,0.007442372709941925
2012-02-02,0.0019760808432691605,0.002941660954727865,0.0030764228157831195,0.002941660954727865,0.002941660954727865,0.0,0.002941660954727865,0.002941660954727865,0.0,0.0,0.002941660954727865
2012-02-03,0.005573271185715963,0.008359906778573945,0.008359906778573945,0.008359906778573945,0.008359906778573945,0.0,0.008359906778573945,0.008359906778573945,0.0,0.0,0.008359906778573945
2012-02-06,-0.000239943730529018,0.0002577159070128565,0.0002577159070128565,0.0002577159070128565,0.0002577159070128565,0.0,0.0002577159070128565,0.0002577159070128565,0.000922499256730247,0.0,-0.004370572366555692
2012-02-07,0.0016141836124405771,0.00203483896729596,0.00203483896729596,0.00203483896729596,0.00203483896729596,0.0,0.00203483896729596,0.00203483896729596,0.0006894393358721329,0.0,0.0036640183396132618
2012-02-08,0.0010417333981461658,0.0015957739320038079,0.0015957739320038079,0.0015957739320038079,0.0015957739320038079,0.0,0.0015957739320038079,0.0015957739320038079,-0.000629716817717696,0.0004306738090103401,0.0015957739320038079
2012-02-09,-0.00035626450586372246,-0.0005955156752486035,-0.0005955156752486035,-0.0005955156752486035,-0.0005955156752486035,0.0,-0.0005955156752486035,-0.0005955156752486035,-0.001558163504576604,0.0019248770032947228,-0.0005955156752486035
2012-02-10,-0.0038565983063408703,-0.005856631726522665,-0.005856631726522665,-0.005856631726522665,-0.005856631726522665,0.0,-0.005856631726522665,-0.005856631726522665,2.5901700452113373e-05,0.00040450390161603786,-0.005856631726522665
2012-02-13,0.005479806411793766,0.0069755363444759634,0.0069755363444759634,0.0069755363444759634,0.0069755363444759634,0.0,0.0069755363444759634,0.0069755363444759634,0.0017386932592512784,0.005726346380036829,0.0069755363444759634
2012-02-14,-0.00011916282624655125,-0.00015320934803128016,-0.00015320934803128016,-0.00015320934803128016,-0.00015320934803128016,0.0,-0.00015320934803128016,-0.00015320934803128016,-0.00015320934803128016,0.0,-0.00015320934803128016
2012-02-15,-0.0028812267241205497,-0.003704434359583564,-0.003704434359583564,-0.003704434359583564,-0.003704434359583564,0.0,-0.003704434359583564,-0.003704434359583564,-0.003704434359583564,0.0,-0.003704434359583564
2012-02-16,0.00726922441334522,0.009346145674300999,0.009346145674300999,0.009346145674300999,0.009346145674300999,0.0,0.009346145674300999,0.009346145674300999,0.009346145674300999,0.0,0.009346145674300999
2012-02-17,0.0004397646745827864,0.0005654117244635826,0.0005654117244635826,0.0005654117244635826,0.0005654117244635826,0.0,0.0005654117244635826,0.0005654117244635826,0.0005654117244635826,0.0,0.0005654117244635826
2012-02-21,0.000989752036623389,0.0011474358251831961,0.002023153378511322,0.0011474358251831961,0.0011474358251831961,0.0,0.0011474358251831961,0.0011474358251831961,0.0011474358251831961,0.0,0.0011474358251831961
2012-02-22,-0.0005273334610897788,-0.0007598450406919088,0.0,-0.0007598450406919088,-0.0007598450406919088,0.0,-0.0007598450406919088,-0.0007598450406919088,-0.0007598450406919088,-0.00018693090565655713,-0.0007598450406919088
2012-02-23,0.0037720342014697303,0.004849758259032511,0.0,0.004849758259032511,0.004849758259032511,0.0,0.004849758259032511,0.004849758259032511,0.004849758259032511,0.004849758259032511,0.004849758259032511
2012-02-24,0.0013226696748877924,0.001745260942657978,0.0,0.001745260942657978,0.001745260942657978,0.0,0.001745260942657978,0.001745260942657978,0.001745260942657978,0.001745260942657978,0.0014324614180422635
2012-02-27,0.0003414356080862503,0.0015494150095719528,0.0,0.0015494150095719528,0.0015494150095719528,0.0,0.0015494150095719528,0.0015494150095719528,0.0015494150095719528,-0.004674154575083511,0.0
2012-02-28,0.0019313912328039304,0.002962722671902629,0.0,0.002962722671902629,0.002962722671902629,0.0,0.002962722671902629,0.002962722671902629,0.002962722671902629,0.001284453867861113,0.001284453867861113
2012-02-29,-0.008772250304777567,-0.011278607534714014,0.0,-0.011278607534714014,-0.011278607534714014,0.0,-0.011278607534714014,-0.011278607534714014,-0.011278607534714014,-0.011278607534714014,-0.011278607534714014
2012-03-01,0.004037454130146301,0.00567338953071701,0.0,0.00567338953071701,0.00567338953071701,0.0,0.00567338953071701,0.00567338953071701,0.00567338953071701,0.0022967499870146456,0.00567338953071701
2012-03-02,-0.0020400151602620394,-0.00289272954036629,0.0,-0.00289272954036629,-0.00289272954036629,0.0,-0.00289272954036629,-0.00289272954036629,-0.00289272954036629,-0.003098786465488679,-0.0007977022750382257
2012-03-05,-0.0029299560634447165,-0.00476327767815099,0.0,-0.00476327767815099,-0.00476327767815099,0.0,-0.00476327767815099,-0.00476327767815099,-0.00476327767815099,-0.002553216180247497,0.0
2012-03-06,-0.007522377127449591,-0.01285404024305834,0.0,-0.01285404024305834,-0.01285404024305834,0.0,-0.01285404024305834,-0.01285404024305834,-0.01285404024305834,0.0,-0.003431192931754612
2012-03-07,0.004533468447438385,0.006243408269171524,0.003340766411916318,0.006243408269171524,0.006243408269171524,0.0,0.006243408269171524,0.006243408269171524,0.006243408269171524,0.0,0.006243408269171524
2012-03-08,0.005279594840254861,0.007807065385433043,0.004240513317564265,0.007807065385433043,0.007807065385433043,0.0,0.007807065385433043,0.007807065385433043,0.004240513317564265,0.0,0.007807065385433043
2012-03-09,0.0026956188258000563,0.004779030785889515,0.0,0.004779030785889515,0.004779030785889515,0.0,0.004779030785889515,0.004779030785889515,0.00036541550275293044,0.0,0.004779030785889515
2012-03-12,-0.0008858706900020515,-0.0013913982713299022,0.0,-0.0013913982713299022,-0.0013913982713299022,0.0,-0.0013913982713299022,-0.0013913982713299022,-1.7206782134537858e-05,-0.001347970464880044,-0.001042065877684273
2012-03-13,0.006635984221351041,0.012384585734986886,0.0,0.012384585734986886,0.012384585734986886,0.0,0.012384585734986886,0.012384585734986886,-0.0021990706827750618,0.012384585734986886,0.0
2012-03-14,-0.0034188976436744173,-0.0051208484136539886,0.0,-0.0051208484136539886,-0.0051208484136539886,0.0,-0.0051208484136539886,-0.0051208484136539886,-0.0051658367247998105,-0.0051208484136539886,0.0
2012-03-15,0.003220361651365492,0.005544313064673489,0.0,0.005544313064673489,0.005544313064673489,0.0,0.005544313064673489,0.005544313064673489,0.001261689538921984,0.005544313064673489,0.0
2012-03-16,0.0012676433834936318,0.0019397469364536568,0.0,0.0019397469364536568,0.0019397469364536568,0.0,0.0019397469364536568,0.0019397469364536568,0.001710055769174401,0.0019397469364536568,0.0
2012-03-19,0.0013910558457425194,0.002615759536351159,0.0,0.002615759536351159,0.002615759536351159,0.0,0.002615759536351159,0.002615759536351159,-0.0005592950700731181,0.002615759536351159,0.0
2012-03-20,-0.002249327525561411,-0.0036472511040644084,0.0,-0.0036472511040644084,-0.0036472511040644084,0.0,-0.0036472511040644084,-0.0036472511040644084,-0.0020076922097306605,-0.0036472511040644084,0.0
2012-03-21,-0.0006767376437958204,-0.0010068362071657734,0.0,-0.0010068362071657734,-0.0010068362071657734,0.0,-0.0010068362071657734,-0.0010068362071657734,-0.0010564577583335177,-0.0010068362071657734,0.0
2012-03-22,-0.004221894404347831,-0.0067418981165259465,0.0,-0.0067418981165259465,-0.0067418981165259465,0.0,-0.0067418981165259465,-0.0067418981165259465,-0.004287559056500745,-0.0067418981165259465,0.0
2012-03-23,0.003954150723647252,0.005971497647010782,0.0,0.005971497647010782,0.005971497647010782,0.0,0.005971497647010782,0.005971497647010782,0.005729868277771355,0.005971497647010782,0.0
2012-03-26,0.00879232363011974,0.01318848544517961,0.0,0.01318848544517961,0.01318848544517961,0.0,0.01318848544517961,0.01318848544517961,0.01318848544517961,0.01318848544517961,0.0
2012-03-27,-0.001969254412227084,-0.002953881618340626,0.0,-0.002953881618340626,-0.002953881618340626,0.0,-0.002953881618340626,-0.002953881618340626,-0.002953881618340626,-0.002953881618340626,0.0
2012-03-28,-0.0028314813947405795,-0.004773205446445617,0.0,-0.004773205446445617,-0.004773205446445617,0.0,-0.004773205446445617,-0.004773205446445617,-0.0016173053204371346,-0.004773205446445617,0.0
2012-03-29,-0.000616930849327007,-0.0011104755287886126,0.0,-0.0011104755287886126,-0.0011104755287886126,0.0,-0.0011104755287886126,-0.0011104755287886126,0.0,-0.0011104755287886126,0.0
2012-03-30,0.0005986682259259628,0.0010776028066667332,0.0,0.0010776028066667332,0.0010776028066667332,0.0,0.0010776028066667332,0.0010776028066667332,0.0,0.0010776028066667332,0.0
2012-04-02,0.004211352860026964,0.007580435148048537,0.0,0.007580435148048537,0.007580435148048537,0.0,0.007580435148048537,0.007580435148048537,0.0,0.007580435148048537,0.0
2012-04-03,-0.003744905109789698,-0.006740829197621456,0.0,-0.006740829197621456,-0.006740829197621456,0.0,-0.006740829197621456,-0.006740829197621456,0.0,-0.006740829197621456,0.0
2012-04-04,-0.0053922715438696695,-0.009706088778965404,0.0,-0.009706088778965404,-0.009706088778965404,0.0,-0.009706088778965404,-0.009706088778965404,0.0,-0.009706088778965404,0.0
2012-04-05,0.0006977866289576405,0.0008499442488684283,0.0,0.0008499442488684283,0.0008499442488684283,0.0,0.0008499442488684283,0.0008499442488684283,0.002030358416276623,0.0008499442488684283,0.0
2012-04-09,-0.00442033091917873,-0.006240792340960899,0.0,-0.006240792340960899,-0.006240792340960899,0.0,-0.006240792340960899,-0.006240792340960899,-0.008579016567804076,-0.006240792340960899,0.0
2012-04-10,-0.007957067020400185,-0.011716598087772956,0.0,-0.011716598087772956,-0.011716598087772956,0.0,-0.011716598087772956,-0.011716598087772956,-0.0013949900017311777,-0.011716598087772956,-0.011635622743005702
2012-04-11,0.003145209813159089,0.004717814719738633,0.0,0.004717814719738633,0.004717814719738633,0.0,0.004717814719738633,0.004717814719738633,0.0,0.004717814719738633,0.004717814719738633
2012-04-12,0.006617807361915249,0.01175722632272429,0.0,0.01175722632272429,0.01175722632272429,0.0,0.01175722632272429,0.01175722632272429,0.0,0.0007741346436157981,0.01175722632272429
2012-04-13,-0.006198546873842644,-0.010951991214925617,0.0,-0.010951991214925617,-0.010951991214925617,0.0,-0.010951991214925617,-0.010951991214925617,0.0,-0.010137232278511899,-0.0018417247263694315
2012-04-16,0.00019742053218201082,-0.0018485257236526165,0.0,0.0036611809802979734,-0.0018485257236526165,0.0,-0.0018485257236526165,-0.0018485257236526165,0.0,0.0036611809802979734,0.0
2012-04-17,0.004271273586030577,0.012813820758091732,0.0,0.0,0.012813820758091732,0.0,0.012813820758091732,0.012813820758091732,0.0,0.0,0.0
2012-04-18,-0.0013664168409094307,-0.0040992505227282925,0.0,0.0,-0.0040992505227282925,0.0,-0.0040992505227282925,-0.0040992505227282925,0.0,0.0,0.0
2012-04-19,-0.0013918507858139194,-0.004175552357441758,0.0,0.0,-0.004175552357441758,0.0,-0.004175552357441758,-0.004175552357441758,0.0,0.0,0.0
2012-04-20,0.00014047977633742102,0.0004214393290122631,0.0,0.0,0.0004214393290122631,0.0,0.0004214393290122631,0.0004214393290122631,0.0,0.0,0.0
2012-04-23,-0.0019447703353429895,-0.005834311006028969,0.0,0.0,-0.005834311006028969,0.0,-0.005834311006028969,-0.005834311006028969,0.0,0.0,0.0
2012-04-24,0.000865557347774552,0.002596672043323656,0.0,0.0,0.002596672043323656,0.0,0.002596672043323656,0.002596672043323656,0.0,0.0,0.0
2012-04-25,0.0039017821254210983,0.011705346376263293,0.0,0.0,0.011705346376263293,0.0,0.011705346376263293,0.011705346376263293,0.0,0.0,0.0
2012-04-26,0.002442908757170444,0.007328726271511332,0.0,0.0,0.007328726271511332,0.0,0.007328726271511332,0.007328726271511332,0.0,0.0,0.0
2012-04-27,0.00066799152945957,0.00200397458837871,0.0,0.0,0.00200397458837871,0.0,0.00200397458837871,0.00200397458837871,0.0,0.0,0.0
2012-04-30,-0.0012499746541306403,-0.00271590971870036,-0.0015510213655373418,-0.0015510213655373418,-0.00271590971870036,0.0,-0.00271590971870036,-0.00271590971870036,0.0,0.0,0.0
2012-05-01,0.0020842069771266594,0.003751572558827987,0.003751572558827987,0.003751572558827987,0.003751572558827987,0.0,0.003751572558827987,0.003751572558827987,0.0,0.0,0.0
2012-05-02,-0.0011736075957984068,-0.0021124936724371325,-0.0021124936724371325,-0.0021124936724371325,-0.0021124936724371325,0.0,-0.0021124936724371325,-0.0021124936724371325,0.0,0.0,0.0
2012-05-03,-0.004675521161589573,-0.00841593809086123,-0.00841593809086123,-0.00841593809086123,-0.00841593809086123,0.0,-0.00841593809086123,-0.00841593809086123,0.0,0.0,0.0
2012-05-04,-0.008412553248033713,-0.013456377219778493,-0.013456377219778493,-0.013456377219778493,-0.013456377219778493,0.0,-0.013456377219778493,-0.013456377219778493,0.0,0.0,-0.00843109313341095
2012-05-07,-0.00038438927332302703,0.00025600688511577817,0.00025600688511577817,-0.0047395378854861335,0.00025600688511577817,0.0,0.00025600688511577817,0.00025600688511577817,0.0,0.0,0.00025600688511577817
2012-05-08,-0.0021115377320751554,-0.004122530059156082,-0.004122530059156082,0.0016088107071040136,-0.004122530059156082,0.0,-0.004122530059156082,-0.004122530059156082,0.0,0.0,-0.004122530059156082
2012-05-09,-0.003496830000829106,-0.005245245001243659,-0.005245245001243659,-0.005245245001243659,-0.005245245001243659,0.0,-0.005245245001243659,-0.005245245001243659,0.0,0.0,-0.005245245001243659
2012-05-10,0.0007595393420262238,0.0011393090130393357,0.0011393090130393357,0.0011393090130393357,0.0011393090130393357,0.0,0.0011393090130393357,0.0011393090130393357,0.0,0.0,0.0011393090130393357
2012-05-11,-0.0017582570259747706,-0.002637385538962156,-0.002637385538962156,-0.002637385538962156,-0.002637385538962156,0.0,-0.002637385538962156,-0.002637385538962156,0.0,0.0,-0.002637385538962156
2012-05-14,-0.006180373018649894,-0.009270559527974842,-0.009270559527974842,-0.009270559527974842,-0.009270559527974842,0.0,-0.009270559527974842,-0.009270559527974842,0.0,0.0,-0.009270559527974842
2012-05-15,-0.003549916523336227,-0.005324874785004341,-0.005324874785004341,-0.005324874785004341,-0.005324874785004341,0.0,-0.005324874785004341,-0.005324874785004341,0.0,0.0,-0.005324874785004341
2012-05-16,-0.0029699152727513073,-0.0044548729091269616,-0.0044548729091269616,-0.0044548729091269616,-0.0044548729091269616,0.0,-0.0044548729091269616,-0.0044548729091269616,0.0,0.0,-0.0044548729091269616
2012-05-17,-0.005437098737140674,-0.00815564810571101,-0.00815564810571101,-0.00815564810571101,-0.00815564810571101,0.0,-0.00815564810571101,-0.00815564810571101,0.0,0.0,-0.00815564810571101
2012-05-18,-0.0031473960124347752,-0.006185564987144121,-0.006185564987144121,0.0026012608238076274,-0.006185564987144121,0.0,-0.006185564987144121,-0.006185564987144121,0.0,0.0,-0.006185564987144121
2012-05-21,0.008013497749297036,0.014631549069176764,0.0010294054669497399,0.012565878000016528,0.014631549069176764,0.0,0.014631549069176764,0.014631549069176764,0.0,0.0,0.014631549069176764
2012-05-22,-0.0018590153083866134,-0.0033462275550959044,0.0,-0.0033462275550959044,-0.0033462275550959044,0.0,-0.0033462275550959044,-0.0033462275550959044,0.0,0.0,-0.0033462275550959044
2012-05-23,0.0008756119986156885,0.0015761015975082394,0.0,0.0015761015975082394,0.0015761015975082394,0.0,0.0015761015975082394,0.0015761015975082394,0.0,0.0,0.0015761015975082394
2012-05-24,-2.6184160457866214e-05,-4.713148882415918e-05,0.0,-4.713148882415918e-05,-4.713148882415918e-05,0.0,-4.713148882415918e-05,-4.713148882415918e-05,0.0,0.0,-4.713148882415918e-05
2012-05-25,-0.000712926424491093,-0.0012832675640839675,0.0,-0.0012832675640839675,-0.0012832675640839675,0.0,-0.0012832675640839675,-0.0012832675640839675,0.0,0.0,-0.0012832675640839675
2012-05-29,0.0045385799160560965,0.008373681647906073,0.0,0.007228973914940462,0.008373681647906073,0.0,0.008373681647906073,0.008373681647906073,0.0,0.00012351873794010925,0.008373681647906073
2012-05-30,-0.005680050869001636,-0.008966516097106404,-0.003143938667741353,-0.003143938667741353,-0.008966516097106404,0.0,-0.008966516097106404,-0.008966516097106404,0.0,-0.008966516097106404,-0.008966516097106404
2012-05-31,-0.0005224973051174667,-0.0010190377403839434,-0.0010190377403839434,0.00019635647793125877,-0.0010190377403839434,0.0,-0.0010190377403839434,-0.0010190377403839434,0.0,0.00019635647793125877,-0.0010190377403839434
2012-06-01,-0.00816784872491677,-0.014702127704850187,-0.014702127704850187,0.0,-0.014702127704850187,0.0,-0.014702127704850187,-0.014702127704850187,0.0,0.0,-0.014702127704850187
2012-06-04,-0.0004672318887465887,-0.0008410173997438597,-0.0008410173997438597,0.0,-0.0008410173997438597,0.0,-0.0008410173997438597,-0.0008410173997438597,0.0,0.0,-0.0008410173997438597
2012-06-05,0.002748545700192062,0.004947382260345712,0.004947382260345712,0.0,0.004947382260345712,0.0,0.004947382260345712,0.004947382260345712,0.0,0.0,0.004947382260345712
2012-06-06,0.00960058608360024,0.017281054950480434,0.017281054950480434,0.0,0.017281054950480434,0.0,0.017281054950480434,0.017281054950480434,0.0,0.0,0.017281054950480434
2012-06-07,-0.0014115628852036284,-0.0025408131933665314,-0.0025408131933665314,0.0,-0.0025408131933665314,0.0,-0.0025408131933665314,-0.0025408131933665314,0.0,0.0,-0.0025408131933665314
2012-06-08,0.003841338887876374,0.006914409998177473,0.006914409998177473,0.0,0.006914409998177473,0.0,0.006914409998177473,0.006914409998177473,0.0,0.0,0.006914409998177473
2012-06-11,-0.006081916283451092,-0.010947449310211965,-0.010947449310211965,0.0,-0.010947449310211965,0.0,-0.010947449310211965,-0.010947449310211965,0.0,0.0,-0.010947449310211965
2012-06-12,0.005324662902449058,0.009584393224408305,0.009584393224408305,0.0,0.009584393224408305,0.0,0.009584393224408305,0.009584393224408305,0.0,0.0,0.009584393224408305
2012-06-13,-0.002204226096514081,-0.003967606973725346,-0.003967606973725346,0.0,-0.003967606973725346,0.0,-0.003967606973725346,-0.003967606973725346,0.0,0.0,-0.003967606973725346
2012-06-14,0.004036047655334118,0.008814491667890023,0.008814491667890023,0.0,0.0010664622264469625,0.0,0.008814491667890023,0.008814491667890023,0.0,0.0,0.008814491667890023
2012-06-15,0.004406477660335689,0.0099145747357553,0.0099145747357553,0.0,0.0,0.0,0.0099145747357553,0.0099145747357553,0.0,0.0,0.0099145747357553
2012-06-18,8.210233469927561e-05,0.0016347408230250604,-0.004165301456781701,0.0,0.0,0.0,0.0016347408230250604,0.0016347408230250604,0.0,0.0,0.0016347408230250604
2012-06-19,0.0024953495902590994,0.007486048770777298,0.0,0.0,0.0,0.0,0.007486048770777298,0.007486048770777298,0.0,0.0,0.007486048770777298
2012-06-20,-0.00028570154485329326,-0.0008571046345598798,0.0,0.0,0.0,0.0,-0.0008571046345598798,-0.0008571046345598798,0.0,0.0,-0.0008571046345598798
2012-06-21,-0.004934799997072392,-0.021173009685643694,0.0,0.0,0.0,0.0,-0.021173009685643694,-0.021173009685643694,0.0,0.0,-0.0020671806023641382
2012-06-22,0.0016770174182795905,0.00639725247575017,0.0022986518130159728,0.0,0.0,0.0,0.00639725247575017,0.00639725247575017,0.0,0.0,0.0
2012-06-25,-0.0038873326408770917,-0.011661997922631274,-0.011661997922631274,0.0,0.0,0.0,-0.011661997922631274,-0.011661997922631274,0.0,0.0,0.0
2012-06-26,0.000971057610300278,0.002913172830900834,0.002913172830900834,0.0,0.0,0.0,0.002913172830900834,0.002913172830900834,0.0,0.0,0.0
2012-06-27,0.0023819842194614895,0.009140713913279485,0.009140713913279485,0.0,0.0,0.0,0.003156430148594436,0.009140713913279485,0.0,0.0,0.0
2012-06-28,-0.0005236551590462829,-0.003304786287830641,-0.003304786287830641,0.0,0.0,0.0,0.0018966761442447354,-0.003304786287830641,0.0,0.0,0.0
2012-06-29,0.007466294054919371,0.022398882164758115,0.022398882164758115,0.0,0.0,0.0,0.022398882164758115,0.022398882164758115,0.0,0.0,0.0
2012-07-02,0.0013944963704636232,0.00418348911139087,0.00418348911139087,0.0,0.0,0.0,0.00418348911139087,0.00418348911139087,0.0,0.0,0.0
2012-07-03,0.0018795160629712054,0.007885847340858464,0.0011439498850239205,0.0,0.0,0.0,0.007885847340858464,0.007885847340858464,0.0,0.0,0.0
2012-07-05,-0.0012769173819037996,-0.004829915053295298,-0.0018324263305436017,0.0,0.0,0.0,-0.004829915053295298,-0.004829915053295298,0.0,0.0,0.0
2012-07-06,-0.0029190553251902595,-0.00875716597557078,-0.00875716597557078,0.0,0.0,0.0,-0.00875716597557078,-0.00875716597557078,0.0,0.0,0.0
2012-07-09,-4.288711482975198e-05,-0.00012866134448925594,-0.00012866134448925594,0.0,0.0,0.0,-0.00012866134448925594,-0.00012866134448925594,0.0,0.0,0.0
2012-07-10,-0.002868260559692478,-0.008604781679077434,-0.008604781679077434,0.0,0.0,0.0,-0.008604781679077434,-0.008604781679077434,0.0,0.0,0.0
2012-07-11,0.00036130953257840833,0.0011032125017382487,0.0011032125017382487,0.0,0.0,0.0,0.0011032125017382487,0.0010453607897291772,0.0,0.0,0.0
2012-07-12,-0.0014061355004369818,-0.003712154880905827,-0.003712154880905827,0.0,0.0,0.0,-0.003712154880905827,-0.005230909742121181,0.0,0.0,0.0
2012-07-13,0.004252451962063302,0.013816971020321155,0.013816971020321155,0.0,0.0,0.0,0.013816971020321155,0.010638125617927407,0.0,0.0,0.0
2012-07-16,-0.00024665880386486445,-0.0005996140435243103,-0.0005996140435243103,0.0,0.0,0.0,-0.0005996140435243103,-0.0010207011477351591,0.0,0.0,0.0
2012-07-17,0.0009593179652071156,0.0043169308434320205,0.0043169308434320205,0.0,0.0,0.0,0.0043169308434320205,0.0,0.0,0.0,0.0
2012-07-18,0.00032732301697246827,0.005660653449198605,0.005660653449198605,0.0,0.0,0.0,-0.0025233088077930787,-0.00019143748865331213,0.0,0.0,0.0
2012-07-19,2.454879633969255e-06,0.0018279174661308462,0.0018279174661308462,0.0,0.0,0.0,-0.0017652699870937983,-4.0553562331324676e-05,0.0,0.0,0.0
2012-07-20,-0.0015750149046906872,-0.006627921543628701,-0.006627921543628701,-0.0041728705052874624,0.0,0.0,-0.0034702490818906305,9.590698859061054e-05,0.0,0.0,0.0
2012-07-23,-0.0022754043790796106,-0.008503486485462642,-0.008503486485462642,-0.013735312615403127,0.0,0.0,0.0,0.0017601596891492766,0.0,0.0,0.0
2012-07-24,-0.0016427206922794127,-0.0066892635221438845,-0.0066892635221438845,0.0,0.0,0.0,0.0,-0.00809522270837083,0.0,0.0,0.0
2012-07-25,0.00044545649054484265,0.002269551975105133,0.002269551975105133,0.0,0.0,0.0,0.0,0.0017395564397984509,0.0,0.0,0.0
2012-07-26,0.002721364862492188,0.012141681228471191,0.012141681228471191,0.0,0.0,0.0,0.0,0.0123506025339585,0.0,0.0,0.0
2012-07-27,0.0019806666464322093,0.014920408393375694,0.014920408393375694,0.0,0.0,0.0,0.0,0.0029055914245141867,0.0,0.0,0.0
2012-07-30,5.562554357550671e-05,-0.00024656362350672367,-0.00024656362350672367,0.0,0.0,0.0,0.0,0.0007471935156862841,0.0,0.0,0.0
2012-07-31,-0.000459289584431482,-0.004334506252635484,-0.004334506252635484,0.0,0.0,0.0,0.0,0.000200899992752146,0.0,0.0,0.0
2012-08-01,-0.0008481219329039755,-0.0038535754604583916,-0.0038535754604583916,0.0,0.0,0.0,0.0,-0.003779521935677388,0.0,0.0,0.0
2012-08-02,-0.0009118990466649645,-0.00623729127073116,-0.00623729127073116,0.0,0.0,0.0,0.0,-0.00196980014925352,0.0,0.0,0.0
2012-08-03,0.0026668679680300744,0.015125573724059527,0.015125573724059527,0.0,0.0,0.0,0.0,0.008876237988211143,0.0,0.0,0.0
2012-08-06,0.0006595051427463391,0.003794780331762859,0.003794780331762859,0.0,0.0,0.0,0.0,0.002140765952954193,0.0,0.0,0.0
2012-08-07,0.00026285514966468076,0.003652192409233912,0.003652192409233912,0.0,0.0,0.0,0.0,-0.0012864960622517851,0.0,0.0,0.0
2012-08-08,-4.446539180476118e-05,0.0001323340902884773,0.0001323340902884773,0.0,0.0,0.0,0.0,-0.000532522616531328,0.0,0.0,0.0
2012-08-09,0.00021745235555311235,0.0020289614389945474,0.0020289614389945474,0.0,0.0,0.0,0.0,-7.189023901653658e-05,0.0,0.0,0.0
2012-08-10,0.0002412709315513801,0.0016677000328326863,0.0016677000328326863,0.0,0.0,0.0,0.0,0.0005037383511297344,0.0,0.0,0.0
2012-08-13,-0.00012468082205654925,-0.0013980879859641694,-0.0013980879859641694,0.0,0.0,0.0,0.0,0.00027596058745522624,0.0,0.0,0.0
2012-08-14,-0.00038017942259069477,-0.0023083689932700824,-0.0023083689932700824,0.0,0.0,0.0,0.0,-0.0011132458100461707,0.0,0.0,0.0
2012-08-15,7.976562459487165e-05,0.0007957818762163282,0.0007957818762163282,0.0,0.0,0.0,0.0,-7.789125486248327e-05,0.0,0.0,0.0
2012-08-16,0.0007491069344424253,0.0060228643748659995,0.0060228643748659995,0.0,0.0,0.0,0.0,0.0007190980351158283,0.0,0.0,0.0
2012-08-17,0.0002878026896041059,0.0023465507128753948,0.0023465507128753948,0.0,0.0,0.0,0.0,0.0002436734935615581,0.0,0.0,0.0
2012-08-20,0.0002666220106391146,0.0006784962478613265,0.0006784962478613265,0.0,0.0,0.0,0.0013075247955991799,0.000413577052291525,0.0,0.0,0.0
2012-08-21,3.4539603414235946e-05,-0.0007530013520536394,-0.0007530013520536394,0.0,0.0,0.0,0.0025831997781424975,-0.0015193419953607346,0.0,0.0,0.0
2012-08-22,0.00043059239845846873,0.002958639137636532,0.002958639137636532,0.0,0.0,0.0,0.0,0.0009166924484896866,0.0,0.0,0.0
2012-08-23,-0.0014037435206297755,-0.004948094567850525,-0.004948094567850525,0.0,0.0,0.0,-0.004433705811686561,-0.003251891306130894,0.0,0.0,0.0
2012-08-24,0.0009907212847676224,0.00481978901730139,0.00481978901730139,0.0,0.0,0.0,-0.0017093562692297227,0.005806058814836934,0.0,0.0,0.0
2012-08-27,0.0002484196094961015,0.0006213125862868374,0.0006213125862868374,0.0,0.0,0.0,0.0,0.0016144638991780758,0.0,0.0,0.0
2012-08-28,1.592594695387639e-05,0.00017154545963110612,0.00017154545963110612,0.0,0.0,0.0,0.0,-2.8211937046218605e-05,0.0,0.0,0.0
2012-08-29,-6.441541357788343e-05,-0.000590950770364429,-0.000590950770364429,0.0,0.0,0.0,0.0,1.1212048163478094e-05,0.0,0.0,0.0
2012-08-30,-0.0010415255494159545,-0.006047391203385688,-0.006047391203385688,0.0,0.0,0.0,0.0,-0.0033263387413579037,0.0,0.0,0.0
2012-08-31,0.0016399368332391773,0.008843932065259774,0.008843932065259774,0.0028248189956944112,0.0,0.0,0.0,0.003090680438198412,0.0,0.0,0.0
2012-09-04,-0.00034274793313182367,2.400970998659435e-05,2.400970998659435e-05,-0.0017864285482289799,0.0,0.0,0.0,-0.0013223125599440277,0.0,0.0,0.0
2012-09-05,-0.0001675326705691001,-0.0010837337766732348,-0.0010837337766732348,0.0,0.0,0.0,0.0,-0.00042406025844866636,0.0,0.0,0.0
2012-09-06,0.002194624990030402,0.01496225744976969,0.01496225744976969,0.0,0.0,0.0,0.0,0.004789367460503924,0.0,0.0,0.0
2012-09-07,0.0005414170822361632,0.005315951196939006,0.005315951196939006,0.0,0.0,0.0,0.0,-0.0004431974568135377,0.0,0.0,0.0
2012-09-10,-0.0011286972995070853,-0.0057683630713469495,-0.0057683630713469495,-0.004631754728594273,0.0,0.0,0.0,0.00024184210437745436,0.0,0.0,0.0
2012-09-11,0.0007282995196169843,0.0027440476895808975,0.0027440476895808975,0.0027440476895808975,0.0,0.0,0.0,0.0010666002973910627,0.0,0.0,0.0
2012-09-12,0.0004419213364824945,0.001706624517586508,0.001706624517586508,0.001706624517586508,0.0,0.0,-0.0013154726598686105,0.0018795156530380442,0.0,0.0,0.0
2012-09-13,0.006108722848990559,0.013933480044474556,0.013933480044474556,0.013933480044474556,0.0,0.0,0.013933480044474556,0.013178065507491354,0.0,0.0,0.0
2012-09-14,0.0006768033668632335,0.002448581475736489,0.002448581475736489,0.002448581475736489,0.0,0.0,0.0011730726615221897,2.099468877393429e-05,0.0,0.0,0.0
2012-09-17,-0.0004993771041507038,-0.0016216146603630134,-0.0018437039605896598,-0.0016216146603630134,0.0,0.0,-0.0007822971655314426,-0.0002467781508722178,0.0,0.0,0.0
2012-09-18,0.00014438025968761044,0.00019565473376927933,0.0007124581358806559,0.00019565473376927933,0.0,0.0,0.00019565473376927933,0.00019565473376927933,0.0,0.0,0.0
2012-09-19,7.133980032349009e-05,-1.378486550449587e-05,-1.378486550449587e-05,-1.378486550449587e-05,0.0,0.0,0.0010686660264875524,-0.00039903809256714996,0.0,0.0,0.0
2012-09-20,0.00015808047918458088,-0.00032932256057678356,-0.00032932256057678356,-0.00032932256057678356,0.0,0.0,0.0028054491834942686,-0.0007240797496794737,0.0,0.0,0.0
2012-09-21,0.0007209689267728482,0.0008768981893605976,0.0008768981893605976,0.0008768981893605976,0.0,0.0,0.004598419971957324,0.0001365039902771148,0.0,0.0,0.0
2012-09-24,-0.0005207535517622973,-0.0017268617229163174,-0.0017268617229163174,-0.0017268617229163174,0.0,0.0,0.0,-0.0012330585200280408,0.0,0.0,0.0
2012-09-25,-0.0030081107636347033,-0.007891832679631738,-0.007891832679631738,-0.007891832679631738,0.0,0.0,0.0,-0.011289331513448853,0.0,0.0,0.0
2012-09-26,-0.0016122433063058188,-0.004652185428820588,-0.004652185428820588,-0.004652185428820588,0.0,0.0,0.0,-0.005205818899111192,0.0,0.0,0.0
2012-09-27,0.0023494807902611718,0.008846332020644276,0.008846332020644276,0.002941457678420445,0.0,0.0,0.0,0.009357537413285821,0.0,0.0,0.0
2012-09-28,-0.0008661231198971516,-0.004539472016212509,-0.004539472016212509,0.0,0.0,0.0,0.0,-0.003255636062861855,0.0,0.0,0.0
2012-10-01,9.53830077614675e-05,0.0029261311965364965,0.0029261311965364965,0.0,0.0,0.0,0.0,-0.002067684126683289,0.0,0.0,0.0
2012-10-02,0.00044426217368501966,0.001061370757193425,0.001061370757193425,0.0,0.0,0.0,0.0,0.0029369888059717518,0.0,0.0,0.0
2012-10-03,0.000321060016277593,0.002143514171359784,0.002143514171359784,0.0,0.0,0.0,0.0,0.0007460259751385534,0.0,0.0,0.0
2012-10-04,0.0006573708960689836,0.005236305229244798,0.005236305229244798,0.0,0.0,0.0,0.0,0.0006800328353760543,0.0,0.0,0.0
2012-10-05,0.00028621501761731823,-0.002897232587769083,0.0020629135183067304,0.0,0.0,0.0,0.0,0.0005130216402491339,0.0,0.0,0.0
2012-10-08,2.281470002178808e-05,-0.0026099084261617667,0.0,0.0,0.0,0.0,0.0,0.00020533230019609272,0.0,0.0,0.0
2012-10-09,-0.0008932980119085154,-0.008311993663289153,0.0,0.0,0.0,0.0,0.0,-0.008039682107176638,0.0,0.0,0.0
2012-10-10,-0.0003875209169254237,-0.004725248492997447,0.0,0.0,0.0,0.0,0.0,-0.0034876882523288133,0.0,0.0,0.0
2012-10-11,-0.0004895779944766087,0.0019518291257051069,-0.003909714824940613,0.0,0.0,0.0,0.0,-0.0004964871253488656,0.0,0.0,0.0
2012-10-12,-0.0006252436032047862,-0.003803203399591071,-0.003803203399591071,0.0,0.0,0.0,0.0,-0.0018239890292520045,0.0,0.0,0.0
2012-10-15,0.0011830162506417084,0.005251203007098648,0.005251203007098648,0.0,0.0,0.0,0.0,0.005395943248676727,0.0,0.0,0.0
2012-10-16,0.0012697320662974243,0.008029413492724003,0.008029413492724003,0.0,0.0,0.0,0.0,0.003398175103952816,0.0,0.0,0.0
2012-10-17,0.00023152650118523697,0.0025715832808775097,0.0025715832808775097,0.0,0.0,0.0,0.0,-0.0004878447702103772,0.0,0.0,0.0
2012-10-18,-0.00040792128332528543,-0.004033629084598233,-0.003059016326065611,0.0,0.0,0.0,0.0,-0.0006122752238619577,0.0,0.0,0.0
2012-10-19,-0.001391473255261676,-0.014308842521855825,0.0,0.0,0.0,0.0,0.0,-0.012523259297355083,0.0,0.0,0.0
2012-10-22,9.068753549201163e-05,0.00047999061805317214,0.0,0.0,0.0,0.0,0.0,0.0008161878194281047,0.0,0.0,0.0
2012-10-23,-0.0013204489873773404,-0.010886856579354499,0.0,0.0,0.0,0.0,0.0,-0.011884040886396063,0.0,0.0,0.0
2012-10-24,-0.0011604226233359648,-0.0035937211337231157,-0.007110142453473722,0.0,0.0,0.0,0.0,-0.003333661156549961,0.0,0.0,0.0
2012-10-25,0.0007206525279683919,0.0028883437832538327,0.0028883437832538327,0.0,0.0,0.0,0.0,0.003597528968461694,0.0,0.0,0.0
2012-10-26,1.4190674698154474e-05,0.0005818658014717481,-0.0007546946198105031,0.0,0.0,0.0,0.0,0.0008824106920938934,0.0,0.0,0.0
2012-10-31,-9.399616858389366e-05,0.00044785569075599384,0.0,0.0,0.0,0.0,0.0,-0.0008459655172550429,0.0,0.0,0.0
2012-11-01,0.0006160396842456839,0.0074405667159555215,0.0,0.0,0.0,0.0,0.0,0.005544357158211155,0.0,0.0,0.0
2012-11-02,0.00014196624219793162,-0.010791801928409428,0.0,0.0,0.0,0.0,0.0,0.0012776961797813847,0.0,0.0,0.0
2012-11-05,0.00046737884615936204,0.003809415331587629,0.0,0.0,0.0,0.0,0.0,0.004206409615434259,0.0,0.0,0.0
2012-11-06,0.0007182337065820153,0.006830103977633317,0.0,0.0,0.0,0.0,0.0,0.006464103359238138,0.0,0.0,0.0
2012-11-07,-0.0019292411462115923,-0.01736317031590433,0.0,0.0,0.0,0.0,0.0,-0.01736317031590433,0.0,0.0,0.0
2012-11-08,-0.0008932188497092382,-0.008038969647383144,0.0,0.0,0.0,0.0,0.0,-0.008038969647383144,0.0,0.0,0.0
2012-11-09,0.00016988127091652268,0.0015289314382487041,0.0,0.0,0.0,0.0,0.0,0.0015289314382487041,0.0,0.0,0.0
2012-11-12,6.423056967251503e-05,0.0005780751270526352,0.0,0.0,0.0,0.0,0.0,0.0005780751270526352,0.0,0.0,0.0
2012-11-13,-0.00043176815531756894,-0.0038859133978581205,0.0,0.0,0.0,0.0,0.0,-0.0038859133978581205,0.0,0.0,0.0
2012-11-14,-0.001200753171930591,-0.010806778547375318,0.0,0.0,0.0,0.0,0.0,-0.010806778547375318,0.0,0.0,0.0
2012-11-15,-0.0002865883480189975,-0.002579295132170978,0.0,0.0,0.0,0.0,0.0,-0.002579295132170978,0.0,0.0,0.0
2012-11-16,0.0004250964356089984,0.0038258679204809854,0.0,0.0,0.0,0.0,0.0,0.0038258679204809854,0.0,0.0,0.0
2012-11-19,0.0018639887314500577,0.01677589858305052,0.0,0.0,0.0,0.0,0.0,0.01677589858305052,0.0,0.0,0.0
2012-11-20,-8.009213946498846e-05,-0.0007208292551848961,0.0,0.0,0.0,0.0,0.0,-0.0007208292551848961,0.0,0.0,0.0
2012-11-21,0.00038622530085125805,0.002093573765980261,0.001382453941681061,0.0,0.0,0.0,0.0,0.002093573765980261,0.0,0.0,0.0
2012-11-23,0.0026324693722981443,0.01184611217534165,0.01184611217534165,0.0,0.0,0.0,0.0,0.01184611217534165,0.0,0.0,0.0
2012-11-26,-0.00044391322968846653,-0.0007292420451834536,-0.0032659770220127447,0.0,0.0,0.0,0.0,-0.0007292420451834536,0.0,0.0,0.0
2012-11-27,-0.0004914282684087791,-0.0044228544156790115,0.0,0.0,0.0,0.0,0.0,-0.0044228544156790115,0.0,0.0,0.0
2012-11-28,0.0004998420653092627,0.004498578587783364,0.0,0.0,0.0,0.0,0.0,0.004498578587783364,0.0,0.0,0.0
2012-11-29,0.0005449555945290384,0.004904600350761346,0.0,0.0,0.0,0.0,0.0,0.004904600350761346,0.0,0.0,0.0
2012-11-30,-0.00016760172633650198,-0.001508415537028518,0.0,0.0,0.0,0.0,0.0,-0.001508415537028518,0.0,0.0,0.0
2012-12-03,-0.002506897598933721,-0.0023723497715029684,0.0,-0.0067299095396335055,0.0,0.0,-0.0067299095396335055,-0.0023723497715029684,0.0,-0.0067299095396335055,0.0
2012-12-04,-0.0005449317480367365,-0.0012260964330826573,0.0,-0.0012260964330826573,0.0,0.0,-0.0012260964330826573,-0.0012260964330826573,0.0,-0.0012260964330826573,0.0
2012-12-05,0.0002680993127895566,0.0006032234537765024,0.0,0.0006032234537765024,0.0,0.0,0.0006032234537765024,0.0006032234537765024,0.0,0.0006032234537765024,0.0
2012-12-06,0.0014032460513636776,0.0031573036155682745,0.0,0.0031573036155682745,0.0,0.0,0.0031573036155682745,0.0031573036155682745,0.0,0.0031573036155682745,0.0
2012-12-07,0.0006353269741709713,0.0011094830680770996,0.0,0.0011094830680770996,0.0,0.0,0.0011094830680770996,0.0011094830680770996,0.0,0.002389493563307443,0.0
2012-12-10,0.0006803298908259666,0.0020409896724778998,0.0,0.0020409896724778998,0.0,0.0,0.0020409896724778998,0.0020409896724778998,0.0,0.0,0.0
2012-12-11,0.0020881340361626516,0.006264402108487954,0.0,0.006264402108487954,0.0,0.0,0.006264402108487954,0.006264402108487954,0.0,0.0,0.0
2012-12-12,-0.0005522959388926711,-0.0013277603802682946,0.0,0.00265512235898262,0.0,0.0,-0.0013277603802682946,-0.0013277603802682946,0.0,-0.004970265048480071,0.0
2012-12-13,-0.0021103357079435333,-0.006331007123830601,0.0,0.0,0.0,0.0,-0.006331007123830601,-0.006331007123830601,0.0,-0.006331007123830601,0.0
2012-12-14,-0.0010539865025584719,-0.003161959507675416,0.0,0.0,0.0,0.0,-0.003161959507675416,-0.003161959507675416,0.0,-0.003161959507675416,0.0
2012-12-17,0.002664597800360531,0.008335804125461376,0.0,0.005704289908308791,0.0,0.0,0.008335804125461376,0.008335804125461376,0.0,0.00160548204401324,0.0
2012-12-18,0.0025386161778781693,0.00795856432773635,0.0,0.0015810312457431696,0.0,0.0,0.00795856432773635,0.00795856432773635,0.0,0.005349385699687658,0.0
2012-12-19,-0.002160995551600953,-0.00442596797567274,0.0,-0.006171056037390354,0.0,0.0,-0.00442596797567274,-0.00442596797567274,0.0,-0.00442596797567274,0.0
2012-12-20,0.0003659920482001909,0.002697085144089062,0.0,-0.0010501209271882028,0.0,0.0,0.002697085144089062,0.002697085144089062,0.0,-0.0010501209271882028,0.0
2012-12-21,-0.0012332067365275418,-0.005549430314373938,0.0,0.0,0.0,0.0,-0.005549430314373938,-0.005549430314373938,0.0,0.0,0.0
2012-12-24,-0.0007191268574083784,-0.0032360708583377027,0.0,0.0,0.0,0.0,-0.0032360708583377027,-0.0032360708583377027,0.0,0.0,0.0
2012-12-26,-0.0006728048497477508,-0.003027621823864879,0.0,0.0,0.0,0.0,-0.003027621823864879,-0.003027621823864879,0.0,0.0,0.0
2012-12-27,-0.00029957489939483393,-0.0007537472843368364,0.0,-0.001188679525879832,0.0,0.0,-0.0007537472843368364,-0.0007537472843368364,0.0,0.0,0.0
2012-12-28,-0.002431705532206754,-0.008375121965220177,0.0,-0.00513510585942043,0.0,0.0,-0.008375121965220177,-0.008375121965220177,0.0,0.0,0.0
2012-12-31,0.004338366652652433,0.012716755333945484,0.0,0.01361178920598093,0.0,0.0,0.012716755333945484,0.012716755333945484,0.0,0.0,0.0
2013-01-02,0.007284349993704753,0.02094771185322768,0.0,0.02094771185322768,0.0,0.0,0.02094771185322768,0.02094771185322768,0.0,0.0,0.002716014383659726
2013-01-03,-0.0015798436836635583,-0.004304640556615502,0.0,-0.004304640556615502,0.0,0.0,-0.004304640556615502,-0.004304640556615502,0.0,0.0,-0.001304671483125519
2013-01-04,0.0011411010822848973,0.003423303246854692,0.0,0.003423303246854692,0.0,0.0,0.003423303246854692,0.003423303246854692,0.0,0.0,0.0
2013-01-07,-0.0008146019378856246,-0.002443805813656874,0.0,-0.002443805813656874,0.0,0.0,-0.002443805813656874,-0.002443805813656874,0.0,0.0,0.0
2013-01-08,-0.0001641273897204587,-0.0004923821691613761,0.0,-0.0004923821691613761,0.0,0.0,-0.0004923821691613761,-0.0004923821691613761,0.0,0.0,0.0
2013-01-09,0.0008168945021079714,0.002450683506323914,0.0,0.002450683506323914,0.0,0.0,0.002450683506323914,0.002450683506323914,0.0,0.0,0.0
2013-01-10,0.0020833432415319395,0.006250029724595818,0.0,0.006250029724595818,0.0,0.0,0.006250029724595818,0.006250029724595818,0.0,0.0,0.0
2013-01-11,0.00014576589883274666,0.00043729769649824,0.0,0.00043729769649824,0.0,0.0,0.00043729769649824,0.00043729769649824,0.0,0.0,0.0
2013-01-14,-0.0003776104745951433,-0.0011328314237854299,0.0,-0.0011328314237854299,0.0,0.0,-0.0011328314237854299,-0.0011328314237854299,0.0,0.0,0.0
2013-01-15,0.00044505790102810077,0.0013351737030843024,0.0,0.0013351737030843024,0.0,0.0,0.0013351737030843024,0.0013351737030843024,0.0,0.0,0.0
2013-01-16,0.0002832705489508943,0.0008498116468526829,0.0,0.0008498116468526829,0.0,0.0,0.0008498116468526829,0.0008498116468526829,0.0,0.0,0.0
2013-01-17,0.001069067571371191,0.004051611006054589,0.0,0.004051611006054589,0.0,0.0,0.0015183861302315415,0.004051611006054589,0.0,0.0,0.0
2013-01-18,0.0004439776551447671,0.002498227245995721,0.0,-0.0002625131686554427,0.0,0.0,0.001760084818962626,0.002498227245995721,0.0,0.0,0.0
2013-01-22,0.001620840261198373,0.0048943632444476085,0.0,0.004798835861890139,0.0,0.0,0.0048943632444476085,0.0048943632444476085,0.0,0.0,0.0
2013-01-23,0.0004123646351061352,0.0011663102359940835,0.0,0.0011663102359940835,0.0,0.0,0.00137866124396705,0.0011663102359940835,0.0,0.0,0.0
2013-01-24,-0.0004981059161989802,-0.00232605501057932,0.0,-0.00232605501057932,0.0,0.0,8.457838768390901e-05,-0.00232605501057932,0.0,8.457838768390901e-05,0.0
2013-01-25,0.0011873349895333866,0.0026715037264501197,0.0,0.0026715037264501197,0.0,0.0,0.0026715037264501197,0.0026715037264501197,0.0,0.0026715037264501197,0.0
2013-01-28,-0.00043309446323784367,-0.0009744625422851483,0.0,-0.0009744625422851483,0.0,0.0,-0.0009744625422851483,-0.0009744625422851483,0.0,-0.0009744625422851483,0.0
2013-01-29,0.0017764377458768551,0.003996984928222924,0.0,0.003996984928222924,0.0,0.0,0.003996984928222924,0.003996984928222924,0.0,0.003996984928222924,0.0
2013-01-30,-0.0013899926411947631,-0.003127483442688217,0.0,-0.003127483442688217,0.0,0.0,-0.003127483442688217,-0.003127483442688217,0.0,-0.003127483442688217,0.0
2013-01-31,-0.0003565008595265355,-0.0006601233582196775,0.0,-0.0006601233582196775,0.0,0.0,-0.0006601233582196775,-0.0006601233582196775,0.0,-0.0012281376610797866,0.0
2013-02-01,0.002359477021939194,0.007078431065817581,0.0,0.007078431065817581,0.0,0.0,0.007078431065817581,0.007078431065817581,0.0,0.0,0.0
2013-02-04,-0.00256291637369322,-0.007794959007154179,0.0,-0.007794959007154179,0.0,0.0,-0.007794959007154179,-0.007794959007154179,0.00031862965822355705,0.0,0.0
2013-02-05,0.0026919268188799997,0.0071587184366710965,0.0,0.0071587184366710965,0.0,0.0,0.0071587184366710965,0.0071587184366710965,0.0027511860599067073,0.0,0.0
2013-02-06,0.0010515778585115211,0.0015674201304050172,0.0,0.0015674201304050172,0.0,0.0,0.0015674201304050172,0.0015674201304050172,0.0013019270099083546,0.003460013325480282,0.0
2013-02-07,-0.00097721766717604,-0.0020536856146915806,0.0,-0.0020536856146915806,0.0,0.0,-0.0020536856146915806,-0.0020536856146915806,-0.001714992928057535,-0.0009189092324520809,0.0
2013-02-08,0.002514333334576235,0.005611020179377235,0.0,0.005611020179377235,0.0,0.0,0.005611020179377235,0.005611020179377235,0.0057959394730544124,0.0,0.0
2013-02-11,-0.0006817318401776253,-0.0015338966403996568,0.0,-0.0015338966403996568,0.0,0.0,-0.0015338966403996568,-0.0015338966403996568,-0.0015338966403996568,0.0,0.0
2013-02-12,0.0004696875852652709,0.0010567970668468596,0.0,0.0010567970668468596,0.0,0.0,0.0010567970668468596,0.0010567970668468596,0.0010567970668468596,0.0,0.0
2013-02-13,-0.00025811368044490715,-0.000580755781001041,0.0,-0.000580755781001041,0.0,0.0,-0.000580755781001041,-0.000580755781001041,-0.000580755781001041,0.0,0.0
2013-02-14,0.0008513854088816133,0.00191561716998363,0.0,0.00191561716998363,0.0,0.0,0.00191561716998363,0.00191561716998363,0.00191561716998363,0.0,0.0
2013-02-15,-0.0016781006028662442,-0.0037757263564490496,0.0,-0.0037757263564490496,0.0,0.0,-0.0037757263564490496,-0.0037757263564490496,-0.0037757263564490496,0.0,0.0
2013-02-19,0.002384639072657589,0.005365437913479576,0.0,0.005365437913479576,0.0,0.0,0.005365437913479576,0.005365437913479576,0.005365437913479576,0.0,0.0
2013-02-20,-0.005880321146515952,-0.013230722579660893,0.0,-0.013230722579660893,0.0,0.0,-0.013230722579660893,-0.013230722579660893,-0.013230722579660893,0.0,0.0
2013-02-21,-0.0019159948670072276,-0.004310988450766262,0.0,-0.004310988450766262,0.0,0.0,-0.004310988450766262,-0.004310988450766262,-0.004310988450766262,0.0,0.0
2013-02-22,0.003731074713289208,0.008394918104900718,0.0,0.008394918104900718,0.0,0.0,0.008394918104900718,0.008394918104900718,0.008394918104900718,0.0,0.0
2013-02-25,-0.00527418594281895,-0.011866918371342638,0.0,-0.011866918371342638,0.0,0.0,-0.011866918371342638,-0.011866918371342638,-0.011866918371342638,0.0,0.0
2013-02-26,0.0025392012703688662,0.005254567720352288,0.0,0.005254567720352288,0.0,0.0,0.005254567720352288,0.005254567720352288,0.005254567720352288,0.0,0.001834540551910646
2013-02-27,0.003597708075460002,0.008317120799991562,0.0,0.008317120799991562,0.0,0.0,0.008317120799991562,0.008317120799991562,0.008317120799991562,0.0,-0.0008891105208262307
2013-02-28,-0.0008642758606632711,-0.00194462068649236,0.0,-0.00194462068649236,0.0,0.0,-0.00194462068649236,-0.00194462068649236,-0.00194462068649236,0.0,0.0
2013-03-01,0.0013546564431553133,0.003047976997099455,0.0,0.003047976997099455,0.0,0.0,0.003047976997099455,0.003047976997099455,0.003047976997099455,0.0,0.0
2013-03-04,0.0010390389329470266,0.00233783759913081,0.0,0.00233783759913081,0.0,0.0,0.00233783759913081,0.00233783759913081,0.00233783759913081,0.0,0.0
2013-03-05,0.0031007197417023858,0.007929600993272112,0.0,0.007929600993272112,0.0,0.0,0.007929600993272112,0.007929600993272112,0.004117674695505136,0.0,0.0
2013-03-06,0.0003571140646170775,0.0010713421938512325,0.0,0.0010713421938512325,0.0,0.0,0.0010713421938512325,0.0010713421938512325,0.0,0.0,0.0
2013-03-07,0.00046774248607780815,0.0014032274582334247,0.0,0.0014032274582334247,0.0,0.0,0.0014032274582334247,0.0014032274582334247,0.0,0.0,0.0
2013-03-08,0.000669489400243121,0.002008468200729363,0.0,0.002008468200729363,0.0,0.0,0.002008468200729363,0.002008468200729363,0.0,0.0,0.0
2013-03-11,0.0012971927677795413,0.002900509603370094,0.0,0.002900509603370094,0.0,0.0,0.002900509603370094,0.002900509603370094,0.0,0.00297320609990559,0.0
2013-03-12,0.00017753130106812836,0.0003994454274032888,0.0,0.0003994454274032888,0.0,0.0,0.0003994454274032888,0.0003994454274032888,0.0,0.0003994454274032888,0.0
2013-03-13,-8.406651043528286e-05,-1.9205272641853453e-05,0.0,-1.9205272641853453e-05,0.0,0.0,-1.9205272641853453e-05,-1.9205272641853453e-05,0.0,-0.0006989827759919853,0.0
2013-03-14,0.0016736846612960931,0.005021053983888279,0.0,0.005021053983888279,0.0,0.0,0.005021053983888279,0.005021053983888279,0.0,0.0,0.0
2013-03-15,-0.00010027393676343976,-0.00030082181029031927,0.0,-0.00030082181029031927,0.0,0.0,-0.00030082181029031927,-0.00030082181029031927,0.0,0.0,0.0
2013-03-18,-0.0008357058389757865,-0.0025071175169273595,0.0,-0.0025071175169273595,0.0,0.0,-0.0025071175169273595,-0.0025071175169273595,0.0,0.0,0.0
2013-03-19,-0.00013313418815844824,-0.0013430523291323548,0.0,0.0014878969648386754,0.0,0.0,-0.0013430523291323548,-0.0013430523291323548,0.0,0.0,0.0
2013-03-20,0.0007784454638234394,0.003665290582976222,-0.00032457199154148906,0.0,0.0,0.0,0.003665290582976222,0.003665290582976222,0.0,0.0,0.0
2013-03-21,-0.0017871013075636281,-0.005361303922690885,-0.005361303922690885,0.0,0.0,0.0,-0.005361303922690885,-0.005361303922690885,0.0,0.0,0.0
2013-03-22,0.0017376643306321565,0.00521299299189647,0.00521299299189647,0.0,0.0,0.0,0.00521299299189647,0.00521299299189647,0.0,0.0,0.0
2013-03-25,-0.0008904557647351505,-0.0026713672942054512,-0.0026713672942054512,0.0,0.0,0.0,-0.0026713672942054512,-0.0026713672942054512,0.0,0.0,0.0
2013-03-26,0.001899764804191184,0.005699294412573552,0.005699294412573552,0.0,0.0,0.0,0.005699294412573552,0.005699294412573552,0.0,0.0,0.0
2013-03-27,0.0004394146064675994,0.001318243819402798,0.001318243819402798,0.0,0.0,0.0,0.001318243819402798,0.001318243819402798,0.0,0.0,0.0
2013-03-28,0.00030012463830508075,0.0009003739149152423,0.0009003739149152423,0.0,0.0,0.0,0.0009003739149152423,0.0009003739149152423,0.0,0.0,0.0
2013-04-01,-0.0008602898990898907,-0.002580869697269672,-0.002580869697269672,0.0,0.0,0.0,-0.002580869697269672,-0.002580869697269672,0.0,0.0,0.0
2013-04-02,0.0004365549864748575,0.0013096649594245724,0.0013096649594245724,0.0,0.0,0.0,0.0013096649594245724,0.0013096649594245724,0.0,0.0,0.0
2013-04-03,-0.0020400875572070412,-0.009388913865500347,0.00041703971613732405,0.0,0.0,0.0,-0.009388913865500347,-0.009388913865500347,0.0,0.0,0.0
2013-04-04,0.001200807165407659,0.003874887925199222,0.003057488638270489,0.0,0.0,0.0,0.003874887925199222,0.003874887925199222,0.0,0.0,0.0
2013-04-05,0.0001552223629096202,0.00046566708872886053,0.00046566708872886053,0.0,0.0,0.0,0.00046566708872886053,0.00046566708872886053,0.0,0.0,0.0
2013-04-08,0.0011600062982746408,0.003480018894823922,0.003480018894823922,0.0,0.0,0.0,0.003480018894823922,0.003480018894823922,0.0,0.0,0.0
2013-04-09,0.0012633228559932874,0.0037899685679798623,0.0037899685679798623,0.0,0.0,0.0,0.0037899685679798623,0.0037899685679798623,0.0,0.0,0.0
2013-04-10,0.0027105687600301,0.0081317062800903,0.0081317062800903,0.0,0.0,0.0,0.0081317062800903,0.0081317062800903,0.0,0.0,0.0
2013-04-11,0.0008416151779807812,0.002524845533942344,0.002524845533942344,0.0,0.0,0.0,0.002524845533942344,0.002524845533942344,0.0,0.0,0.0
2013-04-12,-0.002050611173967417,-0.00615183352190225,-0.00615183352190225,0.0,0.0,0.0,-0.00615183352190225,-0.00615183352190225,0.0,0.0,0.0
2013-04-15,-0.011266600000193527,-0.027380325043008545,-0.027380325043008545,-0.019258424872716107,0.0,0.0,-0.027380325043008545,-0.027380325043008545,0.0,0.0,0.0
2013-04-16,0.005342926699908034,0.011373373803102127,0.011373373803102127,0.011373373803102127,0.0,0.0,0.011373373803102127,0.011373373803102127,0.0025928450867637952,0.0,0.0
2013-04-17,-0.007479886676061559,-0.011948294132201642,-0.011948294132201642,-0.011948294132201642,-0.007263943302439513,0.0,-0.011948294132201642,-0.011948294132201642,-0.012261860253307954,0.0,0.0
2013-04-18,-0.002173560044184133,-0.004238455392154827,-0.004238455392154827,-0.004238455392154827,-0.004238455392154827,0.0,-0.004238455392154827,-0.004238455392154827,0.001630236563116938,0.0,0.0
2013-04-19,0.004621352981737181,0.006862268794466908,0.006862268794466908,0.006862268794466908,0.006862268794466908,0.0,0.006862268794466908,0.006862268794466908,0.003710131580447429,0.0,0.003570701282852651
2013-04-22,0.004357688305615049,0.0063263317128237516,0.0063263317128237516,0.0063263317128237516,0.0063263317128237516,0.0,0.0063263317128237516,0.0063263317128237516,0.003814730283657397,0.0,0.00377280590275928
2013-04-23,0.0041042366902540005,0.00819001724672711,0.00819001724672711,0.00819001724672711,0.00819001724672711,0.0,0.00819001724672711,0.004178061225377561,0.0,0.0,0.0
2013-04-24,0.0007073124342840945,0.0020230518732268442,0.0020230518732268442,-2.2469512115264045e-05,0.0020230518732268442,0.0,0.0020230518732268442,0.00031912580099158205,0.0,0.0,0.0
2013-04-25,0.0020119023650948683,0.005137804537609048,0.005137804537609048,0.0015458440554515507,0.005137804537609048,0.0,0.005137804537609048,0.0011478636175751178,0.0,0.0,0.0
2013-04-26,-0.0006382649088597216,-0.0011890847200684118,-0.0011890847200684118,-0.0009880452994638466,-0.0011890847200684118,0.0,-0.0011890847200684118,-0.0011890847200684118,0.0,0.0,0.0
2013-04-29,0.003017000698448211,0.006788251571508475,0.006788251571508475,0.0,0.006788251571508475,0.0,0.006788251571508475,0.006788251571508475,0.0,0.0,0.0
2013-04-30,0.0013425838600885519,0.0030208136851992418,0.0030208136851992418,0.0,0.0030208136851992418,0.0,0.0030208136851992418,0.0030208136851992418,0.0,0.0,0.0
2013-05-01,-0.0041694975554194035,-0.009381369499693658,-0.009381369499693658,0.0,-0.009381369499693658,0.0,-0.009381369499693658,-0.009381369499693658,0.0,0.0,0.0
2013-05-02,0.004277214642082431,0.00962373294468547,0.00962373294468547,0.0,0.00962373294468547,0.0,0.00962373294468547,0.00962373294468547,0.0,0.0,0.0
2013-05-03,0.0031021078904559986,0.006979742753525997,0.006979742753525997,0.0,0.006979742753525997,0.0,0.006979742753525997,0.006979742753525997,0.0,0.0,0.0
2013-05-06,0.0011990618669251083,0.0026978892005814934,0.0026978892005814934,0.0,0.0026978892005814934,0.0,0.0026978892005814934,0.0026978892005814934,0.0,0.0,0.0
2013-05-07,0.0007746605392380257,0.0017429862132855578,0.0017429862132855578,0.0,0.0017429862132855578,0.0,0.0017429862132855578,0.0017429862132855578,0.0,0.0,0.0
2013-05-08,0.00291118628204301,0.005411454346363342,0.005411454346363342,0.004554859152933721,0.005411454346363342,0.0,0.005411454346363342,0.005411454346363342,0.0,0.0,0.0
2013-05-09,-0.0017855638335486522,-0.003214014900387574,-0.003214014900387574,-0.003214014900387574,-0.003214014900387574,0.0,-0.003214014900387574,-0.003214014900387574,0.0,0.0,0.0
2013-05-10,0.0005873208512654431,0.0010571775322777976,0.0010571775322777976,0.0010571775322777976,0.0010571775322777976,0.0,0.0010571775322777976,0.0010571775322777976,0.0,0.0,0.0
2013-05-13,-0.00022990674234382908,-0.0007169125524150056,-0.0007169125524150056,-0.0007169125524150056,-0.0007169125524150056,0.0,-0.0007169125524150056,-0.0007169125524150056,0.0,0.0015154020809805657,0.0
2013-05-14,0.004398447197553269,0.006597670796329902,0.006597670796329902,0.006597670796329902,0.006597670796329902,0.0,0.006597670796329902,0.006597670796329902,0.0,0.006597670796329902,0.0
2013-05-15,0.0008104150842427327,0.001215622626364099,0.001215622626364099,0.001215622626364099,0.001215622626364099,0.0,0.001215622626364099,0.001215622626364099,0.0,0.001215622626364099,0.0
2013-05-16,-0.0013710130771168152,-0.002056519615675223,-0.002056519615675223,-0.002056519615675223,-0.002056519615675223,0.0,-0.002056519615675223,-0.002056519615675223,0.0,-0.002056519615675223,0.0
2013-05-17,0.0032289771075226124,0.004843465661283919,0.004843465661283919,0.004843465661283919,0.004843465661283919,0.0,0.004843465661283919,0.004843465661283919,0.0,0.004843465661283919,0.0
2013-05-20,0.002555384624408837,0.0038330769366132556,0.0038330769366132556,0.0038330769366132556,0.0038330769366132556,0.0,0.0038330769366132556,0.0038330769366132556,0.0,0.0038330769366132556,0.0
2013-05-21,0.00035360262458499956,0.0005304039368774993,0.0005304039368774993,0.0005304039368774993,0.0005304039368774993,0.0,0.0005304039368774993,0.0005304039368774993,0.0,0.0005304039368774993,0.0
2013-05-22,-0.006000327063318507,-0.009000490594977761,-0.009000490594977761,-0.009000490594977761,-0.009000490594977761,0.0,-0.009000490594977761,-0.009000490594977761,0.0,-0.009000490594977761,0.0
2013-05-23,0.0015739926697996298,0.0014257305000967891,0.0014257305000967891,0.0014257305000967891,0.0014257305000967891,0.0,0.0014257305000967891,0.0014257305000967891,0.005611551027615935,0.0014257305000967891,0.0
2013-05-24,-0.0016051759798655747,-0.001598326020317975,-0.001598326020317975,-0.001598326020317975,-0.001598326020317975,0.0,-0.001598326020317975,-0.001598326020317975,-0.004856627696882321,-0.001598326020317975,0.0
2013-05-28,0.002732064190363855,0.004098096285545782,0.004098096285545782,0.004098096285545782,0.004098096285545782,0.0,0.004098096285545782,0.004098096285545782,0.0,0.004098096285545782,0.0
2013-05-29,-0.0016612850102654614,-0.0026398612230689733,-0.0026398612230689733,-0.0026398612230689733,-0.0026398612230689733,0.0,-0.0026398612230689733,-0.0026398612230689733,0.000887602246024688,-0.0026398612230689733,0.0
2013-05-30,0.0032085481072294942,0.005205404265572267,0.005205404265572267,0.005205404265572267,0.005205404265572267,0.0,0.005205404265572267,0.005205404265572267,0.001376956795993034,0.0014729548412110826,0.0
2013-05-31,-0.008977960277107717,-0.013975580673217414,-0.013975580673217414,-0.013975580673217414,-0.013975580673217414,0.0,-0.013975580673217414,-0.013975580673217414,0.0,-0.010923739127882382,0.0
2013-06-03,0.0041592147393898085,0.007059380598554044,0.007059380598554044,0.007059380598554044,0.007059380598554044,0.0,0.007059380598554044,0.007059380598554044,0.0,0.002136029661738059,0.0
2013-06-04,-0.0039539481660933835,-0.00711710669896809,-0.00711710669896809,-0.00711710669896809,-0.00711710669896809,0.0,-0.00711710669896809,-0.00711710669896809,0.0,0.0,0.0
2013-06-05,-0.006019886210956603,-0.009149016175933666,-0.009149016175933666,-0.009149016175933666,-0.009149016175933666,0.0,-0.009149016175933666,-0.009149016175933666,-0.008433895018941096,0.0,0.0
2013-06-06,0.005893763689582074,0.007590382877516355,0.007590382877516355,0.007590382877516355,0.007590382877516355,0.0,0.007590382877516355,0.007590382877516355,0.007590382877516355,0.0,0.007501575941140537
2013-06-07,0.0033049854250161736,0.005446055703005192,0.005446055703005192,0.005446055703005192,0.005446055703005192,0.0,0.005446055703005192,0.005446055703005192,0.001257295155059801,0.0,0.001257295155059801
2013-06-10,0.000405434052885635,0.0007297812951941429,0.0007297812951941429,0.0007297812951941429,0.0007297812951941429,0.0,0.0007297812951941429,0.0007297812951941429,0.0,0.0,0.0
2013-06-11,-0.004286638189818244,-0.00771594874167284,-0.00771594874167284,-0.00771594874167284,-0.00771594874167284,0.0,-0.00771594874167284,-0.00771594874167284,0.0,0.0,0.0
2013-06-12,-0.004391480451179159,-0.007904664812122486,-0.007904664812122486,-0.007904664812122486,-0.007904664812122486,0.0,-0.007904664812122486,-0.007904664812122486,0.0,0.0,0.0
2013-06-13,0.00889827249082382,0.013285980733705405,0.013285980733705405,0.013285980733705405,0.013285980733705405,0.0,0.013285980733705405,0.013285980733705405,0.0,0.0,0.013654548748887363
2013-06-14,-0.0033025973602797626,-0.005707091891235449,-0.005707091891235449,-0.005707091891235449,-0.005707091891235449,0.0,-0.005707091891235449,-0.005707091891235449,0.0,0.0,-0.0011879167863406148
2013-06-17,0.0031570767268474954,0.0056827381083254915,0.0056827381083254915,0.0056827381083254915,0.0056827381083254915,0.0,0.0056827381083254915,0.0056827381083254915,0.0,0.0,0.0
2013-06-18,0.0029523639109412395,0.0053469497078147635,0.0053469497078147635,0.0053469497078147635,0.0053469497078147635,0.0,0.0053469497078147635,0.0053469497078147635,-0.00016347334060266006,0.0,0.0
2013-06-19,-0.007056100763835543,-0.012261314669243984,-0.012261314669243984,-0.012261314669243984,-0.012261314669243984,0.0,-0.012261314669243984,-0.012261314669243984,-0.0021983335282999674,0.0,0.0
2013-06-20,-0.015418798530532855,-0.02666932440310409,-0.02666932440310409,-0.02666932440310409,-0.02666932440310409,0.0,-0.02666932440310409,-0.02666932440310409,-0.005422564759275239,0.0,0.0
2013-06-21,-0.0008071246992617273,0.0005126393772967641,0.0005126393772967641,0.0005126393772967641,0.0005126393772967641,0.0,0.0005126393772967641,0.0005126393772967641,-0.004913659589919683,0.0,-0.004913659589919683
2013-06-24,-0.00805252255276383,-0.010353243282124924,-0.010353243282124924,-0.010353243282124924,-0.010353243282124924,0.0,-0.010353243282124924,-0.010353243282124924,-0.010353243282124924,0.0,-0.010353243282124924
2013-06-25,0.005117084780744636,0.006579109003814532,0.006579109003814532,0.006579109003814532,0.006579109003814532,0.0,0.006579109003814532,0.006579109003814532,0.006579109003814532,0.0,0.006579109003814532
2013-06-26,0.002689865252626427,0.0034583981819482634,0.0034583981819482634,0.0034583981819482634,0.0034583981819482634,0.0,0.0034583981819482634,0.0034583981819482634,0.0034583981819482634,0.0,0.0034583981819482634
2013-06-27,0.0037688326626414475,0.004682553911313459,0.004682553911313459,0.004682553911313459,0.004682553911313459,0.0,0.004682553911313459,0.004682553911313459,0.004682553911313459,0.0,0.005824170495892278
2013-06-28,-0.0003687636950653402,-0.0005531455425980103,-0.0005531455425980103,-0.0005531455425980103,-0.0005531455425980103,0.0,-0.0005531455425980103,-0.0005531455425980103,-0.0005531455425980103,0.0,0.0
2013-07-01,0.004756762900976848,0.007135144351465272,0.007135144351465272,0.007135144351465272,0.007135144351465272,0.0,0.007135144351465272,0.007135144351465272,0.007135144351465272,0.0,0.0
2013-07-02,-0.0007561791022923092,-0.0011342686534384638,-0.0011342686534384638,-0.0011342686534384638,-0.0011342686534384638,0.0,-0.0011342686534384638,-0.0011342686534384638,-0.0011342686534384638,0.0,0.0
2013-07-03,0.0009359660041730499,0.001403949006259575,0.001403949006259575,0.001403949006259575,0.001403949006259575,0.0,0.001403949006259575,0.001403949006259575,0.001403949006259575,0.0,0.0
2013-07-05,0.002462231014352745,0.0036933465215291173,0.0036933465215291173,0.0036933465215291173,0.0036933465215291173,0.0,0.0036933465215291173,0.0036933465215291173,0.0036933465215291173,0.0,0.0
2013-07-08,0.0038700453855039876,0.005805068078255982,0.005805068078255982,0.005805068078255982,0.005805068078255982,0.0,0.005805068078255982,0.005805068078255982,0.005805068078255982,0.0,0.0
2013-07-09,0.00422440811030255,0.006336612165453825,0.006336612165453825,0.006336612165453825,0.006336612165453825,0.0,0.006336612165453825,0.006336612165453825,0.006336612165453825,0.0,0.0
2013-07-10,6.277814092534584e-05,9.416721138801875e-05,9.416721138801875e-05,9.416721138801875e-05,9.416721138801875e-05,0.0,9.416721138801875e-05,9.416721138801875e-05,9.416721138801875e-05,0.0,0.0
2013-07-11,0.009492963459173935,0.014239445188760903,0.014239445188760903,0.014239445188760903,0.014239445188760903,0.0,0.014239445188760903,0.014239445188760903,0.014239445188760903,0.0,0.0
2013-07-12,0.0015359919134561102,0.0023039878701841656,0.0023039878701841656,0.0023039878701841656,0.0023039878701841656,0.0,0.0023039878701841656,0.0023039878701841656,0.0023039878701841656,0.0,0.0
2013-07-15,0.0020650095832808043,0.0030975143749212065,0.0030975143749212065,0.0030975143749212065,0.0030975143749212065,0.0,0.0030975143749212065,0.0030975143749212065,0.0030975143749212065,0.0,0.0
2013-07-16,-0.0009810054230605621,-0.0018362904704596894,-0.0018362904704596894,-0.0018362904704596894,-0.0018362904704596894,0.0,-0.0018362904704596894,-0.0018362904704596894,0.00035240354475338795,0.0,0.0
2013-07-17,0.0006415784049464536,0.0011548411289036165,0.0011548411289036165,0.0011548411289036165,0.0011548411289036165,0.0,0.0011548411289036165,0.0011548411289036165,0.0,0.0,0.0
2013-07-18,0.0018184214098513217,0.003273158537732379,0.003273158537732379,0.003273158537732379,0.003273158537732379,0.0,0.003273158537732379,0.003273158537732379,0.0,0.0,0.0
2013-07-19,0.0019136699580936012,0.0028311260808422055,0.0028311260808422055,0.0028311260808422055,0.0028311260808422055,0.0,0.0028311260808422055,0.0028311260808422055,0.0,0.0030673992186313836,0.0
2013-07-22,0.0030117111025374757,0.004955739476352372,0.004955739476352372,0.004955739476352372,0.004955739476352372,0.0,0.004955739476352372,0.004955739476352372,-8.494331697461721e-05,0.0024116458580500377,0.0
2013-07-23,-0.0010056738598865416,-0.0015807308218609094,-0.0015807308218609094,-0.0015807308218609094,-0.0015807308218609094,0.0,-0.0015807308218609094,-0.0015807308218609094,-0.001147410629674328,0.0,0.0
2013-07-24,-0.002971496339709433,-0.005353386254310566,-0.005353386254310566,-0.005353386254310566,-0.005353386254310566,0.0,-0.005353386254310566,-0.005353386254310566,2.3464214167934205e-05,0.0,0.0
2013-07-25,0.002721527323985239,0.004020311169346457,0.004020311169346457,0.004020311169346457,0.004020311169346457,0.0,0.004020311169346457,0.004020311169346457,0.00439219006913486,0.0,0.0
2013-07-26,0.0010323044926204396,0.0015484567389306592,0.0015484567389306592,0.0015484567389306592,0.0015484567389306592,0.0,0.0015484567389306592,0.0015484567389306592,0.0015484567389306592,0.0,0.0
2013-07-29,-0.0027313819297335217,-0.004322759257627318,-0.004322759257627318,-0.004322759257627318,-0.004322759257627318,0.0,-0.004322759257627318,-0.004322759257627318,-0.0029686410794651065,0.0,0.0
2013-07-30,0.00032098729002153246,0.0005777771220387585,0.0005777771220387585,0.0005777771220387585,0.0005777771220387585,0.0,0.0005777771220387585,0.0005777771220387585,0.0,0.0,0.0
2013-07-31,0.000385950733997362,0.0006947113211952516,0.0006947113211952516,0.0006947113211952516,0.0006947113211952516,0.0,0.0006947113211952516,0.0006947113211952516,0.0,0.0,0.0
2013-08-01,0.003499524156874232,0.006163594062395261,0.006163594062395261,0.006163594062395261,0.006163594062395261,0.0,0.006163594062395261,0.006163594062395261,0.0006777470998917789,0.0,0.0
2013-08-02,0.0011007014179380474,0.0019054459304401416,0.0019054459304401416,0.0019054459304401416,0.0019054459304401416,0.0,0.0019054459304401416,0.0019054459304401416,0.00037908310924171794,0.0,0.0
2013-08-05,-0.0010635421338136934,-0.0016445047600324504,-0.0016445047600324504,-0.0016445047600324504,-0.0016445047600324504,0.0,-0.0016445047600324504,-0.0016445047600324504,-0.00134935540416099,0.0,0.0
2013-08-06,-0.003626248784509651,-0.006378718849825804,-0.006378718849825804,-0.006378718849825804,-0.006378718849825804,0.0,-0.006378718849825804,-0.006378718849825804,-0.0007426448114578377,0.0,0.0
2013-08-07,-0.0009868777459570216,-0.0017271268938721662,-0.0017271268938721662,-0.0017271268938721662,-0.0017271268938721662,0.0,-0.0017271268938721662,-0.0017271268938721662,-0.00024626524425236385,0.0,0.0
2013-08-08,0.0032885525457797106,0.0049328288186695655,0.0049328288186695655,0.0049328288186695655,0.0049328288186695655,0.0,0.0049328288186695655,0.0049328288186695655,0.0049328288186695655,0.0,0.0
2013-08-09,-0.0016718788778157616,-0.0025078183167236423,-0.0025078183167236423,-0.0025078183167236423,-0.0025078183167236423,0.0,-0.0025078183167236423,-0.0025078183167236423,-0.0025078183167236423,0.0,0.0
2013-08-12,0.0007543892204596873,0.0011315838306895309,0.0011315838306895309,0.0011315838306895309,0.0011315838306895309,0.0,0.0011315838306895309,0.0011315838306895309,0.0011315838306895309,0.0,0.0
2013-08-13,4.256716316197112e-05,0.0001992338612465616,0.0001992338612465616,0.0001992338612465616,0.0001992338612465616,0.0,0.0001992338612465616,0.0001992338612465616,-0.000613064837775068,0.0,0.0
2013-08-14,-0.0013475081584209932,-0.002599140120215859,-0.002599140120215859,-0.002599140120215859,-0.002599140120215859,0.0,-0.002599140120215859,-0.002599140120215859,0.0008681271752903563,0.0,0.0
2013-08-15,-0.006365547823535654,-0.010958399704025845,-0.010958399704025845,-0.010958399704025845,-0.010958399704025845,0.0,-0.010958399704025845,-0.010958399704025845,-0.0024979318916916625,0.0,0.0
2013-08-16,-0.0009896751221567584,-0.0017814152198821654,-0.0017814152198821654,-0.0017814152198821654,-0.0017814152198821654,0.0,-0.0017814152198821654,-0.0017814152198821654,0.0,0.0,0.0
2013-08-19,-0.0031585025584541563,-0.006648885752644251,-0.006648885752644251,-0.0018309800155103973,-0.006648885752644251,0.0,-0.006648885752644251,-0.006648885752644251,0.0,0.0,0.0
2013-08-20,0.0024426559173161564,0.005495975813961352,0.005495975813961352,0.0,0.005495975813961352,0.0,0.005495975813961352,0.005495975813961352,0.0,0.0,0.0
2013-08-21,-0.0025611689362275165,-0.0057626301065119125,-0.0057626301065119125,0.0,-0.0057626301065119125,0.0,-0.0057626301065119125,-0.0057626301065119125,0.0,0.0,0.0
2013-08-22,0.004058058125910839,0.009130630783299388,0.009130630783299388,0.0,0.009130630783299388,0.0,0.009130630783299388,0.009130630783299388,0.0,0.0,0.0
2013-08-23,0.003007214805300098,0.006004977078462925,0.006004977078462925,0.0030450249338491832,0.006004977078462925,0.0,0.006004977078462925,0.006004977078462925,0.0,0.0,0.0
2013-08-26,-0.0005356202493891472,-0.000964116448900465,-0.000964116448900465,-0.000964116448900465,-0.000964116448900465,0.0,-0.000964116448900465,-0.000964116448900465,0.0,0.0,0.0
2013-08-27,-0.005784277646187201,-0.011339619273093982,-0.011339619273093982,-0.00670002172330888,-0.011339619273093982,0.0,-0.011339619273093982,-0.011339619273093982,0.0,0.0,0.0
2013-08-28,0.001234100160297475,0.002776725360669319,0.002776725360669319,0.0,0.002776725360669319,0.0,0.002776725360669319,0.002776725360669319,0.0,0.0,0.0
2013-08-29,0.000998603496791972,0.002246857867781937,0.002246857867781937,0.0,0.002246857867781937,0.0,0.002246857867781937,0.002246857867781937,0.0,0.0,0.0
2013-08-30,-0.0023028940364701023,-0.00518151158205773,-0.00518151158205773,0.0,-0.00518151158205773,0.0,-0.00518151158205773,-0.00518151158205773,0.0,0.0,0.0
2013-09-03,0.001824984911940132,0.004106216051865297,0.004106216051865297,0.0,0.004106216051865297,0.0,0.004106216051865297,0.004106216051865297,0.0,0.0,0.0
2013-09-04,0.0023967011236828697,0.005392577528286457,0.005392577528286457,0.0,0.005392577528286457,0.0,0.005392577528286457,0.005392577528286457,0.0,0.0,0.0
2013-09-05,-0.0008948500245074579,-0.00201341255514178,-0.00201341255514178,0.0,-0.00201341255514178,0.0,-0.00201341255514178,-0.00201341255514178,0.0,0.0,0.0
2013-09-06,0.0011033896582586542,0.002482626731081972,0.002482626731081972,0.0,0.002482626731081972,0.0,0.002482626731081972,0.002482626731081972,0.0,0.0,0.0
2013-09-09,0.0037928316934911113,0.008533871310355,0.008533871310355,0.0,0.008533871310355,0.0,0.008533871310355,0.008533871310355,0.0,0.0,0.0
2013-09-10,0.0014757635719692798,0.00325726665697198,0.00325726665697198,0.0002528055198355972,0.00325726665697198,0.0,0.00325726665697198,0.00325726665697198,0.0,0.0,0.0
2013-09-11,0.0016619145651403902,0.0029914462172527024,0.0029914462172527024,0.0029914462172527024,0.0029914462172527024,0.0,0.0029914462172527024,0.0029914462172527024,0.0,0.0,0.0
2013-09-12,-0.0031839876694047223,-0.0057311778049285,-0.0057311778049285,-0.0057311778049285,-0.0057311778049285,0.0,-0.0057311778049285,-0.0057311778049285,0.0,0.0,0.0
2013-09-13,0.001312529317957895,0.002362552772324211,0.002362552772324211,0.002362552772324211,0.002362552772324211,0.0,0.002362552772324211,0.002362552772324211,0.0,0.0,0.0
2013-09-16,0.0007850051889215997,0.0014130093400588795,0.0014130093400588795,0.0014130093400588795,0.0014130093400588795,0.0,0.0014130093400588795,0.0014130093400588795,0.0,0.0,0.0
2013-09-17,0.0026073838061192824,0.0046932908510147085,0.0046932908510147085,0.0046932908510147085,0.0046932908510147085,0.0,0.0046932908510147085,0.0046932908510147085,0.0,0.0,0.0
2013-09-18,0.007651687555993029,0.013773037600787453,0.013773037600787453,0.013773037600787453,0.013773037600787453,0.0,0.013773037600787453,0.013773037600787453,0.0,0.0,0.0
2013-09-19,-0.0010847722081485595,-0.001952589974667407,-0.001952589974667407,-0.001952589974667407,-0.001952589974667407,0.0,-0.001952589974667407,-0.001952589974667407,0.0,0.0,0.0
2013-09-20,-0.003942618333255216,-0.0070967129998593895,-0.0070967129998593895,-0.0070967129998593895,-0.0070967129998593895,0.0,-0.0070967129998593895,-0.0070967129998593895,0.0,0.0,0.0
2013-09-23,-0.0016233289374405183,-0.0029219920873929327,-0.0029219920873929327,-0.0029219920873929327,-0.0029219920873929327,0.0,-0.0029219920873929327,-0.0029219920873929327,0.0,0.0,0.0
2013-09-24,-0.0003610614776021759,-0.0006499106596839166,-0.0006499106596839166,-0.0006499106596839166,-0.0006499106596839166,0.0,-0.0006499106596839166,-0.0006499106596839166,0.0,0.0,0.0
2013-09-25,-0.00031126951015802366,-0.0005602851182844426,-0.0005602851182844426,-0.0005602851182844426,-0.0005602851182844426,0.0,-0.0005602851182844426,-0.0005602851182844426,0.0,0.0,0.0
2013-09-26,0.0007310451977250184,0.0014924897160764061,0.0014924897160764061,0.0006094479152195409,0.0014924897160764061,0.0,0.0014924897160764061,0.0014924897160764061,0.0,0.0,0.0
2013-09-27,-0.0007379373075053319,-0.0016603589418869968,-0.0016603589418869968,0.0,-0.0016603589418869968,0.0,-0.0016603589418869968,-0.0016603589418869968,0.0,0.0,0.0
2013-09-30,-0.0020463045184023186,-0.004604185166405217,-0.004604185166405217,0.0,-0.004604185166405217,0.0,-0.004604185166405217,-0.004604185166405217,0.0,0.0,0.0
2013-10-01,0.0016696231079234014,0.003756651992827653,0.003756651992827653,0.0,0.003756651992827653,0.0,0.003756651992827653,0.003756651992827653,0.0,0.0,0.0
2013-10-02,0.0005094108899738516,0.0011461745024411662,0.0011461745024411662,0.0,0.0011461745024411662,0.0,0.0011461745024411662,0.0011461745024411662,0.0,0.0,0.0
2013-10-03,-0.003295790350525331,-0.007415528288681994,-0.007415528288681994,0.0,-0.007415528288681994,0.0,-0.007415528288681994,-0.007415528288681994,0.0,0.0,0.0
2013-10-04,0.002461903464322764,0.005539282794726219,0.005539282794726219,0.0,0.005539282794726219,0.0,0.005539282794726219,0.005539282794726219,0.0,0.0,0.0
2013-10-07,-0.0026886340419289487,-0.0060494265943401345,-0.0060494265943401345,0.0,-0.0060494265943401345,0.0,-0.0060494265943401345,-0.0060494265943401345,0.0,0.0,0.0
2013-10-08,-0.004988474814937558,-0.011224068333609505,-0.011224068333609505,0.0,-0.011224068333609505,0.0,-0.011224068333609505,-0.011224068333609505,0.0,0.0,0.0
2013-10-09,-0.0009247387644721045,-0.002080662220062235,-0.002080662220062235,0.0,-0.002080662220062235,0.0,-0.002080662220062235,-0.002080662220062235,0.0,0.0,0.0
2013-10-10,0.007222264293142174,0.01625009465956989,0.01625009465956989,0.0,0.01625009465956989,0.0,0.01625009465956989,0.01625009465956989,0.0,0.0,0.0
2013-10-11,0.0023318081772804354,0.0052465683988809795,0.0052465683988809795,0.0,0.0052465683988809795,0.0,0.0052465683988809795,0.0052465683988809795,0.0,0.0,0.0
2013-10-14,0.0031613918136815552,0.0036332730128525335,0.0036332730128525335,0.006959717135861932,0.0036332730128525335,0.0,0.0036332730128525335,0.0036332730128525335,0.0,0.006959717135861932,0.0
2013-10-15,-0.0028348790804604246,-0.004737110787905141,-0.004737110787905141,-0.004737110787905141,-0.004737110787905141,0.0,-0.004737110787905141,-0.004737110787905141,0.0,-0.0018283577846181175,0.0
2013-10-16,0.008066953117694172,0.01294061914296447,0.01294061914296447,0.01294061914296447,0.01294061914296447,0.0,0.01294061914296447,0.01294061914296447,0.0,0.0,0.00789948234442519
2013-10-17,0.005285079806537325,0.008089111177370767,0.008089111177370767,0.008089111177370767,0.008089111177370767,0.0,0.008089111177370767,0.008089111177370767,0.0,0.008362321257377148,-0.0012421588853950617
2013-10-18,0.003997025633684596,0.0059955384505268935,0.0059955384505268935,0.0059955384505268935,0.0059955384505268935,0.0,0.0059955384505268935,0.0059955384505268935,0.0,0.0059955384505268935,0.0
2013-10-21,-0.0005645441470947773,-0.0008468162206421659,-0.0008468162206421659,-0.0008468162206421659,-0.0008468162206421659,0.0,-0.0008468162206421659,-0.0008468162206421659,0.0,-0.0008468162206421659,0.0
2013-10-22,0.0038625791072952323,0.0060836663964349055,0.0060836663964349055,0.0060836663964349055,0.0060836663964349055,0.0,0.0060836663964349055,0.0060836663964349055,0.0,0.004344879983482564,0.0
2013-10-23,-0.0026973842997758033,-0.004855291739596446,-0.004855291739596446,-0.004855291739596446,-0.004855291739596446,0.0,-0.004855291739596446,-0.004855291739596446,0.0,0.0,0.0
2013-10-24,0.0018662285173116078,0.003359211331160894,0.003359211331160894,0.003359211331160894,0.003359211331160894,0.0,0.003359211331160894,0.003359211331160894,0.0,0.0,0.0
2013-10-25,0.002314404545594827,0.0041659281820706886,0.0041659281820706886,0.0041659281820706886,0.0041659281820706886,0.0,0.0041659281820706886,0.0041659281820706886,0.0,0.0,0.0
2013-10-28,0.00018468812108714724,0.00033243861795686505,0.00033243861795686505,0.00033243861795686505,0.00033243861795686505,0.0,0.00033243861795686505,0.00033243861795686505,0.0,0.0,0.0
2013-10-29,0.0019725783793798574,0.003550641082883743,0.003550641082883743,0.003550641082883743,0.003550641082883743,0.0,0.003550641082883743,0.003550641082883743,0.0,0.0,0.0
2013-10-30,-0.0027244192457907485,-0.0049039546424233475,-0.0049039546424233475,-0.0049039546424233475,-0.0049039546424233475,0.0,-0.0049039546424233475,-0.0049039546424233475,0.0,0.0,0.0
2013-10-31,-0.0026749491706551695,-0.004814908507179305,-0.004814908507179305,-0.004814908507179305,-0.004814908507179305,0.0,-0.004814908507179305,-0.004814908507179305,0.0,0.0,0.0
2013-11-01,-0.0005132960718225505,-0.0009239329292805909,-0.0009239329292805909,-0.0009239329292805909,-0.0009239329292805909,0.0,-0.0009239329292805909,-0.0009239329292805909,0.0,0.0,0.0
2013-11-04,0.001950938955202344,0.003511690119364219,0.003511690119364219,0.003511690119364219,0.003511690119364219,0.0,0.003511690119364219,0.003511690119364219,0.0,0.0,0.0
2013-11-05,-0.0022848224791155963,-0.004099278444340615,-0.004099278444340615,-0.0041662885346779085,-0.004099278444340615,0.0,-0.004099278444340615,-0.004099278444340615,0.0,0.0,0.0
2013-11-06,0.001348858444466256,0.003034931500049076,0.003034931500049076,0.0,0.003034931500049076,0.0,0.003034931500049076,0.003034931500049076,0.0,0.0,0.0
2013-11-07,-0.004673811345601505,-0.010516075527603386,-0.010516075527603386,0.0,-0.010516075527603386,0.0,-0.010516075527603386,-0.010516075527603386,0.0,0.0,0.0
2013-11-08,0.0034798976761616068,0.007829769771363616,0.007829769771363616,0.0,0.007829769771363616,0.0,0.007829769771363616,0.007829769771363616,0.0,0.0,0.0
2013-11-11,-3.651393093838539e-06,-3.874678410663579e-05,-3.874678410663579e-05,0.00012212459858199632,-3.874678410663579e-05,0.0,-3.874678410663579e-05,-3.874678410663579e-05,0.0,0.0,0.0
2013-11-12,-0.0013710031374845981,-0.0024678056474722763,-0.0024678056474722763,-0.0024678056474722763,-0.0024678056474722763,0.0,-0.0024678056474722763,-0.0024678056474722763,0.0,0.0,0.0
2013-11-13,0.004035945741287701,0.007264702334317863,0.007264702334317863,0.007264702334317863,0.007264702334317863,0.0,0.007264702334317863,0.007264702334317863,0.0,0.0,0.0
2013-11-14,0.0027487725623661762,0.004947790612259117,0.004947790612259117,0.004947790612259117,0.004947790612259117,0.0,0.004947790612259117,0.004947790612259117,0.0,0.0,0.0
2013-11-15,0.0016491468589360434,0.0036000670322312357,0.0036000670322312357,0.00044205360149944805,0.0036000670322312357,0.0,0.0036000670322312357,0.0036000670322312357,0.0,0.0,0.0
2013-11-18,-0.0018291417093536605,-0.004115568846045736,-0.004115568846045736,0.0,-0.004115568846045736,0.0,-0.004115568846045736,-0.004115568846045736,0.0,0.0,0.0
2013-11-19,-0.0009804504838618671,-0.001837210762934649,-0.001837210762934649,-0.001475211303018209,-0.001837210762934649,0.0,-0.001837210762934649,-0.001837210762934649,0.0,0.0,0.0
2013-11-20,-0.0030546293925154894,-0.00549833290652788,-0.00549833290652788,-0.00549833290652788,-0.00549833290652788,0.0,-0.00549833290652788,-0.00549833290652788,0.0,0.0,0.0
2013-11-21,0.004424027261139533,0.00796324907005116,0.00796324907005116,0.00796324907005116,0.00796324907005116,0.0,0.00796324907005116,0.00796324907005116,0.0,0.0,0.0
2013-11-22,0.0027356697123066542,0.004924205482151977,0.004924205482151977,0.004924205482151977,0.004924205482151977,0.0,0.004924205482151977,0.004924205482151977,0.0,0.0,0.0
2013-11-25,0.0005386328245513401,0.0007648455489295714,0.0007648455489295714,0.0007648455489295714,0.0007648455489295714,0.0,0.0007648455489295714,0.0007648455489295714,0.0010234676763142049,0.0,0.0
2013-11-26,0.00035446372399574477,0.0007840471500696999,0.0007840471500696999,0.0007840471500696999,0.0007840471500696999,0.0,0.0007840471500696999,0.0007840471500696999,-0.0007300622343867968,0.0,0.0
2013-11-27,0.0007795918735013409,0.0015986600994806089,0.0015986600994806089,0.0015986600994806089,0.0015986600994806089,0.0,0.0015986600994806089,0.0015986600994806089,-0.0009769736358909765,0.0,0.0
2013-11-29,0.000838429974982492,0.0013431196691877645,0.0013431196691877645,0.0013431196691877645,0.0013431196691877645,0.0,0.0013431196691877645,0.0013431196691877645,0.0008302714289036061,0.0,0.0
2013-12-02,-0.0034555352839136366,-0.005674149974175457,-0.005674149974175457,-0.005674149974175457,-0.005674149974175457,0.0,-0.005674149974175457,-0.005674149974175457,-0.002729067684345443,0.0,0.0
2013-12-03,-0.001506780194428693,-0.0023040095812048578,-0.0023040095812048578,-0.0023040095812048578,-0.0023040095812048578,0.0,-0.0023040095812048578,-0.0023040095812048578,-0.0020409738438339486,0.0,0.0
2013-12-04,0.000357032265784665,6.268833767765214e-05,6.268833767765214e-05,6.268833767765214e-05,6.268833767765214e-05,0.0,6.268833767765214e-05,6.268833767765214e-05,-0.0001175165105770648,0.003017365214250789,0.0
2013-12-05,-0.003326235880701145,-0.004340264126160798,-0.004340264126160798,-0.004340264126160798,-0.004340264126160798,0.0,-0.004340264126160798,-0.004340264126160798,-0.0038945381693455184,-0.004340264126160798,0.0
2013-12-06,0.006153975136631545,0.008287593589202747,0.008287593589202747,0.008287593589202747,0.008287593589202747,0.0,0.008287593589202747,0.008287593589202747,0.006651285818581753,0.0072965224650884284,0.0
2013-12-09,0.001982047545458291,0.0029730713181874368,0.0029730713181874368,0.0029730713181874368,0.0029730713181874368,0.0,0.0029730713181874368,0.0029730713181874368,0.0029730713181874368,0.0,0.0
2013-12-10,-0.0005488930981830132,-0.00045256091472519746,-0.00045256091472519746,-0.00045256091472519746,-0.00045256091472519746,0.0,-0.00045256091472519746,-0.00045256091472519746,-0.00045256091472519746,-0.0022246723952959345,0.0
2013-12-11,-0.00925842876500066,-0.01190369412642942,-0.01190369412642942,-0.01190369412642942,-0.01190369412642942,0.0,-0.01190369412642942,-0.01190369412642942,-0.01190369412642942,-0.01190369412642942,0.0
2013-12-12,-0.0031868400324141758,-0.004367404709513157,-0.004367404709513157,-0.004367404709513157,-0.004367404709513157,0.0,-0.004367404709513157,-0.004367404709513157,-0.004367404709513157,-0.0024771320346486437,0.0
2013-12-13,0.0009310463939024646,0.0012300966776542465,0.002228934156850948,0.0012300966776542465,0.0012300966776542465,0.0,0.0012300966776542465,0.0012300966776542465,0.0012300966776542465,0.0,0.0
2013-12-16,0.003174991521308105,0.0057149847383545895,0.0,0.0057149847383545895,0.0057149847383545895,0.0,0.0057149847383545895,0.0057149847383545895,0.0057149847383545895,0.0,0.0
2013-12-17,-0.0016102332016227966,-0.002898419762921034,0.0,-0.002898419762921034,-0.002898419762921034,0.0,-0.002898419762921034,-0.002898419762921034,-0.002898419762921034,0.0,0.0
2013-12-18,0.0076814791692484214,0.011832750209017117,0.009969561478150202,0.011832750209017117,0.011832750209017117,0.0,0.011832750209017117,0.011832750209017117,0.011832750209017117,0.0,0.0
2013-12-19,-0.002398812056389019,-0.0034299237334483148,-0.003319155114546846,-0.0034299237334483148,-0.0034299237334483148,0.0,-0.0034299237334483148,-0.0034299237334483148,-0.0034299237334483148,-0.001120534725712752,0.0
2013-12-20,0.005465042606490878,0.008197563909736316,0.0,0.008197563909736316,0.008197563909736316,0.0,0.008197563909736316,0.008197563909736316,0.008197563909736316,0.008197563909736316,0.0
2013-12-23,0.002984506478725339,0.004476759718088008,0.0,0.004476759718088008,0.004476759718088008,0.0,0.004476759718088008,0.004476759718088008,0.004476759718088008,0.004476759718088008,0.0
2013-12-24,0.0007969526830790441,0.0014765594673417093,0.0,0.0014765594673417093,0.0014765594673417093,0.0,0.0014765594673417093,0.0014765594673417093,0.0014765594673417093,-0.00021022318899714952,0.0
2013-12-26,0.0020836161973928715,0.003750509155307169,0.0,0.003750509155307169,0.003750509155307169,0.0,0.003750509155307169,0.003750509155307169,0.003750509155307169,0.0,0.0
2013-12-27,-0.0002812351379200057,-2.778986516460691e-07,0.0,-2.778986516460691e-07,-2.778986516460691e-07,0.0,-2.778986516460691e-07,-2.778986516460691e-07,-2.778986516460691e-07,-0.002529726748021821,0.0
2013-12-30,-0.0014690463882165684,-0.0018735833531251078,-0.00197991737519847,-0.0018735833531251078,-0.0018735833531251078,0.0,-0.0018735833531251078,-0.0018735833531251078,-0.0018735833531251078,-0.0018735833531251078,0.0
2013-12-31,0.0026541975020819117,0.003962256632860784,0.003962256632860784,0.003962256632860784,0.003962256632860784,0.0,0.003962256632860784,0.003962256632860784,0.003962256632860784,0.00011423772157250766,0.0
2014-01-02,-0.004808544356766366,-0.005235789366052734,-0.005235789366052734,0.00022842812619704443,-0.005235789366052734,-0.005235789366052734,-0.005235789366052734,-0.005235789366052734,-0.006854801774725194,-0.005235789366052734,-0.005235789366052734
2014-01-03,0.000727326548619003,0.0011123477324133878,0.0011123477324133878,-0.0012596218068823717,0.0011123477324133878,0.0011123477324133878,0.0011123477324133878,0.0011123477324133878,1.912661755968381e-05,0.0011123477324133878,0.0011123477324133878
2014-01-06,-0.0015333134509293706,-0.0015342923335051385,-0.0015342923335051385,-0.0013494415798102177,-0.0015342923335051385,-0.0015342923335051385,-0.0015342923335051385,-0.0015342923335051385,-0.0017103331440181501,-0.0015342923335051385,-0.0015342923335051385
2014-01-07,0.005244489842854321,0.0054873204847543655,0.0054873204847543655,0.005921634307417123,0.0054873204847543655,0.0054873204847543655,0.0054873204847543655,0.0054873204847543655,0.0060563583970353555,0.0022984929727102197,0.0054873204847543655
2014-01-08,-0.00023983147009993083,-0.00036157717199659657,-0.00036157717199659657,-0.00021656686974431684,-0.00036157717199659657,-0.00036157717199659657,-0.00036157717199659657,-0.00036157717199659657,0.00022754667082451884,0.0,-0.00036157717199659657
2014-01-09,0.0005039365498220631,0.0006890383875759798,0.0006890383875759798,0.0,0.0006890383875759798,0.0006890383875759798,0.0006890383875759798,0.0006890383875759798,0.00040119862294268893,0.0,0.0006890383875759798
2014-01-10,0.0032028243704944467,0.004334988882233759,0.004334988882233759,0.0,0.004334988882233759,0.004334988882233759,0.004334988882233759,0.004334988882233759,0.0028154860410474656,0.0,0.004334988882233759
2014-01-13,-0.0074753726098557675,-0.009602811302248437,-0.009602811302248437,0.0,-0.009602811302248437,-0.009602811302248437,-0.009602811302248437,-0.009602811302248437,-0.00966148567521129,0.0,-0.009602811302248437
2014-01-14,0.005204425922537725,0.008662880230618685,0.008662880230618685,0.0,0.008662880230618685,0.0017627160748730497,0.008662880230618685,0.008662880230618685,0.0017627160748730497,0.0,0.008662880230618685
2014-01-15,0.0025083666390563536,0.004515059950301437,0.004515059950301437,0.0,0.004515059950301437,0.0,0.004515059950301437,0.004515059950301437,0.0,0.0,0.004515059950301437
2014-01-16,8.233452165479216e-05,0.0001482021389786259,0.0001482021389786259,0.0,0.0001482021389786259,0.0,0.0001482021389786259,0.0001482021389786259,0.0,0.0,0.0001482021389786259
2014-01-17,-0.0005391432284710519,-0.0009704578112478934,-0.0009704578112478934,0.0,-0.0009704578112478934,0.0,-0.0009704578112478934,-0.0009704578112478934,0.0,0.0,-0.0009704578112478934
2014-01-21,0.0010342153670322232,0.0024959481023078323,0.0024959481023078323,0.0,0.0024959481023078323,-0.0015859011041245764,0.0024959481023078323,0.0024959481023078323,-0.0015859011041245764,0.0,0.0024959481023078323
2014-01-22,0.00037503697992820665,0.0004821904027648372,0.0004821904027648372,0.0,0.0004821904027648372,0.0004821904027648372,0.0004821904027648372,0.0004821904027648372,0.0004821904027648372,0.0,0.0004821904027648372
2014-01-23,-0.002317045172417815,-0.002979058078822905,-0.002979058078822905,0.0,-0.002979058078822905,-0.002979058078822905,-0.002979058078822905,-0.002979058078822905,-0.002979058078822905,0.0,-0.002979058078822905
2014-01-24,-0.009995809955352434,-0.016227490863200356,-0.016227490863200356,0.0,-0.016227490863200356,-0.0044124176410850645,-0.016227490863200356,-0.016227490863200356,-0.0044124176410850645,0.0,-0.016227490863200356
2014-01-27,-0.0042881691148627145,-0.0077187044067528856,-0.0077187044067528856,0.0,-0.0077187044067528856,0.0,-0.0077187044067528856,-0.0077187044067528856,0.0,0.0,-0.0077187044067528856
2014-01-28,0.003365914817820121,0.005243599962084422,0.005243599962084422,0.0,0.005243599962084422,0.004075233549958979,0.005243599962084422,0.005243599962084422,0.0,0.0,0.005243599962084422
2014-01-29,-0.004215466169014723,-0.005976664142001509,-0.005976664142001509,0.0,-0.005976664142001509,-0.008055874811124974,-0.005976664142001509,-0.005976664142001509,0.0,0.0,-0.005976664142001509
2014-01-30,0.004887835897687724,0.007382826638005757,0.007382826638005757,0.0,0.007382826638005757,0.007076389889160728,0.007382826638005757,0.007382826638005757,0.0,0.0,0.007382826638005757
2014-01-31,-0.0025876030722375926,-0.004657685530027667,-0.004657685530027667,0.0,-0.004657685530027667,0.0,-0.004657685530027667,-0.004657685530027667,0.0,0.0,-0.004657685530027667
2014-02-03,-0.00880681505563364,-0.01585226710014055,-0.01585226710014055,0.0,-0.01585226710014055,0.0,-0.01585226710014055,-0.01585226710014055,0.0,0.0,-0.01585226710014055
2014-02-04,0.0025451969106458946,0.00458135443916261,0.00458135443916261,0.0,0.00458135443916261,0.0,0.00458135443916261,0.00458135443916261,0.0,0.0,0.00458135443916261
2014-02-05,-0.001829312561250376,-0.0032927626102506767,-0.0032927626102506767,0.0,-0.0032927626102506767,0.0,-0.0032927626102506767,-0.0032927626102506767,0.0,0.0,-0.0032927626102506767
2014-02-06,0.004940533279631935,0.008892959903337484,0.008892959903337484,0.0,0.008892959903337484,0.0,0.008892959903337484,0.008892959903337484,0.0,0.0,0.008892959903337484
2014-02-07,0.006360043863253185,0.011448078953855734,0.011448078953855734,0.0,0.011448078953855734,0.0,0.011448078953855734,0.011448078953855734,0.0,0.0,0.011448078953855734
2014-02-10,0.0014076972472984574,0.002533855045137223,0.002533855045137223,0.0,0.002533855045137223,0.0,0.002533855045137223,0.002533855045137223,0.0,0.0,0.002533855045137223
2014-02-11,0.005502857363962814,0.009905143255133064,0.009905143255133064,0.0,0.009905143255133064,0.0,0.009905143255133064,0.009905143255133064,0.0,0.0,0.009905143255133064
2014-02-12,0.00016625396000282923,0.0002992571280050926,0.0002992571280050926,0.0,0.0002992571280050926,0.0,0.0002992571280050926,0.0002992571280050926,0.0,0.0,0.0002992571280050926
2014-02-13,0.003664048831401972,0.00659528789652355,0.00659528789652355,0.0,0.00659528789652355,0.0,0.00659528789652355,0.00659528789652355,0.0,0.0,0.00659528789652355
2014-02-14,0.0028254423590961223,0.00508579624637302,0.00508579624637302,0.0,0.00508579624637302,0.0,0.00508579624637302,0.00508579624637302,0.0,0.0,0.00508579624637302
2014-02-18,0.0019913944405304004,0.0035845099929547207,0.0035845099929547207,0.0,0.0035845099929547207,0.0,0.0035845099929547207,0.0035845099929547207,0.0,0.0,0.0035845099929547207
2014-02-19,-0.003574723490135237,-0.0064345022822434265,-0.0064345022822434265,0.0,-0.0064345022822434265,0.0,-0.0064345022822434265,-0.0064345022822434265,0.0,0.0,-0.0064345022822434265
2014-02-20,0.0031215390170169686,0.005618770230630543,0.005618770230630543,0.0,0.005618770230630543,0.0,0.005618770230630543,0.005618770230630543,0.0,0.0,0.005618770230630543
2014-02-21,-0.0003575896535189342,-0.0006436613763340815,-0.0006436613763340815,0.0,-0.0006436613763340815,0.0,-0.0006436613763340815,-0.0006436613763340815,0.0,0.0,-0.0006436613763340815
2014-02-24,0.0036615713402133074,0.006590828412383953,0.006590828412383953,0.0,0.006590828412383953,0.0,0.006590828412383953,0.006590828412383953,0.0,0.0,0.006590828412383953
2014-02-25,-0.00014307368046383932,-0.0002575326248349108,-0.0002575326248349108,0.0,-0.0002575326248349108,0.0,-0.0002575326248349108,-0.0002575326248349108,0.0,0.0,-0.0002575326248349108
2014-02-26,-0.00014393947935487713,-0.0002590910628387788,-0.0002590910628387788,0.0,-0.0002590910628387788,0.0,-0.0002590910628387788,-0.0002590910628387788,0.0,0.0,-0.0002590910628387788
2014-02-27,0.0026501807481189945,0.00477032534661419,0.00477032534661419,0.0,0.00477032534661419,0.0,0.00477032534661419,0.00477032534661419,0.0,0.0,0.00477032534661419
2014-02-28,0.0004223632414163187,0.0007602538345493736,0.0007602538345493736,0.0,0.0007602538345493736,0.0,0.0007602538345493736,0.0007602538345493736,0.0,0.0,0.0007602538345493736
2014-03-03,-0.001886274237290554,-0.0033952936271229974,-0.0033952936271229974,0.0,-0.0033952936271229974,0.0,-0.0033952936271229974,-0.0033952936271229974,0.0,0.0,-0.0033952936271229974
2014-03-04,0.005620664493676671,0.010117196088618007,0.010117196088618007,0.0,0.010117196088618007,0.0,0.010117196088618007,0.010117196088618007,0.0,0.0,0.010117196088618007
2014-03-05,0.00028724388295655847,0.0005170389893218053,0.0005170389893218053,0.0,0.0005170389893218053,0.0,0.0005170389893218053,0.0005170389893218053,0.0,0.0,0.0005170389893218053
2014-03-06,0.0006352021793309897,0.0011433639227957815,0.0011433639227957815,0.0,0.0011433639227957815,0.0,0.0011433639227957815,0.0011433639227957815,0.0,0.0,0.0011433639227957815
2014-03-07,-0.0009455322462951653,-0.0017019580433312975,-0.0017019580433312975,0.0,-0.0017019580433312975,0.0,-0.0017019580433312975,-0.0017019580433312975,0.0,0.0,-0.0017019580433312975
2014-03-10,6.68657342696598e-05,0.00012035832168538763,0.00012035832168538763,0.0,0.00012035832168538763,0.0,0.00012035832168538763,0.00012035832168538763,0.0,0.0,0.00012035832168538763
2014-03-11,-0.0020598920285642944,-0.0037078056514157297,-0.0037078056514157297,0.0,-0.0037078056514157297,0.0,-0.0037078056514157297,-0.0037078056514157297,0.0,0.0,-0.0037078056514157297
2014-03-12,0.0002819520390855004,0.0027314117176933327,0.0027314117176933327,0.0,-0.0028283334006552474,0.0,-0.0028283334006552474,0.0027314117176933327,0.0,0.0,0.0027314117176933327
2014-03-13,-0.0027244362196315168,-0.00817330865889455,-0.00817330865889455,0.0,0.0,0.0,0.0,-0.00817330865889455,0.0,0.0,-0.00817330865889455
2014-03-14,-0.0006019831421599601,-0.0018059494264798803,-0.0018059494264798803,0.0,0.0,0.0,0.0,-0.0018059494264798803,0.0,0.0,-0.0018059494264798803
2014-03-17,0.0017318144793331417,0.005195443437999425,0.005195443437999425,0.0,0.0,0.0,0.0,0.005195443437999425,0.0,0.0,0.005195443437999425
2014-03-18,0.002412353803371292,0.007237061410113876,0.007237061410113876,0.0,0.0,0.0,0.0,0.007237061410113876,0.0,0.0,0.007237061410113876
2014-03-19,-0.002206045416620202,-0.006618136249860606,-0.006618136249860606,0.0,0.0,0.0,0.0,-0.006618136249860606,0.0,0.0,-0.006618136249860606
2014-03-20,0.0013554404215211037,0.004066321264563311,0.004066321264563311,0.0,0.0,0.0,0.0,0.004066321264563311,0.0,0.0,0.004066321264563311
2014-03-21,-0.0009198447980944898,-0.0027595343942834693,-0.0027595343942834693,0.0,0.0,0.0,0.0,-0.0027595343942834693,0.0,0.0,-0.0027595343942834693
2014-03-24,-0.0016891215938365288,-0.005067364781509587,-0.005067364781509587,0.0,0.0,0.0,0.0,-0.005067364781509587,0.0,0.0,-0.005067364781509587
2014-03-25,0.001157217588757901,0.003471652766273703,0.003471652766273703,0.0,0.0,0.0,0.0,0.003471652766273703,0.0,0.0,0.003471652766273703
2014-03-26,-0.0024155783783923615,-0.007246735135177085,-0.007246735135177085,0.0,0.0,0.0,0.0,-0.007246735135177085,0.0,0.0,-0.007246735135177085
2014-03-27,-0.0005064337920568188,-0.0015193013761704566,-0.0015193013761704566,0.0,0.0,0.0,0.0,-0.0015193013761704566,0.0,0.0,-0.0015193013761704566
2014-03-28,0.0006750667180057567,0.0020252001540172703,0.0020252001540172703,0.0,0.0,0.0,0.0,0.0020252001540172703,0.0,0.0,0.0020252001540172703
2014-03-31,0.002112482948429343,0.0063374488452880295,0.0063374488452880295,0.0,0.0,0.0,0.0,0.0063374488452880295,0.0,0.0,0.0063374488452880295
2014-04-01,0.0013474850411266874,0.00572398417868869,0.00572398417868869,0.0,0.0,0.0,0.0,0.0006793970127628058,0.0,0.0,0.00572398417868869
2014-04-02,0.0006462493407490474,0.002552678438917677,0.002552678438917677,0.0,0.0,0.0,0.0,0.0007108871889060731,0.0,0.0,0.002552678438917677
2014-04-03,-0.0006945719212719136,-0.002083715763815741,-0.002083715763815741,0.0,0.0,0.0,0.0,-0.002083715763815741,0.0,0.0,-0.002083715763815741
2014-04-04,-0.0016278850049791906,-0.009957549626488782,-0.009957549626488782,0.0,0.0,0.0,0.0,0.00526413420816485,0.0,0.0,-0.009957549626488782
2014-04-07,-0.002738484712466016,-0.009476964266320364,-0.009476964266320364,0.0,0.0,0.0,0.0,-0.0056924338795534156,0.0,0.0,-0.009476964266320364
2014-04-08,0.0013500498762076187,0.00454458300263808,0.00454458300263808,0.0,0.0,0.0,0.0,0.0030612828805924087,0.0,0.0,0.00454458300263808
2014-04-09,0.0030131507044295867,0.009815783068943196,0.009815783068943196,0.0,0.0,0.0,0.0,0.007486790201979887,0.0,0.0,0.009815783068943196
2014-04-10,-0.005810770703072833,-0.017523199153024294,-0.017523199153024294,0.0007942326343364003,0.0,0.0,0.0,-0.018044770655943322,0.0,0.0,-0.017523199153024294
2014-04-11,-0.002648496942590823,-0.007154354633067373,-0.007154354633067373,-0.002186705030144531,0.0,0.0,0.0,-0.00734105818703813,0.0,0.0,-0.007154354633067373
2014-04-14,0.0029760508402639826,0.00692758416747995,0.00692758416747995,0.00646464461370797,0.0,0.0,0.0,0.00646464461370797,0.0,0.0,0.00692758416747995
2014-04-15,0.001751456033951028,0.004597945482798937,0.004597945482798937,0.004363814187715487,0.0,0.0,0.0,0.0022033991522458886,0.0,0.0,0.004597945482798937
2014-04-16,0.0025753281870551483,0.008112366678505057,0.008112366678505057,0.005401258712673451,0.0,0.0,0.0,0.001551961613812769,0.0,0.0,0.008112366678505057
2014-04-17,-0.00020637451166615687,-0.00020811445497029846,-0.00020811445497029846,-0.0008118594664694223,0.0,0.0,0.0,-0.0006292822285853927,0.0,0.0,-0.00020811445497029846
2014-04-21,0.0006289280391906867,0.0034124064550587916,0.0034124064550587916,-0.00033434588483230996,0.0,0.0,0.0,-0.0008301146725690934,0.0,0.0,0.0034124064550587916
2014-04-22,0.001048349068767387,0.00475130015211298,0.00475130015211298,-3.372934265973848e-05,0.0,0.0,0.0,-3.372934265973848e-05,0.0,0.0,0.00475130015211298
2014-04-23,-0.0003859826872613572,-0.0021035587367871033,-0.0021035587367871033,0.0005548449982275217,0.0,0.0,0.0,0.00017842828999447,0.0,0.0,-0.0021035587367871033
2014-04-24,0.0005164032658752476,0.002381303436427096,0.002381303436427096,0.00013704308699251654,0.0,0.0,0.0,-0.0002520205669694797,0.0,0.0,0.002381303436427096
2014-04-25,-0.001659406388963897,-0.007578179458244749,-0.007578179458244749,0.00043947946531517343,0.0,0.0,0.0,-0.00021777804950074976,0.0,0.0,-0.007578179458244749
2014-04-28,0.00013799476058321054,0.0007577398227991416,0.0024320842119822774,0.0,0.0,0.0,0.0,-0.0019478711895325241,0.0,0.0,0.0007577398227991416
2014-04-29,0.0013266950919801975,0.004578871769160042,0.0021332567049026307,0.0,0.0,0.0,0.0021332567049026307,0.0030948706488564738,0.0,0.0,0.004578871769160042
2014-04-30,0.00018648764558203783,0.001843662229513221,0.001843662229513221,0.0,0.0,0.0,-0.0027664823597307485,0.000757546710942647,0.0,0.0,0.001843662229513221
2014-05-01,-2.3919712713403746e-05,0.0011658746139400656,0.0011658746139400656,0.0,0.0,0.0,0.0,0.00020012691680438844,0.0,0.0,-0.0015812789451650877
2014-05-02,0.00016401086741881418,0.00012291970927861274,0.00012291970927861274,0.0,0.0,0.0,0.0,0.0013531780974907147,0.0,0.0,0.0
2014-05-05,0.0004902326223511931,0.0022660023963716027,0.0022660023963716027,0.0,0.0,0.0,0.0,0.0021460912047891354,0.0,0.0,0.0
2014-05-06,-0.0010150119587246788,-0.00757426612798674,-0.00757426612798674,0.0,0.0,0.0,0.0,-0.0015608415005353704,0.0,0.0,0.0
2014-05-07,0.0003304799143727894,0.001911941763198044,0.001911941763198044,0.0,0.0,0.0,0.0,0.0010623774661570606,0.0,0.0,0.0
2014-05-08,-0.00045871589221272807,-0.002856810578839708,-0.002856810578839708,0.0,0.0,0.0,0.0,-0.0012716324510748445,0.0,0.0,0.0
2014-05-09,0.00031416914582713053,0.0018589091623849696,0.0018589091623849696,0.0,0.0,0.0,0.0,0.0009686131500592054,0.0,0.0,0.0
2014-05-12,0.0013675538031617338,0.00989416972518572,0.00989416972518572,0.0,0.0,0.0,0.0,0.0024138145032698843,0.0,0.0,0.0
2014-05-13,0.00013898135085666446,0.0004135181521319864,0.0004135181521319864,0.0,0.0,0.0,0.0,0.0008373140055779937,0.0,0.0,0.0
2014-05-14,-0.00016277963716830634,-0.0022019811737442386,-0.0022019811737442386,0.0,0.0,0.0,0.0,0.0007369644392294817,0.0,0.0,0.0
2014-05-15,-0.0009938695423518601,-0.007193604919692609,-0.007193604919692609,0.0,0.0,0.0,0.0,-0.0017512209614741314,0.0,0.0,0.0
2014-05-16,0.0005341858137368859,0.002288402671694867,0.002288402671694867,0.0,0.0,0.0,0.0,0.002519269651937106,0.0,0.0,0.0
2014-05-19,0.0003544241004788673,0.0036141376475293473,0.0036141376475293473,0.0,0.0,0.0,0.0,-0.00042432074321954174,0.0,0.0,0.0
2014-05-20,-0.0010985920005409742,-0.005136643568828592,-0.005136643568828592,0.0,0.0,0.0,-0.0045474636445313795,-0.00020322079150879578,0.0,0.0,0.0
2014-05-21,0.0013992405672737568,0.005724522013871081,0.005724522013871081,0.0,0.0,0.0,0.005724522013871081,0.0011441210777216493,0.0,0.0,0.0
2014-05-22,0.0003911724085997727,0.003074424805680187,0.003074424805680187,0.0,0.0,0.0,0.0007895938230357502,-0.0003434669513179833,0.0,0.0,0.0
2014-05-23,0.0004951758520389403,0.004027419774199537,0.004027419774199537,0.0,0.0,0.0,0.0,0.00042916289415092514,0.0,0.0,0.0
2014-05-27,0.0005282400198446256,0.004671188165412532,0.004671188165412532,0.0,0.0,0.0,0.0,8.297201318909763e-05,0.0,0.0,0.0
2014-05-28,-0.00014017537221051342,-0.0009894088696833392,-0.0009894088696833392,0.0,0.0,0.0,0.0,-0.0002721694802112817,0.0,0.0,0.0
2014-05-29,0.0005954942179985712,0.003624296682834893,0.003624296682834893,0.0007078019463634622,0.0,0.0,0.001241866258021873,-0.00021451692523308808,0.0,0.0,0.0
2014-05-30,-0.00015944074764207006,-0.0001276945723921674,-0.0001276945723921674,-0.0007578791170395393,0.0,0.0,-0.0001276945723921674,-0.0004216984669547563,0.0,0.0,0.0
2014-06-02,-0.0005572713073202779,-0.001594253572102966,-0.0006906179828760517,-0.0021244061694821515,0.0,0.0,-0.001594253572102966,-0.000606164041421331,0.0,0.0,0.0
2014-06-03,-0.00021403967344252688,-0.000909693850047233,0.0,-0.000733155606519953,0.0,0.0,-0.000909693850047233,-0.000283507604415556,0.0,0.0,0.0
2014-06-04,0.00030361017271042485,0.001483612345945662,0.0,0.000796019870743736,0.0,0.0,0.001483612345945662,0.0004528593377044254,0.0,0.0,0.0
2014-06-05,0.0012204190447849298,0.007283759550536328,0.00525132806568287,0.0034042861439882886,0.0,0.0,0.001020986205838592,0.0013071709875546178,0.0,0.0,0.0
2014-06-06,0.0002983401708304899,0.0043611116566675155,0.0023752242106311215,0.0003432728944396168,0.0,0.0,0.0,-3.3435567596329374e-05,0.0,0.0,0.0
2014-06-09,2.408253843650337e-05,0.0012839866106951203,0.0,-0.0001432959000637668,0.0,0.0,0.0005033346460560639,-0.0001432959000637668,0.0,0.0,0.0
2014-06-10,5.994867384531409e-07,0.0004740548830477698,0.0,-0.00036795289308133583,0.0,0.0,0.0004740548830477698,-0.0001007066093203557,0.0,0.0,0.0
2014-06-11,-0.00011964734513311889,-0.0018761543375782064,0.0,0.00018013131816985162,0.0,0.0004525830047656276,-0.0018761543375782064,-0.00028596909632097047,0.0004525830047656276,0.0,0.0
2014-06-12,-0.0009769860958847723,-0.0025996587016773208,0.0,0.0008901395159574665,0.0,-0.0025996587016773208,-0.0025996587016773208,-0.0018840382738884553,-0.0025996587016773208,0.0,0.0
2014-06-13,0.000815100498066453,0.002670949908886755,0.0,-0.0006201316901806253,0.0,0.002670949908886755,0.002670949908886755,-5.681355388156284e-05,0.002670949908886755,0.0,0.0
2014-06-16,0.00023009530752425103,0.0008200351225565283,0.0,0.0,0.0,0.0008200351225565283,0.0008200351225565283,-0.0003892475999513256,0.0008200351225565283,0.0,0.0
2014-06-17,0.0005576208169808897,0.0014542012096080525,0.0,0.0,0.0,0.0014542012096080525,0.0014542012096080525,0.0006559837240038502,0.0014542012096080525,0.0,0.0
2014-06-18,0.0021697695372959696,0.006272490169126654,0.0,0.0,0.0,0.006272490169126654,0.006272490169126654,0.0007104553282837655,0.006272490169126654,0.0,0.0
2014-06-19,0.000900672554801877,0.003157961030455425,0.0,0.0,0.0,0.001798868068833237,0.003157961030455425,0.0013503558250949955,0.001798868068833237,0.0,0.0
2014-06-20,0.00043978110731154814,0.003260452403387537,0.0,0.0,0.0,0.0,0.003260452403387537,0.000697577562416396,0.0,0.0,0.0
2014-06-23,7.658957273909417e-05,0.00014498405125425994,0.0,0.0,0.0,0.0,0.00014498405125425994,0.0005443221033975876,0.0,0.0,0.0
2014-06-24,-0.0005093999899813863,-0.00448228389954447,0.0,0.0,0.0,0.0,-0.00448228389954447,-0.00010231601028800607,0.0,0.0,0.0
2014-06-25,0.00022555331340477433,0.0047761811240119465,0.0,0.0,0.0,0.0,-0.002597278326718966,0.004627258147361935,0.0,0.0,0.0
2014-06-26,-0.00014406781992724172,-0.000248585375579069,0.0,0.0,0.0,0.0,-0.001112091348261468,-0.00018451903108370748,0.0,0.0,0.0
2014-06-27,-0.0001314800112803062,0.0018935331338491902,0.0,0.0,0.0,0.0,-0.002035200559358974,0.0008518804578362182,0.0,0.0,0.0
2014-06-30,7.429739724224128e-05,0.0013121882717520906,0.0,0.0,0.0,0.0,0.0,0.0006686765751801715,0.0,0.0,0.0
2014-07-01,0.00013542872487995399,0.005420305050613283,0.0,0.0,0.0,0.0,0.0,0.0012188585239195858,0.0,0.0,0.0
2014-07-02,-6.776091422756468e-05,-0.0004369454601183431,0.0,0.0,0.0,0.0,0.0,-0.0006098482280480821,0.0,0.0,0.0
2014-07-03,0.00025382465269213985,0.003584399844826913,0.0013970093666150207,0.0,0.0,0.0,0.0013970093666150207,-0.0005095968590007827,0.0,0.0,0.0
2014-07-07,-0.000566046449516243,-0.0039506591479026906,-0.001983865930133044,0.0,0.0,0.0,-0.0039506591479026906,0.0008401070323895476,0.0,0.0,0.0
2014-07-08,-0.0006453370352654032,-0.00536451770798887,0.0,0.0,0.0,0.0,-0.00536451770798887,-0.0004435156093997583,0.0,0.0,0.0
2014-07-09,0.0009624198717088847,0.004281521511351127,0.0017575814121922773,0.0,0.0,0.0,0.004281521511351127,0.002622675921836559,0.0,0.0,0.0
2014-07-10,-0.0022372722861520957,-0.0035326073483755937,-0.008517174747443911,0.0,0.0,0.0,-0.0035326073483755937,-0.008085668479549358,0.0,0.0,0.0
2014-07-11,0.0002836198522179065,0.0017567264110060932,0.0007759990127423233,0.0,0.0,0.0,0.0017567264110060932,1.9853246212742093e-05,0.0,0.0,0.0
2014-07-14,0.0008141065651410755,0.0019758628878635554,0.0019758628878635554,0.0,0.0,0.0,0.0019758628878635554,0.003375233310542569,0.0,0.0,0.0
2014-07-15,-0.000878123762358792,-0.0033822807197229853,-0.0033822807197229853,0.0,0.0,0.0,-0.0033822807197229853,-0.0011385524217831567,0.0,0.0,0.0
2014-07-16,0.0007506191864380889,0.003725002987414028,0.003734783932346031,0.0,0.0,-0.0010084415167463834,0.003725002987414028,0.00030422727492912527,0.0,0.0,0.0
2014-07-17,-0.001765219781608127,-0.00720870384180583,-0.006440508472860951,0.0,0.0,-0.00179546337923544,-0.00720870384180583,-0.00044230234057092145,0.0,0.0,0.0
2014-07-18,0.00240731610698753,0.008051600381515367,0.008051600381515367,0.0,0.0,0.0,0.008051600381515367,0.005562644199857037,0.0,0.0,0.0
2014-07-21,-0.0008408100907608116,-0.0009291249677831126,-0.002307552889248132,0.0,0.0,0.0,-0.002307552889248132,-0.0029521850383510406,0.0,0.0,0.0
2014-07-22,0.0,0.004704236628395331,0.0,0.0,0.0,0.0,0.0,0.0,0.0,0.0,0.0
2014-07-23,-1.438898380117484e-05,0.002500816727457056,0.0,0.0,0.0,0.0,0.0,-0.00012950085421057356,0.0,0.0,0.0
2014-07-24,-0.00011233209898400018,-0.002113635265607061,0.0,0.0,0.0,0.0,0.0,-0.0010109888908560016,0.0,0.0,0.0
2014-07-25,0.00012472292943704395,-0.0019754435346677757,0.0,0.0,0.0,0.0,-0.00027148649546050453,0.0013939928603939,0.0,0.0,0.0
2014-07-28,-0.00021798135263440975,-0.000511134936081481,0.0,0.0,0.0,0.0,-0.000511134936081481,-0.0014506972376282067,0.0,0.0,0.0
2014-07-29,-0.0002969999594026008,-0.0015374439160192543,0.0,0.0,0.0,0.0,-0.0015374439160192543,-0.001135555718604153,0.0,0.0,0.0
2014-07-30,-0.00014895196541107417,-0.0007068688325297168,0.0,0.0,0.0,0.0,-0.0007068688325297168,-0.0006336988561699508,0.0,0.0,0.0
2014-07-31,-0.003109393628017416,-0.017781188814078343,0.0,0.0,0.0,0.0,-0.017781188814078343,-0.0102033538380784,0.0,0.0,0.0
2014-08-01,-0.0003851412218077363,-0.002103136579233411,0.0,0.0,0.0,0.0,-0.002103136579233411,-0.001363134417036216,0.0,0.0,0.0
2014-08-04,0.001341169122510549,0.00581867088830258,0.0,0.0,0.0,0.0,0.00581867088830258,0.006251851214292359,0.0,0.0,0.0
2014-08-05,-0.0013478410146040504,-0.007735021059333669,0.0,0.0,0.0,0.0,-0.007735021059333669,-0.004395548072102784,0.0,0.0,0.0
2014-08-06,0.0007387188862062725,0.0022966876503888066,0.0,0.0,0.0,0.0,0.0022966876503888066,0.004351782325467646,0.0,0.0,0.0
2014-08-07,-7.837020103306347e-05,-0.003177960779184641,0.0,0.0,0.0,0.0,0.002688843329128887,-0.0033941751384264584,0.0,0.0,0.0
2014-08-08,0.0009184217251618308,0.008240095436507977,0.0,0.0,0.0,0.0,0.0,0.008265795526456477,0.0,0.0,0.0
2014-08-11,0.0003317962758198931,0.0023106568605963606,0.0,0.0,0.0,0.0,0.0,0.002986166482379038,0.0,0.0,0.0
2014-08-12,0.0,-0.002177086562324648,0.0,0.0,0.0,0.0,0.0,0.0,0.0,0.0,0.0
2014-08-13,2.657612760234265e-05,0.006896530987359428,0.0,0.0,0.0,0.0,0.0,0.00023918514842108385,0.0,0.0,0.0
2014-08-14,4.542917062107459e-05,0.003803719583089793,0.0,0.0,0.0,0.0,0.0,0.0004088625355896713,0.0,0.0,0.0
2014-08-15,5.4694172445225575e-05,0.0007863870292892927,0.0,0.0,0.0,0.0,0.0,0.0004922475520070302,0.0,0.0,0.0
2014-08-18,4.524847699200042e-05,0.005776139571028294,0.0,0.0,0.0,0.0,0.0,0.0004072362929280038,0.0,0.0,0.0
2014-08-19,-2.48967475235013e-05,0.003618799187200683,0.0,0.0,0.0,0.0,0.0,-0.0002240707277115117,0.0,0.0,0.0
2014-08-20,-5.133482631335889e-05,0.00019278693901294552,0.0,0.0,0.0,0.0,0.0,-0.00046201343682023,0.0,0.0,0.0
2014-08-21,-5.759301012957642e-05,0.002414077242715418,0.0,0.0,0.0,0.0,0.0,-0.0005183370911661878,0.0,0.0,0.0
2014-08-22,-5.990761239431159e-05,-0.00025765380068418773,0.0,0.0,0.0,0.0,-0.0008271804237492075,0.00028801191220040323,0.0,0.0,0.0
2014-08-25,0.0005093833259330635,0.004393545486495254,0.0,0.0,0.0,0.0,0.004393545486495254,0.000190904446902318,0.0,0.0,0.0
2014-08-26,0.00036657489135610475,0.002566217731873088,0.0,0.0,0.0,0.0,0.002566217731873088,0.0007329562903318543,0.0,0.0,0.0
2014-08-27,2.648542708583538e-05,8.579486477694465e-05,0.0,0.0,0.0,0.0,8.579486477694465e-05,0.0001525739789955738,0.0,0.0,0.0
2014-08-28,-2.2902258119132193e-05,-0.00020612032307218975,0.0,0.0,0.0,0.0,-0.00020612032307218975,0.0,0.0,0.0,0.0
2014-08-29,0.0005571620220113088,0.0030802318796804397,0.0012949111820911186,0.0,0.0,0.0,0.0030802318796804397,0.0006393151363302208,0.0,0.0,0.0
2014-09-02,-0.0007625572842742765,-0.0037979691639823954,-0.0037979691639823954,0.0,0.0,0.0,-0.0037979691639823954,0.0007329227694963025,0.0,0.0,0.0
2014-09-03,-2.3745726240007348e-05,-0.0002213405193921103,-0.0002213405193921103,0.0,0.0,0.0,-0.0002213405193921103,0.0002289695026241545,0.0,0.0,0.0
2014-09-04,-0.001205879891402,-0.004237449865301146,-0.004237449865301146,0.0,0.0,0.0,-0.004237449865301146,-0.0023780192920157097,0.0,0.0,0.0
2014-09-05,0.001166766006515865,0.003886286048387455,0.003886286048387455,0.0,0.0,0.0,0.003886286048387455,0.0027283219618678745,0.0,0.0,0.0
2014-09-08,-0.0007151904220316714,-0.0024193667890379687,-0.0024193667890379687,0.0,0.0,0.0,-0.0024193667890379687,-0.0015979802202091054,0.0,0.0,0.0
2014-09-09,-0.001280310426980639,-0.005603287699483828,-0.005603287699483828,0.0,0.0,0.0,-0.005603287699483828,-0.00031621844385809617,0.0,0.0,0.0
2014-09-10,0.000767959712581571,0.002557460384399579,0.002557460384399579,0.0,0.0,0.0,0.002557460384399579,0.0017967166444349814,0.0,0.0,0.0
2014-09-11,-0.0004836729458006604,-0.0001345815777839543,-0.0001345815777839543,0.0,0.0,0.0,-0.0001345815777839543,-0.004083893356638035,0.0,0.0,0.0
2014-09-12,-0.00198553017066708,-0.0072075380570181145,-0.0072075380570181145,0.0,0.0,0.0,-0.0072075380570181145,-0.0034546954219674907,0.0,0.0,0.0
2014-09-15,-0.0010040518303187232,-0.0017162056920488667,-0.0017162056920488667,-0.0032492723091043785,0.0,0.0,-0.0017162056920488667,-0.002354782779666398,0.0,0.0,0.0
2014-09-16,0.0023833314144846474,0.006039803750991046,0.006039803750991046,0.006039803750991046,0.0,0.0,0.006039803750991046,0.0033305714773886885,0.0,0.0,0.0
2014-09-17,-0.00019488475128569055,-0.0005209056122414512,-0.0005209056122414512,-0.0006064663201750143,0.0,0.0,-0.0005209056122414512,-0.00010568521691329824,0.0,0.0,0.0
2014-09-18,0.001235240432859451,0.0048171102465982,0.0048171102465982,0.000504451006972284,0.0,0.0,0.0048171102465982,0.000978492395566377,0.0,0.0,0.0
2014-09-19,-0.0013270405874343844,-0.0010298639338859107,-0.0010298639338859107,0.00095294761521586,0.0,-0.004897221606817226,-0.0010298639338859107,-0.000601790988736095,-0.0053375724388001755,0.0,0.0
2014-09-22,-0.002533666818748504,-0.007149026684917048,-0.007149026684917048,-0.0016740611602378609,0.0,-0.002262667510149463,-0.007149026684917048,-0.0026691025308301143,-0.0018991167976849966,0.0,0.0
2014-09-23,-0.0008000466089965444,-0.0030055354443798143,-0.0030055354443798143,0.0003496741980377305,0.0,0.0,-0.0030055354443798143,-0.001539022790247002,0.0,0.0,0.0
2014-09-24,0.0019239413198592634,0.005707517130303685,0.005707517130303685,-0.0003711448468706302,0.0,0.0,0.005707517130303685,0.0062715824649966275,0.0,0.0,0.0
2014-09-25,-0.0032592667759971062,-0.012471685178664482,-0.012471685178664482,-0.0015289430711373341,0.0,0.0,-0.012471685178664482,-0.0028610875555076577,0.0,0.0,0.0
2014-09-26,0.002158126462161203,0.00688056024662288,0.00688056024662288,0.0012884362826963481,0.0,0.0,0.00688056024662288,0.0043735813835087175,0.0,0.0,0.0
2014-09-29,-0.00111020111131567,-0.0006495273628374321,-0.0006495273628374321,-0.0002283155807927817,0.0,0.0,-0.0006495273628374321,-0.008464439695373383,0.0,0.0,0.0
2014-09-30,-0.0013544729423653297,-0.004720679958026564,-0.004720679958026564,-0.001253137841138907,0.0,0.0,-0.004720679958026564,-0.0014957587240959302,0.0,0.0,0.0
2014-10-01,-0.003129710283319013,-0.009208451838067932,-0.009208451838067932,-0.002041478716739387,0.0,0.0,-0.009208451838067932,-0.007709010156995866,0.0,0.0,0.0
2014-10-02,-0.00011925699236462224,-0.0004564627358955353,-0.0004564627358955353,-0.0005182169317065388,0.0,0.0,-0.0004564627358955353,0.0003578294722160091,0.0,0.0,0.0
2014-10-03,0.0024199967086670554,0.00683301701663831,0.00683301701663831,-0.00015853143193405027,0.0,0.0,0.00683301701663831,0.00827246777666093,0.0,0.0,0.0
2014-10-06,0.0002448322787051415,-0.0006058440068241522,-0.0006058440068241522,0.00011341653795740036,0.0,0.0,-0.0006058440068241522,0.003301761984037177,0.0,0.0,0.0
2014-10-07,-0.0027675539280900534,-0.010712888567550382,-0.010712888567550382,-0.0013027920086938205,0.0,0.0,-0.010712888567550382,-0.002179416209015894,0.0,0.0,0.0
2014-10-08,0.005095387936480369,0.01555669942515856,0.01555669942515856,0.000975645344183551,0.0,0.0,0.01555669942515856,0.013769447233822651,0.0,0.0,0.0
2014-10-09,-0.004652720110605778,-0.018033228248823318,-0.018033228248823318,-0.0036717100383974245,0.0,0.0,-0.018033228248823318,-0.00213631445940794,0.0,0.0,0.0
2014-10-10,-0.003392496265741509,-0.009957105574827462,-0.009957105574827462,-0.001404315037111581,0.0,0.0,-0.009957105574827462,-0.009213940204907078,0.0,0.0,0.0
2014-10-13,-0.004177111141584848,-0.011035714268787356,-0.011035714268787356,-0.00308792305419594,0.0,0.0,-0.011035714268787356,-0.012434648682492977,0.0,0.0,0.0
2014-10-14,1.856062597949136e-06,0.0006632046574339579,0.0006632046574339579,-0.001259769679794187,0.0,0.0,0.0006632046574339579,-4.993507169218647e-05,0.0,0.0,0.0
2014-10-15,-0.001274343658218238,-0.002924084966145324,-0.002924084966145324,0.0007629644946029579,0.0,0.0,-0.002924084966145324,-0.006383887486276452,0.0,0.0,0.0
2014-10-16,0.00027954366460598314,0.0004702781577849313,0.0004702781577849313,0.0017874991152333707,0.0,0.0,0.0004702781577849313,-0.00021216244934938456,0.0,0.0,0.0
2014-10-17,0.003048296247390771,0.007886309286687898,0.007886309286687898,0.0017905734390676552,0.0,0.0,0.007886309286687898,0.009871474214073483,0.0,0.0,0.0
2014-10-20,0.0015360997860462066,0.008184226782191106,0.008184226782191106,0.0,0.0,0.0,0.008184226782191106,-0.002543555489966354,0.0,0.0,0.0
2014-10-21,0.0035932216569393677,0.01647002090849038,0.01647002090849038,0.0,0.0,0.0,0.01647002090849038,-0.0006010469045264477,0.0,0.0,0.0
2014-10-22,-0.0017105833534671333,-0.007755590537494505,-0.007755590537494505,0.0,0.0,0.0,-0.007755590537494505,0.00011593089378481025,0.0,0.0,0.0
2014-10-23,0.0020519417587631823,0.009782075478825647,0.009782075478825647,0.0,0.0,0.0,0.009782075478825647,-0.0010966751287826537,0.0,0.0,0.0
2014-10-24,0.0015860815228909745,0.005376422146437776,0.005376422146437776,0.0,0.0,0.0,0.005376422146437776,0.00352188941314322,0.0,0.0,0.0
2014-10-27,-0.0006206978605194148,-0.001862093581558244,-0.001862093581558244,0.0,0.0,0.0,-0.001862093581558244,-0.001862093581558244,0.0,0.0,0.0
2014-10-28,0.0038140006323781925,0.011442001897134579,0.011442001897134579,0.0,0.0,0.0,0.011442001897134579,0.011442001897134579,0.0,0.0,0.0
2014-10-29,-0.0005287254708774261,-0.0015861764126322785,-0.0015861764126322785,0.0,0.0,0.0,-0.0015861764126322785,-0.0015861764126322785,0.0,0.0,0.0
2014-10-30,0.0014658030670744117,0.004397409201223235,0.004397409201223235,0.0,0.0,0.0,0.004397409201223235,0.004397409201223235,0.0,0.0,0.0
2014-10-31,0.0024648226765895498,0.00774928455977727,0.00774928455977727,0.0,0.0,0.0,0.00774928455977727,0.006684834969751407,0.0,0.0,0.0
2014-11-03,-0.0005285728732139037,-0.0009884561642425128,-0.0009884561642425128,0.0,0.0,0.0,-0.0009884561642425128,-0.00045225610035806165,0.0,0.0,-0.0023279874300820456
2014-11-04,-0.0009405675432915398,-0.002739366151323619,-0.002739366151323619,0.0,0.0,0.0,-0.002739366151323619,-0.0002470094356530006,0.0,0.0,-0.002739366151323619
2014-11-05,0.001023788242692568,0.0017343576905681445,0.0017343576905681445,0.0,0.0,0.0,0.0017343576905681445,0.004011021112528679,0.0,0.0,0.0017343576905681445
2014-11-06,0.0018370983600230423,0.0029923761068976094,0.0029923761068976094,0.0015368887512972273,0.0,0.003053489736660908,0.0029923761068976094,-0.0005974626695781637,0.0035638411011345793,0.0,0.0029923761068976094
2014-11-07,0.0030703077548316434,0.0045657853630509,0.0045657853630509,0.004141150265631532,0.0,0.00441132530499444,0.0045657853630509,0.003629315170112357,0.0017536229635937595,0.0,0.0045657853630509
2014-11-10,-0.0003910111925469701,-0.0008414013248446816,-0.0008414013248446816,-0.0008877422478387297,0.0,-0.0013383706019422736,-0.0008414013248446816,-0.00014921325483364668,0.0013804293462259642,0.0,-0.0008414013248446816
2014-11-11,0.0014226603704928207,0.002405015126792376,0.002405015126792376,0.0011313130661908088,0.0,0.0023368000707235546,0.002405015126792376,0.0011461533986171669,0.0009746314185267279,0.0,0.002405015126792376
2014-11-12,-0.0004725571149671907,-0.0009538322271266497,-0.0009538322271266497,-0.0008052889774553984,0.0,-0.0004189672693122204,-0.0009538322271266497,0.00030459958262344375,-0.0004718606891805921,0.0,-0.0009538322271266497
2014-11-13,-0.0005925160695009455,-0.0005997135059036651,-0.0005997135059036651,-0.0010362165355830455,0.0,-0.0005997135059036651,-0.0005997135059036651,-0.0008988713722159925,-0.0009987026940948107,0.0,-0.0005997135059036651
2014-11-14,0.0022903065703847973,0.0036640724068462637,0.0036640724068462637,0.0019768034978772777,0.0,0.0036640724068462637,0.0036640724068462637,0.00031559360135458014,0.0036640724068462637,0.0,0.0036640724068462637
2014-11-17,-0.0012663590848315696,-0.0018300513538260343,-0.0018300513538260343,-0.0013490875147376459,0.0,-0.0018300513538260343,-0.0018300513538260343,-0.0008978874796163105,-0.0018300513538260343,0.0,-0.0018300513538260343
2014-11-18,0.003709377053112886,0.005688630640131298,0.005688630640131298,0.003333290336483108,0.0,0.005688630640131298,0.005688630640131298,0.0016079499408763742,0.005688630640131298,0.0,0.005688630640131298
2014-11-19,-0.002040785194372796,-0.0044069234660405795,-0.0044069234660405795,-0.001664351518885754,0.0,-0.0016162256816948939,-0.0044069234660405795,-0.0002494934689578843,-0.0016162256816948939,0.0,-0.0044069234660405795
2014-11-20,0.0019746035951672585,0.004816597054933725,0.004816597054933725,0.0012672061085694964,0.0,0.0,0.004816597054933725,0.0020544350831346535,0.0,0.0,0.004816597054933725
2014-11-21,0.002009475552468075,0.004838462933331811,0.004838462933331811,0.0013577704853362294,0.0,0.0,0.004838462933331811,0.002212120686881014,0.0,0.0,0.004838462933331811
2014-11-24,0.0010658224542875448,0.0030824592642620607,0.0030824592642620607,0.0,0.0,0.0,0.0030824592642620607,0.0003450242958017213,0.0,0.0,0.0030824592642620607
2014-11-25,-7.27763264505521e-05,-0.0002183289793516563,-0.0002183289793516563,0.0,0.0,0.0,-0.0002183289793516563,0.0,0.0,0.0,-0.0002183289793516563
2014-11-26,0.00047983929660012394,0.001723521778523285,0.001723521778523285,0.0,0.0,0.0,0.001723521778523285,-0.0008520116661687394,0.0,0.0,0.001723521778523285
2014-11-28,-0.0031047996219678436,-0.008289234750782715,-0.008289234750782715,0.0,0.0,0.0,-0.004940366673755825,-0.006424360422389341,0.0,0.0,-0.008289234750782715
2014-12-01,-0.00028001646439560987,-0.001983352567810348,-0.001983352567810348,0.0,0.0,0.0,0.0,0.0014465569560602077,0.0,0.0,-0.001983352567810348
2014-12-02,0.0011956875984484644,0.0037506839232459123,0.0037506839232459123,0.0,0.0,0.0,0.0,0.003259820539544356,0.0,0.0,0.0037506839232459123
2014-12-03,0.0014214523098711837,0.0053643716250631355,0.0053643716250631355,0.0,0.0,0.0,0.0,0.0020643275387143833,0.0,0.0,0.0053643716250631355
2014-12-04,-0.00038654397674576786,-0.0011306464424911567,-0.0011306464424911567,0.0,0.0,0.0,0.0,-0.0012176029057295978,0.0,0.0,-0.0011306464424911567
2014-12-05,-0.00016492561205535674,-0.00014799545679532454,-0.00014799545679532454,0.0,0.0,0.0,-0.0011883395949075614,0.0,0.0,0.0,-0.00014799545679532454
2014-12-08,-0.0019038430287714643,-0.005000079215001152,-0.005000079215001152,0.0,0.0,0.0,-0.005000079215001152,-0.0021343496139397235,0.0,0.0,-0.005000079215001152
2014-12-09,0.0025525609919533204,0.004599885858875797,0.004599885858875797,0.0,0.0,0.0,0.004599885858875797,0.009173391350952497,0.0,0.0,0.004599885858875797
2014-12-10,-0.005488326566110999,-0.013684384425130525,-0.013684384425130525,0.0,0.0,0.0,-0.013684384425130525,-0.008341785819607418,0.0,0.0,-0.013684384425130525
2014-12-11,0.0010824521489774049,0.0028870513344853464,0.0028870513344853464,0.0,0.0,0.0,0.0028870513344853464,0.0010809153373406045,0.0,0.0,0.0028870513344853464
2014-12-12,-0.005162733772490947,-0.011339280157956988,-0.011339280157956988,0.0,0.0,0.0,-0.011339280157956988,-0.012446763478547562,0.0,0.0,-0.011339280157956988
2014-12-15,-0.003990394559532604,-0.009542500130225484,-0.009542500130225484,0.0,0.0,0.0,-0.009542500130225484,-0.007286050645116981,0.0,0.0,-0.009542500130225484
2014-12-16,-0.002075325626891146,-0.0039393757291480425,-0.0039393757291480425,0.0,0.0,0.0,-0.0039393757291480425,-0.006859803454576185,0.0,0.0,-0.0039393757291480425
2014-12-17,0.007323246664873933,0.01715971112941165,0.01715971112941165,0.0,0.0,0.0,0.01715971112941165,0.014430086595630442,0.0,0.0,0.01715971112941165
2014-12-18,0.007037330638471669,0.01760775595935251,0.01760775595935251,0.0,0.0,0.0,0.01760775595935251,0.010512707868187499,0.0,0.0,0.01760775595935251
2014-12-19,0.0020478901323617562,0.005858057429215446,0.005858057429215446,0.0,0.0,0.0,0.005858057429215446,0.0008568389036094692,0.0,0.0,0.005858057429215446
2014-12-22,0.00011608847870374269,0.0004760882526195553,0.0004760882526195553,0.0,0.0,0.0,0.0004760882526195553,-0.00038346844952498184,0.0,0.0,0.0004760882526195553
2014-12-23,-0.0006152649533262272,-0.0017878072054315687,-0.0017878072054315687,0.0,0.0,0.0,-0.0017878072054315687,-0.00017396296364133868,0.0,0.0,-0.0017878072054315687
2014-12-24,0.0003800509389745632,0.0007038003106828117,0.0007038003106828117,0.0,0.0,0.0,0.0007038003106828117,0.0013090575187226338,0.0,0.0,0.0007038003106828117
2014-12-26,0.00198465229513712,0.005086062717717388,0.005086062717717388,0.0,0.0,0.0,0.005086062717717388,0.002603682503081917,0.0,0.0,0.005086062717717388
2014-12-29,0.00024148718325807115,0.0008049591597444339,0.0008049591597444339,0.0,0.0,0.0,0.0008049591597444339,-0.00024149282991066113,0.0,0.0,0.0008049591597444339
2014-12-30,-0.0008646761672713388,-0.0025940285018140165,-0.0025940285018140165,0.0,0.0,0.0,-0.0025940285018140165,0.0,0.0,0.0,-0.0025940285018140165
2014-12-31,-0.0034826436137344674,-0.008683035881394319,-0.008683035881394319,0.0,0.0,0.0,-0.008683035881394319,-0.005294684879427247,0.0,0.0,-0.008683035881394319
2015-01-02,0.0004229521584497174,0.0012946605405444456,0.0012946605405444456,0.0,0.0,0.0,0.0016385860333593461,-0.0004213376884007802,0.0,0.0,0.0012946605405444456
2015-01-05,-0.003829263025891119,-0.011549471590524297,-0.011549471590524297,0.0,0.0,0.0,0.0,-0.011364424051971477,0.0,0.0,-0.011549471590524297
2015-01-06,-0.0025030661092929926,-0.006440207125109521,-0.006440207125109521,0.0,0.0,0.0,0.0,-0.009647180733417892,0.0,0.0,-0.006440207125109521
2015-01-07,0.00299027992998488,0.008708611001686906,0.008708611001686906,0.0,0.0,0.0,0.0,0.009495297366490107,0.0,0.0,0.008708611001686906
2015-01-08,0.003830867261356436,0.013090791939992385,0.013090791939992385,0.0,0.0,0.0,0.0,0.008296221472223152,0.0,0.0,0.013090791939992385
2015-01-09,-0.0008194540796825528,-0.004393325715971941,-0.004393325715971941,0.0,0.0,0.0,0.0,0.0014115647148009059,0.0,0.0,-0.004393325715971941
2015-01-12,-0.001411552678373118,-0.005860909716406293,-0.005860909716406293,0.0,0.0,0.0,0.0,-0.0009821546725454766,0.0,0.0,-0.005860909716406293
2015-01-13,-0.0012358734843655348,-0.0023641763344866007,-0.0023641763344866007,0.0,0.0,0.0,0.0,-0.006394508690316614,0.0,0.0,-0.0023641763344866007
2015-01-14,-0.0013427766869422708,-0.003884625959498722,-0.003884625959498722,0.0,0.0,0.0,0.0,-0.004315738263482994,0.0,0.0,-0.003884625959498722
2015-01-15,-0.002249774532828466,-0.005249079841129678,-0.005249079841129678,0.0,0.0,0.0,0.0,-0.009749811113196838,0.0,0.0,-0.005249079841129678
2015-01-16,0.004156104238742738,0.012478805033021567,0.012478805033021567,0.0,0.0,0.0,0.0,0.012447328082641507,0.0,0.0,0.012478805033021567
2015-01-20,0.0010526937629922887,0.003954499796540034,0.003954499796540034,0.0,0.0,0.0,0.0,0.00156524427385053,0.0,0.0,0.003954499796540034
2015-01-21,0.0005793246321321746,0.0024823365536358554,0.0024823365536358554,0.0,0.0,0.0,0.0,0.00024924858191786024,0.0,0.0,0.0024823365536358554
2015-01-22,0.0030189034196998724,0.013061325459884587,0.013061325459884587,0.0,0.0,0.0,0.0,0.0010474798575296762,0.0,0.0,0.013061325459884587
2015-01-23,-0.0005234678416498815,-0.003043414545348444,-0.003043414545348444,0.0,0.0,0.0,0.0,0.0013756185158479539,0.0,0.0,-0.003043414545348444
2015-01-26,0.0004188844589968069,0.0018840313800610464,0.0018840313800610464,0.0,0.0,0.0,0.0,1.8973708491687447e-06,0.0,0.0,0.0018840313800610464
2015-01-27,-0.0020381054915663433,-0.009486222195817861,-0.009486222195817861,0.0,0.0,0.0,0.0,0.0006294949675386352,0.0,0.0,-0.009486222195817861
2015-01-28,-0.002546997255663626,-0.01108296479293711,-0.01108296479293711,0.0,0.0,0.0,0.0,-0.0007570457150984144,0.0,0.0,-0.01108296479293711
2015-01-29,0.0010378405204665574,0.004670282342099508,0.004670282342099508,0.0,0.0,0.0,0.0,0.0,0.0,0.0,0.004670282342099508
2015-01-30,-0.0011545933814840357,-0.005195670216678161,-0.005195670216678161,0.0,0.0,0.0,0.0,0.0,0.0,0.0,-0.005195670216678161
2015-02-02,0.0020290577688768987,0.009130759959946045,0.009130759959946045,0.0,0.0,0.0,0.0,0.0,0.0,0.0,0.009130759959946045
2015-02-03,0.0019882071734245066,0.00894693228041028,0.00894693228041028,0.0,0.0,0.0,0.0,0.0,0.0,0.0,0.00894693228041028
2015-02-04,-0.0006838692675047368,-0.0030774117037713155,-0.0030774117037713155,0.0,0.0,0.0,0.0,0.0,0.0,0.0,-0.0030774117037713155
2015-02-05,0.0018787357041217217,0.008454310668547748,0.008454310668547748,0.0,0.0,0.0,0.0,0.0,0.0,0.0,0.008454310668547748
2015-02-06,-0.001336055486568499,-0.006012249689558246,-0.006012249689558246,0.0,0.0,0.0,0.0,0.0,0.0,0.0,-0.006012249689558246
2015-02-09,-0.0007896293976225118,-0.003553332289301303,-0.003553332289301303,0.0,0.0,0.0,0.0,0.0,0.0,0.0,-0.003553332289301303
2015-02-10,0.0014643476867446505,0.006589564590350927,0.006589564590350927,0.0,0.0,0.0,0.0,0.0,0.0,0.0,0.006589564590350927
2015-02-11,-0.00018393706453392826,-0.0008277167904026772,-0.0008277167904026772,0.0,0.0,0.0,0.0,0.0,0.0,0.0,-0.0008277167904026772
2015-02-12,0.0016724963599967474,0.007824452687583461,0.007824452687583461,0.0,0.0,0.0,0.0,-0.0005964381351961978,0.0,0.0,0.007824452687583461
2015-02-13,0.001101648119518713,0.004731679761466346,0.004731679761466346,0.0,0.0,0.0,0.0,0.0004514735527357261,0.0,0.0,0.004731679761466346
2015-02-17,-0.0003303402178653449,-0.0010840862697999777,-0.0010840862697999777,0.0,0.0,0.0,0.0,-0.0008048894211881485,0.0,0.0,-0.0010840862697999777
2015-02-18,-0.00017250116834575114,-0.0005175035050372534,-0.0005175035050372534,0.0,0.0,0.0,0.0,-0.0005175035050372534,0.0,0.0,-0.0005175035050372534
2015-02-19,-0.0007640235210642746,-0.001142721145566883,-0.001142721145566883,0.0004040653495868796,0.0,0.0,0.0,-0.004994834748031585,0.0,0.0,-0.001142721145566883
2015-02-20,0.001133104795939214,0.003943912738816313,0.003943912738816313,0.0010443663214967148,0.0,0.0,0.0,0.0012657513643235863,0.0,0.0,0.003943912738816313
2015-02-23,0.0002836291072077489,0.0012113613897100084,0.0012113613897100084,0.00040620167547631423,0.0,0.0,0.0,-0.00027626249002659086,0.0,0.0,0.0012113613897100084
2015-02-24,0.0007137476448949279,0.0031449160337983727,0.0031449160337983727,6.875487184110351e-06,0.0,0.0,0.0,0.00012702124927349567,0.0,0.0,0.0031449160337983727
2015-02-25,0.00028815490159299996,0.0005028832584471731,0.0005028832584471731,0.0007972470387477837,0.00038404654342854004,0.0,0.0,0.0004063340152663297,0.0,0.0,0.0005028832584471731
2015-02-26,-0.0005550998562346594,-0.001458645906630396,-0.001458645906630396,0.0006625682840403213,-0.001458645906630396,0.0,0.0,-0.001282529270261068,0.0,0.0,-0.001458645906630396
2015-02-27,-0.000992304442410684,-0.002495603859965623,-0.002495603859965623,-0.0013221533744633752,-0.002495603859965623,0.0,0.0,-0.00012177502733591305,0.0,0.0,-0.002495603859965623
2015-03-02,0.0015378814941190188,0.0025399665898797274,0.0025399665898797274,0.0033588908296349417,0.0025399665898797274,0.0,0.0,0.0028621428477970446,0.0,0.0,0.0025399665898797274
2015-03-03,-0.0020624183342405505,-0.00394435846395208,-0.00394435846395208,-0.002401198426584128,-0.00394435846395208,0.0,0.0,-0.004327491189724586,0.0,0.0,-0.00394435846395208
2015-03-04,-0.0012592309782833272,-0.002658872439855242,-0.002658872439855242,-0.0006975890451289768,-0.002658872439855242,0.0,0.0,-0.002658872439855242,0.0,0.0,-0.002658872439855242
2015-03-05,0.00034893471330238457,0.0006280824839442923,0.0006280824839442923,0.0006280824839442923,0.0006280824839442923,0.0,0.0,0.0006280824839442923,0.0,0.0,0.0006280824839442923
2015-03-06,-0.008726166604788654,-0.015996431741096162,-0.015996431741096162,-0.014549772478713242,-0.015996431741096162,0.0,0.0,-0.015996431741096162,0.0,0.0,-0.015996431741096162
2015-03-09,0.0020558592476165355,0.003772377765248158,0.003772377765248158,0.0034132221675561847,0.003772377765248158,0.0,0.0,0.003772377765248158,0.0,0.0,0.003772377765248158
2015-03-10,-0.006787495545469492,-0.012217491981845085,-0.012217491981845085,-0.012217491981845085,-0.012217491981845085,0.0,0.0,-0.012217491981845085,0.0,0.0,-0.012217491981845085
2015-03-11,-0.0001118323062123795,-4.242507764370407e-05,-4.242507764370407e-05,-0.0008367904453365993,-4.242507764370407e-05,0.0,0.0,-4.242507764370407e-05,0.0,0.0,-4.242507764370407e-05
2015-03-12,0.004721313710011537,0.008484218465020232,0.008484218465020232,0.008554949530022903,0.008484218465020232,0.0,0.0,0.008484218465020232,0.0,0.0,0.008484218465020232
2015-03-13,-0.0021223036460655906,-0.004169726541614927,-0.004169726541614927,-0.0024218266481306093,-0.004169726541614927,0.0,0.0,-0.004169726541614927,0.0,0.0,-0.004169726541614927
2015-03-16,0.005725405215720903,0.011346418624611188,0.011346418624611188,0.0061429724430433815,0.011346418624611188,0.0,0.0,0.011346418624611188,0.0,0.0,0.011346418624611188
2015-03-17,-0.0008414330949671872,-0.0011846880065415678,-0.0011846880065415678,-0.0028341458285384147,-0.0011846880065415678,0.0,0.0,-0.0011846880065415678,0.0,0.0,-0.0011846880065415678
2015-03-18,0.007116505980022208,0.014256538814232899,0.014256538814232899,0.007022398563268273,0.014256538814232899,0.0,0.0,0.014256538814232899,0.0,0.0,0.014256538814232899
2015-03-19,-0.0017953466214261577,-0.0035074473373847615,-0.0035074473373847615,-0.0021283302432963725,-0.0035074473373847615,0.0,0.0,-0.0035074473373847615,0.0,0.0,-0.0035074473373847615
2015-03-20,0.004077606250212638,0.009174614062978436,0.009174614062978436,0.0,0.009174614062978436,0.0,0.0,0.009174614062978436,0.0,0.0,0.009174614062978436
2015-03-23,-0.0005432207834280728,-0.0012222467627131639,-0.0012222467627131639,0.0,-0.0012222467627131639,0.0,0.0,-0.0012222467627131639,0.0,0.0,-0.0012222467627131639
2015-03-24,-0.0015181669949832386,-0.0029767837038645493,-0.0029767837038645493,-0.0017563681393909514,-0.0029767837038645493,0.0,0.0,-0.0029767837038645493,0.0,0.0,-0.0029767837038645493
2015-03-25,-0.005881980496280725,-0.013159496249899405,-0.013159496249899405,-0.0002998394669289084,-0.013159496249899405,0.0,0.0,-0.013159496249899405,0.0,0.0,-0.013159496249899405
2015-03-26,-0.0008721630554596096,-0.0022173830157098174,-0.0022173830157098174,0.0010200645637027828,-0.0022173830157098174,0.0,0.0,-0.0022173830157098174,0.0,0.0,-0.0022173830157098174
2015-03-27,0.0009548762878473827,0.002179784855097533,0.002179784855097533,-0.000125252829763689,0.002179784855097533,0.0,0.0,0.002179784855097533,0.0,0.0,0.002179784855097533
2015-03-30,0.0043309614852793735,0.009379010005829792,0.009379010005829792,0.001462613344195196,0.009379010005829792,0.0,0.0,0.009379010005829792,0.0,0.0,0.009379010005829792
2015-03-31,-0.0032507443908538127,-0.00717817827839623,-0.00717817827839623,-0.0005439864040993947,-0.00717817827839623,0.0,0.0,-0.00717817827839623,0.0,0.0,-0.00717817827839623
2015-04-01,0.00020116878565018659,0.00045262976771291984,0.00045262976771291984,0.0,0.00045262976771291984,0.0,0.0,0.00045262976771291984,0.0,0.0,0.00045262976771291984
2015-04-02,0.00026462961301763064,0.000595416629289669,0.000595416629289669,0.0,0.000595416629289669,0.0,0.0,0.000595416629289669,0.0,0.0,0.000595416629289669
2015-04-06,0.002841902708582723,0.006394281094311127,0.006394281094311127,0.0,0.006394281094311127,0.0,0.0,0.006394281094311127,0.0,0.0,0.006394281094311127
2015-04-07,-0.0005688348982839208,-0.001279878521138822,-0.001279878521138822,0.0,-0.001279878521138822,0.0,0.0,-0.001279878521138822,0.0,0.0,-0.001279878521138822
2015-04-08,0.0010563154669491562,0.0023767098006356015,0.0023767098006356015,0.0,0.0023767098006356015,0.0,0.0,0.0023767098006356015,0.0,0.0,0.0023767098006356015
2015-04-09,0.0008327890408257025,0.0018737753418578307,0.0018737753418578307,0.0,0.0018737753418578307,0.0,0.0,0.0018737753418578307,0.0,0.0,0.0018737753418578307
2015-04-10,0.0021751333979535908,0.004894050145395579,0.004894050145395579,0.0,0.004894050145395579,0.0,0.0,0.004894050145395579,0.0,0.0,0.004894050145395579
2015-04-13,-0.001365768309538145,-0.003072978696460826,-0.003072978696460826,0.0,-0.003072978696460826,0.0,0.0,-0.003072978696460826,0.0,0.0,-0.003072978696460826
2015-04-14,0.0008604016904635131,0.0019359038035429044,0.0019359038035429044,0.0,0.0019359038035429044,0.0,0.0,0.0019359038035429044,0.0,0.0,0.0019359038035429044
2015-04-15,0.003042226934684194,0.006845010603039436,0.006845010603039436,0.0,0.006845010603039436,0.0,0.0,0.006845010603039436,0.0,0.0,0.006845010603039436
2015-04-16,-0.0007833088683805142,-0.0015259530362595974,-0.0015259530362595974,0.0,-0.0015259530362595974,0.0,-0.0009459676703862385,-0.0015259530362595974,0.0,0.0,-0.0015259530362595974
2015-04-17,-0.005468581905712416,-0.008587998797099705,-0.008587998797099705,0.0,-0.008587998797099705,-0.0029858244093629027,-0.008587998797099705,-0.008587998797099705,-0.003291418756550313,0.0,-0.008587998797099705
2015-04-20,0.004658619899198467,0.006043718807781417,0.006043718807781417,0.0,0.006043718807781417,0.0056652662460977,0.006043718807781417,0.006043718807781417,0.006043718807781417,0.0,0.006043718807781417
2015-04-21,-0.0006886905600086659,-0.0010366233895459432,-0.0010366233895459432,0.0,-0.0010366233895459432,2.1525297197666492e-05,-0.0010366233895459432,-0.0010366233895459432,-0.0010366233895459432,0.0,-0.0010366233895459432
2015-04-22,0.00094949543451289,0.001315609634480619,0.001315609634480619,0.0,0.001315609634480619,0.0006518011037322969,0.001315609634480619,0.001315609634480619,0.001315609634480619,0.0,0.001315609634480619
2015-04-23,0.0030652508417016366,0.004038724898240776,0.004038724898240776,0.0,0.004038724898240776,0.0033549081858700756,0.004038724898240776,0.004038724898240776,0.004038724898240776,0.0,0.004038724898240776
2015-04-24,0.00035851881137862016,0.0003795249942172063,0.0003795249942172063,0.0,0.0003795249942172063,0.0009495193371043432,0.0003795249942172063,0.0003795249942172063,0.0003795249942172063,0.0,0.0003795249942172063
2015-04-27,-0.0015267502617594636,-0.001978650901018597,-0.001978650901018597,0.0,-0.001978650901018597,-0.0018688469497235905,-0.001978650901018597,-0.001978650901018597,-0.001978650901018597,0.0,-0.001978650901018597
2015-04-28,0.001833237978767217,0.0024285445103128687,0.0024285445103128687,0.0,0.0024285445103128687,0.0019278747470277357,0.0024285445103128687,0.0024285445103128687,0.0024285445103128687,0.0,0.0024285445103128687
2015-04-29,-0.004085433376255806,-0.005141610616768632,-0.005141610616768632,0.0,-0.005141610616768632,-0.0059192366856904545,-0.005141610616768632,-0.005141610616768632,-0.005141610616768632,0.0,-0.005141610616768632
2015-04-30,-0.008690731389897264,-0.011218574397352622,-0.011218574397352622,0.0,-0.011218574397352622,-0.010905136124959658,-0.011218574397352622,-0.011218574397352622,-0.011218574397352622,0.0,-0.011218574397352622
2015-05-01,0.00453132868771829,0.006004808463774314,0.006004808463774314,0.003545402493944949,0.006004808463774314,0.005775019716065888,0.006004808463774314,0.006004808463774314,0.006004808463774314,0.0,0.001437493660582201
2015-05-04,0.0019618032057801636,0.0025275821787749788,0.0025275821787749788,0.002237362266796339,0.0025275821787749788,0.00278095569135024,0.0025275821787749788,0.0025275821787749788,0.0025275821787749788,0.0,0.0
2015-05-05,-0.006941309538482745,-0.009639729384969231,-0.009639729384969231,-0.0038491344106044933,-0.009639729384969231,-0.010424004510894059,-0.009639729384969231,-0.009639729384969231,-0.009639729384969231,0.0,0.0
2015-05-06,-0.0041152633633421325,-0.004983582372295525,-0.004983582372295525,-0.0071358760363060434,-0.004983582372295525,-0.004983582372295525,-0.004983582372295525,-0.004983582372295525,-0.004983582372295525,0.0,0.0
2015-05-07,0.0026009237427907133,0.003226620833197147,0.003226620833197147,0.0040485886859335405,0.003226620833197147,0.003226620833197147,0.003226620833197147,0.003226620833197147,0.003226620833197147,0.0,0.0
2015-05-08,0.008867308426402331,0.011632561278419006,0.011632561278419006,0.010010408167106933,0.011632561278419006,0.011632561278419006,0.011632561278419006,0.011632561278419006,0.011632561278419006,0.0,0.0
2015-05-11,-0.004622105942615464,-0.006752564070451095,-0.006752564070451095,-0.001083569060832612,-0.006752564070451095,-0.006752564070451095,-0.006752564070451095,-0.006752564070451095,-0.006752564070451095,0.0,0.0
2015-05-12,-0.0004954915831101624,-0.00109637089821214,-0.00109637089821214,0.002118801141281379,-0.00109637089821214,-0.00109637089821214,-0.00109637089821214,-0.00109637089821214,-0.00109637089821214,0.0,0.0
2015-05-13,0.0010236906059317226,0.0015415446344135054,0.0015415446344135054,-3.6052353095528124e-05,0.0015415446344135054,0.0015415446344135054,0.0015415446344135054,0.0015415446344135054,0.0015415446344135054,0.0,0.0
2015-05-14,0.007110824717614488,0.009219708661192528,0.009219708661192528,0.008679170491375232,0.009219708661192528,0.009219708661192528,0.009219708661192528,0.009219708661192528,0.009219708661192528,0.0,0.0
2015-05-15,0.0018494250458525462,0.0023223940222123264,0.0023223940222123264,0.002710461279398957,0.0023223940222123264,0.0023223940222123264,0.0023223940222123264,0.0023223940222123264,0.0023223940222123264,0.0,0.0
2015-05-18,0.0012077286153839503,0.0020352953911068395,0.0020352953911068395,-0.0013422148081854823,0.0020352953911068395,0.0020352953911068395,0.0020352953911068395,0.0020352953911068395,0.0020352953911068395,0.0,0.0
2015-05-19,-0.0020397997126539633,-0.0030596995689809448,-0.0030596995689809448,0.0,-0.0030596995689809448,-0.0030596995689809448,-0.0030596995689809448,-0.0030596995689809448,-0.0030596995689809448,0.0,0.0
2015-05-20,0.00033376760444618164,0.0005006514066692724,0.0005006514066692724,0.0,0.0005006514066692724,0.0005006514066692724,0.0005006514066692724,0.0005006514066692724,0.0005006514066692724,0.0,0.0
2015-05-21,0.0019695390966698073,0.0029543086450047108,0.0029543086450047108,0.0,0.0029543086450047108,0.0029543086450047108,0.0029543086450047108,0.0029543086450047108,0.0029543086450047108,0.0,0.0
2015-05-22,-0.0011500340555379148,-0.0017250510833068723,-0.0017250510833068723,0.0,-0.0017250510833068723,-0.0017250510833068723,-0.0017250510833068723,-0.0017250510833068723,-0.0017250510833068723,0.0,0.0
2015-05-26,-0.0050167646648352935,-0.009137472121082369,-0.009137472121082369,0.0,-0.009137472121082369,-0.004300496749594085,-0.009137472121082369,-0.009137472121082369,-0.004300496749594085,0.0,0.0
2015-05-27,0.003822140950773016,0.008599817139239286,0.008599817139239286,0.0,0.008599817139239286,0.0,0.008599817139239286,0.008599817139239286,0.0,0.0,0.0
2015-05-28,-0.0005940374824059723,-0.0013365843354134377,-0.0013365843354134377,0.0,-0.0013365843354134377,0.0,-0.0013365843354134377,-0.0013365843354134377,0.0,0.0,0.0
2015-05-29,-0.0018515262267834647,-0.004165934010262795,-0.004165934010262795,0.0,-0.004165934010262795,0.0,-0.004165934010262795,-0.004165934010262795,0.0,0.0,0.0
2015-06-01,0.0001584978819858603,0.0003566202344681857,0.0003566202344681857,0.0,0.0003566202344681857,0.0,0.0003566202344681857,0.0003566202344681857,0.0,0.0,0.0
2015-06-02,-0.0006037857152446325,-0.0013585178593004232,-0.0013585178593004232,0.0,-0.0013585178593004232,0.0,-0.0013585178593004232,-0.0013585178593004232,0.0,0.0,0.0
2015-06-03,8.989585357706491e-05,0.00020226567054839605,0.00020226567054839605,0.0,0.00020226567054839605,0.0,0.00020226567054839605,0.00020226567054839605,0.0,0.0,0.0
2015-06-04,-0.00301653470022137,-0.006787203075498083,-0.006787203075498083,0.0,-0.006787203075498083,0.0,-0.006787203075498083,-0.006787203075498083,0.0,0.0,0.0
2015-06-05,-0.00041277099808628335,-0.0009287347456941375,-0.0009287347456941375,0.0,-0.0009287347456941375,0.0,-0.0009287347456941375,-0.0009287347456941375,0.0,0.0,0.0
2015-06-08,-0.0022591761412275057,-0.005083146317761888,-0.005083146317761888,0.0,-0.005083146317761888,0.0,-0.005083146317761888,-0.005083146317761888,0.0,0.0,0.0
2015-06-09,-0.00036120347384492265,-0.0011429637207937104,-0.0011429637207937104,0.0,-0.0011429637207937104,0.0,0.00017805989777682773,-0.0011429637207937104,0.0,0.0,0.0
2015-06-10,0.0035162683278345233,0.010548804983503569,0.010548804983503569,0.0,0.010548804983503569,0.0,0.0,0.010548804983503569,0.0,0.0,0.0
2015-06-11,0.0011234504249437245,0.0033703512748311736,0.0033703512748311736,0.0,0.0033703512748311736,0.0,0.0,0.0033703512748311736,0.0,0.0,0.0
2015-06-12,-0.002140538112988596,-0.006421614338965787,-0.006421614338965787,0.0,-0.006421614338965787,0.0,0.0,-0.006421614338965787,0.0,0.0,0.0
2015-06-15,-0.0007922417916963317,-0.002376725375088995,-0.002376725375088995,0.0,-0.002376725375088995,0.0,0.0,-0.002376725375088995,0.0,0.0,0.0
2015-06-16,0.0017830932104590047,0.005349279631377013,0.005349279631377013,0.0,0.005349279631377013,0.0,0.0,0.005349279631377013,0.0,0.0,0.0
2015-06-17,-3.074476616321912e-05,-9.223429848965736e-05,-9.223429848965736e-05,0.0,-9.223429848965736e-05,0.0,0.0,-9.223429848965736e-05,0.0,0.0,0.0
2015-06-18,0.002941593978955607,0.00882478193686682,0.00882478193686682,0.0,0.00882478193686682,0.0,0.0,0.00882478193686682,0.0,0.0,0.0
2015-06-19,-0.001795877980972623,-0.00398451001623692,-0.00398451001623692,0.0,-0.00398451001623692,0.0,0.0,-0.00398451001623692,0.0,-0.004209371780042848,0.0
2015-06-22,0.0016126596854669907,0.003619777658204759,0.003619777658204759,0.0,0.003619777658204759,0.0,0.0,0.003619777658204759,0.0,0.00365460419458864,0.0
2015-06-23,1.1307272274903764e-06,3.392181682471129e-06,3.392181682471129e-06,0.0,3.392181682471129e-06,0.0,0.0,3.392181682471129e-06,0.0,0.0,0.0
2015-06-24,-0.0017877796045989937,-0.005363338813796981,-0.005363338813796981,0.0,-0.005363338813796981,0.0,0.0,-0.005363338813796981,0.0,0.0,0.0
2015-06-25,-0.000921336835464104,-0.0027640105063923117,-0.0027640105063923117,0.0,-0.0027640105063923117,0.0,0.0,-0.0027640105063923117,0.0,0.0,0.0
2015-06-26,-0.0006807161767965217,-0.002042148530389565,-0.002042148530389565,0.0,-0.002042148530389565,0.0,0.0,-0.002042148530389565,0.0,0.0,0.0
2015-06-29,-0.004904225345205975,-0.014712676035617923,-0.014712676035617923,0.0,-0.014712676035617923,0.0,0.0,-0.014712676035617923,0.0,0.0,0.0
2015-06-30,0.0004456508903440847,0.0013369526710322543,0.0013369526710322543,0.0,0.0013369526710322543,0.0,0.0,0.0013369526710322543,0.0,0.0,0.0
2015-07-01,0.0010285727282413099,0.003085718184723929,0.003085718184723929,0.0,0.003085718184723929,0.0,0.0,0.003085718184723929,0.0,0.0,0.0
2015-07-02,-0.00039626106616731384,-0.0011887831985019416,-0.0011887831985019416,0.0,-0.0011887831985019416,0.0,0.0,-0.0011887831985019416,0.0,0.0,0.0
2015-07-06,-0.0002679030966747154,-0.0008037092900241461,-0.0008037092900241461,0.0,-0.0008037092900241461,0.0,0.0,-0.0008037092900241461,0.0,0.0,0.0
2015-07-07,0.001016702112141284,0.0030501063364238522,0.0030501063364238522,0.0,0.0030501063364238522,0.0,0.0,0.0030501063364238522,0.0,0.0,0.0
2015-07-08,-0.004127672967369381,-0.012383018902108144,-0.012383018902108144,0.0,-0.012383018902108144,0.0,0.0,-0.012383018902108144,0.0,0.0,0.0
2015-07-09,0.00011746667796232642,0.00035240003388697927,0.00035240003388697927,0.0,0.00035240003388697927,0.0,0.0,0.00035240003388697927,0.0,0.0,0.0
2015-07-10,0.002870410383612021,0.008611231150836063,0.008611231150836063,0.0,0.008611231150836063,0.0,0.0,0.008611231150836063,0.0,0.0,0.0
2015-07-13,0.002919515521845214,0.008758546565535642,0.008758546565535642,0.0,0.008758546565535642,0.0,0.0,0.008758546565535642,0.0,0.0,0.0
2015-07-14,0.0014988373736234814,0.004496512120870444,0.004496512120870444,0.0,0.004496512120870444,0.0,0.0,0.004496512120870444,0.0,0.0,0.0
2015-07-15,-0.00022563946848725235,-0.0006769184054617571,-0.0006769184054617571,0.0,-0.0006769184054617571,0.0,0.0,-0.0006769184054617571,0.0,0.0,0.0
2015-07-16,0.0023510518406607795,0.0064207194036623675,0.0064207194036623675,0.0,0.0064207194036623675,0.0,0.0018973083549599147,0.0064207194036623675,0.0,0.0,0.0
2015-07-17,0.00011752234303537988,0.0002644252718296047,0.0002644252718296047,0.0,0.0002644252718296047,0.0,0.0002644252718296047,0.0002644252718296047,0.0,0.0,0.0
2015-07-20,-0.0015785277497067363,-0.0035516874368401565,-0.0035516874368401565,0.0,-0.0035516874368401565,0.0,-0.0035516874368401565,-0.0035516874368401565,0.0,0.0,0.0
2015-07-21,-0.0012583924144247533,-0.002831382932455695,-0.002831382932455695,0.0,-0.002831382932455695,0.0,-0.002831382932455695,-0.002831382932455695,0.0,0.0,0.0
2015-07-22,-0.001195786458475867,-0.002690519531570701,-0.002690519531570701,0.0,-0.002690519531570701,0.0,-0.002690519531570701,-0.002690519531570701,0.0,0.0,0.0
2015-07-23,-0.0015116319891096829,-0.0034011719754967864,-0.0034011719754967864,0.0,-0.0034011719754967864,0.0,-0.0034011719754967864,-0.0034011719754967864,0.0,0.0,0.0
2015-07-24,-0.004104297253681757,-0.009234668820783953,-0.009234668820783953,0.0,-0.009234668820783953,0.0,-0.009234668820783953,-0.009234668820783953,0.0,0.0,0.0
2015-07-27,-0.0026894154533217553,-0.006051184769973949,-0.006051184769973949,0.0,-0.006051184769973949,0.0,-0.006051184769973949,-0.006051184769973949,0.0,0.0,0.0
2015-07-28,0.004186514256462346,0.009419657077040278,0.009419657077040278,0.0,0.009419657077040278,0.0,0.009419657077040278,0.009419657077040278,0.0,0.0,0.0
2015-07-29,0.0022054269193538564,0.004962210568546177,0.004962210568546177,0.0,0.004962210568546177,0.0,0.004962210568546177,0.004962210568546177,0.0,0.0,0.0
2015-07-30,9.532100429988767e-06,2.1447225967474726e-05,2.1447225967474726e-05,0.0,2.1447225967474726e-05,0.0,2.1447225967474726e-05,2.1447225967474726e-05,0.0,0.0,0.0
2015-07-31,-0.0004014063837878871,-0.000903164363522746,-0.000903164363522746,0.0,-0.000903164363522746,0.0,-0.000903164363522746,-0.000903164363522746,0.0,0.0,0.0
2015-08-03,-0.0018900182331832314,-0.004252541024662271,-0.004252541024662271,0.0,-0.004252541024662271,0.0,-0.004252541024662271,-0.004252541024662271,0.0,0.0,0.0
2015-08-04,-0.001154193541383898,-0.0025969354681137703,-0.0025969354681137703,0.0,-0.0025969354681137703,0.0,-0.0025969354681137703,-0.0025969354681137703,0.0,0.0,0.0
2015-08-05,0.0007528187362657294,0.0016938421565978912,0.0016938421565978912,0.0,0.0016938421565978912,0.0,0.0016938421565978912,0.0016938421565978912,0.0,0.0,0.0
2015-08-06,-0.0022313870537916895,-0.005020620871031301,-0.005020620871031301,0.0,-0.005020620871031301,0.0,-0.005020620871031301,-0.005020620871031301,0.0,0.0,0.0
2015-08-07,-0.000594166005242849,-0.0013368735117964103,-0.0013368735117964103,0.0,-0.0013368735117964103,0.0,-0.0013368735117964103,-0.0013368735117964103,0.0,0.0,0.0
2015-08-10,0.004982598120590822,0.011210845771329348,0.011210845771329348,0.0,0.011210845771329348,0.0,0.011210845771329348,0.011210845771329348,0.0,0.0,0.0
2015-08-11,-0.002301589857012459,-0.005178577178278032,-0.005178577178278032,0.0,-0.005178577178278032,0.0,-0.005178577178278032,-0.005178577178278032,0.0,0.0,0.0
2015-08-12,0.00030908324987582395,0.0026112210744150934,0.0026112210744150934,0.0,-0.005051913974362865,0.0,0.0026112210744150934,0.0026112210744150934,0.0,0.0,0.0
2015-08-13,-0.001125651651735582,-0.003376954955206746,-0.003376954955206746,0.0,0.0,0.0,-0.003376954955206746,-0.003376954955206746,0.0,0.0,0.0
2015-08-14,0.0010015899887297639,0.0030047699661892914,0.0030047699661892914,0.0,0.0,0.0,0.0030047699661892914,0.0030047699661892914,0.0,0.0,0.0
2015-08-17,0.0018685955938157804,0.0056057867814473415,0.0056057867814473415,0.0,0.0,0.0,0.0056057867814473415,0.0056057867814473415,0.0,0.0,0.0
2015-08-18,-0.001141993568753657,-0.003728197022580271,-0.003728197022580271,0.0,0.0,0.0,-0.002821548073622371,-0.003728197022580271,0.0,0.0,0.0
2015-08-19,-0.0012880124027930128,-0.005796055812568557,-0.005796055812568557,0.0,0.0,0.0,0.0,-0.005796055812568557,0.0,0.0,0.0
2015-08-20,-0.003511736183600073,-0.01580281282620033,-0.01580281282620033,0.0,0.0,0.0,0.0,-0.01580281282620033,0.0,0.0,0.0
2015-08-21,-0.005484501200896065,-0.024680255404032292,-0.024680255404032292,0.0,0.0,0.0,0.0,-0.024680255404032292,0.0,0.0,0.0
2015-08-24,-0.0075646029291892,-0.0340407131813514,-0.0340407131813514,0.0,0.0,0.0,0.0,-0.0340407131813514,0.0,0.0,0.0
2015-08-25,-0.0024286433644185876,-0.010928895139883644,-0.010928895139883644,0.0,0.0,0.0,0.0,-0.010928895139883644,0.0,0.0,0.0
2015-08-26,0.006341317498867132,0.028535928744902093,0.028535928744902093,0.0,0.0,0.0,0.0,0.028535928744902093,0.0,0.0,0.0
2015-08-27,0.004647727202332538,0.02091477241049642,0.02091477241049642,0.0,0.0,0.0,0.0,0.02091477241049642,0.0,0.0,0.0
2015-08-28,0.0007852614779852181,0.0035336766509334815,0.0035336766509334815,0.0,0.0,0.0,0.0,0.0035336766509334815,0.0,0.0,0.0
2015-08-31,-0.001401940661730694,-0.006308732977788123,-0.006308732977788123,0.0,0.0,0.0,0.0,-0.006308732977788123,0.0,0.0,0.0
2015-09-01,-0.005191040085423341,-0.023359680384405036,-0.023359680384405036,0.0,0.0,0.0,0.0,-0.023359680384405036,0.0,0.0,0.0
2015-09-02,0.0030553299257433403,0.013748984665845032,0.013748984665845032,0.0,0.0,0.0,0.0,0.013748984665845032,0.0,0.0,0.0
2015-09-03,-0.00010527524099300924,-0.00047373858446854157,-0.00047373858446854157,0.0,0.0,0.0,0.0,-0.00047373858446854157,0.0,0.0,0.0
2015-09-04,-0.0024311715065261272,-0.010940271779367572,-0.010940271779367572,0.0,0.0,0.0,0.0,-0.010940271779367572,0.0,0.0,0.0
2015-09-08,0.004075845576667844,0.0183413050950053,0.0183413050950053,0.0,0.0,0.0,0.0,0.0183413050950053,0.0,0.0,0.0
2015-09-09,-0.002664703943802565,-0.011991167747111542,-0.011991167747111542,0.0,0.0,0.0,0.0,-0.011991167747111542,0.0,0.0,0.0
2015-09-10,0.0011584154555968704,0.005212869550185917,0.005212869550185917,0.0,0.0,0.0,0.0,0.005212869550185917,0.0,0.0,0.0
2015-09-11,0.0007042264839890086,0.0031690191779505383,0.0031690191779505383,0.0,0.0,0.0,0.0,0.0031690191779505383,0.0,0.0,0.0
2015-09-14,-0.0006536119289449552,-0.002941253680252298,-0.002941253680252298,0.0,0.0,0.0,0.0,-0.002941253680252298,0.0,0.0,0.0
2015-09-15,0.0017849034286378529,0.008032065428870338,0.008032065428870338,0.0,0.0,0.0,0.0,0.008032065428870338,0.0,0.0,0.0
2015-09-16,0.001883467091155559,0.008259962411807865,0.008259962411807865,0.00043127899678430115,0.0,0.0,0.0,0.008259962411807865,0.0,0.0,0.0
2015-09-17,0.0002709053110945171,0.0007455163350602257,0.0007455163350602257,0.0009471151297302027,0.0,0.0,0.0,0.0007455163350602257,0.0,0.0,0.0
2015-09-18,-0.002519311080101826,-0.011313453651800143,-0.011313453651800143,-4.6892417316146684e-05,0.0,0.0,0.0,-0.011313453651800143,0.0,0.0,0.0
2015-09-21,0.0003758727193972176,0.000618494966983596,0.000618494966983596,0.002145864540607767,0.0,0.0,0.0,0.000618494966983596,0.0,0.0,0.0
2015-09-22,-0.0022954146658205896,-0.00936806773922988,-0.00936806773922988,-0.0019225965139255453,0.0,0.0,0.0,-0.00936806773922988,0.0,0.0,0.0
2015-09-23,-0.00046512266500721645,-0.0013376672126317434,-0.0013376672126317434,-0.0015107695598014614,0.0,0.0,0.0,-0.0013376672126317434,0.0,0.0,0.0
2015-09-24,-2.5968016689054753e-05,0.00014928116999277652,0.00014928116999277652,-0.0005322744901870458,0.0,0.0,0.0,0.00014928116999277652,0.0,0.0,0.0
2015-09-25,-0.0013350268868086374,-0.004294796455234606,-0.004294796455234606,-0.003425649070808523,0.0,0.0,0.0,-0.004294796455234606,0.0,0.0,0.0
2015-09-28,-0.0072356608157178376,-0.022082616655181186,-0.022082616655181186,-0.020955714031098173,0.0,0.0,0.0,-0.022082616655181186,0.0,0.0,0.0
2015-09-29,-0.00017631228136514055,-0.000509999643446657,-0.000509999643446657,-0.0005668112453929508,0.0,0.0,0.0,-0.000509999643446657,0.0,0.0,0.0
2015-09-30,0.00457751898421881,0.013778935741799303,0.013778935741799303,0.013639799374370676,0.0,0.0,0.0,0.013778935741799303,0.0,0.0,0.0
2015-10-01,0.000647283830736784,0.0020665161763755214,0.0020665161763755214,0.0016925221238800136,0.0,0.0,0.0,0.0020665161763755214,0.0,0.0,0.0
2015-10-02,0.003830354954295603,0.016493562333206202,0.016493562333206202,0.0014860699222480234,0.0,0.0,0.0,0.016493562333206202,0.0,0.0,0.0
2015-10-05,0.003038829814444087,0.013234438482605193,0.013234438482605193,0.0008805913647863984,0.0,0.0,0.0,0.013234438482605193,0.0,0.0,0.0
2015-10-06,-0.00010891523628593604,-0.0004901185632867122,-0.0004901185632867122,0.0,0.0,0.0,0.0,-0.0004901185632867122,0.0,0.0,0.0
2015-10-07,0.0016823453181776238,0.007570553931799307,0.007570553931799307,0.0,0.0,0.0,0.0,0.007570553931799307,0.0,0.0,0.0
2015-10-08,0.0011023544323588948,0.004960594945615027,0.004960594945615027,0.0,0.0,0.0,0.0,0.004960594945615027,0.0,0.0,0.0
2015-10-09,0.0005308586719463523,0.0023888640237585855,0.0023888640237585855,0.0,0.0,0.0,0.0,0.0023888640237585855,0.0,0.0,0.0
2015-10-12,0.00017058089004853036,0.0007676140052183866,0.0007676140052183866,0.0,0.0,0.0,0.0,0.0007676140052183866,0.0,0.0,0.0
2015-10-13,-0.0012390715184787662,-0.005575821833154448,-0.005575821833154448,0.0,0.0,0.0,0.0,-0.005575821833154448,0.0,0.0,0.0
2015-10-14,-6.014080711156882e-05,-0.0002706336320020597,-0.0002706336320020597,0.0,0.0,0.0,0.0,-0.0002706336320020597,0.0,0.0,0.0
2015-10-15,0.0030080482675985585,0.013536217204193512,0.013536217204193512,0.0,0.0,0.0,0.0,0.013536217204193512,0.0,0.0,0.0
2015-10-16,0.0005019205505934722,0.002258642477670625,0.002258642477670625,0.0,0.0,0.0,0.0,0.002258642477670625,0.0,0.0,0.0
2015-10-19,-0.00023633870259196253,-0.0010635241616638313,-0.0010635241616638313,0.0,0.0,0.0,0.0,-0.0010635241616638313,0.0,0.0,0.0
2015-10-20,-0.00039632350266790694,-0.0017834557620055812,-0.0017834557620055812,0.0,0.0,0.0,0.0,-0.0017834557620055812,0.0,0.0,0.0
2015-10-21,-0.0014600965612942762,-0.006570434525824243,-0.006570434525824243,0.0,0.0,0.0,0.0,-0.006570434525824243,0.0,0.0,0.0
2015-10-22,0.0026102803590027576,0.01174626161551241,0.01174626161551241,0.0,0.0,0.0,0.0,0.01174626161551241,0.0,0.0,0.0
2015-10-23,0.0021260564689253502,0.010536204816021933,0.010536204816021933,0.0,0.0,0.0,0.0,0.008598303404306219,0.0,0.0,0.0
2015-10-26,-0.0004007998675436442,-0.0033203980363603726,-0.0033203980363603726,0.0,0.0,0.0,0.0,-0.000286800771532425,0.0,0.0,0.0
2015-10-27,2.5918787795541226e-05,-0.0013262951220958219,-0.0013262951220958219,0.0,0.0,0.0,0.0,0.0015595642122556929,0.0,0.0,0.0
2015-10-28,0.0026031932339970797,0.011714369552986858,0.011714369552986858,0.0,0.0,0.0,0.0,0.011714369552986858,0.0,0.0,0.0
2015-10-29,-0.0007646333492239939,-0.003440850071507973,-0.003440850071507973,0.0,0.0,0.0,0.0,-0.003440850071507973,0.0,0.0,0.0
2015-10-30,-0.0007854295105531743,-0.0035344327974892844,-0.0035344327974892844,0.0,0.0,0.0,0.0,-0.0035344327974892844,0.0,0.0,0.0
2015-11-02,0.002430994154587444,0.010939473695643498,0.010939473695643498,0.0,0.0,0.0,0.0,0.010939473695643498,0.0,0.0,0.0
2015-11-03,0.0005052771620937622,0.00227374722942193,0.00227374722942193,0.0,0.0,0.0,0.0,0.00227374722942193,0.0,0.0,0.0
2015-11-04,-0.0006486056723672466,-0.00291872552565261,-0.00291872552565261,0.0,0.0,0.0,0.0,-0.00291872552565261,0.0,0.0,0.0
2015-11-05,-0.00042752222281716956,-0.001923850002677263,-0.001923850002677263,0.0,0.0,0.0,0.0,-0.001923850002677263,0.0,0.0,0.0
2015-11-06,-0.0003300650700244483,-0.0014852928151100175,-0.0014852928151100175,0.0,0.0,0.0,0.0,-0.0014852928151100175,0.0,0.0,0.0
2015-11-09,-0.0018270925701514438,-0.008221916565681497,-0.008221916565681497,0.0,0.0,0.0,0.0,-0.008221916565681497,0.0,0.0,0.0
2015-11-10,0.00027573779758889556,0.00124082008915003,0.00124082008915003,0.0,0.0,0.0,0.0,0.00124082008915003,0.0,0.0,0.0
2015-11-11,-0.0012755472629361793,-0.005739962683212807,-0.005739962683212807,0.0,0.0,0.0,0.0,-0.005739962683212807,0.0,0.0,0.0
2015-11-12,-0.00257789843793021,-0.011600542970685945,-0.011600542970685945,0.0,0.0,0.0,0.0,-0.011600542970685945,0.0,0.0,0.0
2015-11-13,-0.0018095524100576268,-0.008142985845259321,-0.008142985845259321,0.0,0.0,0.0,0.0,-0.008142985845259321,0.0,0.0,0.0
2015-11-16,0.0027996952264648972,0.012598628519092037,0.012598628519092037,0.0,0.0,0.0,0.0,0.012598628519092037,0.0,0.0,0.0
2015-11-17,-0.0005163658744506403,-0.0023236464350278817,-0.0023236464350278817,0.0,0.0,0.0,0.0,-0.0023236464350278817,0.0,0.0,0.0
2015-11-18,0.003077774136386517,0.013849983613739325,0.013849983613739325,0.0,0.0,0.0,0.0,0.013849983613739325,0.0,0.0,0.0
2015-11-19,-0.00024564120655020056,-0.0011053854294759025,-0.0011053854294759025,0.0,0.0,0.0,0.0,-0.0011053854294759025,0.0,0.0,0.0
2015-11-20,0.0004809170472351681,0.0021641267125582565,0.0021641267125582565,0.0,0.0,0.0,0.0,0.0021641267125582565,0.0,0.0,0.0
2015-11-23,-0.00024702974184318303,-0.0011116338382943236,-0.0011116338382943236,0.0,0.0,0.0,0.0,-0.0011116338382943236,0.0,0.0,0.0
2015-11-24,0.0008342283680134837,0.0037540276560606768,0.0037540276560606768,0.0,0.0,0.0,0.0,0.0037540276560606768,0.0,0.0,0.0
2015-11-25,1.842825417773438e-05,8.29271437998047e-05,8.29271437998047e-05,0.0,0.0,0.0,0.0,8.29271437998047e-05,0.0,0.0,0.0
2015-11-27,-0.0001588033112752907,-0.0007146149007388081,-0.0007146149007388081,0.0,0.0,0.0,0.0,-0.0007146149007388081,0.0,0.0,0.0
2015-11-30,-0.00030662252122043063,-0.0013798013454919377,-0.0013798013454919377,0.0,0.0,0.0,0.0,-0.0013798013454919377,0.0,0.0,0.0
2015-12-01,0.0021511580620944344,0.009680211279424955,0.009680211279424955,0.0,0.0,0.0,0.0,0.009680211279424955,0.0,0.0,0.0
2015-12-02,-0.0024044449868674536,-0.010820002440903542,-0.010820002440903542,0.0,0.0,0.0,0.0,-0.010820002440903542,0.0,0.0,0.0
2015-12-03,-0.003319993772065856,-0.014939971974296352,-0.014939971974296352,0.0,0.0,0.0,0.0,-0.014939971974296352,0.0,0.0,0.0
2015-12-04,0.0038415040508063217,0.017286768228628447,0.017286768228628447,0.0,0.0,0.0,0.0,0.017286768228628447,0.0,0.0,0.0
2015-12-07,-0.002060925903026593,-0.009274166563619669,-0.009274166563619669,0.0,0.0,0.0,0.0,-0.009274166563619669,0.0,0.0,0.0
2015-12-08,-0.0009334281787424829,-0.004200426804341173,-0.004200426804341173,0.0,0.0,0.0,0.0,-0.004200426804341173,0.0,0.0,0.0
2015-12-09,-0.0014388582528562417,-0.006474862137853088,-0.006474862137853088,0.0,0.0,0.0,0.0,-0.006474862137853088,0.0,0.0,0.0
2015-12-10,0.0006515564640762837,0.003343465874019802,0.003343465874019802,0.0,0.0,0.0,0.0,0.002520542302666751,0.0,0.0,0.0
2015-12-11,-0.0033444726426162205,-0.015641693917413747,-0.015641693917413747,0.0,0.0,0.0,0.0,-0.014458559866132236,0.0,0.0,0.0
2015-12-14,0.0003390687742210013,0.000820770693928996,0.000820770693928996,0.0,0.0,0.0,0.0,0.0022308482740600157,0.0,0.0,0.0
2015-12-15,0.002222835024823491,0.009739670870375161,0.009739670870375161,0.0,0.0,0.0,0.0,0.010265844353036258,0.0,0.0,0.0
2015-12-16,0.0014739791179349203,0.010339191670937786,0.010339191670937786,0.0,0.0,0.0,0.0,0.0029266203904764975,0.0,0.0,0.0
2015-12-17,-0.0015298153023484548,-0.01306876505912603,-0.01306876505912603,0.0,0.0,0.0,0.0,-0.0006995726620100618,0.0,0.0,0.0
2015-12-18,-0.0022680350738529943,-0.013067901390238034,-0.013067901390238034,0.0,0.0,0.0,0.0,-0.007344414274438915,0.0,0.0,0.0
2015-12-21,0.0013993640490535851,0.00750047438285556,0.00750047438285556,0.0,0.0,0.0,0.0,0.0050938020586267065,0.0,0.0,0.0
2015-12-22,0.0010823008505419012,0.005767569033603736,0.005767569033603736,0.0,0.0,0.0,0.0,0.003973138621273376,0.0,0.0,0.0
2015-12-23,0.001413542029371093,0.010675525382108919,0.010675525382108919,0.0,0.0,0.0,0.0,0.002046352882230917,0.0,0.0,0.0
2015-12-24,6.728537376509383e-05,3.263812084527418e-05,3.263812084527418e-05,0.0,0.0,0.0,0.0,0.0005729302430405702,0.0,0.0,0.0
2015-12-28,-0.0004114204677267974,-0.003784035400443386,-0.003784035400443386,0.0,0.0,0.0,0.0,8.125119090220955e-05,0.0,0.0,0.0
2015-12-29,0.0006705752258553892,0.0074549492174978745,0.0074549492174978745,0.0,0.0,0.0,0.0,-0.0014197721847993728,0.0,0.0,0.0
2015-12-30,-0.0010674496506484716,-0.007464543983642635,-0.007464543983642635,0.0,0.0,0.0,0.0,-0.002142502872193608,0.0,0.0,0.0
2015-12-31,-0.0007105306993541912,-0.006876477061656916,-0.006876477061656916,0.0,0.0,0.0,0.0,0.00048170076746919535,0.0,0.0,0.0
2016-01-04,-0.0018325034242810722,-0.010321883932000042,-0.010321883932000042,0.0,0.0,0.0,0.0,-0.006170646886529607,0.0,0.0,0.0
2016-01-05,0.00028663892638634863,0.0011374863066243358,0.0011374863066243358,0.0,0.0,0.0,0.0,0.0014422640308528023,0.0,0.0,0.0
2016-01-06,-0.0023319434665643023,-0.00981693749680478,-0.00981693749680478,0.0,0.0,0.0,0.0,-0.011170553702273944,0.0,0.0,0.0
2016-01-07,-0.004200456006935453,-0.019200409056488586,-0.019200409056488586,0.0,0.0,0.0,0.0,-0.01860369500593049,0.0,0.0,0.0
2016-01-08,-0.0022983784511124592,-0.009820099386009307,-0.009820099386009307,0.0,0.0,0.0,0.0,-0.010865306674002827,0.0,0.0,0.0
2016-01-11,-0.0007121391568042491,-0.00419656740264387,-0.00419656740264387,0.0,0.0,0.0,0.0,-0.002212685008594373,0.0,0.0,0.0
2016-01-12,0.0016631916813990516,0.007360852015727582,0.007360852015727582,0.0,0.0,0.0,0.0,0.007607873116863883,0.0,0.0,0.0
2016-01-13,-0.002632203825303112,-0.020524712127913645,-0.020524712127913645,0.0,0.0,0.0,0.0,-0.0031651222998143602,0.0,0.0,0.0
2016-01-14,0.0029566031762835996,0.013732116017685281,0.013732116017685281,0.0,0.0,0.0,0.0,0.012877312568867117,0.0,0.0,0.0
2016-01-15,-0.004368576639782743,-0.015970526388722827,-0.015970526388722827,0.0,0.0,0.0,0.0,-0.02334666336932186,0.0,0.0,0.0
2016-01-19,-0.0015169389373850286,-0.0033030932484385154,-0.0033030932484385154,0.0,0.0,0.0,0.0,-0.010349357188026742,0.0,0.0,0.0
2016-01-20,-0.0014867105922188614,-0.0054953274138167755,-0.0054953274138167755,0.0,0.0,0.0,0.0,-0.007885067916152977,0.0,0.0,0.0
2016-01-21,0.000882226533891961,0.0034364210486612532,0.0034364210486612532,0.0,0.0,0.0,0.0,0.004503617756366396,0.0,0.0,0.0
2016-01-22,0.003958036967891329,0.018528110810191956,0.018528110810191956,0.0,0.0,0.0,0.0,0.017094221900830008,0.0,0.0,0.0
2016-01-25,-0.0018449319434614203,-0.013721809821025666,-0.013721809821025666,0.0,0.0,0.0,0.0,-0.0028825776701271177,0.0,0.0,0.0
2016-01-26,0.002441786580032992,0.014436686310962843,0.014436686310962843,0.0,0.0,0.0,0.0,0.007539392909334086,0.0,0.0,0.0
2016-01-27,-0.0014403833969745513,-0.010037545024858962,-0.010037545024858962,0.0,0.0,0.0,0.0,-0.002925905547912,0.0,0.0,0.0
2016-01-28,-0.0001245005237593312,0.003799313729135645,0.003799313729135645,0.0,0.0,0.0,0.0,-0.004919818442969626,0.0,0.0,0.0
2016-01-29,0.003209695146313429,0.02194066097652949,0.02194066097652949,0.0,0.0,0.0,0.0,0.006946595340291373,0.0,0.0,0.0
2016-02-01,-0.00023972353441147344,-0.0010862127112443941,-0.0010862127112443941,0.0,0.0,0.0,0.0,-0.0010712990984588667,0.0,0.0,0.0
2016-02-02,-0.001706047252371522,-0.015354425271343697,-0.015354425271343697,0.0,0.0,0.0,0.0,0.0,0.0,0.0,0.0
2016-02-03,0.0005834088802533999,0.0057902198385930805,0.0057902198385930805,0.0,0.0,0.0,0.0,-0.0005395399163124814,0.0,0.0,0.0
2016-02-04,0.00040645730596262637,0.0031603294033957672,0.0031603294033957672,0.0,0.0,0.0,0.0,0.0004977863502678703,0.0,0.0,0.0
2016-02-05,-0.0027043998260982407,-0.01615202303248283,-0.01615202303248283,0.0,0.0,0.0,0.0,-0.008187575402401337,0.0,0.0,0.0
2016-02-08,-0.001432898889653775,-0.007860278920057018,-0.008053333284180019,0.0,0.0,0.0,0.0,-0.004842756722703956,0.0,0.0,0.0
2016-02-09,-0.0006979988717648637,-0.0034381661813704945,-0.0029569475329122353,0.0,0.0,0.0,0.0,-0.003325042312971538,0.0,0.0,0.0
2016-02-10,-1.762441439486167e-05,0.0015767028460046072,-7.930986477687752e-05,0.0,0.0,0.0,0.0,-7.930986477687752e-05,0.0,0.0,0.0
2016-02-11,-0.0021272680634275513,-0.004736000805998231,-0.009455219510847357,0.0,0.0,0.0,0.0,-0.009690193060000607,0.0,0.0,0.0
2016-02-12,0.003651709065116907,0.014853647924132485,0.017101771438825585,0.0,0.0,0.0,0.0,0.015763610147226582,0.0,0.0,0.0
2016-02-16,0.0025673311043472986,0.009878700576033472,0.013968800867217968,0.0,0.0,0.0,0.0,0.00913717907190772,0.0,0.0,0.0
2016-02-17,0.0016765310374435947,0.01509247862700469,0.015088779336992353,0.0,0.0,0.0,0.0,0.0,0.0,0.0,0.0
2016-02-18,-0.0001624287719723474,-0.0014416404995280408,-0.0051045915210869985,0.0,0.0,0.0,0.0,0.003642732573335872,0.0,0.0,0.0
2016-02-19,-6.41276760888839e-05,-0.00015357795428084798,0.0003626046139742822,0.0,0.0,0.0,0.0,-0.0009397536987742372,0.0,0.0,0.0
2016-02-22,0.001381555619594758,0.01060303408379092,0.012434000576352822,0.0,0.0,0.0,0.0,0.0,0.0,0.0,0.0
2016-02-23,-0.0013350093105455071,-0.010524877896100593,-0.01242765742677272,0.0,0.0,0.0,0.0,0.00041257363186315567,0.0,0.0,0.0
2016-02-24,0.0020511436460469946,0.004698006682051803,0.00456311535274122,0.0,0.0,0.0,0.0,0.013897177461681731,0.0,0.0,0.0
2016-02-25,0.001156378671439948,0.009022331739707522,0.008400554863163578,0.0,0.0,0.0,0.0,0.002006853179795953,0.0,0.0,0.0
2016-02-26,0.00015731163849274212,-0.000846453556373028,0.0008048314807695079,0.0,0.0,0.0,0.0,0.0006109732656651712,0.0,0.0,0.0
2016-02-29,-0.0006941126171144926,-0.005686708703954868,-0.0074301975812120615,0.0,0.0,0.0,0.0,0.0011831840271816275,0.0,0.0,0.0
2016-03-01,0.0038018455479564024,0.018479694792000335,0.020973845978346818,0.0,0.0,0.0,0.0,0.013242763953260805,0.0,0.0,0.0
2016-03-02,0.00012862163576605744,0.0069148222036931935,0.00254776458662852,0.0,0.0,0.0,0.0,-0.0013901698647340033,0.0,0.0,0.0
2016-03-03,6.948603507836252e-05,0.005527340312348883,0.00015935781570046713,0.0,0.0,0.0,0.0,0.0004660165000047956,0.0,0.0,0.0
2016-03-04,-8.135199779940964e-05,0.0019002902693360467,-0.00015702696258897974,0.0,0.0,0.0,0.0,-0.000575141017605707,0.0,0.0,0.0
2016-03-07,0.00020253832053859343,0.003859523155245814,0.0003746470708894334,0.0,0.0,0.0,0.0,0.0014481978139579076,0.0,0.0,0.0
2016-03-08,-0.00021311571958772225,-0.011933383365241357,-0.0021166341563872647,0.0,0.0,0.0,0.0,0.00019859268009776444,0.0,0.0,0.0
2016-03-09,0.0002331179022435934,0.003241985041040685,0.0017400165916856669,0.0,0.0,0.0,0.0,0.00035804452850667355,0.0,0.0,0.0
2016-03-10,-0.0001098056848219706,0.00028782967956046955,-0.0010633296518233748,0.0,0.0,0.0,0.0,7.507848842563947e-05,0.0,0.0,0.0
2016-03-11,0.0018856348078794525,0.0127201633724495,0.010984453680092775,0.0,0.0,0.0,0.0,0.005986259590822296,0.0,0.0,0.0
2016-03-14,-0.0009376535532099162,-0.002363819269837786,-0.0026071038592906824,-0.00214142296190496,-0.00040427465118356707,0.0,0.0,-0.0032860805065100364,0.0,0.0,0.0
2016-03-15,-0.0004214054523992533,-0.002871073234631527,-0.0014519834878279347,0.0003601316829373813,-0.002871073234631527,0.0,0.0,0.0001702759679288013,0.0,0.0,0.0
2016-03-16,0.002527805490169831,0.007613227169396197,0.005882654345806026,0.005681216906154729,0.007613227169396197,0.0,0.0,0.0035731509901715253,0.0,0.0,0.0
2016-03-17,0.0010139552817415396,0.004769903767396144,0.0034026413447343583,0.0015986002602947913,0.004769903767396144,0.0,0.0,-0.0006455478367514367,0.0,0.0,0.0
2016-03-18,0.0012617841574043985,0.00454341914769707,0.004255951634099642,0.0013804941689613103,0.00454341914769707,0.0,0.0,0.0011761924658815648,0.0,0.0,0.0
2016-03-21,-0.00010021806985984513,-0.0005852345789890467,-0.00023873821321922505,-0.0001176989321154398,-0.0005852345789890467,0.0,0.0,3.970909558510538e-05,0.0,0.0,0.0
2016-03-22,1.9838762890906438e-05,0.0003858858666372922,0.0009390809241162978,-8.288798925953911e-05,0.0003858858666372922,0.0,0.0,-0.001063529935475893,0.0,0.0,0.0
2016-03-23,-0.0023469118931472473,-0.00919196465069252,-0.0069987039259830075,-0.0022630098093131103,-0.00919196465069252,0.0,0.0,-0.0026685286523365883,0.0,0.0,0.0
2016-03-24,0.0012690971956459828,0.0002512868729932061,0.0016077421917311651,0.005239976136870184,0.0002512868729932061,0.0,0.0,0.004322869559219289,0.0,0.0,0.0
2016-03-28,-0.0001414503434162495,-0.00024731612088416675,-0.00024731612088416675,-0.00037846187989191147,-0.00024731612088416675,0.0,0.0,-0.0003999589690860006,0.0,0.0,0.0
2016-03-29,0.005065046043726546,0.012124576937511233,0.012124576937511233,0.01107604123433963,0.012124576937511233,0.0,0.0,0.010260219284176818,0.0,0.0,0.0
2016-03-30,0.0007403469366764195,0.0003270199942035923,0.0003270199942035923,0.002991391295085244,0.0003270199942035923,0.0,0.0,0.0030176911465953473,0.0,0.0,0.0
2016-03-31,-6.071199823613913e-05,0.00013951521923546428,-0.0002660901565566864,-0.00036441961922971665,0.00013951521923546428,0.0,0.0,-5.5413427574313445e-05,0.0,0.0,0.0
2016-04-01,0.000348289371761269,0.0039055189860451867,0.0,-0.0013410803402212456,0.0039055189860451867,0.0,0.0,0.0005701657000274807,0.0,0.0,0.0
2016-04-04,-0.0005052348144557893,-0.002890422992438679,0.0,-0.0007369614512471645,-0.002890422992438679,0.0,0.0,-0.00091972888641626,0.0,0.0,0.0
2016-04-05,-0.0006988286461806566,-0.005793666823512922,0.0,-0.0006764356715999509,-0.005793666823512922,0.0,0.0,0.00018064467948696316,0.0,0.0,0.0
2016-04-06,0.0023882160138224457,0.00958154585817963,0.0,0.002159445288097306,0.00958154585817963,0.0,0.0,0.009752952978125073,0.0,0.0,0.0
2016-04-07,-0.0016488966098015018,-0.007305331249684288,0.0,-0.0008301092319504599,-0.007305331249684288,0.0,0.0,-0.006704629006578766,0.0,0.0,0.0
2016-04-08,-0.00013815558479909215,0.0021216850468360193,0.0,0.0,0.0021216850468360193,0.0,0.0,-0.0033650853100278487,0.0,0.0,0.0
2016-04-11,-0.0008347702072365866,-0.0008625781032915225,-0.004975617688023992,0.0,-0.0008625781032915225,0.0,0.0,-0.001674736073813765,0.0,0.0,0.0
2016-04-12,0.0025459988077014845,0.008854201785448912,0.008854201785448912,0.0,0.008854201785448912,0.0,0.0,0.005205585698415538,0.0,0.0,0.0
2016-04-13,0.002490792789634592,0.009464417431723415,0.009464417431723415,0.0,0.009464417431723415,0.0,0.0,0.0034883002432644973,0.0,0.0,0.0
2016-04-14,-0.0004539628824628648,-0.0013955357855366946,-0.0013955357855366946,0.0,-0.0013955357855366946,0.0,0.0,-0.0012945943710923947,0.0,0.0,0.0
2016-04-15,-7.54657464023614e-05,-0.000885009028469641,-0.000885009028469641,0.0,-0.000885009028469641,0.0,0.0,0.0010908263393180294,0.0,0.0,0.0
2016-04-18,0.001704773167209075,0.005774249080679461,0.005774249080679461,0.0,0.005774249080679461,0.0,0.0,0.003794460343522754,0.0,0.0,0.0
2016-04-19,0.0011988317820869955,0.004380930327960664,0.004380930327960664,0.0,0.004380930327960664,0.0,0.0,0.0020276253828616308,0.0,0.0,0.0
2016-04-20,2.9225251267122542e-05,0.0013601574097584558,-0.00011641770510044669,0.0,0.0013601574097584558,0.0,0.0,-0.0009807124432539061,0.0,0.0,0.0
2016-04-21,-0.000707083606756995,-0.0030785512812745775,-0.002491809235286346,0.0,-0.0030785512812745775,0.0,0.0,-0.000793391944252031,0.0,0.0,0.0
2016-04-22,-0.0003392525627757776,-0.0010811869798766805,-0.0025339521077576534,0.0,-0.0010811869798766805,0.0,0.0,0.0005618660226523354,0.0,0.0,0.0
2016-04-25,-0.0008437729560891776,-0.002904206741493787,-0.0017855431218150252,0.0,-0.002904206741493787,0.0,0.0,-0.002904206741493787,0.0,0.0,0.0
2016-04-26,0.0004951254176275239,0.0020183690781664155,0.0004193906023148841,0.0,0.0020183690781664155,0.0,0.0,0.0020183690781664155,0.0,0.0,0.0
2016-04-27,0.0007462261022967406,0.002872179297986499,0.0009716763246976678,0.0,0.002872179297986499,0.0,0.0,0.002872179297986499,0.0,0.0,0.0
2016-04-28,-0.0018763494884786443,-0.00636529087992147,-0.004879097869479187,0.0,-0.00636529087992147,0.0,0.0,-0.005642756646907143,0.0,0.0,0.0
2016-04-29,-0.0011670667002305014,-0.003259736948209724,-0.0030970118451504993,0.0,-0.003259736948209724,0.0,0.0,-0.004146851508714289,0.0,0.0,0.0
2016-05-02,0.0015010816349884523,0.00402254025999278,0.004126227019637663,0.0,0.00402254025999278,0.0,0.0,0.0053609674352656286,0.0,0.0,0.0
2016-05-03,-0.0025402418131766683,-0.008053984125466573,-0.006767687134815137,0.0,-0.008053984125466573,0.0,0.0,-0.0080405050583083,0.0,0.0,0.0
2016-05-04,-0.001666256542160416,-0.006124133739164895,-0.006124133739164895,0.0,-0.006124133739164895,0.0,0.0,-0.0027480414011139542,0.0,0.0,0.0
2016-05-05,0.0003541712239917036,0.0014159751495701257,0.0014159751495701257,0.0,0.0014159751495701257,0.0,0.0,0.00035559071678508135,0.0,0.0,0.0
2016-05-06,0.000992690426731782,0.002835583683786258,0.002835583683786258,0.0,0.002835583683786258,0.0,0.0,0.00326304647301352,0.0,0.0,0.0
2016-05-09,-0.0006912324939103308,-0.0018601584050913279,-0.0018601584050913279,0.0,-0.0018601584050913279,0.0,0.0,-0.0025007756350103215,0.0,0.0,0.0
2016-05-10,0.0027679164281966557,0.010487408376658337,0.010487408376658337,0.0,0.010487408376658337,0.0,0.0,0.003936431100453231,0.0,0.0,0.0
2016-05-11,-0.0011857073086966867,-0.005320688444580468,-0.005320688444580468,0.0,-0.005320688444580468,0.0,0.0,-2.9988889109244797e-05,0.0,0.0,0.0
2016-05-12,-0.00098462914607613,-0.002672045723850358,-0.002672045723850358,0.0,-0.002672045723850358,0.0,0.0,-0.003517570866984454,0.0,0.0,0.0
2016-05-13,-0.0014608683276361074,-0.004664719524253758,-0.004664719524253758,0.0,-0.004664719524253758,0.0,0.0,-0.0038183759002174524,0.0,0.0,0.0
2016-05-16,0.002884693274372938,0.008706369634001732,0.008706369634001732,0.0,0.008706369634001732,0.0,0.0,0.008549500201352978,0.0,0.0,0.0
2016-05-17,-0.0016244296208660796,-0.00636191569343435,-0.00636191569343435,0.0,-0.00636191569343435,0.0,0.0,-0.0018960352009260162,0.0,0.0,0.0
2016-05-18,0.0002729265333483487,-0.0008148649806400399,-0.0008148649806400399,0.0,-0.0008148649806400399,0.0,0.0,0.004086068761415218,0.0,0.0,0.0
2016-05-19,-0.001137372763595754,-0.004286549042627574,-0.004286549042627574,0.0,-0.004286549042627574,0.0,0.0,-0.0016632567871066374,0.0,0.0,0.0
2016-05-20,0.002164011141712588,0.007175744742433543,0.007175744742433543,0.0,0.007175744742433543,0.0,0.0,0.005124610790546202,0.0,0.0,0.0
2016-05-23,-0.00044889065589161323,-0.001367045537542,-0.001367045537542,0.0,-0.001367045537542,0.0,0.0,-0.0013059248279405189,0.0,0.0,0.0
2016-05-24,0.0020145813457734234,0.009697055323805503,0.009697055323805503,0.0,0.009697055323805503,0.0,0.0,-0.0012628785356501916,0.0,0.0,0.0
2016-05-25,0.0013036599438278123,0.00609509671082018,0.00609509671082018,0.0,0.00609509671082018,0.0,0.0,-0.0004572539271900489,0.0,0.0,0.0
2016-05-26,-0.00036353859508622254,-0.000399007478717095,-0.000399007478717095,0.0,-0.000399007478717095,0.0,-0.0026498272111114664,0.00017599481276965313,0.0,0.0,0.0
2016-05-27,0.00046603463328531713,0.0028784436779887733,0.0028784436779887733,0.0,0.0028784436779887733,0.0,-0.0007121785735061837,-0.0008503970829035091,0.0,0.0,0.0
2016-05-31,0.00010811529530587234,0.00029624257841822656,0.00029624257841822656,0.0,0.00029624257841822656,0.0,0.0,0.0003805525009163979,0.0,0.0,0.0
2016-06-01,0.000491394159263889,0.0015955514787315938,0.0015955514787315938,0.0,0.0015955514787315938,0.0,0.0,0.0012314444759118138,0.0,0.0,0.0
2016-06-02,0.0007376219771725967,0.00334831120228819,0.00334831120228819,0.0,0.00334831120228819,0.0,0.0,-5.802461002301085e-05,0.0,0.0,0.0
2016-06-03,0.00029249275064652003,0.00033363876761783874,0.00033363876761783874,0.0,0.00033363876761783874,0.0,0.0,0.0019651572205830027,0.0,0.0,0.0
2016-06-06,0.001559306782681322,0.005395985608090603,0.005395985608090603,0.0,0.005395985608090603,0.0,0.0,0.0032417898279506916,0.0,0.0,0.0
2016-06-07,0.0005805626317195475,0.0023049806864487874,0.0023049806864487874,0.0,0.0023049806864487874,0.0,0.0,0.0006151023125783528,0.0,0.0,0.0
2016-06-08,0.0010438703347667414,0.004038658656860217,0.004822291474034457,0.0,0.004038658656860217,0.0,0.0,0.0005338828820059982,0.0,0.0,0.0
2016-06-09,-0.0003440091743839499,-0.00146679311771174,-0.0001813701774112775,0.0,-0.00146679311771174,0.0,0.0,-0.001447919274332532,0.0,0.0,0.0
2016-06-10,-0.0019179420552981237,-0.008173079728279454,-0.0073005943549040555,0.0,-0.008173079728279454,0.0,0.0,-0.0017878044144996053,0.0,0.0,0.0
2016-06-13,-0.001604965484833941,-0.005159543541935286,-0.005159543541935286,0.0,-0.005159543541935286,0.0,0.0,-0.004125602279634899,0.0,0.0,0.0
2016-06-14,-0.0006420261981186517,-0.0019153612733245784,-0.0019153612733245784,0.0,-0.0019153612733245784,0.0,0.0,-0.0019475132364187076,0.0,0.0,0.0
2016-06-15,-0.00026245153978738083,-0.0004121557584910396,-0.0004121557584910396,0.0,-0.0004121557584910396,0.0,0.0,-0.0015377523411043482,0.0,0.0,0.0
2016-06-16,0.00035359476229480165,0.0008724241560796097,0.0008724241560796097,0.0,0.0008724241560796097,0.0,0.0,0.0014375045484939953,0.0,0.0,0.0
2016-06-17,-0.000655327471476461,-0.0024106843048308235,-0.0024106843048308235,0.0,-0.0024106843048308235,0.0,0.0,-0.0010765786336265014,0.0,0.0,0.0
2016-06-20,0.0009895784491226142,0.003907533090922966,0.003907533090922966,0.0,0.003907533090922966,0.0,0.0,0.001091139860257595,0.0,0.0,0.0
2016-06-21,0.0001499414126171371,0.00028182404882666213,0.00028182404882666213,0.0,0.00028182404882666213,0.0,0.0,0.0007858246159009097,0.0,0.0,0.0
2016-06-22,-0.00030163209900051745,-0.0015609130655773406,-0.0015609130655773406,0.0,-0.0015609130655773406,0.0,0.0,0.00040713724015002396,0.0,0.0,0.0
2016-06-23,0.0024303799973961248,0.010519862594648932,0.010519862594648932,0.0,0.010519862594648932,0.0,0.0,0.0008336947872672584,0.0,0.0,0.0
2016-06-24,-0.0054012545841857955,-0.02269728185204072,-0.02269728185204072,0.0,-0.02269728185204072,0.0,0.0,-0.0032167275535907257,0.0,0.0,0.0
2016-06-27,-0.00427638839636062,-0.014826797547740533,-0.015067446646939143,0.0,-0.014826797547740533,0.0,0.0,-0.008593251372565914,0.0,0.0,0.0
2016-06-28,0.0053750195778390995,0.015478812889982606,0.016552384572233382,0.0,0.015478812889982606,0.0,0.0,0.01634397873833591,0.0,0.0,0.0
2016-06-29,0.003989031228241073,0.014633578049240203,0.014113069686253987,0.0,0.014633578049240203,0.0,0.0,0.007154633318675474,0.0,0.0,0.0
2016-06-30,0.002467723000913422,0.011023492678280932,0.011023492678280932,0.0,0.011023492678280932,0.0,0.0,0.0001625216516589312,0.0,0.0,0.0
2016-07-01,0.0011166488428690736,0.005024919792910832,0.005024919792910832,0.0,0.005024919792910832,0.0,0.0,0.0,0.0,0.0,0.0
2016-07-05,-0.0013255466046566123,-0.0056790014040296825,-0.006250918037879827,0.0,-0.0056790014040296825,0.0,0.0,0.0,0.0,0.0,0.0
2016-07-06,0.001708398787066126,0.005843811314195047,0.005368238641092838,0.0,0.005843811314195047,0.0,0.0,0.004163539128307248,0.0,0.0,0.0
2016-07-07,-0.0002862912646795773,-0.0010845057459545671,-0.0007012566484999039,0.0,-0.0010845057459545671,0.0,0.0,-0.0007908589876617245,0.0,0.0,0.0
2016-07-08,0.003391117622758751,0.014153466710832618,0.013706906068073166,0.0,0.014153466710832618,0.0,0.0,0.002659685825922975,0.0,0.0,0.0
2016-07-11,0.0005119662248174604,0.0017890114617047704,0.0023372736604712284,0.0,0.0017890114617047704,0.0,0.0,0.00048141090118114516,0.0,0.0,0.0
2016-07-12,0.0014172777276457384,0.005002252329665791,0.006837026781488642,0.0,0.005002252329665791,0.0,0.0,0.0009162204376572114,0.0,0.0,0.0
2016-07-13,0.0003223734492857141,0.0006831698009282849,0.0015350214417148567,0.0,0.0006831698009282849,0.0,0.0,0.0006831698009282849,0.0,0.0,0.0
2016-07-14,0.0008987619606084283,0.002389046590007593,0.0024348636435930215,0.0,0.002389046590007593,0.0,0.0,0.0032649474118752408,0.0,0.0,0.0
2016-07-15,-0.0009768922190053135,-0.0016304120450345793,0.0,0.0,-0.0016304120450345793,0.0,0.0,-0.003580808963006621,0.0,-0.003580808963006621,0.0
2016-07-18,0.0007962984522190131,0.0023888953566570392,0.0,0.0,0.0023888953566570392,0.0,0.0,0.0023888953566570392,0.0,0.0023888953566570392,0.0
2016-07-19,-0.0003472462409366939,-0.0010417387228100817,0.0,0.0,-0.0010417387228100817,0.0,0.0,-0.0010417387228100817,0.0,-0.0010417387228100817,0.0
2016-07-20,0.0008968284136959085,0.0026904852410877256,0.0,0.0,0.0026904852410877256,0.0,0.0,0.0026904852410877256,0.0,0.0026904852410877256,0.0
2016-07-21,-0.0005038341079806829,-0.0015115023239420488,0.0,0.0,-0.0015115023239420488,0.0,0.0,-0.0015115023239420488,0.0,-0.0015115023239420488,0.0
2016-07-22,0.0010202555999578385,0.0030607667998735154,0.0,0.0,0.0030607667998735154,0.0,0.0,0.0030607667998735154,0.0,0.0030607667998735154,0.0
2016-07-25,-0.0013325043848466927,-0.003997513154540078,0.0,0.0,-0.003997513154540078,0.0,0.0,-0.003997513154540078,0.0,-0.003997513154540078,0.0
2016-07-26,0.0006074282424747206,0.0018222847274241617,0.0,0.0,0.0018222847274241617,0.0,0.0,0.0018222847274241617,0.0,0.0018222847274241617,0.0
2016-07-27,0.0013253642142939893,0.003976092642881968,0.0,0.0,0.003976092642881968,0.0,0.0,0.003976092642881968,0.0,0.003976092642881968,0.0
2016-07-28,9.993653860906888e-06,-0.00017529067259799413,0.0006158149025421444,0.0,-0.00017529067259799413,0.0,0.0,-0.00017529067259799413,0.0,-0.00017529067259799413,0.0
2016-07-29,0.0010508596290874997,0.0037271064245732455,0.0037271064245732455,0.0,0.0037271064245732455,0.0,0.0,0.0037271064245732455,0.0,-0.0017235826119322395,0.0
2016-08-01,-0.0010755536733140002,-0.0032266610199420008,-0.0032266610199420008,0.0,-0.0032266610199420008,0.0,0.0,-0.0032266610199420008,0.0,0.0,0.0
2016-08-02,-0.001997756489985546,-0.004579776244564515,-0.004579776244564515,0.0,-0.004579776244564515,0.0,0.0,-0.004579776244564515,0.0,-0.004240479676176368,0.0
2016-08-03,0.0018911268150483868,0.00425503533385887,0.00425503533385887,0.0,0.00425503533385887,0.0,0.0,0.00425503533385887,0.0,0.00425503533385887,0.0
2016-08-04,0.0006417146988803098,0.0014438580724806971,0.0014438580724806971,0.0,0.0014438580724806971,0.0,0.0,0.0014438580724806971,0.0,0.0014438580724806971,0.0
2016-08-05,0.0024033564631088054,0.005407552041994812,0.005407552041994812,0.0,0.005407552041994812,0.0,0.0,0.005407552041994812,0.0,0.005407552041994812,0.0
2016-08-08,0.00021289184214422127,0.00047900664482449786,0.00047900664482449786,0.0,0.00047900664482449786,0.0,0.0,0.00047900664482449786,0.0,0.00047900664482449786,0.0
2016-08-09,0.0008167605404919786,0.001837711216106952,0.001837711216106952,0.0,0.001837711216106952,0.0,0.0,0.001837711216106952,0.0,0.001837711216106952,0.0
2016-08-10,-0.0013424973298654169,-0.003020618992197188,-0.003020618992197188,0.0,-0.003020618992197188,0.0,0.0,-0.003020618992197188,0.0,-0.003020618992197188,0.0
2016-08-11,0.001351934612972262,0.0030418528791875898,0.0030418528791875898,0.0,0.0030418528791875898,0.0,0.0,0.0030418528791875898,0.0,0.0030418528791875898,0.0
2016-08-12,0.00018405045465700074,0.000400094785153593,0.000400094785153593,0.0,0.000400094785153593,0.0,5.6074951298634713e-05,0.000400094785153593,0.0,0.000400094785153593,0.0
2016-08-15,0.0017034138644519612,0.0035750284389946653,0.0035750284389946653,0.0,0.0035750284389946653,0.0,0.0010306110240889898,0.0035750284389946653,0.0,0.0035750284389946653,0.0
2016-08-16,-0.001681900986400775,-0.0037842772194017437,-0.0037842772194017437,0.0,-0.0037842772194017437,0.0,0.0,-0.0037842772194017437,0.0,-0.0037842772194017437,0.0
2016-08-17,0.0007447058132934152,0.0016755880799101841,0.0016755880799101841,0.0,0.0016755880799101841,0.0,0.0,0.0016755880799101841,0.0,0.0016755880799101841,0.0
2016-08-18,0.001690794542495455,0.003804287720614774,0.003804287720614774,0.0,0.003804287720614774,0.0,0.0,0.003804287720614774,0.0,0.003804287720614774,0.0
2016-08-19,-0.0011330210147758727,-0.0026635958809432926,-0.002206401490152976,0.0,-0.0026635958809432926,0.0,0.0,-0.0026635958809432926,0.0,-0.0026635958809432926,0.0
2016-08-22,6.30077680751394e-05,-6.173784567888862e-05,0.0007522834497129205,0.0,-6.173784567888862e-05,0.0,0.0,-6.173784567888862e-05,0.0,-6.173784567888862e-05,0.0
2016-08-23,0.0011339710237121053,0.002551434803352237,0.002551434803352237,0.0,0.002551434803352237,0.0,0.0,0.002551434803352237,0.0,0.002551434803352237,0.0
2016-08-24,-0.0027667873739080206,-0.006225271591293047,-0.006225271591293047,0.0,-0.006225271591293047,0.0,0.0,-0.006225271591293047,0.0,-0.006225271591293047,0.0
2016-08-25,-0.0006024715890838935,-0.0013555610754387604,-0.0013555610754387604,0.0,-0.0013555610754387604,0.0,0.0,-0.0013555610754387604,0.0,-0.0013555610754387604,0.0
2016-08-26,-0.00047161513201013545,-0.0010611340470228047,-0.0010611340470228047,0.0,-0.0010611340470228047,0.0,0.0,-0.0010611340470228047,0.0,-0.0010611340470228047,0.0
2016-08-29,0.0023930183736943296,0.0053842913408122415,0.0053842913408122415,0.0,0.0053842913408122415,0.0,0.0,0.0053842913408122415,0.0,0.0053842913408122415,0.0
2016-08-30,-0.000740363631670979,-0.001986795473602021,-0.0007028862642327494,0.0,-0.001986795473602021,0.0,0.0,-0.001986795473602021,0.0,-0.001986795473602021,0.0
2016-08-31,-0.0010960312269003034,-0.00328809368070091,0.0,0.0,-0.00328809368070091,0.0,0.0,-0.00328809368070091,0.0,-0.00328809368070091,0.0
2016-09-01,0.00010012368094082975,0.0003003710428224893,0.0,0.0,0.0003003710428224893,0.0,0.0,0.0003003710428224893,0.0,0.0003003710428224893,0.0
2016-09-02,0.0014973006597551247,0.0044927575369531625,-2.566673063364444e-06,0.0,0.0044927575369531625,0.0,0.0,0.0044927575369531625,0.0,0.0044927575369531625,0.0
2016-09-06,0.0021266754923850973,0.005897573374659459,0.0014473593074874947,0.0,0.005897573374659459,0.0,0.0,0.005897573374659459,0.0,0.005897573374659459,0.0
2016-09-07,0.00034672102370809276,0.0010443584462319967,-1.2586125323155173e-05,0.0,0.0010443584462319967,0.0,0.0,0.0010443584462319967,0.0,0.0010443584462319967,0.0
2016-09-08,-0.0008940631016966281,-0.002011641978817413,-0.002011641978817413,0.0,-0.002011641978817413,0.0,0.0,-0.002011641978817413,0.0,-0.002011641978817413,0.0
2016-09-09,-0.008142864395354658,-0.02176402822391793,-0.02176402822391793,0.0,-0.02176402822391793,0.0,0.0,-0.02176402822391793,0.0,-0.00799369488643813,0.0
2016-09-12,0.003710829704901852,0.011132489114705556,0.011132489114705556,0.0,0.011132489114705556,0.0,0.0,0.011132489114705556,0.0,0.0,0.0
2016-09-13,-0.003824304043148999,-0.014099879695294526,-0.006218976997751935,0.0,-0.014099879695294526,0.0,0.0,-0.014099879695294526,0.0,0.0,0.0
2016-09-14,-4.911833495991027e-05,-0.00022103250731959624,0.0,0.0,-0.00022103250731959624,0.0,0.0,-0.00022103250731959624,0.0,0.0,0.0
2016-09-15,0.0027472012315656684,0.008196882269693773,0.008331046544703468,0.0,0.008196882269693773,0.0,0.0,0.008196882269693773,0.0,0.0,0.0
2016-09-16,-0.0009443633152968416,-0.0025899249712219353,-0.0025899249712219353,0.0,-0.0025899249712219353,0.0,-0.000729494924005769,-0.0025899249712219353,0.0,0.0,0.0
2016-09-19,7.230178992229478e-05,0.00016267902732516326,0.00016267902732516326,0.0,0.00016267902732516326,0.0,0.00016267902732516326,0.00016267902732516326,0.0,0.0,0.0
2016-09-20,0.00029716900887787826,-0.00017908732221921797,-0.00017908732221921797,0.0,-0.00017908732221921797,0.0,0.0032117830465585584,-0.00017908732221921797,0.0,0.0,0.0
2016-09-21,0.003925068854754513,0.01177520656426354,0.01177520656426354,0.0,0.01177520656426354,0.0,0.0,0.01177520656426354,0.0,0.0,0.0
2016-09-22,0.0020424709935455607,0.006127412980636682,0.006127412980636682,0.0,0.006127412980636682,0.0,0.0,0.006127412980636682,0.0,0.0,0.0
2016-09-23,-0.0019891902860771794,-0.005632667001107516,-0.0019638688833732766,0.0,-0.005632667001107516,0.0,0.0,-0.005632667001107516,0.0,-0.0046735096891063034,0.0
2016-09-26,-0.0027769022869683882,-0.006793127095583695,-0.004612739295964408,0.0,-0.006793127095583695,0.0,0.0,-0.006793127095583695,0.0,-0.006793127095583695,0.0
2016-09-27,0.0020607120824041136,0.004636602185409256,0.004636602185409256,0.0,0.004636602185409256,0.0,0.0,0.004636602185409256,0.0,0.004636602185409256,0.0
2016-09-28,0.002206589089246833,0.006331409908603614,0.006331409908603614,0.0,0.006331409908603614,0.0,0.0,0.006331409908603614,0.0,0.0008650720774106557,0.0
2016-09-29,-0.0033796892743761728,-0.007919989760477041,-0.007919989760477041,0.0,-0.007919989760477041,0.0,0.0,-0.007919989760477041,0.0,-0.00665723418795443,0.0
2016-09-30,0.0028907594317322855,0.006504208721397642,0.006504208721397642,0.0,0.006504208721397642,0.0,0.0,0.006504208721397642,0.0,0.006504208721397642,0.0
2016-10-03,-0.0010877076179454793,-0.0024473421403773286,-0.0024473421403773286,0.0,-0.0024473421403773286,0.0,0.0,-0.0024473421403773286,0.0,-0.0024473421403773286,0.0
2016-10-04,-0.0041072055562814515,-0.0074106871646889335,-0.0074106871646889335,0.0,-0.0074106871646889335,0.0,-0.007322101347777332,-0.0074106871646889335,0.0,-0.0074106871646889335,0.0
2016-10-05,0.0033751000027612,0.005311833686019807,0.005311833686019807,0.0012722438649172552,0.005311833686019807,0.0012722438649172552,0.005311833686019807,0.005311833686019807,0.0012722438649172552,0.005311833686019807,0.0
2016-10-06,-0.0013329882373029935,-0.001482156392088796,-0.001482156392088796,-0.0016217993911053718,-0.001482156392088796,-0.001482156392088796,-0.001482156392088796,-0.001482156392088796,-0.001482156392088796,-0.001482156392088796,0.0
2016-10-07,-0.0020285398271690613,-0.0023616753781538933,-0.0023616753781538933,-0.0017251307974442964,-0.0023616753781538933,-0.0023616753781538933,-0.0023616753781538933,-0.0023616753781538933,-0.0023616753781538933,-0.0023616753781538933,0.0
2016-10-10,0.005064252746925494,0.005839333818211634,0.005839333818211634,0.004702937994848011,0.005839333818211634,0.005839333818211634,0.005839333818211634,0.005839333818211634,0.005839333818211634,0.005839333818211634,0.0
2016-10-11,-0.007544106338989871,-0.011985728143267904,-0.011985728143267904,-0.002573825290737386,-0.011985728143267904,-0.0026972455219159697,-0.011985728143267904,-0.011985728143267904,-0.0026972455219159697,-0.011985728143267904,0.0
2016-10-12,-0.00035413981353810874,-0.0005108524121200442,-0.0005108524121200442,-0.0006329962612427575,-0.0005108524121200442,0.0,-0.0005108524121200442,-0.0005108524121200442,0.0,-0.0005108524121200442,0.0
2016-10-13,-0.0024247778156785667,-0.003302353592980212,-0.005311232376206043,-0.003302353592980212,-0.003302353592980212,0.0,-0.003302353592980212,-0.003302353592980212,0.0,-0.003302353592980212,0.0
2016-10-14,-0.0007244946787463174,-0.0023518294351857595,0.0,-0.0018918617639015923,-0.0023518294351857595,0.0,0.0024268979607420136,-0.0023518294351857595,0.0,-0.0023518294351857595,0.0
2016-10-17,-0.000798357310309646,-0.0016367252435185997,0.0,-0.0022750400622310154,-0.0016367252435185997,0.0,0.0,-0.0016367252435185997,0.0,-0.0016367252435185997,0.0
2016-10-18,0.0028487859325277403,0.006369859545399148,0.0,0.006045114209240432,0.006369859545399148,0.0,0.0,0.006369859545399148,0.0,0.006854240092710939,0.0
2016-10-19,0.0011674131287636577,0.003793805845216558,0.0,0.002919106468439803,0.003793805845216558,0.0,0.0,0.003793805845216558,0.0,0.0,0.0
2016-10-20,-0.0003890152392920454,-0.0011580150703500158,0.0,-0.001185107012928377,-0.0011580150703500158,0.0,0.0,-0.0011580150703500158,0.0,0.0,0.0
2016-10-21,-0.0001631765085372451,-0.0007342942884176029,0.0,0.0,-0.0007342942884176029,0.0,0.0,-0.0007342942884176029,0.0,0.0,0.0
2016-10-24,0.0006223093151380501,0.0028003919181212255,0.0,0.0,0.0028003919181212255,0.0,0.0,0.0028003919181212255,0.0,0.0,0.0
2016-10-25,-0.00041008826792476367,-0.0018453972056614366,0.0,0.0,-0.0018453972056614366,0.0,0.0,-0.0018453972056614366,0.0,0.0,0.0
2016-10-26,-0.0007288541830572987,-0.0032798438237578442,0.0,0.0,-0.0032798438237578442,0.0,0.0,-0.0032798438237578442,0.0,0.0,0.0
2016-10-27,-0.0005974617579584162,-0.0026885779108128728,0.0,0.0,-0.0026885779108128728,0.0,0.0,-0.0026885779108128728,0.0,0.0,0.0
2016-10-28,-0.001272063073074714,-0.004043535935057607,0.0,0.0,-0.004043535935057607,0.0,-0.0033614957875572117,-0.004043535935057607,0.0,0.0,0.0
2016-10-31,-0.0002603483213565887,-0.0007810449640697659,0.0,0.0,-0.0007810449640697659,0.0,-0.0007810449640697659,-0.0007810449640697659,0.0,0.0,0.0
2016-11-01,-0.002249110310014747,-0.004414241690112475,0.0,0.0,-0.004414241690112475,0.0,-0.004414241690112475,-0.004414241690112475,0.0,0.0,-0.006999267719795299
2016-11-02,-0.0021581950437327604,-0.004855938848398711,0.0,0.0,-0.004855938848398711,0.0,-0.004855938848398711,-0.004855938848398711,0.0,0.0,-0.004855938848398711
2016-11-03,-0.0016441534215993839,-0.003699345198598614,0.0,0.0,-0.003699345198598614,0.0,-0.003699345198598614,-0.003699345198598614,0.0,0.0,-0.003699345198598614
2016-11-04,0.00026740554180111094,0.0006016624690524996,0.0,0.0,0.0006016624690524996,0.0,0.0006016624690524996,0.0006016624690524996,0.0,0.0,0.0006016624690524996
2016-11-07,0.0070262254666983255,0.01580900730007123,0.0,0.0,0.01580900730007123,0.0,0.01580900730007123,0.01580900730007123,0.0,0.0,0.01580900730007123
2016-11-08,0.001697234871429022,0.002047307774222784,0.0,0.0,0.002047307774222784,0.0035429413729850313,0.002047307774222784,0.002047307774222784,0.0,0.0035429413729850313,0.002047307774222784
2016-11-09,0.008211360745655668,0.010978669405537789,0.012415442289336965,-0.004385212011662698,0.010978669405537789,0.010978669405537789,0.010978669405537789,0.010978669405537789,0.0,0.010978669405537789,0.010978669405537789
2016-11-10,0.000532566177379976,0.0020523839971161363,-0.00015769654813406752,-0.002966070628378048,0.0020523839971161363,0.0020523839971161363,0.0020523839971161363,0.0020523839971161363,-0.004397441209764918,0.0020523839971161363,0.0020523839971161363
2016-11-11,-0.003067946359806067,-0.0032248334503470534,-0.0035024707340439052,-0.0015352123517813232,-0.0032248334503470534,-0.0032248334503470534,-0.0032248334503470534,-0.0032248334503470534,-0.0032248334503470534,-0.0032248334503470534,-0.0032248334503470534
2016-11-14,-0.00032504883009391535,0.0003650475784086948,-0.002288368388703321,-0.003897284744481444,0.0003650475784086948,0.0003650475784086948,0.0003650475784086948,0.0003650475784086948,0.0003650475784086948,0.0010699281918873592,0.0003650475784086948
2016-11-15,0.008026345339862129,0.008570747579418081,0.00835110207694012,0.0072688736262519925,0.008570747579418081,0.008570747579418081,0.008570747579418081,0.008570747579418081,0.008570747579418081,0.00519264687905856,0.008570747579418081
2016-11-16,-0.0005444839502912104,-0.000831785913852412,0.0006186708903396676,0.00030347495400632194,-0.000831785913852412,-0.000831785913852412,-0.000831785913852412,-0.000831785913852412,-0.000831785913852412,-0.000831785913852412,-0.000831785913852412
2016-11-17,0.00120655912691258,0.001747183587834833,-0.00021183527669468293,-0.001159417695935927,0.001747183587834833,0.001747183587834833,0.001747183587834833,0.001747183587834833,0.001747183587834833,0.001747183587834833,0.001747183587834833
2016-11-18,-0.0022187019728462393,-0.002136842831982055,-0.0026664299196844433,-0.0023439880120573187,-0.002136842831982055,-0.002136842831982055,-0.002136842831982055,-0.002136842831982055,-0.002136842831982055,-0.002136842831982055,-0.002136842831982055
2016-11-21,0.0070587001480424206,0.007458502965970215,0.006631789171814617,0.004686991398775664,0.007458502965970215,0.007458502965970215,0.007458502965970215,0.007458502965970215,0.007458502965970215,0.007458502965970215,0.007458502965970215
2016-11-22,0.00030225965179071996,0.0005619216561419726,-0.00039486242951951577,-0.0008182522973578133,0.0005619216561419726,0.0005619216561419726,0.0005619216561419726,0.0005619216561419726,0.0005619216561419726,0.0005619216561419726,0.0005619216561419726
2016-11-23,-0.0010671726072098244,-0.0008021033460270721,-0.002011420480191506,-0.0019784095625074104,-0.0008021033460270721,-0.0008021033460270721,-0.0008021033460270721,-0.0008021033460270721,-0.0008021033460270721,-0.0008021033460270721,-0.0008021033460270721
2016-11-25,0.0012661368131984742,0.0014283321264155547,0.0009650442764656652,0.0004318621574117221,0.0014283321264155547,0.0014283321264155547,0.0014283321264155547,0.0014283321264155547,0.0014283321264155547,0.0014283321264155547,0.0014283321264155547
2016-11-28,-0.00313505415199225,-0.0036873201982013824,-0.0012292803694815113,-0.0011749656110390584,-0.0036873201982013824,-0.0036873201982013824,-0.0036873201982013824,-0.0036873201982013824,-0.0036873201982013824,-0.0036873201982013824,-0.0036873201982013824
2016-11-29,0.00022890808925281182,0.0004150708601844078,0.000197086075358055,-0.001042409293373603,0.0004150708601844078,0.0004150708601844078,0.0004150708601844078,0.0004150708601844078,0.0004150708601844078,0.0004150708601844078,0.0004150708601844078
2016-11-30,-0.00012118662913748442,-0.000497501320148952,-0.0014511841161077622,0.0038430136949130665,-0.000497501320148952,-0.000497501320148952,-0.000497501320148952,-0.000497501320148952,-0.000497501320148952,-0.000497501320148952,-0.000497501320148952
2016-12-01,-0.004259913796557592,-0.004380074937437561,-0.004599571521589019,-0.0030791280853663784,-0.004380074937437561,-0.004380074937437561,-0.004380074937437561,-0.004380074937437561,-0.004380074937437561,-0.004380074937437561,-0.004380074937437561
2016-12-02,0.0013724110951514278,0.0011860578757253216,0.0019829688176985936,0.0020663259085870076,0.0011860578757253216,0.0011860578757253216,0.0011860578757253216,0.0011860578757253216,0.0011860578757253216,0.0011860578757253216,0.0011860578757253216
2016-12-05,0.005135008578899257,0.0055668082638824275,0.0037488736564522673,0.00349854570646404,0.0055668082638824275,0.0055668082638824275,0.0055668082638824275,0.0055668082638824275,0.0055668082638824275,0.0055668082638824275,0.0055668082638824275
2016-12-06,0.002708518669812272,0.0028671242510412307,0.0027841133572851563,0.0015226849137366717,0.0028671242510412307,0.0028671242510412307,0.0028671242510412307,0.0028671242510412307,0.0028671242510412307,0.0028671242510412307,0.0028671242510412307
2016-12-07,0.008367595125872498,0.009709819565602695,0.0073564442290089075,-1.682505537529133e-05,0.009709819565602695,0.009709819565602695,0.009709819565602695,0.009709819565602695,0.009709819565602695,0.009709819565602695,0.009709819565602695
2016-12-08,0.00229857161266071,0.002911583609476831,0.0014347772885259901,-0.0011287180409174202,0.002911583609476831,0.002911583609476831,0.002911583609476831,0.002911583609476831,0.002911583609476831,0.002911583609476831,0.002911583609476831
2016-12-09,0.0020544310269832193,0.0024798662542568793,0.0019696841971567625,-0.0008388687341059464,0.0024798662542568793,0.0024798662542568793,0.0024798662542568793,0.0024798662542568793,0.0024798662542568793,0.0024798662542568793,0.0024798662542568793
2016-12-12,-0.0008228495175448868,-0.0011846782720796422,0.0003693673962578692,0.0005177348503956458,-0.0011846782720796422,-0.0011846782720796422,-0.0011846782720796422,-0.0011846782720796422,-0.0011846782720796422,-0.0011846782720796422,-0.0011846782720796422
2016-12-13,0.005144002754718302,0.005991862036576923,0.004012056345095727,0.00034093419133053305,0.005991862036576923,0.005991862036576923,0.005991862036576923,0.005991862036576923,0.005991862036576923,0.005991862036576923,0.005991862036576923
2016-12-14,-0.008021764083025684,-0.008746838805815605,-0.00674246597381285,-0.004225539132709089,-0.008746838805815605,-0.008746838805815605,-0.008746838805815605,-0.008746838805815605,-0.008746838805815605,-0.008746838805815605,-0.008746838805815605
2016-12-15,0.0028366646269522323,0.0028887215910749276,0.003260701655418863,0.002048228849626732,0.0028887215910749276,0.0028887215910749276,0.0028887215910749276,0.0028887215910749276,0.0028887215910749276,0.0028887215910749276,0.0028887215910749276
2016-12-16,-0.000920009169228781,-0.0012225923205383738,-0.0012225923205383738,0.0015006560412479607,-0.0012225923205383738,-0.0012225923205383738,-0.0012225923205383738,-0.0012225923205383738,-0.0012225923205383738,-0.0012225923205383738,-0.0012225923205383738
2016-12-19,0.00294854492575514,0.0029535959552486448,0.0029535959552486448,0.002908136689807106,0.0029535959552486448,0.0029535959552486448,0.0029535959552486448,0.0029535959552486448,0.0029535959552486448,0.0029535959552486448,0.0029535959552486448
2016-12-20,0.001964255545606376,0.0021078414180462413,0.0021078414180462413,0.0008155685660874545,0.0021078414180462413,0.0021078414180462413,0.0021078414180462413,0.0021078414180462413,0.0021078414180462413,0.0021078414180462413,0.0021078414180462413
2016-12-21,-0.001391673034753276,-0.0015011370051077999,-0.0015011370051077999,-0.0005159612719170869,-0.0015011370051077999,-0.0015011370051077999,-0.0015011370051077999,-0.0015011370051077999,-0.0015011370051077999,-0.0015011370051077999,-0.0015011370051077999
2016-12-22,-0.0015248814137418323,-0.001752610263950982,-0.001752610263950982,0.00029694938793136674,-0.001752610263950982,-0.001752610263950982,-0.001752610263950982,-0.001752610263950982,-0.001752610263950982,-0.001752610263950982,-0.001752610263950982
2016-12-23,0.0020868210367938488,0.002239753543520395,0.002239753543520395,0.0008633609829814759,0.002239753543520395,0.002239753543520395,0.002239753543520395,0.002239753543520395,0.002239753543520395,0.002239753543520395,0.002239753543520395
2016-12-27,0.0023086470979020684,0.002514322139922698,0.002514322139922698,0.0006632467617370353,0.002514322139922698,0.002514322139922698,0.002514322139922698,0.002514322139922698,0.002514322139922698,0.002514322139922698,0.002514322139922698
2016-12-28,-0.00530774727529175,-0.00594655236047067,-0.00594655236047067,-0.00019730659386040238,-0.00594655236047067,-0.00594655236047067,-0.00594655236047067,-0.00594655236047067,-0.00594655236047067,-0.00594655236047067,-0.00594655236047067
2016-12-29,0.0007251167456745378,0.0008157563388838552,0.0008157563388838552,0.0,0.0008157563388838552,0.0008157563388838552,0.0008157563388838552,0.0008157563388838552,0.0008157563388838552,0.0008157563388838552,0.0008157563388838552
2016-12-30,-0.0032902094188851073,-0.003701485596245746,-0.003701485596245746,0.0,-0.003701485596245746,-0.003701485596245746,-0.003701485596245746,-0.003701485596245746,-0.003701485596245746,-0.003701485596245746,-0.003701485596245746
2017-01-03,0.00735240297337428,0.008271453345046064,0.008271453345046064,0.0,0.008271453345046064,0.008271453345046064,0.008271453345046064,0.008271453345046064,0.008271453345046064,0.008271453345046064,0.008271453345046064
2017-01-04,0.005018529775481451,0.005645845997416632,0.005645845997416632,0.0,0.005645845997416632,0.005645845997416632,0.005645845997416632,0.005645845997416632,0.005645845997416632,0.005645845997416632,0.005645845997416632
2017-01-05,0.0014760753973775053,0.0016605848220496932,0.0016605848220496932,0.0,0.0016605848220496932,0.0016605848220496932,0.0016605848220496932,0.0016605848220496932,0.0016605848220496932,0.0016605848220496932,0.0016605848220496932
2017-01-06,0.0009285808700597562,0.0010446534788172257,0.0010446534788172257,0.0,0.0010446534788172257,0.0010446534788172257,0.0010446534788172257,0.0010446534788172257,0.0010446534788172257,0.0010446534788172257,0.0010446534788172257
2017-01-09,-0.0010085451844895647,-0.0011346133325507602,-0.0011346133325507602,0.0,-0.0011346133325507602,-0.0011346133325507602,-0.0011346133325507602,-0.0011346133325507602,-0.0011346133325507602,-0.0011346133325507602,-0.0011346133325507602
2017-01-10,0.0009179455372688495,0.0010326887294274556,0.0010326887294274556,0.0,0.0010326887294274556,0.0010326887294274556,0.0010326887294274556,0.0010326887294274556,0.0010326887294274556,0.0010326887294274556,0.0010326887294274556
2017-01-11,0.0026855198936388547,0.0030212098803437115,0.0030212098803437115,0.0,0.0030212098803437115,0.0030212098803437115,0.0030212098803437115,0.0030212098803437115,0.0030212098803437115,0.0030212098803437115,0.0030212098803437115
2017-01-12,-0.002427930431656458,-0.002731421735613515,-0.002731421735613515,0.0,-0.002731421735613515,-0.002731421735613515,-0.002731421735613515,-0.002731421735613515,-0.002731421735613515,-0.002731421735613515,-0.002731421735613515
2017-01-13,0.0015301466392394834,0.0017214149691444191,0.0017214149691444191,0.0,0.0017214149691444191,0.0017214149691444191,0.0017214149691444191,0.0017214149691444191,0.0017214149691444191,0.0017214149691444191,0.0017214149691444191
2017-01-17,-0.002211839809042202,-0.002488319785172477,-0.002488319785172477,0.0,-0.002488319785172477,-0.002488319785172477,-0.002488319785172477,-0.002488319785172477,-0.002488319785172477,-0.002488319785172477,-0.002488319785172477
2017-01-18,-0.0005528062987951054,-0.0007095338803775775,-8.519526512906772e-06,0.0,-0.0007095338803775775,-0.0007095338803775775,-0.0007095338803775775,-0.0007095338803775775,-0.0007095338803775775,-0.0007095338803775775,-0.0007095338803775775
2017-01-19,-0.003602988276565215,-0.004107173394930996,-0.0036766807245699586,0.0,-0.004107173394930996,-0.004107173394930996,-0.004107173394930996,-0.004107173394930996,-0.004107173394930996,-0.004107173394930996,-0.004107173394930996
2017-01-20,0.0024290217106184876,0.002732649424445799,0.002732649424445799,0.0,0.002732649424445799,0.002732649424445799,0.002732649424445799,0.002732649424445799,0.002732649424445799,0.002732649424445799,0.002732649424445799
2017-01-23,-0.0008757730893423934,-0.0009852447255101926,-0.0009852447255101926,0.0,-0.0009852447255101926,-0.0009852447255101926,-0.0009852447255101926,-0.0009852447255101926,-0.0009852447255101926,-0.0009852447255101926,-0.0009852447255101926
2017-01-24,0.004033298073198595,0.00453746033234842,0.00453746033234842,0.0,0.00453746033234842,0.00453746033234842,0.00453746033234842,0.00453746033234842,0.00453746033234842,0.00453746033234842,0.00453746033234842
2017-01-25,0.004999050355968353,0.005623931650464398,0.005623931650464398,0.0,0.005623931650464398,0.005623931650464398,0.005623931650464398,0.005623931650464398,0.005623931650464398,0.005623931650464398,0.005623931650464398
2017-01-26,-0.001386510620464746,-0.0015598244480228396,-0.0015598244480228396,0.0,-0.0015598244480228396,-0.0015598244480228396,-0.0015598244480228396,-0.0015598244480228396,-0.0015598244480228396,-0.0015598244480228396,-0.0015598244480228396
2017-01-27,8.819152600351524e-06,9.921546675395465e-06,9.921546675395465e-06,0.0,9.921546675395465e-06,9.921546675395465e-06,9.921546675395465e-06,9.921546675395465e-06,9.921546675395465e-06,9.921546675395465e-06,9.921546675395465e-06
2017-01-30,-0.0064235124090880925,-0.007226451460224104,-0.007226451460224104,0.0,-0.007226451460224104,-0.007226451460224104,-0.007226451460224104,-0.007226451460224104,-0.007226451460224104,-0.007226451460224104,-0.007226451460224104
2017-01-31,0.002280725276551612,0.0025658159361205634,0.0025658159361205634,0.0,0.0025658159361205634,0.0025658159361205634,0.0025658159361205634,0.0025658159361205634,0.0025658159361205634,0.0025658159361205634,0.0025658159361205634
2017-02-01,0.0007977653165805441,0.0008974859811531122,0.0008974859811531122,0.0,0.0008974859811531122,0.0008974859811531122,0.0008974859811531122,0.0008974859811531122,0.0008974859811531122,0.0008974859811531122,0.0008974859811531122
2017-02-02,0.00016437370681706575,0.00018492042016919895,0.00018492042016919895,0.0,0.00018492042016919895,0.00018492042016919895,0.00018492042016919895,0.00018492042016919895,0.00018492042016919895,0.00018492042016919895,0.00018492042016919895
2017-02-03,0.006739916679021481,0.007582406263899166,0.007582406263899166,0.0,0.007582406263899166,0.007582406263899166,0.007582406263899166,0.007582406263899166,0.007582406263899166,0.007582406263899166,0.007582406263899166
2017-02-06,-3.741451568607267e-05,-4.209133014683175e-05,-4.209133014683175e-05,0.0,-4.209133014683175e-05,-4.209133014683175e-05,-4.209133014683175e-05,-4.209133014683175e-05,-4.209133014683175e-05,-4.209133014683175e-05,-4.209133014683175e-05
2017-02-07,-0.0005047835623355646,-0.0005678815076275101,-0.0005678815076275101,0.0,-0.0005678815076275101,-0.0005678815076275101,-0.0005678815076275101,-0.0005678815076275101,-0.0005678815076275101,-0.0005678815076275101,-0.0005678815076275101
2017-02-08,0.0014638850432747927,0.001646870673684142,0.001646870673684142,0.0,0.001646870673684142,0.001646870673684142,0.001646870673684142,0.001646870673684142,0.001646870673684142,0.001646870673684142,0.001646870673684142
2017-02-09,0.0037553482361825288,0.004224766765705346,0.004224766765705346,0.0,0.004224766765705346,0.004224766765705346,0.004224766765705346,0.004224766765705346,0.004224766765705346,0.004224766765705346,0.004224766765705346
2017-02-10,0.003321663182370374,0.0037368710801666703,0.0037368710801666703,0.0,0.0037368710801666703,0.0037368710801666703,0.0037368710801666703,0.0037368710801666703,0.0037368710801666703,0.0037368710801666703,0.0037368710801666703
2017-02-13,0.003095673861307062,0.003482633093970444,0.003482633093970444,0.0,0.003482633093970444,0.003482633093970444,0.003482633093970444,0.003482633093970444,0.003482633093970444,0.003482633093970444,0.003482633093970444
2017-02-14,0.0031472094738111815,0.0035406106580375797,0.0035406106580375797,0.0,0.0035406106580375797,0.0035406106580375797,0.0035406106580375797,0.0035406106580375797,0.0035406106580375797,0.0035406106580375797,0.0035406106580375797
2017-02-15,0.0036318628851536006,0.0040858457457978005,0.0040858457457978005,0.0,0.0040858457457978005,0.0040858457457978005,0.0040858457457978005,0.0040858457457978005,0.0040858457457978005,0.0040858457457978005,0.0040858457457978005
2017-02-16,-0.0005675485800138041,-0.0007762678085919239,-0.0007762678085919239,0.0,-0.0007762678085919239,0.0003259374400192305,-0.0007762678085919239,-0.0007762678085919239,-0.0007762678085919239,-0.0007762678085919239,-0.0007762678085919239
2017-02-17,0.00018176482021595964,0.0007323752784925142,0.0007323752784925142,0.0,0.0007323752784925142,0.0,0.0007323752784925142,0.0007323752784925142,-0.002758368289011448,0.0007323752784925142,0.0007323752784925142
2017-02-21,0.0035314729802457204,0.004471625793245537,0.004471625793245537,0.0,0.004471625793245537,0.0024767510313691288,0.004471625793245537,0.004471625793245537,0.0024767510313691288,0.004471625793245537,0.004471625793245537
2017-02-22,-0.0013136448627056553,-0.0014778504705438623,-0.0014778504705438623,0.0,-0.0014778504705438623,-0.0014778504705438623,-0.0014778504705438623,-0.0014778504705438623,-0.0014778504705438623,-0.0014778504705438623,-0.0014778504705438623
2017-02-23,0.0014052247632352355,0.00158087785863964,0.00158087785863964,0.0,0.00158087785863964,0.00158087785863964,0.00158087785863964,0.00158087785863964,0.00158087785863964,0.00158087785863964,0.00158087785863964
2017-02-24,-0.00017456706294280487,0.0010547858082522899,0.0010547858082522899,0.0,0.0010547858082522899,-0.0039499092079994915,0.0010547858082522899,0.0010547858082522899,-0.0039499092079994915,0.0010547858082522899,0.0010547858082522899
2017-02-27,0.0014448488518224482,0.0021672732777336724,0.0021672732777336724,0.0,0.0021672732777336724,0.0,0.0021672732777336724,0.0021672732777336724,0.0,0.0021672732777336724,0.0021672732777336724
2017-02-28,-0.001885160595335389,-0.0028277408930030834,-0.0028277408930030834,0.0,-0.0028277408930030834,0.0,-0.0028277408930030834,-0.0028277408930030834,0.0,-0.0028277408930030834,-0.0028277408930030834
2017-03-01,0.007488684915954187,0.011233027373931281,0.011233027373931281,0.0,0.011233027373931281,0.0,0.011233027373931281,0.011233027373931281,0.0,0.011233027373931281,0.011233027373931281
2017-03-02,-0.0050694654727396924,-0.00788639278314418,-0.006193225338936325,0.0,-0.00788639278314418,0.0,-0.00788639278314418,-0.00788639278314418,0.0,-0.00788639278314418,-0.00788639278314418
2017-03-03,0.0008602707926424246,0.0013122434117912695,0.001181220074825473,0.0,0.0013122434117912695,0.0,0.0013122434117912695,0.0013122434117912695,0.0,0.0013122434117912695,0.0013122434117912695
2017-03-06,-0.0024210607431432033,-0.003631591114714805,-0.003631591114714805,0.0,-0.003631591114714805,0.0,-0.003631591114714805,-0.003631591114714805,0.0,-0.003631591114714805,-0.003631591114714805
2017-03-07,-0.002832219079506556,-0.0042483286192598335,-0.0042483286192598335,0.0,-0.0042483286192598335,0.0,-0.0042483286192598335,-0.0042483286192598335,0.0,-0.0042483286192598335,-0.0042483286192598335
2017-03-08,-0.0027627570361467607,-0.0041441355542201404,-0.0041441355542201404,0.0,-0.0041441355542201404,0.0,-0.0041441355542201404,-0.0041441355542201404,0.0,-0.0041441355542201404,-0.0041441355542201404
2017-03-09,4.938099127795858e-05,7.407148691693788e-05,7.407148691693788e-05,0.0,7.407148691693788e-05,0.0,7.407148691693788e-05,7.407148691693788e-05,0.0,7.407148691693788e-05,7.407148691693788e-05
2017-03-10,0.0018021682556952799,0.0027032523835429203,0.0027032523835429203,0.0,0.0027032523835429203,0.0,0.0027032523835429203,0.0027032523835429203,0.0,0.0027032523835429203,0.0027032523835429203
2017-03-13,7.138717947833644e-06,1.0708076921750465e-05,1.0708076921750465e-05,0.0,1.0708076921750465e-05,0.0,1.0708076921750465e-05,1.0708076921750465e-05,0.0,1.0708076921750465e-05,1.0708076921750465e-05
2017-03-14,-0.0022388954165072656,-0.0033583431247608984,-0.0033583431247608984,0.0,-0.0033583431247608984,0.0,-0.0033583431247608984,-0.0033583431247608984,0.0,-0.0033583431247608984,-0.0033583431247608984
2017-03-15,0.007076682562120972,0.01061502384318146,0.01061502384318146,0.0,0.01061502384318146,0.0,0.01061502384318146,0.01061502384318146,0.0,0.01061502384318146,0.01061502384318146
2017-03-16,-0.0011661530825247382,-0.0017492296237871074,-0.0017492296237871074,0.0,-0.0017492296237871074,0.0,-0.0017492296237871074,-0.0017492296237871074,0.0,-0.0017492296237871074,-0.0017492296237871074
2017-03-17,-0.0002874219431432549,-0.0004311329147148824,-0.0004311329147148824,0.0,-0.0004311329147148824,0.0,-0.0004311329147148824,-0.0004311329147148824,0.0,-0.0004311329147148824,-0.0004311329147148824
2017-03-20,-0.000410208101845555,-0.0006153121527683325,-0.0006153121527683325,0.0,-0.0006153121527683325,0.0,-0.0006153121527683325,-0.0006153121527683325,0.0,-0.0006153121527683325,-0.0006153121527683325
2017-03-21,-0.0072319538351827955,-0.010847930752774192,-0.010847930752774192,0.0,-0.010847930752774192,0.0,-0.010847930752774192,-0.010847930752774192,0.0,-0.010847930752774192,-0.010847930752774192
2017-03-22,0.0012709194084190875,0.0019063791126286312,0.0019063791126286312,0.0,0.0019063791126286312,0.0,0.0019063791126286312,0.0019063791126286312,0.0,0.0019063791126286312,0.0019063791126286312
2017-03-23,-0.000577990546034061,-0.0008669858190510915,-0.0008669858190510915,0.0,-0.0008669858190510915,0.0,-0.0008669858190510915,-0.0008669858190510915,0.0,-0.0008669858190510915,-0.0008669858190510915
2017-03-24,4.165468946882485e-05,6.248203420323728e-05,6.248203420323728e-05,0.0,6.248203420323728e-05,0.0,6.248203420323728e-05,6.248203420323728e-05,0.0,6.248203420323728e-05,6.248203420323728e-05
2017-03-27,0.00028663373085436504,0.00042995059628154754,0.00042995059628154754,0.0,0.00042995059628154754,0.0,0.00042995059628154754,0.00042995059628154754,0.0,0.00042995059628154754,0.00042995059628154754
2017-03-28,0.0035696474672669487,0.0053544712009004234,0.0053544712009004234,0.0,0.0053544712009004234,0.0,0.0053544712009004234,0.0053544712009004234,0.0,0.0053544712009004234,0.0053544712009004234
2017-03-29,0.0016307845099877778,0.002446176764981667,0.002446176764981667,0.0,0.002446176764981667,0.0,0.002446176764981667,0.002446176764981667,0.0,0.002446176764981667,0.002446176764981667
2017-03-30,0.0010083083458882832,0.0015124625188324247,0.0015124625188324247,0.0,0.0015124625188324247,0.0,0.0015124625188324247,0.0015124625188324247,0.0,0.0015124625188324247,0.0015124625188324247
2017-03-31,-0.0010566933342678773,-0.0015850400014018162,-0.0015850400014018162,0.0,-0.0015850400014018162,0.0,-0.0015850400014018162,-0.0015850400014018162,0.0,-0.0015850400014018162,-0.0015850400014018162
2017-04-03,-0.00012585273578746836,-0.00018877910368120254,-0.00018877910368120254,0.0,-0.00018877910368120254,0.0,-0.00018877910368120254,-0.00018877910368120254,0.0,-0.00018877910368120254,-0.00018877910368120254
2017-04-04,0.0004053988762511655,0.0006080983143767482,0.0006080983143767482,0.0,0.0006080983143767482,0.0,0.0006080983143767482,0.0006080983143767482,0.0,0.0006080983143767482,0.0006080983143767482
2017-04-05,-0.0023448763003283803,-0.00351731445049257,-0.00351731445049257,0.0,-0.00351731445049257,0.0,-0.00351731445049257,-0.00351731445049257,0.0,-0.00351731445049257,-0.00351731445049257
2017-04-06,0.0016488661363321352,0.0024732992044982026,0.0024732992044982026,0.0,0.0024732992044982026,0.0,0.0024732992044982026,0.0024732992044982026,0.0,0.0024732992044982026,0.0024732992044982026
2017-04-07,-0.0007263977063686645,-0.0010895965595529966,-0.0010895965595529966,0.0,-0.0010895965595529966,0.0,-0.0010895965595529966,-0.0010895965595529966,0.0,-0.0010895965595529966,-0.0010895965595529966
2017-04-10,0.0006060251747944297,0.0009090377621916446,0.0009090377621916446,0.0,0.0009090377621916446,0.0,0.0009090377621916446,0.0009090377621916446,0.0,0.0009090377621916446,0.0009090377621916446
2017-04-11,0.0012101134334086586,0.001815170150112988,0.001815170150112988,0.0,0.001815170150112988,0.0,0.001815170150112988,0.001815170150112988,0.0,0.001815170150112988,0.001815170150112988
2017-04-12,-0.0016865615152335473,-0.00286432008681583,-0.00286432008681583,0.0,-0.00286432008681583,0.0,-0.00286432008681583,-0.00286432008681583,0.0,-0.0008574532030227733,-0.00286432008681583
2017-04-13,-0.0031377835658414712,-0.0056480104185146485,-0.0056480104185146485,0.0,-0.0056480104185146485,0.0,-0.0056480104185146485,-0.0056480104185146485,0.0,0.0,-0.0056480104185146485
2017-04-17,0.003562379058995276,0.006412282306191497,0.006412282306191497,0.0,0.006412282306191497,0.0,0.006412282306191497,0.006412282306191497,0.0,0.0,0.006412282306191497
2017-04-18,-0.0012016782498780736,-0.0021643783453084374,-0.0021643783453084374,0.0,-0.0021643783453084374,0.0,-0.0021643783453084374,-0.0021643783453084374,0.0,6.7874776395249196e-06,-0.0021643783453084374
2017-04-19,-0.0016976034673455802,-0.003256212204081943,-0.003256212204081943,0.0,-0.003256212204081943,0.0,-0.003256212204081943,-0.003256212204081943,0.0,0.0010026298142994938,-0.003256212204081943
2017-04-20,0.004082796286213207,0.007349033315183773,0.007349033315183773,0.0,0.007349033315183773,0.0,0.007349033315183773,0.007349033315183773,0.0,0.0,0.007349033315183773
2017-04-21,-0.001519383510152202,-0.002734890318273964,-0.002734890318273964,0.0,-0.002734890318273964,0.0,-0.002734890318273964,-0.002734890318273964,0.0,0.0,-0.002734890318273964
2017-04-24,0.004682988236813759,0.008429378826264766,0.008429378826264766,0.0,0.008429378826264766,0.0,0.008429378826264766,0.008429378826264766,0.0,0.0,0.008429378826264766
2017-04-25,0.0021891011750172274,0.003857085332606902,0.003857085332606902,0.0,0.003857085332606902,0.0,0.003857085332606902,0.003857085332606902,0.0,0.0004164839121205355,0.003857085332606902
2017-04-26,0.0008477248984369856,0.0012715873476554784,0.0012715873476554784,0.0,0.0012715873476554784,0.0,0.0012715873476554784,0.0012715873476554784,0.0,0.0012715873476554784,0.0012715873476554784
2017-04-27,-0.00042757755926875105,-0.0006413663389031266,-0.0006413663389031266,0.0,-0.0006413663389031266,0.0,-0.0006413663389031266,-0.0006413663389031266,0.0,-0.0006413663389031266,-0.0006413663389031266
2017-04-28,-0.000963264930602333,-0.0014448973959034993,-0.0014448973959034993,0.0,-0.0014448973959034993,0.0,-0.0014448973959034993,-0.0014448973959034993,0.0,-0.0014448973959034993,-0.0014448973959034993
2017-05-01,0.0007883810596137433,0.0012349834589745813,0.0012349834589745813,0.0,0.0012349834589745813,0.0,0.0012349834589745813,0.0012349834589745813,0.0,0.0012349834589745813,0.0009205122416507839
2017-05-02,8.94016875351659e-05,0.00016092303756329863,0.00016092303756329863,0.0,0.00016092303756329863,0.0,0.00016092303756329863,0.00016092303756329863,0.0,0.00016092303756329863,0.0
2017-05-03,-0.0010726208635684137,-0.0019307175544231447,-0.0019307175544231447,0.0,-0.0019307175544231447,0.0,-0.0019307175544231447,-0.0019307175544231447,0.0,-0.0019307175544231447,0.0
2017-05-04,-0.0014329281753908377,-0.0025792707157035076,-0.0025792707157035076,0.0,-0.0025792707157035076,0.0,-0.0025792707157035076,-0.0025792707157035076,0.0,-0.0025792707157035076,0.0
2017-05-05,0.0020495153191655907,0.003689127574498063,0.003689127574498063,0.0,0.003689127574498063,0.0,0.003689127574498063,0.003689127574498063,0.0,0.003689127574498063,0.0
2017-05-08,-0.00025750500424574313,-0.0004635090076423376,-0.0004635090076423376,0.0,-0.0004635090076423376,0.0,-0.0004635090076423376,-0.0004635090076423376,0.0,-0.0004635090076423376,0.0
2017-05-09,-0.000830871382216769,-0.0014955684879901844,-0.0014955684879901844,0.0,-0.0014955684879901844,0.0,-0.0014955684879901844,-0.0014955684879901844,0.0,-0.0014955684879901844,0.0
2017-05-10,0.0013429469334254348,0.002417304480165783,0.002417304480165783,0.0,0.002417304480165783,0.0,0.002417304480165783,0.002417304480165783,0.0,0.002417304480165783,0.0
2017-05-11,-0.0008822761795136166,-0.00158809712312451,-0.00158809712312451,0.0,-0.00158809712312451,0.0,-0.00158809712312451,-0.00158809712312451,0.0,-0.00158809712312451,0.0
2017-05-12,-0.00013459589608699133,-0.00024227261295658442,-0.00024227261295658442,0.0,-0.00024227261295658442,0.0,-0.00024227261295658442,-0.00024227261295658442,0.0,-0.00024227261295658442,0.0
2017-05-15,0.002687049266945913,0.004836688680502643,0.004836688680502643,0.0,0.004836688680502643,0.0,0.004836688680502643,0.004836688680502643,0.0,0.004836688680502643,0.0
2017-05-16,0.000587725624857686,0.0010579061247438348,0.0010579061247438348,0.0,0.0010579061247438348,0.0,0.0010579061247438348,0.0010579061247438348,0.0,0.0010579061247438348,0.0
2017-05-17,-0.00753904614678506,-0.013570283064213106,-0.013570283064213106,0.0,-0.013570283064213106,0.0,-0.013570283064213106,-0.013570283064213106,0.0,-0.013570283064213106,0.0
2017-05-18,0.0005107214704640818,0.002563070020154179,0.002563070020154179,0.0,0.002563070020154179,0.0,-0.0015463584131429008,0.002563070020154179,0.0,-0.0015463584131429008,0.0
2017-05-19,0.001977788660530563,0.005933365981591688,0.005933365981591688,0.0,0.005933365981591688,0.0,0.0,0.005933365981591688,0.0,0.0,0.0
2017-05-22,0.0013541194511103522,0.003692744694403216,0.003692744694403216,0.0,0.003692744694403216,0.0,0.0011088409767835206,0.003692744694403216,0.0,0.0,0.0
2017-05-23,0.000482495752919047,0.0010856154440678557,0.0010856154440678557,0.0,0.0010856154440678557,0.0,0.0010856154440678557,0.0010856154440678557,0.0,0.0,0.0
2017-05-24,0.0009529010637926018,0.002144027393533354,0.002144027393533354,0.0,0.002144027393533354,0.0,0.002144027393533354,0.002144027393533354,0.0,0.0,0.0
2017-05-25,0.0005440786539194035,0.0012241769713186579,0.0012241769713186579,0.0,0.0012241769713186579,0.0,0.0012241769713186579,0.0012241769713186579,0.0,0.0,0.0
2017-05-26,0.00034138460885183697,0.0010519359455176125,0.0010519359455176125,0.0,0.0010519359455176125,0.0,-8.334635688630465e-05,0.0010519359455176125,0.0,0.0,0.0
2017-05-30,-0.0008382419517893907,-0.002514725855368172,-0.002514725855368172,0.0,-0.002514725855368172,0.0,0.0,-0.002514725855368172,0.0,0.0,0.0
2017-05-31,-0.00021847957498769558,-0.0006554387249630867,-0.0006554387249630867,0.0,-0.0006554387249630867,0.0,0.0,-0.0006554387249630867,0.0,0.0,0.0
2017-06-01,0.0023664593883829205,0.007099378165148762,0.007099378165148762,0.0,0.007099378165148762,0.0,0.0,0.007099378165148762,0.0,0.0,0.0
2017-06-02,0.0014387972022547307,0.004316391606764192,0.004316391606764192,0.0,0.004316391606764192,0.0,0.0,0.004316391606764192,0.0,0.0,0.0
2017-06-05,-0.0003681244920122118,-0.0011043734760366353,-0.0011043734760366353,0.0,-0.0011043734760366353,0.0,0.0,-0.0011043734760366353,0.0,0.0,0.0
2017-06-06,0.0003150250278823097,0.0009450750836469291,0.0009450750836469291,0.0,0.0009450750836469291,0.0,0.0,0.0009450750836469291,0.0,0.0,0.0
2017-06-07,-7.400174768069275e-05,-0.00022200524304207824,-0.00022200524304207824,0.0,-0.00022200524304207824,0.0,0.0,-0.00022200524304207824,0.0,0.0,0.0
2017-06-08,0.0004882817366615593,0.0014648452099846776,0.0014648452099846776,0.0,0.0014648452099846776,0.0,0.0,0.0014648452099846776,0.0,0.0,0.0
2017-06-09,-0.00010694196521781421,-0.00032082589565344264,-0.00032082589565344264,0.0,-0.00032082589565344264,0.0,0.0,-0.00032082589565344264,0.0,0.0,0.0
2017-06-12,-0.00027723319330035613,-0.0008316995799010684,-0.0008316995799010684,0.0,-0.0008316995799010684,0.0,0.0,-0.0008316995799010684,0.0,0.0,0.0
2017-06-13,0.0015296356740643966,0.00458890702219319,0.00458890702219319,0.0,0.00458890702219319,0.0,0.0,0.00458890702219319,0.0,0.0,0.0
2017-06-14,-0.0005292547032422879,-0.0015877641097268636,-0.0015877641097268636,0.0,-0.0015877641097268636,0.0,0.0,-0.0015877641097268636,0.0,0.0,0.0
2017-06-15,-0.0011685632265970264,-0.0035056896797910795,-0.0035056896797910795,0.0,-0.0035056896797910795,0.0,0.0,-0.0035056896797910795,0.0,0.0,0.0
2017-06-16,0.00040363380707255275,0.0012109014212176583,0.0012109014212176583,0.0,0.0012109014212176583,0.0,0.0,0.0012109014212176583,0.0,0.0,0.0
2017-06-19,0.00196690566452552,0.00590071699357656,0.00590071699357656,0.0,0.00590071699357656,0.0,0.0,0.00590071699357656,0.0,0.0,0.0
2017-06-20,-0.0015432059427929173,-0.004629617828378752,-0.004629617828378752,0.0,-0.004629617828378752,0.0,0.0,-0.004629617828378752,0.0,0.0,0.0
2017-06-21,0.00011998531395074341,0.00035995594185223023,0.00035995594185223023,0.0,0.00035995594185223023,0.0,0.0,0.00035995594185223023,0.0,0.0,0.0
2017-06-22,0.0003935596332939051,0.0011806788998817153,0.0011806788998817153,0.0,0.0011806788998817153,0.0,0.0,0.0011806788998817153,0.0,0.0,0.0
2017-06-23,0.0007760016920666709,0.0023280050762000126,0.0023280050762000126,0.0,0.0023280050762000126,0.0,0.0,0.0023280050762000126,0.0,0.0,0.0
2017-06-26,-0.0003486589931774975,-0.0010459769795324926,-0.0010459769795324926,0.0,-0.0010459769795324926,0.0,0.0,-0.0010459769795324926,0.0,0.0,0.0
2017-06-27,-0.0022776662393048427,-0.006832998717914529,-0.006832998717914529,0.0,-0.006832998717914529,0.0,0.0,-0.006832998717914529,0.0,0.0,0.0
2017-06-28,0.0027089681679643277,0.008126904503892984,0.008126904503892984,0.0,0.008126904503892984,0.0,0.0,0.008126904503892984,0.0,0.0,0.0
2017-06-29,-0.002362364247089973,-0.007087092741269918,-0.007087092741269918,0.0,-0.007087092741269918,0.0,0.0,-0.007087092741269918,0.0,0.0,0.0
2017-06-30,5.447363917806165e-06,1.6342091753418496e-05,1.6342091753418496e-05,0.0,1.6342091753418496e-05,0.0,0.0,1.6342091753418496e-05,0.0,0.0,0.0
2017-07-03,-2.9024930446022443e-05,0.0014493812142422845,0.0014493812142422845,-0.003480249305740113,0.0014493812142422845,0.0,-0.0011291187110009427,0.0014493812142422845,0.0,0.0,0.0
2017-07-05,0.0007759424201159913,0.0010132322347073063,0.0010132322347073063,0.0029305528422146955,0.0010132322347073063,0.0,0.0010132322347073063,0.0010132322347073063,0.0,0.0,0.0
2017-07-06,-0.004493795594437837,-0.008732870279105676,-0.008732870279105676,-0.005512679233517825,-0.008732870279105676,0.0,-0.008732870279105676,-0.008732870279105676,0.0,0.0,0.0
2017-07-07,0.0018821866223824968,0.003696564248623546,0.003696564248623546,0.0021534226069482854,0.003696564248623546,0.0,0.003696564248623546,0.003696564248623546,0.0,0.0,0.0
2017-07-10,0.0005881667683403837,0.0013560644852675385,0.0013560644852675385,-0.00013075702600670036,0.0013560644852675385,0.0,0.0013560644852675385,0.0013560644852675385,0.0,0.0,0.0
2017-07-11,0.0003588084102819103,0.000564707147658583,0.000564707147658583,0.0009704471019028604,0.000564707147658583,0.0,0.000564707147658583,0.000564707147658583,0.0,0.0,0.0
2017-07-12,0.003522071621168293,0.006918801420268994,0.006918801420268994,0.004023438909438659,0.006918801420268994,0.0,0.006918801420268994,0.006918801420268994,0.0,0.0,0.0
2017-07-13,0.0004725321799820399,0.001057888468135304,0.001057888468135304,2.1235747297143616e-05,0.001057888468135304,0.0,0.001057888468135304,0.001057888468135304,0.0,0.0,0.0
2017-07-14,0.00231582136552313,0.004462592488047967,0.004462592488047967,-0.002238598359696198,0.004462592488047967,0.002615310348606248,0.004462592488047967,0.004462592488047967,0.002615310348606248,0.0,0.0
2017-07-17,0.0001999229328415379,0.00018457580558248755,0.00018457580558248755,0.0006918515620789156,0.00018457580558248755,0.00018457580558248755,0.00018457580558248755,0.00018457580558248755,0.00018457580558248755,0.0,0.0
2017-07-18,0.0011877588625637285,0.0016893446061621575,0.0016893446061621575,0.0005537621261006098,0.0016893446061621575,0.0016893446061621575,0.0016893446061621575,0.0016893446061621575,0.0016893446061621575,0.0,0.0
2017-07-19,0.0035936816182868814,0.0052482226825465664,0.0052482226825465664,0.0008537984693025358,0.0052482226825465664,0.0052482226825465664,0.0052482226825465664,0.0052482226825465664,0.0052482226825465664,0.0,0.0
2017-07-20,0.0007719591413143947,0.0011336874222020454,0.0011336874222020454,0.00014550773861727874,0.0011336874222020454,0.0011336874222020454,0.0011336874222020454,0.0011336874222020454,0.0011336874222020454,0.0,0.0
2017-07-21,-0.0004772079438878437,-0.0007158119158317655,-0.0007158119158317655,0.0,-0.0007158119158317655,-0.0007158119158317655,-0.0007158119158317655,-0.0007158119158317655,-0.0007158119158317655,0.0,0.0
2017-07-24,0.000374346226027226,0.0004876001152138487,0.0004876001152138487,0.00044351534296194206,0.0004876001152138487,0.0004876001152138487,0.0004876001152138487,0.0004876001152138487,0.0004876001152138487,0.0,0.0
2017-07-25,0.000936760695618904,0.0012262285653049543,0.0012262285653049543,0.0010734748687404095,0.0012262285653049543,0.0012262285653049543,0.0012262285653049543,0.0012262285653049543,0.0012262285653049543,0.0,0.0
2017-07-26,0.000560264318291923,0.0006624171977480886,0.0006624171977480886,0.0010678756781387743,0.0006624171977480886,0.0006624171977480886,0.0006624171977480886,0.0006624171977480886,0.0006624171977480886,0.0,0.0
2017-07-27,-0.0015684108881493335,-0.0021140698455324623,-0.0021140698455324623,-0.001431278920149226,-0.0021140698455324623,-0.0021140698455324623,-0.0021140698455324623,-0.0021140698455324623,-0.0021140698455324623,0.0,0.0
2017-07-28,0.0010507604010818084,0.0012923794159233949,0.0012923794159233949,0.0017025671141959076,0.0012923794159233949,0.0012923794159233949,0.0012923794159233949,0.0012923794159233949,0.0012923794159233949,0.0,0.0
2017-07-31,-1.9962767127375738e-05,5.8226939746441886e-05,5.8226939746441886e-05,-0.000529026542625033,5.8226939746441886e-05,5.8226939746441886e-05,5.8226939746441886e-05,5.8226939746441886e-05,5.8226939746441886e-05,0.0,0.0
2017-08-01,0.0017481111572671651,0.0025541545587666526,0.0025541545587666526,0.0010260624329141653,0.0025541545587666526,0.0019361651886570575,0.0025541545587666526,0.0025541545587666526,0.0025541545587666526,0.0,0.0
2017-08-02,-0.0008613057263524436,-0.0008514633105232927,-0.0008514633105232927,-0.0007582781078977141,-0.0008514633105232927,-0.0027361568766578136,-0.0008514633105232927,-0.0008514633105232927,-0.0008514633105232927,0.0,0.0
2017-08-03,-0.001110180038085368,-0.001631972862281539,-0.001631972862281539,-0.00019978316907908188,-0.001631972862281539,-0.001631972862281539,-0.001631972862281539,-0.001631972862281539,-0.001631972862281539,0.0,0.0
2017-08-04,0.00032857836617664364,0.0004492933395301102,0.0004492933395301102,0.000261445258409132,0.0004492933395301102,0.0004492933395301102,0.0004492933395301102,0.0004492933395301102,0.0004492933395301102,0.0,0.0
2017-08-07,0.0007136728942942878,0.001007521109264131,0.001007521109264131,0.0003779293930638028,0.001007521109264131,0.001007521109264131,0.001007521109264131,0.001007521109264131,0.001007521109264131,0.0,0.0
2017-08-08,-0.0014068481312350526,-0.0019806244883724066,-0.0019806244883724066,-0.0007778862508810325,-0.0019806244883724066,-0.0019806244883724066,-0.0019806244883724066,-0.0019806244883724066,-0.0019806244883724066,0.0,0.0
2017-08-09,0.0006020889539112555,0.0008232608479558535,0.0008232608479558535,0.0004792354974661794,0.0008232608479558535,0.0008232608479558535,0.0008232608479558535,0.0008232608479558535,0.0008232608479558535,0.0,0.0
2017-08-10,-0.008093727897454585,-0.010695664790365433,-0.010695664790365433,-0.008669562334898661,-0.010695664790365433,-0.010695664790365433,-0.010695664790365433,-0.010695664790365433,-0.010695664790365433,0.0,0.0
2017-08-11,0.001053597469796709,0.0015339767893700618,0.0015339767893700618,0.0002785164919500094,0.0015339767893700618,0.0015339767893700618,0.0015339767893700618,0.0015339767893700618,0.0015339767893700618,0.0,0.0
2017-08-14,0.004949545565555845,0.0064996625130195555,0.0064996625130195555,0.005547935011885274,0.0064996625130195555,0.0064996625130195555,0.0064996625130195555,0.0064996625130195555,0.0064996625130195555,0.0,0.0
2017-08-15,-0.0012361891475603183,-0.0020131175320557636,-0.0020131175320557636,0.0009530028642917188,-0.0020131175320557636,-0.0020131175320557636,-0.0020131175320557636,-0.0020131175320557636,-0.0020131175320557636,0.0,0.0
2017-08-16,0.0005810983849572879,0.0010317234588780532,0.0010317234588780532,-0.0009604552886527285,0.0010317234588780532,0.0010317234588780532,0.0010317234588780532,0.0010317234588780532,0.0010317234588780532,0.0,0.0
2017-08-17,-0.00796802436968586,-0.011716211427160783,-0.011716211427160783,-0.001414950764208045,-0.011716211427160783,-0.011716211427160783,-0.011716211427160783,-0.011716211427160783,-0.011716211427160783,0.0,0.0
2017-08-18,-0.0004662886941355884,-0.0007827498036727665,-0.0007827498036727665,0.0004999005748163032,-0.0007827498036727665,-0.0007827498036727665,-0.0007827498036727665,-0.0007827498036727665,-0.0007827498036727665,0.0,0.0
2017-08-21,8.81855623912532e-05,0.00021785581876535565,0.00021785581876535565,-0.000513464851070855,0.00021785581876535565,0.00021785581876535565,0.00021785581876535565,0.00021785581876535565,0.00021785581876535565,0.0,0.0
2017-08-22,0.005528073549392876,0.00818190121244966,0.00818190121244966,0.0006612546698379296,0.00818190121244966,0.00818190121244966,0.00818190121244966,0.00818190121244966,0.00818190121244966,0.0,0.0
2017-08-23,-0.0006584109111856806,-0.001059723036539617,-0.001059723036539617,0.00043264001856657686,-0.001059723036539617,-0.001059723036539617,-0.001059723036539617,-0.001059723036539617,-0.001059723036539617,0.0,0.0
2017-08-24,-0.0005428630848458176,-0.000747488892973125,-0.000747488892973125,-0.0004008344057736091,-0.000747488892973125,-0.000747488892973125,-0.000747488892973125,-0.000747488892973125,-0.000747488892973125,0.0,0.0
2017-08-25,0.0013164558636713582,0.0019746837955070375,0.0019746837955070375,0.0,0.0019746837955070375,0.0019746837955070375,0.0019746837955070375,0.0019746837955070375,0.0019746837955070375,0.0,0.0
2017-08-28,0.001234118092591374,0.0018511771388870612,0.0018511771388870612,0.0,0.0018511771388870612,0.0018511771388870612,0.0018511771388870612,0.0018511771388870612,0.0018511771388870612,0.0,0.0
2017-08-29,0.0007351097950316114,0.0011026646925474171,0.0011026646925474171,0.0,0.0011026646925474171,0.0011026646925474171,0.0011026646925474171,0.0011026646925474171,0.0011026646925474171,0.0,0.0
2017-08-30,0.002705841851400511,0.004058762777100766,0.004058762777100766,0.0,0.004058762777100766,0.004058762777100766,0.004058762777100766,0.004058762777100766,0.004058762777100766,0.0,0.0
2017-08-31,0.00486511032987833,0.007297665494817496,0.007297665494817496,0.0,0.007297665494817496,0.007297665494817496,0.007297665494817496,0.007297665494817496,0.007297665494817496,0.0,0.0
2017-09-01,0.0008476171607986045,0.001271425741197907,0.001271425741197907,0.0,0.001271425741197907,0.001271425741197907,0.001271425741197907,0.001271425741197907,0.001271425741197907,0.0,0.0
2017-09-05,-0.0025384104990534046,-0.0038076157485801066,-0.0038076157485801066,0.0,-0.0038076157485801066,-0.0038076157485801066,-0.0038076157485801066,-0.0038076157485801066,-0.0038076157485801066,0.0,0.0
2017-09-06,0.001625989808130505,0.0024389847121957576,0.0024389847121957576,0.0,0.0024389847121957576,0.0024389847121957576,0.0024389847121957576,0.0024389847121957576,0.0024389847121957576,0.0,0.0
2017-09-07,0.0012521945033380443,0.0018782917550070667,0.0018782917550070667,0.0,0.0018782917550070667,0.0018782917550070667,0.0018782917550070667,0.0018782917550070667,0.0018782917550070667,0.0,0.0
2017-09-08,-0.0011299903004308312,-0.0016949854506462469,-0.0016949854506462469,0.0,-0.0016949854506462469,-0.0016949854506462469,-0.0016949854506462469,-0.0016949854506462469,-0.0016949854506462469,0.0,0.0
2017-09-11,0.004094881999729728,0.0067144350991735656,0.0067144350991735656,0.0,0.0067144350991735656,0.0032817625016997145,0.0067144350991735656,0.0067144350991735656,0.0067144350991735656,0.0,0.0
2017-09-12,0.002116643176627137,0.0035072501212678577,0.0035072501212678577,0.0,0.0035072501212678577,0.0015135379833049467,0.0035072501212678577,0.0035072501212678577,0.0035072501212678577,0.0,0.0
2017-09-13,0.0002649426909102785,0.00039741403636541774,0.00039741403636541774,0.0,0.00039741403636541774,0.00039741403636541774,0.00039741403636541774,0.00039741403636541774,0.00039741403636541774,0.0,0.0
2017-09-14,0.00027335163943780465,0.00046619092565042264,0.00012921012668812848,0.0,0.00046619092565042264,0.00046619092565042264,0.00046619092565042264,0.00046619092565042264,0.00046619092565042264,0.0,0.0
2017-09-15,0.0008486784706093974,0.0013123460478473125,0.0010763759962480134,0.0,0.0013123460478473125,0.0013123460478473125,0.0013123460478473125,0.0013123460478473125,0.0013123460478473125,0.0,0.0
2017-09-18,0.0007737413859122509,0.001231490436950622,0.000806220288457149,0.0,0.001231490436950622,0.001231490436950622,0.001231490436950622,0.001231490436950622,0.001231490436950622,0.0,0.0
2017-09-19,0.0007845320100810552,0.0012448610204671916,0.0008364829883935387,0.0,0.0012448610204671916,0.0012448610204671916,0.0012448610204671916,0.0012448610204671916,0.0012448610204671916,0.0,0.0
2017-09-20,0.00020705239808089311,0.0004235393122323239,-0.0002542249784335815,0.0,0.0004235393122323239,0.0004235393122323239,0.0004235393122323239,0.0004235393122323239,0.0004235393122323239,0.0,0.0
2017-09-21,-0.0016045131038354133,-0.0027827460034843044,-0.002812702975209758,0.0,-0.0027827460034843044,-0.0016398384744280236,-0.0027827460034843044,-0.0027827460034843044,-0.0016398384744280236,0.0,0.0
2017-09-22,0.0009325660073494112,0.0014113837395083983,0.0009028736682897387,0.0,0.0014113837395083983,0.001628034589664884,0.0014113837395083983,0.0014113837395083983,0.001628034589664884,0.0,0.0
2017-09-25,-3.328474418923884e-06,0.00023558415090775276,-0.0012078770243090786,0.0,0.00023558415090775276,0.00023558415090775276,0.00023558415090775276,0.00023558415090775276,0.00023558415090775276,0.0,0.0
2017-09-26,-0.00021763139452309033,-0.0005979669759717087,-0.0005539570694280349,0.0,-0.0005979669759717087,0.00019458772331767404,-0.0005979669759717087,-0.0005979669759717087,0.00019458772331767404,0.0,0.0
2017-09-27,0.0015607118085090546,0.0036180077077690442,0.0031923831532743585,0.0,0.0036180077077690442,0.0,0.0036180077077690442,0.0036180077077690442,0.0,0.0,0.0
2017-09-28,0.00039295143395057,0.0009060539556777991,0.0008184010385217322,0.0,0.0009060539556777991,0.0,0.0009060539556777991,0.0009060539556777991,0.0,0.0,0.0
2017-09-29,0.0012638739854104611,0.0028400721874448642,0.002854649306359558,0.0,0.0028400721874448642,0.0,0.0028400721874448642,0.0028400721874448642,0.0,0.0,0.0
2017-10-02,0.0016811220740215634,0.003525861602398583,0.00455251385899832,0.0,0.003525861602398583,0.0,0.003525861602398583,0.003525861602398583,0.0,0.0,0.0
2017-10-03,0.0007302769018197042,0.0016922990738671984,0.0014955948947757425,0.0,0.0016922990738671984,0.0,0.0016922990738671984,0.0016922990738671984,0.0,0.0,0.0
2017-10-04,0.00010013073554639737,0.00014546785356190918,0.00046477305923184884,0.0,0.00014546785356190918,0.0,0.00014546785356190918,0.00014546785356190918,0.0,0.0,0.0
2017-10-05,0.0017387876571711726,0.003998165813373278,0.003654591474420721,0.0,0.003998165813373278,0.0,0.003998165813373278,0.003998165813373278,0.0,0.0,0.0
2017-10-06,9.79048216123774e-05,-0.0006799359110639336,-0.0006799359110639336,0.0,-0.0006799359110639336,0.0018004435193835655,-0.0006799359110639336,-0.0006799359110639336,0.0018004435193835655,0.0,0.0
2017-10-09,-8.011517109211368e-05,-0.00012017275663817051,-0.00012017275663817051,0.0,-0.00012017275663817051,-0.00012017275663817051,-0.00012017275663817051,-0.00012017275663817051,-0.00012017275663817051,0.0,0.0
2017-10-10,0.0015553612360549086,0.0022460670381696745,0.0022460670381696745,0.0,0.0022460670381696745,0.002506991485907739,0.0022460670381696745,0.0022460670381696745,0.002506991485907739,0.0,0.0
2017-10-11,0.0007191418976428091,0.0016180692696963206,0.0016180692696963206,0.0,0.0016180692696963206,0.0,0.0016180692696963206,0.0016180692696963206,0.0,0.0,0.0
2017-10-12,-0.0009802665353613096,-0.0015024318077602073,-0.0015024318077602073,-0.0011247595047774283,-0.0015024318077602073,-0.0008439560412167646,-0.0015024318077602073,-0.0015024318077602073,-0.0008439560412167646,0.0,0.0
2017-10-13,0.0013178517448642303,0.0021863969819548522,0.0021863969819548522,-0.0012577161879510413,0.0021863969819548522,0.0021863969819548522,0.0021863969819548522,0.0021863969819548522,0.0021863969819548522,0.0,0.0
2017-10-16,0.0005957037557025629,0.0007444778193572921,0.0007444778193572921,0.0008944668851793125,0.0007444778193572921,0.0007444778193572921,0.0007444778193572921,0.0007444778193572921,0.0007444778193572921,0.0,0.0
2017-10-17,0.0004328792551576897,0.00043315127591662115,0.00043315127591662115,0.0012970056409194798,0.00043315127591662115,0.00043315127591662115,0.00043315127591662115,0.00043315127591662115,0.00043315127591662115,0.0,0.0
2017-10-18,0.0002693090451912313,0.00034279245932800073,0.00034279245932800073,0.0003670266507530773,0.00034279245932800073,0.00034279245932800073,0.00034279245932800073,0.00034279245932800073,0.00034279245932800073,0.0,0.0
2017-10-19,0.00022231898638962343,0.0004370456242544507,0.0004370456242544507,-0.0006214028680200934,0.0004370456242544507,0.0004370456242544507,0.0004370456242544507,0.0004370456242544507,0.0004370456242544507,0.0,0.0
2017-10-20,0.0014478165132749575,0.0024201876273539534,0.0024201876273539534,-0.0014907771446491026,0.0024201876273539534,0.0024201876273539534,0.0024201876273539534,0.0024201876273539534,0.0024201876273539534,0.0,0.0
2017-10-23,-0.0020576058678389397,-0.00297670635189855,-0.00297670635189855,-0.0006582146991591542,-0.00297670635189855,-0.00297670635189855,-0.00297670635189855,-0.00297670635189855,-0.00297670635189855,0.0,0.0
2017-10-24,0.00033439823948277803,0.0007691485530777253,0.0007691485530777253,-0.00160530716312135,0.0007691485530777253,0.0007691485530777253,0.0007691485530777253,0.0007691485530777253,0.0007691485530777253,0.0,0.0
2017-10-25,-0.0032075220518325643,-0.004278114126694421,-0.004278114126694421,-0.0031990137063265477,-0.004278114126694421,-0.004278114126694421,-0.004278114126694421,-0.004278114126694421,-0.004278114126694421,0.0,0.0
2017-10-26,-0.0006139144274252921,-0.0006753724895412705,-0.0006753724895412705,-0.0014729949095800055,-0.0006753724895412705,-0.0006753724895412705,-0.0006753724895412705,-0.0006753724895412705,-0.0006753724895412705,0.0,0.0
2017-10-27,0.0065514121435100514,0.008466951167745328,0.008466951167745328,0.00816100228511849,0.008466951167745328,0.008466951167745328,0.008466951167745328,0.008466951167745328,0.008466951167745328,0.0,0.0
2017-10-30,-0.0016159956569229996,-0.001152005028038927,-0.001152005028038927,-0.001819459752940633,-0.001152005028038927,-0.004058240523605328,-0.001152005028038927,-0.001152005028038927,-0.004058240523605328,0.0,0.0
2017-10-31,0.0004892427458245499,0.0013300250544547754,0.0013300250544547754,-0.0005316852845922204,0.0013300250544547754,0.0,0.0013300250544547754,0.0013300250544547754,-0.00038523022080593216,0.0,0.0
2017-11-01,0.0009201207023288355,0.00203224988931483,0.00203224988931483,0.000611196488508714,0.00203224988931483,0.0,0.00203224988931483,0.00203224988931483,0.00203224988931483,0.0,-0.0024913596141233453
2017-11-02,0.0007959014457292796,0.001220612667012244,0.001220612667012244,-0.00038897950462986054,0.001220612667012244,0.00022841651411991125,0.001220612667012244,0.001220612667012244,0.001220612667012244,0.0,0.001220612667012244
2017-11-03,0.0016189002235901893,0.0026274593518132105,0.0026274593518132105,0.0009179593999322888,0.0026274593518132105,0.00025742292665668074,0.0026274593518132105,0.0026274593518132105,0.00025742292665668074,0.0,0.0026274593518132105
2017-11-06,0.002211429940015567,0.004022412939874953,0.004022412939874953,-0.00020919523923466077,0.004022412939874953,0.0,0.004022412939874953,0.004022412939874953,0.0,0.0,0.004022412939874953
2017-11-07,-0.001333246209376995,-0.0023998431768785912,-0.0023998431768785912,0.0,-0.0023998431768785912,0.0,-0.0023998431768785912,-0.0023998431768785912,0.0,0.0,-0.0023998431768785912
2017-11-08,0.00036492145209254194,0.0006568586137665755,0.0006568586137665755,0.0,0.0006568586137665755,0.0,0.0006568586137665755,0.0006568586137665755,0.0,0.0,0.0006568586137665755
2017-11-09,-0.0012527541969928706,-0.002254957554587167,-0.002254957554587167,0.0,-0.002254957554587167,0.0,-0.002254957554587167,-0.002254957554587167,0.0,0.0,-0.002254957554587167
2017-11-10,-0.002247485887008368,-0.0040454745966150615,-0.0040454745966150615,0.0,-0.0040454745966150615,0.0,-0.0040454745966150615,-0.0040454745966150615,0.0,0.0,-0.0040454745966150615
2017-11-13,0.00019239769313665148,0.00034631584764597265,0.00034631584764597265,0.0,0.00034631584764597265,0.0,0.00034631584764597265,0.00034631584764597265,0.0,0.0,0.00034631584764597265
2017-11-14,-0.0013419698860415224,-0.0024155457948747405,-0.0024155457948747405,0.0,-0.0024155457948747405,0.0,-0.0024155457948747405,-0.0024155457948747405,0.0,0.0,-0.0024155457948747405
2017-11-15,-0.0015863016839533011,-0.002855343031115942,-0.002855343031115942,0.0,-0.002855343031115942,0.0,-0.002855343031115942,-0.002855343031115942,0.0,0.0,-0.002855343031115942
2017-11-16,0.0031304047847301947,0.00563472861251435,0.00563472861251435,0.0,0.00563472861251435,0.0,0.00563472861251435,0.00563472861251435,0.0,0.0,0.00563472861251435
2017-11-17,0.00036747834792283385,0.000661461026261101,0.000661461026261101,0.0,0.000661461026261101,0.0,0.000661461026261101,0.000661461026261101,0.0,0.0,0.000661461026261101
2017-11-20,1.4668779921147815e-05,2.6403803858066067e-05,2.6403803858066067e-05,0.0,2.6403803858066067e-05,0.0,2.6403803858066067e-05,2.6403803858066067e-05,0.0,0.0,2.6403803858066067e-05
2017-11-21,0.0035545008199790143,0.006398101475962226,0.006398101475962226,0.0,0.006398101475962226,0.0,0.006398101475962226,0.006398101475962226,0.0,0.0,0.006398101475962226
2017-11-22,0.00032939304312485436,0.0005929074776247379,0.0005929074776247379,0.0,0.0005929074776247379,0.0,0.0005929074776247379,0.0005929074776247379,0.0,0.0,0.0005929074776247379
2017-11-24,0.0007071908924793183,0.0012729436064627731,0.0012729436064627731,0.0,0.0012729436064627731,0.0,0.0012729436064627731,0.0012729436064627731,0.0,0.0,0.0012729436064627731
2017-11-27,-0.0005672823324309308,-0.0010211081983756754,-0.0010211081983756754,0.0,-0.0010211081983756754,0.0,-0.0010211081983756754,-0.0010211081983756754,0.0,0.0,-0.0010211081983756754
2017-11-28,0.004721451155775275,0.008498612080395495,0.008498612080395495,0.0,0.008498612080395495,0.0,0.008498612080395495,0.008498612080395495,0.0,0.0,0.008498612080395495
2017-11-29,-0.0011583680813201688,-0.002085062546376304,-0.002085062546376304,0.0,-0.002085062546376304,0.0,-0.002085062546376304,-0.002085062546376304,0.0,0.0,-0.002085062546376304
2017-11-30,0.003338865087604047,0.006009957157687285,0.006009957157687285,0.0,0.006009957157687285,0.0,0.006009957157687285,0.006009957157687285,0.0,0.0,0.006009957157687285
2017-12-01,0.0004930255513906726,0.0008874459925032107,0.0008874459925032107,0.0,0.0008874459925032107,0.0,0.0008874459925032107,0.0008874459925032107,0.0,0.0,0.0008874459925032107
2017-12-04,-0.0016744567614268692,-0.0030140221705683644,-0.0030140221705683644,0.0,-0.0030140221705683644,0.0,-0.0030140221705683644,-0.0030140221705683644,0.0,0.0,-0.0030140221705683644
2017-12-05,-0.0015986739891664659,-0.003060427763465956,-0.0021463548486343686,0.0,-0.003060427763465956,0.0,-0.003060427763465956,-0.003060427763465956,0.0,0.0,-0.003060427763465956
2017-12-06,-0.0005851451324564982,-0.0011250727177772092,-0.0007660153209996468,0.0,-0.0011250727177772092,0.0,-0.0011250727177772092,-0.0011250727177772092,0.0,0.0,-0.0011250727177772092
2017-12-07,0.00041449939057280275,0.0008209700971058331,0.00044661412673189236,0.0,0.0008209700971058331,0.0,0.0008209700971058331,0.0008209700971058331,0.0,0.0,0.0008209700971058331
2017-12-08,0.0026231722787661096,0.004721710101778997,0.004721710101778997,0.0,0.004721710101778997,0.0,0.004721710101778997,0.004721710101778997,0.0,0.0,0.004721710101778997
2017-12-11,0.0013662891802703895,0.0024193386098548706,0.0026192481830140226,0.0,0.0024193386098548706,0.0,0.0024193386098548706,0.0024193386098548706,0.0,0.0,0.0024193386098548706
2017-12-12,0.0007421167074900727,0.0014250907202814078,0.0009786874862850238,0.0,0.0014250907202814078,0.0,0.0014250907202814078,0.0014250907202814078,0.0,0.0,0.0014250907202814078
2017-12-13,0.0011015080091743902,0.0017370718611911529,0.0028210717540312126,0.0,0.0017370718611911529,7.210644188684334e-05,0.0017370718611911529,0.0017370718611911529,7.210644188684334e-05,0.0,0.0017370718611911529
2017-12-14,-0.003002212173213013,-0.0038021742877188515,-0.0042068638326040134,0.0,-0.0038021742877188515,-0.0038021742877188515,-0.0038021742877188515,-0.0038021742877188515,-0.0038021742877188515,0.0,-0.0038021742877188515
2017-12-15,0.005861700338392827,0.00753647186364792,0.00753647186364792,0.0,0.00753647186364792,0.00753647186364792,0.00753647186364792,0.00753647186364792,0.00753647186364792,0.0,0.00753647186364792
2017-12-18,0.004347674875621935,0.0055898676972282015,0.0055898676972282015,0.0,0.0055898676972282015,0.0055898676972282015,0.0055898676972282015,0.0055898676972282015,0.0055898676972282015,0.0,0.0055898676972282015
2017-12-19,-0.003238328941144449,-0.004163565781471435,-0.004163565781471435,0.0,-0.004163565781471435,-0.004163565781471435,-0.004163565781471435,-0.004163565781471435,-0.004163565781471435,0.0,-0.004163565781471435
2017-12-20,-4.4689190800310344e-05,-5.7457531028970446e-05,-5.7457531028970446e-05,0.0,-5.7457531028970446e-05,-5.7457531028970446e-05,-5.7457531028970446e-05,-5.7457531028970446e-05,-5.7457531028970446e-05,0.0,-5.7457531028970446e-05
2017-12-21,0.003243197348128701,0.004169825161879759,0.004169825161879759,0.0,0.004169825161879759,0.004169825161879759,0.004169825161879759,0.004169825161879759,0.004169825161879759,0.0,0.004169825161879759
2017-12-22,-0.00019505105890530453,-0.0002297054749612948,-0.00037722668037997175,0.0,-0.0002297054749612948,-0.0002297054749612948,-0.0002297054749612948,-0.0002297054749612948,-0.0002297054749612948,0.0,-0.0002297054749612948
2017-12-26,0.00016341677650140533,0.000269156452374808,-0.00014418772573620008,0.0,0.000269156452374808,0.000269156452374808,0.000269156452374808,0.000269156452374808,0.000269156452374808,0.0,0.000269156452374808
2017-12-27,0.0014261849732479495,0.0017916170054975255,0.002085962726246393,0.0,0.0017916170054975255,0.0017916170054975255,0.0017916170054975255,0.0017916170054975255,0.0017916170054975255,0.0,0.0017916170054975255
2017-12-28,0.0017363219513723807,0.0022627931001394596,0.002226541080519606,-0.00017640211900493696,0.0022627931001394596,0.0022627931001394596,0.0022627931001394596,0.0022627931001394596,0.0022627931001394596,0.0,0.0022627931001394596
2017-12-29,-0.0027136185584388287,-0.0034585062358667095,-0.0034585062358667095,-0.0002130233748824928,-0.0034585062358667095,-0.0034585062358667095,-0.0034585062358667095,-0.0034585062358667095,-0.0034585062358667095,0.0,-0.0034585062358667095
2018-01-02,0.007307788376012982,0.007847748941066957,0.007847748941066957,0.0029881038555811925,0.007847748941066957,0.007847748941066957,0.007847748941066957,0.007847748941066957,0.007847748941066957,0.007847748941066957,0.007847748941066957
2018-01-03,0.004246582121469696,0.006123403145208262,0.006123403145208262,0.00017987480578385284,0.006123403145208262,0.000649472708096921,0.006123403145208262,0.006123403145208262,0.000649472708096921,0.006123403145208262,0.006123403145208262
2018-01-04,0.002719741392454984,0.00419972166380399,0.0034790642130749006,0.0,0.00419972166380399,0.0,0.00419972166380399,0.00419972166380399,0.0,0.00419972166380399,0.00419972166380399
2018-01-05,0.0029915069296611563,0.004480595830103096,0.004520583216434925,0.0,0.004480595830103096,0.0,0.004480595830103096,0.004480595830103096,0.0,0.004480595830103096,0.004480595830103096
2018-01-08,0.0006458519574771603,0.0010688170326589419,0.000468582453999733,0.0,0.0010688170326589419,0.0,0.0010688170326589419,0.0010688170326589419,0.0,0.0010688170326589419,0.0010688170326589419
2018-01-09,0.00018078763625543057,0.00022919460816618332,0.0004811156854679588,0.0,0.00022919460816618332,0.0,0.00022919460816618332,0.00022919460816618332,0.0,0.00022919460816618332,0.00022919460816618332
2018-01-10,-0.00012745852356152996,-0.0001343535422896447,-0.0004753590006055464,0.0,-0.0001343535422896447,0.0,-0.0001343535422896447,-0.0001343535422896447,0.0,-0.0001343535422896447,-0.0001343535422896447
2018-01-11,0.005354016687319948,0.00803102503097992,0.00803102503097992,0.0,0.00803102503097992,0.0,0.00803102503097992,0.00803102503097992,0.0,0.00803102503097992,0.00803102503097992
2018-01-12,0.004758057532849576,0.007301916609875891,0.006312934746266719,0.0,0.007301916609875891,0.0,0.007301916609875891,0.007301916609875891,0.0,0.007301916609875891,0.007301916609875891
2018-01-16,-0.0017218344978970693,-0.002793716637482646,-0.0015279272936603917,0.0,-0.002793716637482646,0.0,-0.002793716637482646,-0.002793716637482646,0.0,-0.002793716637482646,-0.002793716637482646
2018-01-17,0.004895041938905556,0.0073991956913181615,0.0070593989935591964,0.0,0.0073991956913181615,0.0,0.0073991956913181615,0.0073991956913181615,0.0,0.0073991956913181615,0.0073991956913181615
2018-01-18,-0.0020608672420172466,-0.00309130086302587,-0.00309130086302587,0.0,-0.00309130086302587,0.0,-0.00309130086302587,-0.00309130086302587,0.0,-0.00309130086302587,-0.00309130086302587
2018-01-19,0.0022383184656074545,0.003357477698411182,0.003357477698411182,0.0,0.003357477698411182,0.0,0.003357477698411182,0.003357477698411182,0.0,0.003357477698411182,0.003357477698411182
2018-01-22,0.00523547383637526,0.007853210754562889,0.007853210754562889,0.0,0.007853210754562889,0.0,0.007853210754562889,0.007853210754562889,0.0,0.007853210754562889,0.007853210754562889
2018-01-23,0.0014311344653082406,0.002146701697962361,0.002146701697962361,0.0,0.002146701697962361,0.0,0.002146701697962361,0.002146701697962361,0.0,0.002146701697962361,0.002146701697962361
2018-01-24,-0.0002927522147137947,-0.00043912832207069206,-0.00043912832207069206,0.0,-0.00043912832207069206,0.0,-0.00043912832207069206,-0.00043912832207069206,0.0,-0.00043912832207069206,-0.00043912832207069206
2018-01-25,0.0002277507748495407,0.0003416261622743111,0.0003416261622743111,0.0,0.0003416261622743111,0.0,0.0003416261622743111,0.0003416261622743111,0.0,0.0003416261622743111,0.0003416261622743111
2018-01-26,0.005729292188505523,0.008593938282758284,0.008593938282758284,0.0,0.008593938282758284,0.0,0.008593938282758284,0.008593938282758284,0.0,0.008593938282758284,0.008593938282758284
2018-01-29,-0.004484013040415322,-0.006719529161440851,-0.006758471556533652,0.0,-0.006719529161440851,0.0,-0.006719529161440851,-0.006719529161440851,0.0,-0.006719529161440851,-0.006719529161440851
2018-01-30,-0.007445271487466398,-0.011487770920884354,-0.00956858878277581,0.0,-0.011487770920884354,0.0,-0.011487770920884354,-0.011487770920884354,0.0,-0.011487770920884354,-0.011487770920884354
2018-01-31,0.0007894463695624483,0.0011841695543436726,0.0011841695543436726,0.0,0.0011841695543436726,0.0,0.0011841695543436726,0.0011841695543436726,0.0,0.0011841695543436726,0.0011841695543436726
2018-02-01,0.00026025767322858476,0.00039038650984287717,0.00039038650984287717,0.0,0.00039038650984287717,0.0,0.00039038650984287717,0.00039038650984287717,0.0,0.00039038650984287717,0.00039038650984287717
2018-02-02,-0.014427475152468693,-0.021641212728703042,-0.021641212728703042,0.0,-0.021641212728703042,0.0,-0.021641212728703042,-0.021641212728703042,0.0,-0.021641212728703042,-0.021641212728703042
2018-02-05,-0.022127513607750508,-0.03319127041162576,-0.03319127041162576,0.0,-0.03319127041162576,0.0,-0.03319127041162576,-0.03319127041162576,0.0,-0.03319127041162576,-0.03319127041162576
2018-02-06,0.008724572114083944,0.013086858171125915,0.013086858171125915,0.0,0.013086858171125915,0.0,0.013086858171125915,0.013086858171125915,0.0,0.013086858171125915,0.013086858171125915
2018-02-07,-0.004159932529532898,-0.0062398987942993474,-0.0062398987942993474,0.0,-0.0062398987942993474,0.0,-0.0062398987942993474,-0.0062398987942993474,0.0,-0.0062398987942993474,-0.0062398987942993474
2018-02-08,-0.019970777949967652,-0.029956166924951476,-0.029956166924951476,0.0,-0.029956166924951476,0.0,-0.029956166924951476,-0.029956166924951476,0.0,-0.029956166924951476,-0.029956166924951476
2018-02-09,0.006975271416137711,0.010462907124206566,0.010462907124206566,0.0,0.010462907124206566,0.0,0.010462907124206566,0.010462907124206566,0.0,0.010462907124206566,0.010462907124206566
2018-02-12,0.008399058087370855,0.012598587131056282,0.012598587131056282,0.0,0.012598587131056282,0.0,0.012598587131056282,0.012598587131056282,0.0,0.012598587131056282,0.012598587131056282
2018-02-13,0.0016607239213535388,0.0024910858820303083,0.0024910858820303083,0.0,0.0024910858820303083,0.0,0.0024910858820303083,0.0024910858820303083,0.0,0.0024910858820303083,0.0024910858820303083
2018-02-14,0.009014365872938674,0.013521548809408012,0.013521548809408012,0.0,0.013521548809408012,0.0,0.013521548809408012,0.013521548809408012,0.0,0.013521548809408012,0.013521548809408012
2018-02-15,0.006191952578250625,0.00928792886737594,0.00928792886737594,0.0,0.00928792886737594,0.0,0.00928792886737594,0.00928792886737594,0.0,0.00928792886737594,0.00928792886737594
2018-02-16,0.0002511121378706423,0.00037666820680596345,0.00037666820680596345,0.0,0.00037666820680596345,0.0,0.00037666820680596345,0.00037666820680596345,0.0,0.00037666820680596345,0.00037666820680596345
2018-02-20,-0.003953942562593834,-0.00593091384389075,-0.00593091384389075,0.0,-0.00593091384389075,0.0,-0.00593091384389075,-0.00593091384389075,0.0,-0.00593091384389075,-0.00593091384389075
2018-02-21,-0.003743041977819887,-0.00561456296672983,-0.00561456296672983,0.0,-0.00561456296672983,0.0,-0.00561456296672983,-0.00561456296672983,0.0,-0.00561456296672983,-0.00561456296672983
2018-02-22,0.0011433518730519824,0.0017150278095779737,0.0017150278095779737,0.0,0.0017150278095779737,0.0,0.0017150278095779737,0.0017150278095779737,0.0,0.0017150278095779737,0.0017150278095779737
2018-02-23,0.009619430203240624,0.014429145304860936,0.014429145304860936,0.0,0.014429145304860936,0.0,0.014429145304860936,0.014429145304860936,0.0,0.014429145304860936,0.014429145304860936
2018-02-26,0.006631868449454418,0.009947802674181628,0.009947802674181628,0.0,0.009947802674181628,0.0,0.009947802674181628,0.009947802674181628,0.0,0.009947802674181628,0.009947802674181628
2018-02-27,-0.007042699522591681,-0.010564049283887522,-0.010564049283887522,0.0,-0.010564049283887522,0.0,-0.010564049283887522,-0.010564049283887522,0.0,-0.010564049283887522,-0.010564049283887522
2018-02-28,-0.006797062785522324,-0.010195594178283484,-0.010195594178283484,0.0,-0.010195594178283484,0.0,-0.010195594178283484,-0.010195594178283484,0.0,-0.010195594178283484,-0.010195594178283484
2018-03-01,-0.006475189114900703,-0.009712783672351056,-0.009712783672351056,0.0,-0.009712783672351056,0.0,-0.009712783672351056,-0.009712783672351056,0.0,-0.009712783672351056,-0.009712783672351056
2018-03-02,0.003455489213993131,0.005183233820989697,0.005183233820989697,0.0,0.005183233820989697,0.0,0.005183233820989697,0.005183233820989697,0.0,0.005183233820989697,0.005183233820989697
2018-03-05,0.0056911930416347675,0.008536789562452152,0.008536789562452152,0.0,0.008536789562452152,0.0,0.008536789562452152,0.008536789562452152,0.0,0.008536789562452152,0.008536789562452152
2018-03-06,0.0023203321531945374,0.0034804982297918065,0.0034804982297918065,0.0,0.0034804982297918065,0.0,0.0034804982297918065,0.0034804982297918065,0.0,0.0034804982297918065,0.0034804982297918065
2018-03-07,0.00011454168872910843,0.0001718125330936626,0.0001718125330936626,0.0,0.0001718125330936626,0.0,0.0001718125330936626,0.0001718125330936626,0.0,0.0001718125330936626,0.0001718125330936626
2018-03-08,0.001981865113160541,0.002972797669740812,0.002972797669740812,0.0,0.002972797669740812,0.0,0.002972797669740812,0.002972797669740812,0.0,0.002972797669740812,0.002972797669740812
2018-03-09,0.009432442002974202,0.014148663004461303,0.014148663004461303,0.0,0.014148663004461303,0.0,0.014148663004461303,0.014148663004461303,0.0,0.014148663004461303,0.014148663004461303
2018-03-12,3.07199854561994e-05,4.6079978184299095e-05,4.6079978184299095e-05,0.0,4.6079978184299095e-05,0.0,4.6079978184299095e-05,4.6079978184299095e-05,0.0,4.6079978184299095e-05,4.6079978184299095e-05
2018-03-13,-0.003542918141196694,-0.00531437721179504,-0.00531437721179504,0.0,-0.00531437721179504,0.0,-0.00531437721179504,-0.00531437721179504,0.0,-0.00531437721179504,-0.00531437721179504
2018-03-14,-0.002273887438269869,-0.003410831157404803,-0.003410831157404803,0.0,-0.003410831157404803,0.0,-0.003410831157404803,-0.003410831157404803,0.0,-0.003410831157404803,-0.003410831157404803
2018-03-15,-0.0009808608990520941,-0.001471291348578141,-0.001471291348578141,0.0,-0.001471291348578141,0.0,-0.001471291348578141,-0.001471291348578141,0.0,-0.001471291348578141,-0.001471291348578141
2018-03-16,0.0005814245873501619,0.0008721368810252428,0.0008721368810252428,0.0,0.0008721368810252428,0.0,0.0008721368810252428,0.0008721368810252428,0.0,0.0008721368810252428,0.0008721368810252428
2018-03-19,-0.007801288913259737,-0.011701933369889606,-0.011701933369889606,0.0,-0.011701933369889606,0.0,-0.011701933369889606,-0.011701933369889606,0.0,-0.011701933369889606,-0.011701933369889606
2018-03-20,0.0008634744761668738,0.0012952117142503105,0.0012952117142503105,0.0,0.0012952117142503105,0.0,0.0012952117142503105,0.0012952117142503105,0.0,0.0012952117142503105,0.0012952117142503105
2018-03-21,0.0021136637079742855,0.0031704955619614285,0.0031704955619614285,0.0,0.0031704955619614285,0.0,0.0031704955619614285,0.0031704955619614285,0.0,0.0031704955619614285,0.0031704955619614285
2018-03-22,-0.013799722416934841,-0.020699583625402262,-0.020699583625402262,0.0,-0.020699583625402262,0.0,-0.020699583625402262,-0.020699583625402262,0.0,-0.020699583625402262,-0.020699583625402262
2018-03-23,-0.010570754085681585,-0.015856131128522376,-0.015856131128522376,0.0,-0.015856131128522376,0.0,-0.015856131128522376,-0.015856131128522376,0.0,-0.015856131128522376,-0.015856131128522376
2018-03-26,0.013924542826822638,0.02253310829219616,0.02253310829219616,0.0,0.02253310829219616,0.0,0.012655343980422961,0.02253310829219616,0.0,0.02253310829219616,0.02253310829219616
2018-03-27,-0.00842236738186698,-0.015160261287360565,-0.015160261287360565,0.0,-0.015160261287360565,0.0,0.0,-0.015160261287360565,0.0,-0.015160261287360565,-0.015160261287360565
2018-03-28,-0.003051625298011324,-0.004491440635908584,-0.004491440635908584,0.0,-0.004491440635908584,0.0,-0.0050074245025589995,-0.004491440635908584,0.0,-0.004491440635908584,-0.004491440635908584
2018-03-29,0.008109601405139284,0.012164402107708926,0.012164402107708926,0.0,0.012164402107708926,0.0,0.012164402107708926,0.012164402107708926,0.0,0.012164402107708926,0.012164402107708926
2018-04-02,-0.011441354139262224,-0.017162031208893334,-0.017162031208893334,0.0,-0.017162031208893334,0.0,-0.017162031208893334,-0.017162031208893334,0.0,-0.017162031208893334,-0.017162031208893334
2018-04-03,0.0059389712296924095,0.010020795386353188,0.010020795386353188,0.0,0.010020795386353188,0.0,0.003346764135465752,0.010020795386353188,0.0,0.010020795386353188,0.010020795386353188
2018-04-04,0.006992418974883355,0.00853947622787563,0.00853947622787563,0.0,0.00853947622787563,0.0,0.020234389634572036,0.00853947622787563,0.0,0.00853947622787563,0.00853947622787563
2018-04-05,0.0030974307997727996,0.004869624093973268,0.004869624093973268,0.0,0.004869624093973268,0.0,0.0035287567280888553,0.004869624093973268,0.0,0.004869624093973268,0.004869624093973268
2018-04-06,-0.010464724192132763,-0.016596287334843675,-0.016596287334843675,0.0,-0.016596287334843675,0.0,-0.01120108105497648,-0.016596287334843675,0.0,-0.016596287334843675,-0.016596287334843675
2018-04-09,0.003245346041897834,0.004868019062846752,0.004868019062846752,0.0,0.004868019062846752,0.0,0.004868019062846752,0.004868019062846752,0.0,0.004868019062846752,0.004868019062846752
2018-04-10,0.010349762526295762,0.016483329753199282,0.016483329753199282,0.0,0.016483329753199282,0.0,0.010731213970665432,0.016483329753199282,0.0,0.016483329753199282,0.016483329753199282
2018-04-11,-0.0012095572936119095,-0.002177203128501437,-0.002177203128501437,0.0,-0.002177203128501437,0.0,0.0,-0.002177203128501437,0.0,-0.002177203128501437,-0.002177203128501437
2018-04-12,0.0031338535797111756,0.0056409364434801155,0.0056409364434801155,0.0,0.0056409364434801155,0.0,0.0,0.0056409364434801155,0.0,0.0056409364434801155,0.0056409364434801155
2018-04-13,-0.0009616109189106221,-0.0017308996540391197,-0.0017308996540391197,0.0,-0.0017308996540391197,0.0,0.0,-0.0017308996540391197,0.0,-0.0017308996540391197,-0.0017308996540391197
2018-04-16,0.003539582798618208,0.006540912854929593,0.0056925937678455,0.0,0.006540912854929593,0.0,0.0,0.006540912854929593,0.0,0.006540912854929593,0.006540912854929593
2018-04-17,0.004725536200930386,0.008583590544309783,0.008195463631134336,0.0,0.008583590544309783,0.0,0.0,0.008583590544309783,0.0,0.008583590544309783,0.008583590544309783
2018-04-18,0.0001459949596956229,0.0005776234169725836,-0.0009965390306297284,0.0,0.0005776234169725836,0.0,0.0,0.0005776234169725836,0.0,0.0005776234169725836,0.0005776234169725836
2018-04-19,-0.0021230972686769583,-0.0037971088053801337,-0.003919440196572088,0.0,-0.0037971088053801337,0.0,0.0,-0.0037971088053801337,0.0,-0.0037971088053801337,-0.0037971088053801337
2018-04-20,-0.00416991964962686,-0.007600898472664497,-0.007125682955983759,0.0,-0.007600898472664497,0.0,0.0,-0.007600898472664497,0.0,-0.007600898472664497,-0.007600898472664497
2018-04-23,-0.0004610502304756804,-0.0007071041804344258,-0.0013210353525434204,0.0,-0.0007071041804344258,0.0,0.0,-0.0007071041804344258,0.0,-0.0007071041804344258,-0.0007071041804344258
2018-04-24,-0.005417255942610762,-0.009965293850050294,-0.008894128083295682,0.0,-0.009965293850050294,0.0,0.0,-0.009965293850050294,0.0,-0.009965293850050294,-0.009965293850050294
2018-04-25,0.0003650414098436448,0.0003433044912772076,0.0006115157288604789,0.0013006389946234932,0.0003433044912772076,0.0,0.0,0.0003433044912772076,0.0,0.0003433044912772076,0.0003433044912772076
2018-04-26,0.006342614301155281,0.00951392145173292,0.00951392145173292,0.00951392145173292,0.00951392145173292,0.0,0.0,0.00951392145173292,0.0,0.00951392145173292,0.00951392145173292
2018-04-27,0.0005246930758136031,0.00045171525142306823,0.0004424320174290841,0.002472944659201071,0.00045171525142306823,0.0,0.0,0.00045171525142306823,0.0,0.00045171525142306823,0.00045171525142306823
2018-04-30,-0.003917787514694384,-0.0065938710864924975,-0.006481121104759046,-0.002403482181520422,-0.0065938710864924975,0.0,0.0,-0.0065938710864924975,0.0,-0.0065938710864924975,-0.0065938710864924975
2018-05-01,9.772923299984609e-05,0.0010515004869903644,0.0010515004869903644,-0.0001807350295315313,0.0010515004869903644,0.0,0.0,0.0010515004869903644,0.0,0.0010515004869903644,-0.0031457038214313116
2018-05-02,-0.0018350581778362304,-0.0039286359349199,-0.0039286359349199,-0.0008009798608464736,-0.0039286359349199,0.0,0.0,-0.0039286359349199,0.0,-0.0039286359349199,0.0
2018-05-03,-0.0007814176632880668,-0.0015740349746454219,-0.0015740349746454219,-0.0007366190710109133,-0.0015740349746454219,0.0,0.0,-0.0015740349746454219,0.0,-0.0015740349746454219,0.0
2018-05-04,0.00493061935967082,0.010716542919799909,0.010716542919799909,0.0015094025578377356,0.010716542919799909,0.0,0.0,0.010716542919799909,0.0,0.010716542919799909,0.0
2018-05-07,0.0016619685448882985,0.00359493762289812,0.00359493762289812,0.0005779664124022088,0.00359493762289812,0.0,0.0,0.00359493762289812,0.0,0.00359493762289812,0.0
2018-05-08,0.0005626638310221205,0.0012602927509962724,0.0012602927509962724,2.280347521399495e-05,0.0012602927509962724,0.0,0.0,0.0012602927509962724,0.0,0.0012602927509962724,0.0
2018-05-09,0.003523733036495407,0.007928399332114667,0.007928399332114667,0.0,0.007928399332114667,0.0,0.0,0.007928399332114667,0.0,0.007928399332114667,0.0
2018-05-10,0.004020309560998342,0.00904569651224627,0.00904569651224627,0.0,0.00904569651224627,0.0,0.0,0.00904569651224627,0.0,0.00904569651224627,0.0
2018-05-11,0.0010538245505924365,0.002371105238832982,0.002371105238832982,0.0,0.002371105238832982,0.0,0.0,0.002371105238832982,0.0,0.002371105238832982,0.0
2018-05-14,0.0002056084956080204,0.0004626191151180459,0.0004626191151180459,0.0,0.0004626191151180459,0.0,0.0,0.0004626191151180459,0.0,0.0004626191151180459,0.0
2018-05-15,-0.003424224955968781,-0.007704506150929757,-0.007704506150929757,0.0,-0.007704506150929757,0.0,0.0,-0.007704506150929757,0.0,-0.007704506150929757,0.0
2018-05-16,0.001504098371625156,0.003384221336156601,0.003384221336156601,0.0,0.003384221336156601,0.0,0.0,0.003384221336156601,0.0,0.003384221336156601,0.0
2018-05-17,0.00011763513120958751,0.0002646790452215719,0.0002646790452215719,0.0,0.0002646790452215719,0.0,0.0,0.0002646790452215719,0.0,0.0002646790452215719,0.0
2018-05-18,-0.0008045814794398524,-0.0015103500469446974,-0.0015103500469446974,0.0,-0.0015103500469446974,0.0,-0.0011998331271798834,-0.0015103500469446974,0.0,-0.0015103500469446974,0.0
2018-05-21,0.0033222305809217367,0.005980015045659126,0.005980015045659126,0.0,0.005980015045659126,0.0,0.005980015045659126,0.005980015045659126,0.0,0.005980015045659126,0.0
2018-05-22,-0.0016885915853641323,-0.003039464853655438,-0.003039464853655438,0.0,-0.003039464853655438,0.0,-0.003039464853655438,-0.003039464853655438,0.0,-0.003039464853655438,0.0
2018-05-23,0.001485942233030921,0.002674696019455658,0.002674696019455658,0.0,0.002674696019455658,0.0,0.002674696019455658,0.002674696019455658,0.0,0.002674696019455658,0.0
2018-05-24,-0.0009412803483714636,-0.0017686428693874713,-0.0017686428693874713,0.0,-0.0017686428693874713,0.0,-0.0013969516577932884,-0.0017686428693874713,0.0,-0.0017686428693874713,0.0
2018-05-25,-0.0014919328146329421,-0.00335684883292412,-0.00335684883292412,0.0,-0.00335684883292412,0.0,0.0,-0.00335684883292412,0.0,-0.00335684883292412,0.0
2018-05-29,-0.00282494951466874,-0.006356136408004665,-0.006356136408004665,0.0,-0.006356136408004665,0.0,0.0,-0.006356136408004665,0.0,-0.006356136408004665,0.0
2018-05-30,0.005122608328684223,0.011525868739539502,0.011525868739539502,0.0,0.011525868739539502,0.0,0.0,0.011525868739539502,0.0,0.011525868739539502,0.0
2018-05-31,-0.0024624281230910764,-0.0055404632769549215,-0.0055404632769549215,0.0,-0.0055404632769549215,0.0,0.0,-0.0055404632769549215,0.0,-0.0055404632769549215,0.0
2018-06-01,0.0036629366863993686,0.007510424389345382,0.007510424389345382,0.0,0.007510424389345382,0.0,0.002924732620212789,0.007510424389345382,0.0,0.007510424389345382,0.0
2018-06-04,0.0013733599794935355,0.002472047963088364,0.002472047963088364,0.0,0.002472047963088364,0.0,0.002472047963088364,0.002472047963088364,0.0,0.002472047963088364,0.0
2018-06-05,0.0006006047308043846,0.0010810885154478923,0.0010810885154478923,0.0,0.0010810885154478923,0.0,0.0010810885154478923,0.0010810885154478923,0.0,0.0010810885154478923,0.0
2018-06-06,0.003792092903866858,0.0068257672269603446,0.0068257672269603446,0.0,0.0068257672269603446,0.0,0.0068257672269603446,0.0068257672269603446,0.0,0.0068257672269603446,0.0
2018-06-07,0.0008315662145043252,0.0011182192824715441,0.0011182192824715441,0.0018929995181812044,0.0011182192824715441,0.0,0.0011182192824715441,0.0011182192824715441,0.0,0.0011182192824715441,0.0
2018-06-08,0.0012088951528206624,0.0010777001873183312,0.0010777001873183312,0.0008533909459423117,0.0010777001873183312,0.0023190822464259964,0.0010777001873183312,0.0010777001873183312,0.0023190822464259964,0.0010777001873183312,0.0
2018-06-11,0.0006442607107154374,0.0012009305770908974,0.0012009305770908974,0.00024210335569064824,0.0012009305770908974,-0.00022420492235309953,0.0012009305770908974,0.0012009305770908974,-0.00022420492235309953,0.0012009305770908974,0.0
2018-06-12,0.00016885484912153455,0.00018391965085897687,0.00018391965085897687,0.0006000953877989268,0.00018391965085897687,0.0,0.00018391965085897687,0.00018391965085897687,0.0,0.00018391965085897687,0.0
2018-06-13,-0.0011975360784290475,-0.002135503661904803,-0.002135503661904803,-0.00010030639633741289,-0.002135503661904803,0.0,-0.002135503661904803,-0.002135503661904803,0.0,-0.002135503661904803,0.0
2018-06-14,0.001679132661900355,0.0028564458444606975,0.0028564458444606975,0.0008299647347997041,0.0028564458444606975,0.0,0.0028564458444606975,0.0028564458444606975,0.0,0.0028564458444606975,0.0
2018-06-15,-0.0025621057938705638,-0.004694875299908896,-0.004694875299908896,0.00041542435470940384,-0.004694875299908896,0.0,-0.004694875299908896,-0.004694875299908896,0.0,-0.004694875299908896,0.0
2018-06-18,-0.0002826521286541126,-0.0005087738315774027,-0.0005087738315774027,0.0,-0.0005087738315774027,0.0,-0.0005087738315774027,-0.0005087738315774027,0.0,-0.0005087738315774027,0.0
2018-06-19,-0.0012297121551068163,-0.0022134818791922696,-0.0022134818791922696,0.0,-0.0022134818791922696,0.0,-0.0022134818791922696,-0.0022134818791922696,0.0,-0.0022134818791922696,0.0
2018-06-20,0.0006767605925715569,0.0008017472580731932,0.0008017472580731932,0.0,0.0008017472580731932,0.0,0.0028838563008512395,0.0008017472580731932,0.0,0.0008017472580731932,0.0
2018-06-21,-0.0028289241987277136,-0.006365079447137356,-0.006365079447137356,0.0,-0.006365079447137356,0.0,0.0,-0.006365079447137356,0.0,-0.006365079447137356,0.0
2018-06-22,0.0008847383781500234,0.0019906613508375525,0.0019906613508375525,0.0,0.0019906613508375525,0.0,0.0,0.0019906613508375525,0.0,0.0019906613508375525,0.0
2018-06-25,-0.00770070794528258,-0.012848022071982278,-0.012848022071982278,0.0,-0.012848022071982278,-0.00895714160980705,0.0,-0.012848022071982278,-0.00895714160980705,-0.012848022071982278,0.0
2018-06-26,0.0013312927935855553,0.001996939190378333,0.001996939190378333,0.0,0.001996939190378333,0.001996939190378333,0.0,0.001996939190378333,0.001996939190378333,0.001996939190378333,0.0
2018-06-27,-0.002290617915254408,-0.0061633460600347915,-0.0061633460600347915,0.0,-0.0061633460600347915,0.002018911501424747,0.0,-0.0061633460600347915,0.002018911501424747,-0.0061633460600347915,0.0
2018-06-28,0.0017568763101287396,0.003952971697789664,0.003952971697789664,0.0,0.003952971697789664,0.0,0.0,0.003952971697789664,0.0,0.003952971697789664,0.0
2018-06-29,0.0006300552833842627,0.0014176243876145912,0.0014176243876145912,0.0,0.0014176243876145912,0.0,0.0,0.0014176243876145912,0.0,0.0014176243876145912,0.0
2018-07-02,0.00031583176203553936,0.0007106214645799635,0.0007106214645799635,0.0,0.0007106214645799635,0.0,0.0,0.0007106214645799635,0.0,0.0007106214645799635,0.0
2018-07-03,-0.0005418931925159558,-0.0012192596831609003,-0.0012192596831609003,0.0,-0.0012192596831609003,0.0,0.0,-0.0012192596831609003,0.0,-0.0012192596831609003,0.0
2018-07-05,0.0031887507480493505,0.007174689183111038,0.007174689183111038,0.0,0.007174689183111038,0.0,0.0,0.007174689183111038,0.0,0.007174689183111038,0.0
2018-07-06,0.003356837063848501,0.007552883393659127,0.007552883393659127,0.0,0.007552883393659127,0.0,0.0,0.007552883393659127,0.0,0.007552883393659127,0.0
2018-07-09,0.0038346923402401323,0.008628057765540298,0.008628057765540298,0.0,0.008628057765540298,0.0,0.0,0.008628057765540298,0.0,0.008628057765540298,0.0
2018-07-10,0.0005957242329272787,0.001340379524086377,0.001340379524086377,0.0,0.001340379524086377,0.0,0.0,0.001340379524086377,0.0,0.001340379524086377,0.0
2018-07-11,-0.0033026338725678124,-0.007430926213277578,-0.007430926213277578,0.0,-0.007430926213277578,0.0,0.0,-0.007430926213277578,0.0,-0.007430926213277578,0.0
2018-07-12,0.003320547040437072,0.007471230840983412,0.007471230840983412,0.0,0.007471230840983412,0.0,0.0,0.007471230840983412,0.0,0.007471230840983412,0.0
2018-07-13,8.726341280534338e-05,0.0001963426788120226,0.0001963426788120226,0.0,0.0001963426788120226,0.0,0.0,0.0001963426788120226,0.0,0.0001963426788120226,0.0
2018-07-16,-0.0005384206495335923,-0.0012114464614505827,-0.0012114464614505827,0.0,-0.0012114464614505827,0.0,0.0,-0.0012114464614505827,0.0,-0.0012114464614505827,0.0
2018-07-17,0.000640534233948283,0.0014412020263836367,0.0014412020263836367,0.0,0.0014412020263836367,0.0,0.0,0.0014412020263836367,0.0,0.0014412020263836367,0.0
2018-07-18,0.0008034234221903623,0.0018077026999283152,0.0018077026999283152,0.0,0.0018077026999283152,0.0,0.0,0.0018077026999283152,0.0,0.0018077026999283152,0.0
2018-07-19,-0.0012674882146102265,-0.0028518484828730095,-0.0028518484828730095,0.0,-0.0028518484828730095,0.0,0.0,-0.0028518484828730095,0.0,-0.0028518484828730095,0.0
2018-07-20,-0.000652781768826596,-0.001468758979859841,-0.001468758979859841,0.0,-0.001468758979859841,0.0,0.0,-0.001468758979859841,0.0,-0.001468758979859841,0.0
2018-07-23,0.00022156098316015416,0.0004985122121103469,0.0004985122121103469,0.0,0.0004985122121103469,0.0,0.0,0.0004985122121103469,0.0,0.0004985122121103469,0.0
2018-07-24,0.001782188151013125,0.004009923339779531,0.004009923339779531,0.0,0.004009923339779531,0.0,0.0,0.004009923339779531,0.0,0.004009923339779531,0.0
2018-07-25,0.003247053307874791,0.00730586994271828,0.00730586994271828,0.0,0.00730586994271828,0.0,0.0,0.00730586994271828,0.0,0.00730586994271828,0.0
2018-07-26,-0.0011179649380279896,-0.0025154211105629766,-0.0025154211105629766,0.0,-0.0025154211105629766,0.0,0.0,-0.0025154211105629766,0.0,-0.0025154211105629766,0.0
2018-07-27,-0.002958598069288297,-0.0066568456558986685,-0.0066568456558986685,0.0,-0.0066568456558986685,0.0,0.0,-0.0066568456558986685,0.0,-0.0066568456558986685,0.0
2018-07-30,-0.0018803937365903295,-0.004230885907328241,-0.004230885907328241,0.0,-0.004230885907328241,0.0,0.0,-0.004230885907328241,0.0,-0.004230885907328241,0.0
2018-07-31,0.0018007171536854728,0.004051613595792314,0.004051613595792314,0.0,0.004051613595792314,0.0,0.0,0.004051613595792314,0.0,0.004051613595792314,0.0
2018-08-01,-0.0010136656823013903,-0.002280747785178128,-0.002280747785178128,0.0,-0.002280747785178128,0.0,0.0,-0.002280747785178128,0.0,-0.002280747785178128,0.0
2018-08-02,0.0014883181886468063,0.0033487159244553143,0.0033487159244553143,0.0,0.0033487159244553143,0.0,0.0,0.0033487159244553143,0.0,0.0033487159244553143,0.0
2018-08-03,0.0012234277976945417,0.002752712544812719,0.002752712544812719,0.0,0.002752712544812719,0.0,0.0,0.002752712544812719,0.0,0.002752712544812719,0.0
2018-08-06,0.0012713129005696199,0.0028604540262816445,0.0028604540262816445,0.0,0.0028604540262816445,0.0,0.0,0.0028604540262816445,0.0,0.0028604540262816445,0.0
2018-08-07,0.001215629349008661,0.0027351660352694872,0.0027351660352694872,0.0,0.0027351660352694872,0.0,0.0,0.0027351660352694872,0.0,0.0027351660352694872,0.0
2018-08-08,5.617519189734645e-05,0.0001263941817690295,0.0001263941817690295,0.0,0.0001263941817690295,0.0,0.0,0.0001263941817690295,0.0,0.0001263941817690295,0.0
2018-08-09,-0.00045362278133129766,-0.0010206512579954198,-0.0010206512579954198,0.0,-0.0010206512579954198,0.0,0.0,-0.0010206512579954198,0.0,-0.0010206512579954198,0.0
2018-08-10,-0.0015760766610769354,-0.0035461724874231047,-0.0035461724874231047,0.0,-0.0035461724874231047,0.0,0.0,-0.0035461724874231047,0.0,-0.0035461724874231047,0.0
2018-08-13,-0.0025008787932119,-0.005626977284726775,-0.005626977284726775,0.0,-0.005626977284726775,0.0,0.0,-0.005626977284726775,0.0,-0.005626977284726775,0.0
2018-08-14,0.0021595680421218166,0.0048590280947740875,0.0048590280947740875,0.0,0.0048590280947740875,0.0,0.0,0.0048590280947740875,0.0,0.0048590280947740875,0.0
2018-08-15,-0.004542040748184611,-0.010219591683415375,-0.010219591683415375,0.0,-0.010219591683415375,0.0,0.0,-0.010219591683415375,0.0,-0.010219591683415375,0.0
2018-08-16,0.003160959683829809,0.00711215928861707,0.00711215928861707,0.0,0.00711215928861707,0.0,0.0,0.00711215928861707,0.0,0.00711215928861707,0.0
2018-08-17,0.0014265723703301406,0.0032097878332428163,0.0032097878332428163,0.0,0.0032097878332428163,0.0,0.0,0.0032097878332428163,0.0,0.0032097878332428163,0.0
2018-08-20,0.0013800350638012216,0.0031050788935527486,0.0031050788935527486,0.0,0.0031050788935527486,0.0,0.0,0.0031050788935527486,0.0,0.0031050788935527486,0.0
2018-08-21,0.0013402422958910007,0.0030155451657547516,0.0030155451657547516,0.0,0.0030155451657547516,0.0,0.0,0.0030155451657547516,0.0,0.0030155451657547516,0.0
2018-08-22,0.0009292826261012503,0.0020908859087278133,0.0020908859087278133,0.0,0.0020908859087278133,0.0,0.0,0.0020908859087278133,0.0,0.0020908859087278133,0.0
2018-08-23,-0.0010588738162406674,-0.0023824660865415016,-0.0023824660865415016,0.0,-0.0023824660865415016,0.0,0.0,-0.0023824660865415016,0.0,-0.0023824660865415016,0.0
2018-08-24,0.003165435025467447,0.007122228807301756,0.007122228807301756,0.0,0.007122228807301756,0.0,0.0,0.007122228807301756,0.0,0.007122228807301756,0.0
2018-08-27,0.002744631942643178,0.006175421870947151,0.006175421870947151,0.0,0.006175421870947151,0.0,0.0,0.006175421870947151,0.0,0.006175421870947151,0.0
2018-08-28,-0.0006163935595949028,-0.0013868855090885313,-0.0013868855090885313,0.0,-0.0013868855090885313,0.0,0.0,-0.0013868855090885313,0.0,-0.0013868855090885313,0.0
2018-08-29,0.0022103442295328887,0.004973274516449,0.004973274516449,0.0,0.004973274516449,0.0,0.0,0.004973274516449,0.0,0.004973274516449,0.0
2018-08-30,-0.0012761322331694717,-0.002871297524631311,-0.002871297524631311,0.0,-0.002871297524631311,0.0,0.0,-0.002871297524631311,0.0,-0.002871297524631311,0.0
2018-08-31,-0.0003167371556871116,-0.0007126586002960012,-0.0007126586002960012,0.0,-0.0007126586002960012,0.0,0.0,-0.0007126586002960012,0.0,-0.0007126586002960012,0.0
2018-09-04,-0.001370248713752225,-0.003083059605942506,-0.003083059605942506,0.0,-0.003083059605942506,0.0,0.0,-0.003083059605942506,0.0,-0.003083059605942506,0.0
2018-09-05,-0.001149465453012234,-0.0025862972692775265,-0.0025862972692775265,0.0,-0.0025862972692775265,0.0,0.0,-0.0025862972692775265,0.0,-0.0025862972692775265,0.0
2018-09-06,-0.0018645878358117941,-0.004195322630576537,-0.004195322630576537,0.0,-0.004195322630576537,0.0,0.0,-0.004195322630576537,0.0,-0.004195322630576537,0.0
2018-09-07,-0.0010439481640992683,-0.0023488833692233537,-0.0023488833692233537,0.0,-0.0023488833692233537,0.0,0.0,-0.0023488833692233537,0.0,-0.0023488833692233537,0.0
2018-09-10,0.0002699618999654035,0.0006074142749221579,0.0006074142749221579,0.0,0.0006074142749221579,0.0,0.0,0.0006074142749221579,0.0,0.0006074142749221579,0.0
2018-09-11,0.0012475891509719566,0.0028070755896869026,0.0028070755896869026,0.0,0.0028070755896869026,0.0,0.0,0.0028070755896869026,0.0,0.0028070755896869026,0.0
2018-09-12,0.00014714266181946477,0.00033107098909379573,0.00033107098909379573,0.0,0.00033107098909379573,0.0,0.0,0.00033107098909379573,0.0,0.00033107098909379573,0.0
2018-09-13,0.0019446930876345686,0.004375559447177779,0.004375559447177779,0.0,0.004375559447177779,0.0,0.0,0.004375559447177779,0.0,0.004375559447177779,0.0
2018-09-14,-4.871065818440693e-05,-0.0001095989809149156,-0.0001095989809149156,0.0,-0.0001095989809149156,0.0,0.0,-0.0001095989809149156,0.0,-0.0001095989809149156,0.0
2018-09-17,-0.002105969971659268,-0.004738432436233353,-0.004738432436233353,0.0,-0.004738432436233353,0.0,0.0,-0.004738432436233353,0.0,-0.004738432436233353,0.0
2018-09-18,0.0016461914787972297,0.0037039308272937667,0.0037039308272937667,0.0,0.0037039308272937667,0.0,0.0,0.0037039308272937667,0.0,0.0037039308272937667,0.0
2018-09-19,0.0007305679414119107,0.001643777868176799,0.001643777868176799,0.0,0.001643777868176799,0.0,0.0,0.001643777868176799,0.0,0.001643777868176799,0.0
2018-09-20,0.003418500356306649,0.007691625801689961,0.007691625801689961,0.0,0.007691625801689961,0.0,0.0,0.007691625801689961,0.0,0.007691625801689961,0.0
2018-09-21,-0.0007089282059338576,-0.0015950884633511796,-0.0015950884633511796,0.0,-0.0015950884633511796,0.0,0.0,-0.0015950884633511796,0.0,-0.0015950884633511796,0.0
2018-09-24,-0.0001268303989187104,-0.0002853683975670984,-0.0002853683975670984,0.0,-0.0002853683975670984,0.0,0.0,-0.0002853683975670984,0.0,-0.0002853683975670984,0.0
2018-09-25,-7.945210833327406e-05,-0.00017876724374986662,-0.00017876724374986662,0.0,-0.00017876724374986662,0.0,0.0,-0.00017876724374986662,0.0,-0.00017876724374986662,0.0
2018-09-26,-0.0016193236668130477,-0.0036434782503293574,-0.0036434782503293574,0.0,-0.0036434782503293574,0.0,0.0,-0.0036434782503293574,0.0,-0.0036434782503293574,0.0
2018-09-27,0.0005290144058596921,0.0012345098447084646,0.0012345098447084646,0.0,0.0012345098447084646,0.0,-0.00017690972609663014,0.0012345098447084646,0.0,0.0012345098447084646,0.0
2018-09-28,4.489185199784634e-05,8.08053335961234e-05,8.08053335961234e-05,0.0,8.08053335961234e-05,0.0,8.08053335961234e-05,8.08053335961234e-05,0.0,8.08053335961234e-05,0.0
2018-10-01,0.0010946807864802349,0.001970425415664423,0.001970425415664423,0.0,0.001970425415664423,0.0,0.001970425415664423,0.001970425415664423,0.0,0.001970425415664423,0.0
2018-10-02,0.0003985278084008405,0.0007173500551215129,0.0007173500551215129,0.0,0.0007173500551215129,0.0,0.0007173500551215129,0.0007173500551215129,0.0,0.0007173500551215129,0.0
2018-10-03,0.0003953612122133274,0.0009083951802814405,0.0009083951802814405,-0.0009837249914872559,0.0009083951802814405,0.0,0.0009083951802814405,0.0009083951802814405,0.0,0.0009083951802814405,0.0
2018-10-04,-0.004994588653301962,-0.00790534856159798,-0.00790534856159798,-0.005424555071727765,-0.00790534856159798,0.0,-0.00790534856159798,-0.00790534856159798,0.0,-0.00790534856159798,0.0
2018-10-05,-0.003578440049687404,-0.005876945286689616,-0.005876945286689616,-0.0028212340137385495,-0.005876945286689616,0.0,-0.005876945286689616,-0.005876945286689616,0.0,-0.005876945286689616,0.0
2018-10-08,-0.001756465753075428,-0.0026396136979744854,-0.0026396136979744854,-0.002610123287806421,-0.0026396136979744854,0.0,-0.0026396136979744854,-0.0026396136979744854,0.0,-0.0026396136979744854,0.0
2018-10-09,0.0010456385331496793,0.001658920754014248,0.001658920754014248,0.0011161430282758734,0.001658920754014248,0.0,0.001658920754014248,0.001658920754014248,0.0,0.001658920754014248,0.0
2018-10-10,-0.017565523907903093,-0.026995331472235085,-0.026995331472235085,-0.023113057809952396,-0.026995331472235085,0.0,-0.026995331472235085,-0.026995331472235085,0.0,-0.026995331472235085,0.0
2018-10-11,-0.00906214269409243,-0.014157251505573131,-0.014157251505573131,-0.010773026718966206,-0.014157251505573131,0.0,-0.014157251505573131,-0.014157251505573131,0.0,-0.014157251505573131,0.0
2018-10-12,0.00645858190160893,0.00971150261044934,0.00971150261044934,0.009569724062233664,0.00971150261044934,0.0,0.00971150261044934,0.00971150261044934,0.0,0.00971150261044934,0.0
2018-10-15,-0.00315963559836198,-0.004774633560752972,-0.004774633560752972,-0.004563552581492958,-0.004774633560752972,0.0,-0.004774633560752972,-0.004774633560752972,0.0,-0.004774633560752972,0.0
2018-10-16,0.012247767382609064,0.018518929775282487,0.018518929775282487,0.01763525756706912,0.018518929775282487,0.0,0.018518929775282487,0.018518929775282487,0.0,0.018518929775282487,0.0
2018-10-17,-0.0005824885135303191,-0.0008945245453763739,-0.0008945245453763739,-0.000691441210290511,-0.0008945245453763739,0.0,-0.0009728572299768645,-0.0008945245453763739,0.0,-0.0008945245453763739,0.0
2018-10-18,-0.0053758645105278086,-0.01209569514868757,-0.01209569514868757,0.0,-0.01209569514868757,0.0,0.0,-0.01209569514868757,0.0,-0.01209569514868757,0.0
2018-10-19,-0.0011091894359438964,-0.0024956762308737668,-0.0024956762308737668,0.0,-0.0024956762308737668,0.0,0.0,-0.0024956762308737668,0.0,-0.0024956762308737668,0.0
2018-10-22,-0.0019195177979734776,-0.0042762927745469085,-0.0042762927745469085,0.0,-0.0042762927745469085,0.0,0.0,-0.004446781858120574,0.0,-0.0042762927745469085,0.0
2018-10-23,-0.003067775524632131,-0.005751289407196292,-0.005751289407196292,0.0,-0.005751289407196292,0.0,0.0,-0.010356111500100306,0.0,-0.005751289407196292,0.0
2018-10-24,-0.012058977572720604,-0.02702027020744956,-0.02702027020744956,0.0,-0.02702027020744956,0.0,0.0,-0.027469987532136763,0.0,-0.02702027020744956,0.0
2018-10-25,0.007165362020316745,0.015961795451907658,0.015961795451907658,0.0,0.015961795451907658,0.0,0.0,0.01660287182712772,0.0,0.015961795451907658,0.0
2018-10-26,-0.00515515093662598,-0.011121428956960699,-0.011121428956960699,0.0,-0.011121428956960699,0.0,0.0,-0.013032071558751723,0.0,-0.011121428956960699,0.0
2018-10-29,-0.0037655735222133354,-0.00704852429232874,-0.00704852429232874,0.0,-0.00704852429232874,0.0,0.0,-0.0127445888229338,0.0,-0.00704852429232874,0.0
2018-10-30,0.005399600851660203,0.012245488815658035,0.012245488815658035,0.0,0.012245488815658035,0.0,0.0,0.01185994121796773,0.0,0.012245488815658035,0.0
2018-10-31,0.003443410827204163,0.008067910544327872,0.008067910544327872,0.0,0.008067910544327872,0.0,0.0,0.006786965811853851,0.0,0.008067910544327872,0.0
2018-11-01,0.0037582684398650276,0.010815477569020283,0.010815477569020283,0.0,0.010815477569020283,0.0,0.0,0.0013779832517244017,0.0,0.010815477569020283,0.0
2018-11-02,-0.0022951085481168632,-0.006448534184050181,-0.006448534184050181,0.0,-0.006448534184050181,0.0,0.0,-0.0013103743809012246,0.0,-0.006448534184050181,0.0
2018-11-05,0.0017280040686374787,0.0052266777534774825,0.0052266777534774825,0.0,0.0052266777534774825,0.0,0.0,-0.00012799664269513844,0.0,0.0052266777534774825,0.0
2018-11-06,0.0015972613918991743,0.004351271650500488,0.004351271650500488,0.0,0.004351271650500488,0.0,0.0,0.001321537575591103,0.0,0.004351271650500488,0.0
2018-11-07,0.00629553974633916,0.018173087011196232,0.018173087011196232,0.0,0.018173087011196232,0.0,0.0,0.002140596683463747,0.0,0.018173087011196232,0.0
2018-11-08,-0.001017012204317844,-0.0030928276150772537,-0.0030928276150772537,0.0,-0.0030928276150772537,0.0,0.0,0.00012537300637116555,0.0,-0.0030928276150772537,0.0
2018-11-09,-0.0029232329895496813,-0.008767480072022526,-0.008767480072022526,0.0,-0.008767480072022526,0.0,0.0,-6.656689879558364e-06,0.0,-0.008767480072022526,0.0
2018-11-12,-0.007533069434113822,-0.018136317331697092,-0.018136317331697092,0.0,-0.018136317331697092,0.0,0.0,-0.01338867291193313,0.0,-0.018136317331697092,0.0
2018-11-13,-0.0014527809228552567,-0.003213845455687414,-0.003213845455687414,0.0,-0.003213845455687414,0.0,0.0,-0.0034334919386350693,0.0,-0.003213845455687414,0.0
2018-11-14,-0.0039473305896685195,-0.005655831433261149,-0.005655831433261149,0.0,-0.005655831433261149,-0.012841263403023084,0.0,-0.005717217604210146,0.0,-0.005655831433261149,0.0
2018-11-15,0.006419536742760656,0.011545948980288833,0.011545948980288833,0.0,0.011545948980288833,0.011545948980288833,0.0,0.011592034763690574,0.0,0.011545948980288833,0.0
2018-11-16,0.0014098270994708792,0.004183229080452167,0.004183229080452167,0.0,0.004183229080452167,0.004183229080452167,0.0,-0.004044472426570756,0.0,0.004183229080452167,0.0
2018-11-19,-0.005974898206288737,-0.013443520964149658,-0.013443520964149658,0.0,-0.013443520964149658,-0.013443520964149658,0.0,0.0,0.0,-0.013443520964149658,0.0
2018-11-20,-0.007388599761054513,-0.01624182843888906,-0.01624182843888906,0.0,-0.01624182843888906,-0.01624182843888906,0.0,-0.0015300840939343808,0.0,-0.01624182843888906,0.0
2018-11-21,0.0023239867375344473,0.004501328707691821,0.004501328707691821,0.0,0.004501328707691821,0.004501328707691821,0.0,0.002910565807042742,0.0,0.004501328707691821,0.0
2018-11-23,-0.0038644554294388453,-0.006916787473573572,-0.006916787473573572,0.0,-0.006916787473573572,-0.006916787473573572,0.0,-0.007112948970655319,0.0,-0.006916787473573572,0.0
2018-11-26,0.007133135009102297,0.013134361524956006,0.013134361524956006,0.0,0.013134361524956006,0.013134361524956006,0.0,0.011660768982096647,0.0,0.013134361524956006,0.0
2018-11-27,-0.00011749849787648553,0.000848160822966626,0.000848160822966626,0.0,0.000848160822966626,0.000848160822966626,0.0,-0.004450129772754874,0.0,0.000848160822966626,0.0
2018-11-28,0.009319025426772239,0.01998507770179475,0.01998507770179475,0.0,0.01998507770179475,0.01998507770179475,0.0,0.003930918033771147,0.0,0.01998507770179475,0.0
2018-11-29,-0.0004687440251275704,-0.0010436746847117817,-0.0010436746847117817,0.0,-0.0010436746847117817,-0.0010436746847117817,0.0,-4.3997487301006275e-05,0.0,-0.0010436746847117817,0.0
2018-11-30,0.002762209621794565,0.00613831262402611,0.00613831262402611,0.0,0.00613831262402611,0.00613831262402611,0.0,0.0003066361000466422,0.0,0.00613831262402611,0.0
2018-12-03,0.005037176766461718,0.011333647724538865,0.011333647724538865,0.0,0.011333647724538865,0.011333647724538865,0.0,0.0,0.0,0.011333647724538865,0.0
2018-12-04,-0.014046468780395584,-0.025379731443998188,-0.025379731443998188,0.0,-0.025379731443998188,-0.025379731443998188,-0.02489929324756752,0.0,0.0,-0.025379731443998188,0.0
2018-12-06,-0.003009235228842419,-0.003115321879307009,-0.003115321879307009,0.0,-0.003115321879307009,-0.014445370978257576,-0.014445370978257576,0.011153590534854407,0.0,-0.003115321879307009,0.0
2018-12-07,-0.00992866228101514,-0.01750232957372049,-0.01750232957372049,0.0,-0.01750232957372049,-0.01835144771891386,0.0,-0.018499524089060925,0.0,-0.01750232957372049,0.0
2018-12-10,-1.561737336020435e-05,-1.4790674791487213e-05,-1.4790674791487213e-05,0.0,-1.4790674791487213e-05,-1.4790674791487213e-05,0.0,-8.13936610758903e-05,0.0,-1.4790674791487213e-05,0.0
2018-12-11,-0.0003126695150999429,-0.000589969340136498,-0.000589969340136498,0.0,-0.000589969340136498,-0.000589969340136498,0.0,-0.0004541482753534942,0.0,-0.000589969340136498,0.0
2018-12-12,0.0030745153203277217,0.005381521374741493,0.005381521374741493,0.0,0.005381521374741493,0.005381521374741493,0.0,0.006144552383983526,0.0,0.005381521374741493,0.0
2018-12-13,-0.000761132982208062,-0.0018677791212106554,-0.0018677791212106554,0.0,-0.0018677791212106554,-0.0018677791212106554,0.0,0.0006209196449700638,0.0,-0.0018677791212106554,0.0
2018-12-14,-0.007710237244979639,-0.016893554282914357,-0.016893554282914357,0.0,-0.016893554282914357,-0.016893554282914357,0.0,-0.0018179180731593303,0.0,-0.016893554282914357,0.0
2018-12-17,-0.007627605819321818,-0.014168873961377105,-0.014168873961377105,0.0,-0.014168873961377105,-0.014168873961377105,0.0,-0.011972956528387934,0.0,-0.014168873961377105,0.0
2018-12-18,-0.0007630223938489889,-0.0011927673594236189,-0.0011927673594236189,0.0,-0.0011927673594236189,-0.0011927673594236189,0.0,-0.0020961321069464245,0.0,-0.0011927673594236189,0.0
2018-12-19,-0.007134709605291504,-0.012700135236846499,-0.012700135236846499,0.0,-0.012700135236846499,-0.012700135236846499,0.0,-0.013411845500237541,0.0,-0.012700135236846499,0.0
2018-12-20,-0.006985604688511117,-0.012350269094688593,-0.012350269094688593,0.0,-0.012350269094688593,-0.012350269094688593,0.0,-0.013469365817845691,0.0,-0.012350269094688593,0.0
2018-12-21,-0.00955967171714851,-0.017279551520054382,-0.017279551520054382,0.0,-0.017279551520054382,-0.017279551520054382,0.0,-0.016918839374119053,0.0,-0.017279551520054382,0.0
2018-12-24,-0.011002291071683629,-0.019358332649868047,-0.0199952919593528,0.0,-0.019358332649868047,-0.019358332649868047,0.0,-0.020950329736195716,0.0,-0.019358332649868047,0.0
2018-12-26,0.022941670043526926,0.04074641393587828,0.042117894292053745,0.0,0.04074641393587828,0.04074641393587828,0.0,0.042117894292053745,0.0,0.04074641393587828,0.0
2018-12-27,0.0014488872822451101,0.0070134492298954635,0.005180689977077701,0.0,0.0070134492298954635,0.0070134492298954635,0.0,-0.013181052126558101,0.0,0.0070134492298954635,0.0
2018-12-28,9.198571043304138e-05,9.821016562954199e-05,-0.00030819098308887405,0.0,9.821016562954199e-05,9.821016562954199e-05,0.0,0.0008414318800976206,0.0,9.821016562954199e-05,0.0
2018-12-31,0.003559187245861834,0.00814250480760872,0.007985555819307044,0.0,0.00814250480760872,0.00814250480760872,0.0,-0.00038038502937669526,0.0,0.00814250480760872,0.0
2019-01-02,0.0013683149449124743,0.003095203848950934,0.0030292229573594676,0.0,0.003095203848950934,0.003095203848950934,0.0,0.0,0.0,0.003095203848950934,0.0
2019-01-03,-0.00859648092501545,-0.018561122417062703,-0.019467739459443346,0.0,-0.018561122417062703,-0.018561122417062703,0.0,-0.0022172216145075916,0.0,-0.018561122417062703,0.0
2019-01-04,0.011889360324048283,0.026871277524243276,0.027816557789788744,0.0,0.009831107472365219,0.026871277524243276,0.0,0.015614022605794031,0.0,0.026871277524243276,0.0
2019-01-07,0.0021515163783682473,0.007128949705634513,0.0070778542481299,0.0,-0.0010546157882929674,0.007128949705634513,0.0,-0.0009174904657917371,0.0,0.007128949705634513,0.0
2019-01-08,0.0020343502899108344,0.006401459920844188,0.006935147395881014,0.0,-0.0005336874750368259,0.006401459920844188,0.0,-0.0008952271533350542,0.0,0.006401459920844188,0.0
2019-01-09,0.002333800235741222,0.006834298361415891,0.006348932285033105,0.0,0.0004853660763827872,0.006834298361415891,0.0,0.0005013070374233264,0.0,0.006834298361415891,0.0
2019-01-10,0.00021916553029430373,0.0013433819777236345,0.0014807593527912388,0.0,-0.001232018044849892,0.0013433819777236345,0.0,-0.0009630154907398824,0.0,0.0013433819777236345,0.0
2019-01-11,5.4704838323260674e-05,8.68638051280124e-06,-0.0004772484377313146,0.0,0.0005628356701937065,8.68638051280124e-06,0.0,0.0003893835514213517,0.0,8.68638051280124e-06,0.0
2019-01-14,-0.0013765133076014653,-0.004596075074393913,-0.003224982124427833,0.0,-0.00013396429295713385,-0.004596075074393913,0.0,0.0001624767977596031,0.0,-0.004596075074393913,0.0
2019-01-15,0.0033740763919419873,0.008669466417686122,0.00800752781563907,0.0,-0.0005372329433703694,0.008669466417686122,0.0,0.00555745981983694,0.0,0.008669466417686122,0.0
2019-01-16,0.001293653057601186,0.003809793275002904,0.002772732335121908,0.0,0.0004199580893876176,0.003809793275002904,0.0,0.0008306005438953434,0.0,0.003809793275002904,0.0
2019-01-17,0.0018859510961412892,0.006144850475183039,0.005011008422601526,0.0,-0.00010590859112781237,0.006144850475183039,0.0,-0.00022124091656818833,0.0,0.006144850475183039,0.0
2019-01-18,0.0026465702089685694,0.00980260052173263,0.006154905329952887,0.0,-0.0014168077613930575,0.00980260052173263,0.0,-0.0005241667313079623,0.0,0.00980260052173263,0.0
2019-01-22,-0.002498416568781048,-0.010839999376846677,-0.002688759314790845,0.0,0.00103281375618125,-0.010839999376846677,0.0,0.0008501951932735174,0.0,-0.010839999376846677,0.0
2019-01-23,-0.0007373708890382987,0.00013258164862742783,-0.0030964322116525,0.0,-0.0001815098441162233,0.00013258164862742783,0.0,-0.0036235592428308207,0.0,0.00013258164862742783,0.0
2019-01-24,0.0010361423038289575,0.0024677377069112437,0.0022345316882172563,0.0,0.0004999319905312661,0.0024677377069112437,0.0,0.0016553416418896073,0.0,0.0024677377069112437,0.0
2019-01-25,0.003354249174641914,0.008716109814641281,0.007967306137878948,0.0,0.000982792195226323,0.008716109814641281,0.0,0.0038059246093893884,0.0,0.008716109814641281,0.0
2019-01-28,-0.0024546068711530076,-0.006986081004921885,-0.007689446539758826,0.0,0.0002504426595027476,-0.006986081004921885,0.0,-0.000680295950277221,0.0,-0.006986081004921885,0.0
2019-01-29,-0.00016267746109066314,-0.0006297403371600563,-0.0006411231503420156,0.0,0.001066247012006216,-0.0006297403371600563,0.0,-0.0006297403371600563,0.0,-0.0006297403371600563,0.0
2019-01-30,0.006012367668560056,0.014005442981624205,0.014005442981624205,0.0,0.0004982789246018582,0.014005442981624205,0.0,0.011596701147566025,0.0,0.014005442981624205,0.0
2019-01-31,0.0025707948786302857,0.0057500627211475195,0.0057500627211475195,0.0,0.00090816792632753,0.0057500627211475195,0.0,0.00497879781790248,0.0,0.0057500627211475195,0.0
2019-02-01,0.000749305691571082,0.001887033405226879,0.001887033405226879,0.0,-0.0008043823967677777,0.001887033405226879,0.0,0.001887033405226879,0.0,0.001887033405226879,0.0
2019-02-04,0.0006399432825105219,0.004965178864299702,0.004965178864299702,0.0,-0.0008801689952368408,-0.0016619731599726295,0.0,-0.0016287260307952355,0.0,0.004965178864299702,0.0
2019-02-05,0.0009761563810431904,0.003358728285110313,0.003358728285110313,0.0,0.0007149090256234781,0.0009543237478003786,0.0,0.00039871808574423186,0.0,0.003358728285110313,0.0
2019-02-06,-0.0005884302431501695,-0.0012788750140230952,-0.001548522932814833,0.0,-0.0006262941151996438,-0.0012788750140230952,0.0,-0.0005633051122908572,0.0,-0.0012788750140230952,0.0
2019-02-07,-0.003601497976112319,-0.008672230791950553,-0.007300785256547948,0.0,0.0009039958473887388,-0.008672230791950553,0.0,-0.008672230791950553,0.0,-0.008672230791950553,0.0
2019-02-08,0.0005299494729267347,0.0008054630100611471,0.0016705486832313764,0.0,0.0008066544456758473,0.0008054630100611471,0.0,0.0006814161073110947,0.0,0.0008054630100611471,0.0
2019-02-11,0.00010663552203400181,0.0003819152328704889,0.0003819152328704889,0.0,-0.0008834134773923585,0.0003819152328704889,0.0,0.0006973874770869082,0.0,0.0003819152328704889,0.0
2019-02-12,0.004570193003159405,0.010836285146972857,0.010836285146972857,0.0,-4.4018595502492984e-05,0.010836285146972857,0.0,0.008666900183018567,0.0,0.010836285146972857,0.0
2019-02-13,0.0008680352311792538,0.002268336639649504,0.002268336639649504,0.0,-0.0007740157967648486,0.002268336639649504,0.0,0.001781322958429621,0.0,0.002268336639649504,0.0
2019-02-14,0.00038480084402851497,0.00054557943839596,0.00054557943839596,0.0,0.001129098750754265,0.00054557943839596,0.0,0.0006973705303144895,0.0,0.00054557943839596,0.0
2019-02-15,0.0034602427238325456,0.011545633820189938,0.011545633820189938,0.0,0.0007524698933221829,0.005907704878910003,0.0,0.0013907421018808485,0.0,0.011545633820189938,0.0
2019-02-19,0.0011902084041685418,0.0027300672177470787,0.0027300672177470787,0.0,0.0017765700669317263,0.0,0.0,0.003475171135090993,0.0,0.0027300672177470787,0.0
2019-02-20,0.00045688723773078043,0.0015239306881867144,0.0015239306881867144,0.0,-0.0004598069249831194,0.0,0.0,0.0015239306881867144,0.0,0.0015239306881867144,0.0
2019-02-21,-0.00236010760368668,-0.006405475352318768,-0.006405475352318768,0.0,-0.0020245423762238145,0.0,0.0,-0.006405475352318768,0.0,-0.006405475352318768,0.0
2019-02-22,0.0021555869396212924,0.006148209801681103,0.006148209801681103,0.0,0.0009556530515483219,0.0,0.0,0.006148209801681103,0.0,0.006148209801681103,0.0
2019-02-25,0.00018842822250361526,0.0016075025148091782,0.0016075025148091782,0.0,-0.00039971489780891154,0.0,-0.0027269386440860856,0.0016075025148091782,0.0,0.0016075025148091782,0.0
2019-02-26,-0.0004433526872729638,-0.000893152864646607,-0.000893152864646607,0.0,0.0006624824247349004,0.0,-0.000893152864646607,-0.0019731980162517536,0.0,-0.000893152864646607,0.0
2019-02-27,-0.0008432108559193901,-0.0018707807646307305,-0.0018707807646307305,0.00019674973021502896,-0.0018416179688999779,0.0,-0.0018707807646307305,-0.0003316871706973701,0.0,-0.0018707807646307305,0.0
2019-02-28,-0.0019174263252065445,-0.0037285700673383216,-0.0037285700673383216,-0.003087230354328152,-0.0009018077992036466,0.0,-0.0037285700673383216,-0.002082088571312135,0.0,-0.0037285700673383216,0.0
2019-03-01,0.0016390367455533855,0.004638052888916377,0.004638052888916377,0.002626768585916961,-0.0026260684603904515,0.0,0.004638052888916377,0.0008364719177048286,0.0,0.004638052888916377,0.0
2019-03-04,-0.0006097346760130938,-0.003741188801385109,-0.003741188801385109,0.002011587445532137,0.0005211950559300238,0.0,-0.003741188801385109,0.0032031718185753233,0.0,-0.003741188801385109,0.0
2019-03-05,-0.000802870282489274,-0.0012786979975371927,-0.0012786979975371927,-0.0016061336882780552,0.0003406637214400599,0.0,-0.0012786979975371927,-0.002124268582953892,0.0,-0.0012786979975371927,0.0
2019-03-06,-0.004453360982955738,-0.00726175245081746,-0.00726175245081746,-0.0059341969048407935,0.0002768191758373395,-0.006841848747898382,-0.00726175245081746,-0.005795765017247411,0.0,-0.00726175245081746,0.0
2019-03-07,-0.004264259731064699,-0.006535874913391393,-0.006535874913391393,-0.005707952314030618,0.0005662438238640433,-0.006535874913391393,-0.006535874913391393,-0.0070931294358501425,0.0,-0.006535874913391393,0.0
2019-03-08,-0.0012769752014368213,-0.001039711743398264,-0.001039711743398264,-0.0013093576727268186,0.0015158281805484285,-0.007119127493973809,-0.001039711743398264,-0.0014609845965844026,0.0,-0.001039711743398264,0.0
2019-03-11,0.006004875988154961,0.011191970274855911,0.011191970274855911,0.009586373768011924,-0.0007845486478686659,0.0,0.011191970274855911,0.011666147948683658,0.0,0.011191970274855911,0.0
2019-03-12,0.0017366728257642147,0.004129089446442647,0.004129089446442647,0.001125391878169224,0.0013066182249084513,0.0,0.004129089446442647,0.0008107769894723172,0.0,0.004129089446442647,0.0
2019-03-13,0.002246662448208483,0.006327741103955675,0.006327741103955675,0.0005773863659732648,0.0005108806351162287,0.0,0.006327741103955675,0.0001484717209198294,0.0,0.006327741103955675,0.0
2019-03-14,-0.0008531772805864515,-0.0019145927107259708,-0.0019145927107259708,0.0,-0.0018770492719140442,0.0,-0.0019145927107259708,-5.776812118610808e-05,0.0,-0.0019145927107259708,0.0
2019-03-15,0.0019927158555476934,0.005660138818317328,0.005660138818317328,0.0,0.0011189098866418057,0.0,0.005660138818317328,-0.00016488364166454826,0.0,0.005660138818317328,0.0
2019-03-18,0.0013912425638535478,0.004167088565156074,0.004167088565156074,0.0,-5.540904914669298e-07,0.0,0.004167088565156074,2.0471469705174438e-05,0.0,0.004167088565156074,0.0
2019-03-19,-5.6127922324738455e-05,-0.0001865293593755757,-0.0001865293593755757,0.0,5.443677720408102e-05,0.0,-0.0001865293593755757,0.0,0.0,-0.0001865293593755757,0.0
2019-03-20,-0.0004311626527821947,-0.0018062701784146928,-0.0018062701784146928,0.0,0.001694443010218416,0.0,-0.0018062701784146928,-0.00015609635001408994,0.0,-0.0018062701784146928,0.0
2019-03-21,0.003793118571252951,0.008012467935462253,0.008012467935462253,0.0,-0.00018256463883331575,0.0,0.008012467935462253,0.010283227973723118,0.0,0.008012467935462253,0.0
2019-03-22,-0.006281907258922898,-0.017396583826367017,-0.017396583826367017,0.0,0.0017879447243855263,0.0,-0.017396583826367017,-0.006135358575590555,0.0,-0.017396583826367017,0.0
2019-03-25,2.9620311785463476e-05,0.00026522298659028556,0.00026522298659028556,0.0,0.0009264996104983547,0.0,-0.0014600812585171762,0.0002697184809074216,0.0,0.00026522298659028556,0.0
2019-03-26,0.002031972453511621,0.006095917360534863,0.006095917360534863,0.0,-0.0005682714907070952,0.0,0.0,0.006664188851241959,0.0,0.006095917360534863,0.0
2019-03-27,-0.0008713910283519335,-0.003836800862040046,-0.003836800862040046,0.0,0.00039729661894138957,0.0,0.0,-0.0005662141500286988,0.0,-0.003836800862040046,0.0
2019-03-28,0.000650744515006897,0.0027240753520713645,0.0027240753520713645,0.0,-0.001066400624369812,0.0,0.0,0.0014749505552891563,0.0,0.0027240753520713645,0.0
2019-03-29,0.001537144910713855,0.004795317130509546,0.004795317130509546,0.0,-4.583140558223065e-06,0.0,-0.0014994097083365632,0.005747662784300389,0.0,0.004795317130509546,0.0
2019-04-01,0.0032658596506241946,0.008329301923289978,0.008329301923289978,0.0,-0.0018138367023280643,0.0016909282289310767,0.008329301923289978,0.001145883101282652,0.0016909282289310767,0.008329301923289978,0.0016909282289310767
2019-04-02,-1.6343115714587444e-05,-0.0001864909252103697,-0.0001864909252103697,0.0,0.0005552258914100827,-0.0001864909252103697,-0.0001864909252103697,0.0004166316184208485,-0.0001864909252103697,-0.0001864909252103697,-0.0001864909252103697
2019-04-03,0.000280758231008682,0.00037590150199048324,0.00037590150199048324,0.0,-0.0010143437664785649,0.00037590150199048324,0.00037590150199048324,-0.0011216274956974525,0.0027832878313017394,0.00037590150199048324,0.00037590150199048324
2019-04-04,0.002005364547367662,0.0027459434302620767,0.0027459434302620767,0.0,0.000537901564536969,0.0027459434302620767,0.0027459434302620767,0.0014456781815200604,0.0023349840289415445,0.0027459434302620767,0.0027459434302620767
2019-04-05,0.004066211608166167,0.005181732897696722,0.005181732897696722,0.002209241603884937,2.2653300131270092e-05,0.005181732897696722,0.005181732897696722,0.003273612183298957,0.005181732897696722,0.005181732897696722,0.005181732897696722
2019-04-08,0.0005614988996826381,0.0008062356853735686,0.0008062356853735686,-0.0006699227939474639,7.976309347622612e-05,0.0008062356853735686,0.0008062356853735686,0.0008062356853735686,0.0008062356853735686,0.0008062356853735686,0.0008062356853735686
2019-04-09,-0.0035109979299004553,-0.0046789256254013865,-0.0046789256254013865,0.0003155460909218144,0.0008379519177837969,-0.0046789256254013865,-0.0046789256254013865,-0.0046789256254013865,-0.0046789256254013865,-0.0046789256254013865,-0.0046789256254013865
2019-04-10,0.0033775037486371185,0.004229286141948152,0.004229286141948152,0.00024198309486229698,0.0005505476492347006,0.004229286141948152,0.004229286141948152,0.004229286141948152,0.004229286141948152,0.004229286141948152,0.004229286141948152
2019-04-11,-0.0025923178383439496,-0.003019000983906428,-0.003019000983906428,-0.00033145539155642333,-0.0018663982661941247,-0.003019000983906428,-0.003019000983906428,-0.003019000983906428,-0.003019000983906428,-0.003019000983906428,-0.003019000983906428
2019-04-12,0.002684555896356322,0.0035673856547132734,0.0035673856547132734,0.0,-0.0008106965157860136,0.0035673856547132734,0.0035673856547132734,0.0035673856547132734,0.0035673856547132734,0.0035673856547132734,0.0035673856547132734
2019-04-15,-0.0009759717084147862,-0.001263958135614507,-0.001263958135614507,0.0,6.396157356847176e-05,-0.001263958135614507,-0.001263958135614507,-0.001263958135614507,-0.001263958135614507,-0.001263958135614507,-0.001263958135614507
2019-04-16,-0.00023440738174363375,-8.388112827837358e-05,-8.388112827837358e-05,0.0,-0.0015224985377440881,-8.388112827837358e-05,-8.388112827837358e-05,-8.388112827837358e-05,-8.388112827837358e-05,-8.388112827837358e-05,-8.388112827837358e-05
2019-04-17,-0.0024713653617802764,-0.003156047004343765,-0.003156047004343765,0.0,-0.0001499592256161364,-0.003156047004343765,-0.003156047004343765,-0.003156047004343765,-0.003156047004343765,-0.003156047004343765,-0.003156047004343765
2019-04-18,0.000508034748571636,0.0007590733909655922,0.0007590733909655922,-0.0013395133929648417,0.0005983123933504198,0.0007590733909655922,0.0007590733909655922,0.0007590733909655922,0.0007590733909655922,0.0007590733909655922,0.0007590733909655922
2019-04-22,0.0013304097803647818,0.0015513006417466556,0.0015513006417466556,0.0015946330602457982,-0.0004800495291893525,0.0015513006417466556,0.0015513006417466556,0.0015513006417466556,0.0015513006417466556,0.0015513006417466556,0.0015513006417466556
2019-04-23,0.004405532857256393,0.007350271181049228,0.007350271181049228,0.0029957625725223424,4.844097573220019e-06,-5.108343001708482e-05,0.007350271181049228,0.007350271181049228,-5.108343001708482e-05,0.007350271181049228,0.007350271181049228
2019-04-24,-0.00101281353789765,-0.0012667819650593382,-0.0012667819650593382,0.00025741352496709834,0.0011072554387316913,-0.0020730404897404743,-0.0012667819650593382,-0.0012667819650593382,-0.0020730404897404743,-0.0012667819650593382,-0.0012667819650593382
2019-04-25,-0.00013966485648253906,-0.00019310447001601448,-0.00019310447001601448,0.00015741678215992484,-6.26692003906748e-05,-0.00019310447001601448,-0.00019310447001601448,-0.00019310447001601448,-0.00019310447001601448,-0.00019310447001601448,-0.00019310447001601448
2019-04-26,0.002496839088909222,0.0030668072084882535,0.0030668072084882535,0.0,0.001003901340765223,0.0030668072084882535,0.0030668072084882535,0.0030668072084882535,0.0030668072084882535,0.0030668072084882535,0.0030668072084882535
2019-04-29,0.0003087369888597566,0.0005516609377340332,0.0005516609377340332,0.0,-0.0010829936644004222,0.0005516609377340332,0.0005516609377340332,0.0005516609377340332,0.0005516609377340332,0.0005516609377340332,0.0005516609377340332
2019-04-30,0.0004451296467178802,0.00045540520463739355,0.00045540520463739355,0.0,0.0008183303879991666,0.00045540520463739355,0.00045540520463739355,0.00045540520463739355,0.00045540520463739355,0.00045540520463739355,0.00045540520463739355
2019-05-01,-0.0038669366098956453,-0.006136537947601728,-0.006136537947601728,0.0,-0.0002475303069559232,-0.006136537947601728,-0.006136537947601728,-0.006136537947601728,-0.006136537947601728,-0.006136537947601728,0.002264328503505486
2019-05-02,-0.0019861781897482483,-0.0032552440315103625,-0.0032552440315103625,0.0,-0.0008582913308125995,-0.0024171934274635153,-0.0024171934274635153,-0.0032552440315103625,-0.0024171934274635153,-0.0032552440315103625,0.0
2019-05-03,0.0033267239584779604,0.009688226243013043,0.009688226243013043,0.0,0.0008758368972625163,0.0,0.0,0.009688226243013043,0.0,0.009688226243013043,0.0
2019-05-06,0.0007166057182881695,-0.00161529669118744,-0.00161529669118744,0.0,0.00040751970663721604,0.0,0.010887821831518629,-0.00161529669118744,0.0,-0.00161529669118744,0.0
2019-05-07,-0.005604827196317665,-0.012885171070331446,-0.012885171070331446,0.0,0.001097239514466808,0.0,-0.012885171070331446,-0.012885171070331446,0.0,-0.012885171070331446,0.0
2019-05-08,-0.0007992669185558421,-0.0016284296227328965,-0.0016284296227328965,0.0,-0.000679683776070994,0.0,-0.0016284296227328965,-0.0016284296227328965,0.0,-0.0016284296227328965,0.0
2019-05-09,-0.0014339436032800535,-0.0021372651350260786,-0.0021372651350260786,0.0,0.0006497641781080032,0.0,-0.007143461202550249,-0.0021372651350260786,0.0,-0.0021372651350260786,0.0
2019-05-10,0.0010086705584073702,0.0030081178869805327,0.0030081178869805327,0.0,5.368136472473361e-05,0.0,0.0,0.0030081178869805327,0.0,0.0030081178869805327,0.0
2019-05-13,-0.006505355067415851,-0.020118331338001106,-0.020118331338001106,0.0,0.001806798407260657,0.0,0.0,-0.020118331338001106,0.0,-0.020118331338001106,0.0
2019-05-14,0.0025627495507651223,0.00784341822515966,0.00784341822515966,0.0,-0.0004655087185928775,0.0,0.0,0.00784341822515966,0.0,0.00784341822515966,0.0
2019-05-15,0.0016768260917038045,0.004844783458388802,0.004844783458388802,0.0,0.0005570844501678329,0.0,0.0,0.004844783458388802,0.0,0.004844783458388802,0.0
2019-05-16,0.001759606264171556,0.00562948827535541,0.00562948827535541,0.0,-0.0010520084485222236,0.0,0.0,0.00562948827535541,0.0,0.00562948827535541,0.0
2019-05-17,-0.0022722101047002565,-0.0066549440978147635,-0.0066549440978147635,0.0,-0.00048505864885801665,0.0,0.0,-0.0066549440978147635,0.0,-0.0066549440978147635,0.0
2019-05-20,-0.0017508641222774698,-0.005181061320288593,-0.005181061320288593,0.0,-0.0002145931396314471,0.0,0.0,-0.005181061320288593,0.0,-0.005181061320288593,0.0
2019-05-21,0.0026517161053466296,0.008085548110421647,0.008085548110421647,0.0,-0.0003911993831452798,0.0,0.0,0.008085548110421647,0.0,0.008085548110421647,0.0
2019-05-22,-0.0011661877785569424,-0.0036565203573860395,-0.0036565203573860395,0.0,0.0004738710651456368,0.0,0.0,-0.0036565203573860395,0.0,-0.0036565203573860395,0.0
2019-05-23,-0.0034143548346296537,-0.010875793723789717,-0.010875793723789717,0.0,0.0018981876597022663,0.0,0.0,-0.010875793723789717,0.0,-0.010875793723789717,0.0
2019-05-24,0.0010802035177936297,0.0031761286876753393,0.0031761286876753393,0.0,0.00019344559711664822,0.0,0.0,0.0031761286876753393,0.0,0.0031761286876753393,0.0
2019-05-28,-0.002200575314155278,-0.0067125708553574135,-0.0067125708553574135,0.0,0.00033253473867473905,0.0,0.0,-0.0067125708553574135,0.0,-0.0067125708553574135,0.0
2019-05-29,-0.0017093547530482684,-0.005240102004420289,-0.005240102004420289,0.0,0.0003361132358264518,0.0,0.0,-0.005240102004420289,0.0,-0.005240102004420289,0.0
2019-05-30,0.0007549275092795485,0.0017520083515175865,0.0017520083515175865,0.0,0.0015383225289631764,0.0,0.0,0.0017520083515175865,0.0,0.0017520083515175865,0.0
2019-05-31,-0.0026601412178735135,-0.008846937476966844,-0.008846937476966844,0.0,0.002599541470038913,0.0,0.0,-0.008846937476966844,0.0,-0.008846937476966844,0.0
2019-06-03,0.00041345669738839983,0.0005362976114893225,0.0005362976114893225,0.0,0.0021122174420276306,0.0,0.0,0.0005362976114893225,0.0,0.0005362976114893225,0.0
2019-06-04,0.005870547803063741,0.017981047830687713,0.017981047830687713,0.0,-0.001108213264489477,0.0,0.0,0.017981047830687713,0.0,0.017981047830687713,0.0
2019-06-05,0.0012058174297714004,0.003720599197824359,0.003720599197824359,0.0,-0.0003094407255304743,0.0,0.0,0.003720599197824359,0.0,0.003720599197824359,0.0
2019-06-06,0.0022429256622115146,0.006512321447924241,0.006512321447924241,0.0,0.0006493666161309086,0.0,0.0,0.006512321447924241,0.0,0.006512321447924241,0.0
2019-06-07,0.003246833080102924,0.009264101848695116,0.009264101848695116,0.0,0.0014291921748409652,0.0,0.0,0.009264101848695116,0.0,0.009264101848695116,0.0
2019-06-10,0.0007929357574168744,0.003024338290533157,0.003024338290533157,0.0,-0.0019365930548476018,0.0,0.0,0.003024338290533157,0.0,0.003024338290533157,0.0
2019-06-11,-7.885429311715875e-05,-0.00021711859865822803,-0.00021711859865822803,0.0,-5.833284207974465e-05,0.0,0.0,-0.00021711859865822803,0.0,-0.00021711859865822803,0.0
2019-06-12,-0.0008294201803796696,-0.0026868590940413496,-0.0026868590940413496,0.0,0.0005957956587070212,0.0,0.0,-0.0026868590940413496,0.0,-0.0026868590940413496,0.0
2019-06-13,0.0018149093461742648,0.0051259667298144355,0.0051259667298144355,0.0,0.0009562839261250788,0.0,0.0,0.0051259667298144355,0.0,0.0051259667298144355,0.0
2019-06-14,-0.0008899521427073989,-0.002743208918265072,-0.002743208918265072,0.0,0.0002200574704286251,0.0,0.0,-0.002743208918265072,0.0,-0.002743208918265072,0.0
2019-06-17,0.0006635178661499701,0.0019532940959185894,0.0019532940959185894,0.0,0.00011177850759396258,0.0,0.0,0.0019532940959185894,0.0,0.0019532940959185894,0.0
2019-06-18,0.003926347118187712,0.01144330900496986,0.01144330900496986,0.0,0.0010071970487798287,0.0,0.0,0.01144330900496986,0.0,0.01144330900496986,0.0
2019-06-19,0.0010026108148995403,0.002758077883958765,0.002758077883958765,0.0,0.0007492636822195697,0.0,0.0,0.002758077883958765,0.0,0.002758077883958765,0.0
2019-06-20,0.0038583643343647967,0.01064780119988118,0.01064780119988118,0.0,0.0027818754096396335,0.0,0.0,0.01064780119988118,0.0,0.01064780119988118,0.0
2019-06-21,-0.0004470379371402033,-0.0012133631533646771,-0.001161500159048956,0.0,-0.0004351149684835187,0.0,0.0,-0.0012133631533646771,0.0,-0.0012133631533646771,0.0
2019-06-24,-0.00011390156897680784,-0.0007091647933390677,-0.0018375079619360468,0.0,0.0022307234278229116,0.0,0.0,-0.0007091647933390677,0.0,-0.0007091647933390677,0.0
2019-06-25,-0.0020579066012489603,-0.006888714326364997,-0.005247517577988558,0.0,0.0005037868194779138,0.0,0.0,-0.006888714326364997,0.0,-0.006888714326364997,0.0
2019-06-26,-0.0002804989640989395,-0.0002689693015043182,-0.00043004237375622313,0.0,-0.0015565097001255968,0.0,0.0,-0.0002689693015043182,0.0,-0.0002689693015043182,0.0
2019-06-27,0.0014824057819087834,0.004297969884429165,0.0041387997484228275,0.0,0.0006069125198978953,0.0,0.0,0.004297969884429165,0.0,0.004297969884429165,0.0
2019-06-28,0.0017415721650601876,0.00524300531163151,0.004984860920255707,0.0,0.00020327794202296134,0.0,0.0,0.00524300531163151,0.0,0.00524300531163151,0.0
2019-07-01,0.001315501081928256,0.004269005178138119,0.004616998313663467,0.0,-0.0013154989325854017,0.0,0.0,0.004269005178138119,0.0,0.004269005178138119,0.0
2019-07-02,0.0004551715334775744,0.002165800152909403,-0.00023505650452063654,0.0,0.0,0.0,0.0,0.002165800152909403,0.0,0.002165800152909403,0.0
2019-07-03,0.0021181743649120598,0.0066652885127574946,0.005732992258693548,0.0,0.0,0.0,0.0,0.0066652885127574946,0.0,0.0066652885127574946,0.0
2019-07-05,-0.0008705085688757214,-0.0030456189714957007,-0.0017433391768900907,0.0,0.0,0.0,0.0,-0.0030456189714957007,0.0,-0.0030456189714957007,0.0
2019-07-08,-0.0015180101706756728,-0.005022782820257321,-0.0036165258955664138,0.0,0.0,0.0,0.0,-0.005022782820257321,0.0,-0.005022782820257321,0.0
2019-07-09,0.0004905273931558904,0.0017060150500264105,0.001002716438350193,0.0,0.0,0.0,0.0,0.0017060150500264105,0.0,0.0017060150500264105,0.0
2019-07-10,0.001418529881597155,0.005045591298639962,0.002675586337094471,0.0,0.0,0.0,0.0,0.005045591298639962,0.0,0.005045591298639962,0.0
2019-07-11,-0.00011626154285771702,-0.0005056229048313599,-3.510807605673349e-05,0.0,0.0,0.0,0.0,-0.0005056229048313599,0.0,-0.0005056229048313599,0.0
2019-07-12,0.0012383772774231107,0.004167773553102383,0.0028098483906032314,0.0,0.0,0.0,0.0,0.004167773553102383,0.0,0.004167773553102383,0.0
2019-07-15,-0.00018185597032516828,-0.00043464600827439746,-0.0007674117163777195,0.0,0.0,0.0,0.0,-0.00043464600827439746,0.0,-0.00043464600827439746,0.0
2019-07-16,-0.0014099998479898278,-0.0048232730378823365,-0.0030434525561437776,0.0,0.0,0.0,0.0,-0.0048232730378823365,0.0,-0.0048232730378823365,0.0
2019-07-17,-0.0007575375789147143,-0.0018105465800662857,-0.0031967450500998583,0.0,0.0,0.0,0.0,-0.0018105465800662857,0.0,-0.0018105465800662857,0.0
2019-07-18,0.0012110998161787671,0.004352517925699828,0.0021948624942092487,0.0,0.0,0.0,0.0,0.004352517925699828,0.0,0.004352517925699828,0.0
2019-07-19,-0.0015288516037238996,-0.005221438171463933,-0.0033167880905872306,0.0,0.0,0.0,0.0,-0.005221438171463933,0.0,-0.005221438171463933,0.0
2019-07-22,0.0008140782689467459,0.0028214823375664723,0.001683739745387769,0.0,0.0,0.0,0.0,0.0028214823375664723,0.0,0.0028214823375664723,0.0
2019-07-23,0.0013439206722286798,0.004027104094981237,0.004041077860095643,0.0,0.0,0.0,0.0,0.004027104094981237,0.0,0.004027104094981237,0.0
2019-07-24,0.0017960489970687084,0.005833885616977863,0.004496669739662651,0.0,0.0,0.0,0.0,0.005833885616977863,0.0,0.005833885616977863,0.0
2019-07-25,-0.0022089039026451196,-0.006999340795411491,-0.005881453532983094,0.0,0.0,0.0,0.0,-0.006999340795411491,0.0,-0.006999340795411491,0.0
2019-07-26,0.0014970496178817838,0.004618918492940205,0.004235609575055643,0.0,0.0,0.0,0.0,0.004618918492940205,0.0,0.004618918492940205,0.0
2019-07-29,-0.0004713844258116458,-0.0012123353705695728,-0.0018177890911656668,0.0,0.0,0.0,0.0,-0.0012123353705695728,0.0,-0.0012123353705695728,0.0
2019-07-30,0.0002581133345989022,0.0006717910197295507,0.0009794379719310186,0.0,0.0,0.0,0.0,0.0006717910197295507,0.0,0.0006717910197295507,0.0
2019-07-31,-0.0024708497710469544,-0.008353637392072266,-0.005530373155278057,0.0,0.0,0.0,0.0,-0.008353637392072266,0.0,-0.008353637392072266,0.0
2019-08-01,-0.001665076795178518,-0.004363716488060753,-0.006258258180485155,0.0,0.0,0.0,0.0,-0.004363716488060753,0.0,-0.004363716488060753,0.0
2019-08-02,-0.0019367783377036544,-0.006480781661715118,-0.004469441715902656,0.0,0.0,0.0,0.0,-0.006480781661715118,0.0,-0.006480781661715118,0.0
2019-08-05,-0.007079996493154824,-0.022165448109281716,-0.019389072219829984,0.0,0.0,0.0,0.0,-0.022165448109281716,0.0,-0.022165448109281716,0.0
2019-08-06,0.003251276008126876,0.011023064781142688,0.007215354510856508,0.0,0.0,0.0,0.0,0.011023064781142688,0.0,0.011023064781142688,0.0
2019-08-07,-1.3702492902145637e-05,0.0006848815961930544,-0.0014930856285054195,0.0,0.0,0.0,0.0,0.0006848815961930544,0.0,0.0006848815961930544,0.0
2019-08-08,0.005338737976657733,0.017072780985025494,0.013903079819868602,0.0,0.0,0.0,0.0,0.017072780985025494,0.0,0.017072780985025494,0.0
2019-08-09,-0.0018879017251087525,-0.006218660377284535,-0.0045537947714097025,0.0,0.0,0.0,0.0,-0.006218660377284535,0.0,-0.006218660377284535,0.0
2019-08-12,-0.0026686819059314492,-0.0074251820914734475,-0.00916777297043615,0.0,0.0,0.0,0.0,-0.0074251820914734475,0.0,-0.0074251820914734475,0.0
2019-08-13,0.003595593431178728,0.011308721296835555,0.00974289828693744,0.0,0.0,0.0,0.0,0.011308721296835555,0.0,0.011308721296835555,0.0
2019-08-14,-0.007437242650790993,-0.022357026910852708,-0.022221130035413518,0.0,0.0,0.0,0.0,-0.022357026910852708,0.0,-0.022357026910852708,0.0
2019-08-15,0.0005159445375749564,0.0020796797987596483,0.0004841412406553114,0.0,0.0,0.0,0.0,0.0020796797987596483,0.0,0.0020796797987596483,0.0
2019-08-16,0.0036815441118269216,0.011253623014250369,0.010794295960545885,0.0,0.0,0.0,0.0,0.011085978031646038,0.0,0.011253623014250369,0.0
2019-08-19,0.0029620399023666723,0.007861700486223833,0.008941410564329354,0.0,0.0,0.0,0.0,0.009855248070746869,0.0,0.007861700486223833,0.0
2019-08-20,-0.0011567136688403602,-0.00454991141423009,-0.005860511605333152,0.0,0.0,0.0,0.0,0.0,0.0,-0.00454991141423009,0.0
2019-08-21,0.001190325702849119,0.005453057753512824,0.005259873572129248,0.0,0.0,0.0,0.0,0.0,0.0,0.005453057753512824,0.0
2019-08-22,-0.00027236631948186974,-0.0018033965591640277,-0.0006479003161728003,0.0,0.0,0.0,0.0,0.0,0.0,-0.0018033965591640277,0.0
2019-08-23,-0.004275818502677662,-0.019093918463603123,-0.019388448060495844,0.0,0.0,0.0,0.0,0.0,0.0,-0.019093918463603123,0.0
2019-08-26,0.001721230019794483,0.008243656251385812,0.007247413926764534,0.0,0.0,0.0,0.0,0.0,0.0,0.008243656251385812,0.0
2019-08-27,-0.0007192089289147558,-0.002064150749176108,-0.004408729611056694,0.0,0.0,0.0,0.0,0.0,0.0,-0.002064150749176108,0.0
2019-08-28,0.0013954720922677835,0.006247975901238057,0.006311272929171996,0.0,0.0,0.0,0.0,0.0,0.0,0.006247975901238057,0.0
2019-08-29,0.0022145920504525385,0.010287650528411862,0.009643677925660987,0.0,0.0,0.0,0.0,0.0,0.0,0.010287650528411862,0.0
2019-08-30,-1.0707992126500631e-05,-0.00017556455092017088,7.91926217816652e-05,0.0,0.0,0.0,0.0,0.0,0.0,-0.00017556455092017088,0.0
2019-09-03,-0.0013351049714550737,-0.0058574944010068904,-0.0061584503420887724,0.0,0.0,0.0,0.0,0.0,0.0,-0.0058574944010068904,0.0
2019-09-04,0.0017831601779713052,0.009263949048061803,0.0067844925536799435,0.0,0.0,0.0,0.0,0.0,0.0,0.009263949048061803,0.0
2019-09-05,0.0021358726581254123,0.00855093880284189,0.010671915120286823,0.0,0.0,0.0,0.0,0.0,0.0,0.00855093880284189,0.0
2019-09-06,-0.00010039121154226734,0.0002984672211895689,0.000525118123709889,0.0,0.0,0.0,0.0,-0.0017271062487798639,0.0,0.0002984672211895689,0.0
2019-09-09,0.0006794877641616657,0.0010723359306756054,0.0039707180161037805,0.0,0.0,0.0,0.0,0.0010723359306756054,0.0,0.0010723359306756054,0.0
2019-09-10,0.00031134279783262184,-0.0001044591664031147,0.0030110035132998258,0.0,0.0,0.0,0.0,-0.0001044591664031147,0.0,-0.0001044591664031147,0.0
2019-09-11,0.0024441627559743857,0.007686841236996689,0.006623782329776095,0.0,0.0,0.0,0.0,0.007686841236996689,0.0,0.007686841236996689,0.0
2019-09-12,0.0003929314784482737,0.0009885782822561806,0.0015592267415221017,0.0,0.0,0.0,0.0,0.0009885782822561806,0.0,0.0009885782822561806,0.0
2019-09-13,-0.00047316614400981543,-0.0023307171758413015,0.0004029390555942647,0.0,0.0,0.0,0.0,-0.0023307171758413015,0.0,-0.0023307171758413015,0.0
2019-09-16,0.0005905984886020157,0.0037444336393537723,-0.0021734808812894023,0.0,0.0,0.0,0.0,0.0037444336393537723,0.0,0.0037444336393537723,0.0
2019-09-17,0.0003547844868443728,0.0006304806950304997,0.0019320989915383557,0.0,0.0,0.0,0.0,0.0006304806950304997,0.0,0.0006304806950304997,0.0
2019-09-18,-0.00025361450662002576,-0.0008041970492387529,-0.0006741364611027256,0.0,0.0,0.0,0.0,-0.0008041970492387529,0.0,-0.0008041970492387529,0.0
2019-09-19,0.0001311275056807627,0.00015535581685757193,0.0008694359174117206,0.0,0.0,0.0,0.0,0.00015535581685757193,0.0,0.00015535581685757193,0.0
2019-09-20,-0.0002492305682894306,-0.0009163784468727232,-0.00041031822085942917,0.0,0.0,0.0,0.0,-0.0009163784468727232,0.0,-0.0009163784468727232,0.0
2019-09-23,0.00014737061270968891,0.0005123490736407832,0.0003016373671056338,0.0,0.0,0.0,0.0,0.0005123490736407832,0.0,0.0005123490736407832,0.0
2019-09-24,-0.0019951989241452136,-0.006832984942652142,-0.00429082043200264,0.0,0.0,0.0,0.0,-0.006832984942652142,0.0,-0.006832984942652142,0.0
2019-09-25,0.00048680288165939473,0.001790840647102976,0.0007995446407286,0.0,0.0,0.0,0.0,0.001790840647102976,0.0,0.001790840647102976,0.0
2019-09-26,-0.0009867087969763445,-0.0035501539133176883,-0.0017800713461517236,0.0,0.0,0.0,0.0,-0.0035501539133176883,0.0,-0.0035501539133176883,0.0
2019-09-27,-0.0014652293069876983,-0.0045865428914866665,-0.0049631685158768365,0.0,0.0,0.0,0.0,-0.00363735235552578,0.0,-0.0045865428914866665,0.0
2019-09-30,0.0006272795527236239,0.0016504103080633881,0.0026208813055012326,0.0,0.0,0.0,0.0,0.0013742243609479953,0.0,0.0016504103080633881,0.0
2019-10-01,-0.002464063033276289,-0.010815309925537697,-0.006393992546946781,0.0,0.0,0.0,0.0,-0.004967264827002127,0.0,-0.010815309925537697,0.0
2019-10-02,-0.003403104599935638,-0.012464794852049866,-0.007966244774415687,0.0,0.0,0.0,0.0,-0.01019690177295519,0.0,-0.012464794852049866,0.0
2019-10-03,0.0022600455294298116,0.007725332801787643,0.006234280078801513,0.0,0.0,0.0,0.0,0.006380796884279149,0.0,0.007725332801787643,0.0
2019-10-04,0.003145105644672191,0.011610197529969812,0.009124230732495398,0.0,0.0,0.0,0.0,0.007571522539584508,0.0,0.011610197529969812,0.0
2019-10-07,-0.0011212853724600373,-0.00508906750909246,-0.0036903989861942544,0.0,0.0,0.0,0.0,-0.0013121018568536202,0.0,-0.00508906750909246,0.0
2019-10-08,-0.0026402615691992846,-0.012144498580419483,-0.010252413862806342,0.0,0.0,0.0,0.0,-0.001365441679567736,0.0,-0.012144498580419483,0.0
2019-10-09,0.0016071220901127472,0.006675273681851568,0.006675273681851568,0.0,0.0,0.0,0.0,0.0011135514473115892,0.0,0.006675273681851568,0.0
2019-10-10,0.0009363853489149623,0.003567875398661413,0.003567875398661413,0.0,0.0,0.0,0.0,0.0012917173429118356,0.0,0.003567875398661413,0.0
2019-10-11,0.0020469647231808937,0.00821608038954732,0.00821608038954732,0.0,0.0,0.0,0.0,0.001990521729533401,0.0,0.00821608038954732,0.0
2019-10-14,0.00023921925107269634,0.0005133828521977745,0.0005133828521977745,0.0,0.0,0.0,0.0,0.001126207555258718,0.0,0.0005133828521977745,0.0
2019-10-15,0.0014290175992407463,0.007173730517717825,0.007173730517717825,0.0,0.0,0.0,0.0,-0.001486302642268933,0.0,0.007173730517717825,0.0
2019-10-16,-0.0004431193073083446,-0.0021261313415308013,-0.0021261313415308013,0.0,0.0,0.0,0.0,0.0002641889172865008,0.0,-0.0021261313415308013,0.0
2019-10-17,0.0004727033314845586,0.002440366278289985,0.002440366278289985,0.0,0.0,0.0,0.0,-0.0006264025732189427,0.0,0.002440366278289985,0.0
2019-10-18,-0.001160038360434659,-0.004529169401578881,-0.004529169401578881,0.0,0.0,0.0,0.0,-0.0013820064407541687,0.0,-0.004529169401578881,0.0
2019-10-21,0.0015350983617295403,0.005627735249333965,0.005627735249333965,0.0,0.0,0.0,0.0,0.002560414756897933,0.0,0.005627735249333965,0.0
2019-10-22,-0.0003429346689014845,-0.00039565765842329846,-0.00039565765842329846,0.0,0.0,-0.00362913744896477,0.0,0.0013340407456980063,0.0,-0.00039565765842329846,0.0
2019-10-23,0.0008116788315964383,0.0030625363097945392,0.0030625363097945392,0.0,0.0,-0.00034420152068942445,0.0,0.0015242383854682906,0.0,0.0030625363097945392,0.0
2019-10-24,0.0006969113334854468,0.0017987112675193929,0.0017987112675193929,0.0,0.0,0.0,0.0,0.002674779466330235,0.0,0.0017987112675193929,0.0
2019-10-25,0.0010005338986324916,0.004710437790263189,0.004710437790263189,0.0,0.0,0.0,0.0,-0.00041607049283395316,0.0,0.004710437790263189,0.0
2019-10-28,0.0007086197830292802,0.0033445878883338167,0.0033445878883338167,0.0,0.0,0.0,0.0,-0.0003115977294041117,0.0,0.0033445878883338167,0.0
2019-10-29,0.0001316370732531041,0.0004953604838657255,0.0004953604838657255,0.0,0.0,0.0,0.0,0.0001940126915464857,0.0,0.0004953604838657255,0.0
2019-10-30,0.0006374968770614843,0.001862513504780261,0.001862513504780261,0.0,0.0,0.0,0.0,0.0020124448839928368,0.0,0.001862513504780261,0.0
2019-10-31,0.00014872317283937123,1.103704376290704e-05,1.103704376290704e-05,0.0,0.0,0.0,0.0,0.0013164344680285267,0.0,1.103704376290704e-05,0.0
2019-11-01,0.0025927863110034957,0.009442925850930118,0.009442925850930118,0.0,0.0,0.0,0.0,0.004449225097171228,0.0,0.009442925850930118,0.0
2019-11-04,0.0013983291818889009,0.004725084079199382,0.004725084079199382,0.0,0.0,0.0,0.0,0.0031347944786013437,0.0,0.004725084079199382,0.0
2019-11-05,-0.0009727424722711905,-0.0028984736439427337,-0.0028984736439427337,0.0,0.0,0.0,0.0,-0.0029577349625552474,0.0,-0.0028984736439427337,0.0
2019-11-06,-0.0003733410041967675,-0.0009864313953437454,-0.0009864313953437454,0.0,0.0,0.0,-0.002046907231442063,0.0006597009843586465,0.0,-0.0009864313953437454,0.0
2019-11-07,0.00036763946771348747,0.00166003401225574,0.00166003401225574,0.0,0.0,0.0,0.003324978359538078,-0.00333629117462817,0.0,0.00166003401225574,0.0
2019-11-08,0.0008092376805240059,0.0007143272887097484,0.0007143272887097484,0.0,0.0,0.0,0.0023765936658790344,0.001101297215538488,0.0023765936658790344,0.0007143272887097484,0.0
2019-11-11,-0.0013318547912464045,-0.0018466192356876743,-0.0018466192356876743,0.0,0.0,0.0,-0.0018466192356876743,-0.0018466192356876743,-0.0046002161784669425,-0.0018466192356876743,0.0
2019-11-12,0.0008293448920005423,0.0018660260070012201,0.0018660260070012201,0.0,0.0,0.0,0.0018660260070012201,0.0018660260070012201,0.0,0.0018660260070012201,0.0
2019-11-13,9.633378307761416e-05,0.00021675101192463185,0.00021675101192463185,0.0,0.0,0.0,0.00021675101192463185,0.00021675101192463185,0.0,0.00021675101192463185,0.0
2019-11-14,0.0006145314149983576,0.0013826956837463046,0.0013826956837463046,0.0,0.0,0.0,0.0013826956837463046,0.0013826956837463046,0.0,0.0013826956837463046,0.0
2019-11-15,0.002841702737285439,0.006393831158892238,0.006393831158892238,0.0,0.0,0.0,0.006393831158892238,0.006393831158892238,0.0,0.006393831158892238,0.0
2019-11-18,-0.00031870290051648026,-0.0005570781105178723,-0.0005570781105178723,0.0,0.0,0.0,-0.001197091773094705,-0.0005570781105178723,0.0,-0.0005570781105178723,0.0
2019-11-19,3.23748299620452e-05,0.0006318040348621045,0.0006318040348621045,0.0,0.0,0.0,-0.0016040386349279068,0.0006318040348621045,0.0,0.0006318040348621045,0.0
2019-11-20,-0.0003845371847778247,-0.0008652086657501057,-0.0008652086657501057,0.0,0.0,0.0,-0.0008652086657501057,-0.0008652086657501057,0.0,-0.0008652086657501057,0.0
2019-11-21,-0.00041301419485545074,-0.0009292819384247641,-0.0009292819384247641,0.0,0.0,0.0,-0.0009292819384247641,-0.0009292819384247641,0.0,-0.0009292819384247641,0.0
2019-11-22,0.00028909934447145507,0.0015866685995635454,0.0015866685995635454,0.0,0.0,-0.0012482600993370286,0.0015866685995635454,0.0015866685995635454,-0.0012482600993370286,0.0015866685995635454,-0.0012482600993370286
2019-11-25,0.006185827416494358,0.00795320667834989,0.00795320667834989,0.0,0.0,0.00795320667834989,0.00795320667834989,0.00795320667834989,0.00795320667834989,0.00795320667834989,0.00795320667834989
2019-11-26,0.0005782724611175435,0.0007434931642939846,0.0007434931642939846,0.0,0.0,0.0007434931642939846,0.0007434931642939846,0.0007434931642939846,0.0007434931642939846,0.0007434931642939846,0.0007434931642939846
2019-11-27,0.0022922434270915104,0.0029471701205462273,0.0029471701205462273,0.0,0.0,0.0029471701205462273,0.0029471701205462273,0.0029471701205462273,0.0029471701205462273,0.0029471701205462273,0.0029471701205462273
2019-11-29,-0.0025124384117298057,-0.0032302779579383213,-0.0032302779579383213,0.0,0.0,-0.0032302779579383213,-0.0032302779579383213,-0.0032302779579383213,-0.0032302779579383213,-0.0032302779579383213,-0.0032302779579383213
2019-12-02,-0.006000112997065087,-0.00771443099622654,-0.00771443099622654,0.0,0.0,-0.00771443099622654,-0.00771443099622654,-0.00771443099622654,-0.00771443099622654,-0.00771443099622654,-0.00771443099622654
2019-12-03,-0.0028691562792969977,-0.0036889152162389973,-0.0036889152162389973,0.0,0.0,-0.0036889152162389973,-0.0036889152162389973,-0.0036889152162389973,-0.0036889152162389973,-0.0036889152162389973,-0.0036889152162389973
2019-12-04,0.0034319268859053557,0.005021056771474797,0.005021056771474797,0.0,0.0,0.002891029057887107,0.005021056771474797,0.005021056771474797,0.002891029057887107,0.005021056771474797,0.005021056771474797
2019-12-05,0.0003625439193929597,0.0005238900245222555,0.0005238900245222555,0.0,0.0,0.0,0.0011673351764476148,0.0005238900245222555,0.0,0.0005238900245222555,0.0005238900245222555
2019-12-06,0.0034770295400749804,0.007823316465168706,0.007823316465168706,0.0,0.0,0.0,0.0,0.007823316465168706,0.0,0.007823316465168706,0.007823316465168706
2019-12-09,-0.001434356914136143,-0.0026746723149497333,-0.0026746723149497333,0.0,0.0,0.0,-0.002210522967426354,-0.0026746723149497333,0.0,-0.0026746723149497333,-0.0026746723149497333
2019-12-10,0.0003251896014703832,0.0005853412826466898,0.0005853412826466898,0.0,0.0,0.0,0.0005853412826466898,0.0005853412826466898,0.0,0.0005853412826466898,0.0005853412826466898
2019-12-11,0.0017300774290790342,0.002717392948801378,0.002717392948801378,0.0,0.0,0.0009918660588522088,0.002717392948801378,0.002717392948801378,0.0009918660588522088,0.002717392948801378,0.002717392948801378
2019-12-12,0.00549261330127601,0.007061931387354869,0.007061931387354869,0.0,0.0,0.007061931387354869,0.007061931387354869,0.007061931387354869,0.007061931387354869,0.007061931387354869,0.007061931387354869
2019-12-13,0.00044876071173921187,0.0011466429736292194,-0.0001825751629546568,0.0,0.0,-0.0001825751629546568,0.0011466429736292194,0.0011466429736292194,-0.0001825751629546568,0.0011466429736292194,0.0011466429736292194
2019-12-16,0.002472752507477824,0.0055057003799832025,0.0,0.0,0.0,0.00011598552368380366,0.0055057003799832025,0.0055057003799832025,0.00011598552368380366,0.0055057003799832025,0.0055057003799832025
2019-12-17,0.00043433003130542133,0.0006510724084398789,0.0,0.0,0.0,0.0006510724084398789,0.0006510724084398789,0.000653608239549397,0.0006510724084398789,0.0006510724084398789,0.0006510724084398789
2019-12-18,-0.0005633695555785647,-0.0005218553006090199,0.0,-0.0006542147208302817,0.0,-0.0005218553006090199,-0.0005218553006090199,-0.0018068347763317005,-0.0005218553006090199,-0.0005218553006090199,-0.0005218553006090199
2019-12-19,0.0025228477681568666,0.003374402678690924,0.0022992243953501635,0.00015998944591608666,0.0,0.003374402678690924,0.003374402678690924,0.003374402678690924,0.003374402678690924,0.003374402678690924,0.003374402678690924
2019-12-20,0.0028778768473041016,0.0038893589691544107,0.0024328651999030336,0.0001318726109074131,0.0,0.0038893589691544107,0.0038893589691544107,0.0038893589691544107,0.0038893589691544107,0.0038893589691544107,0.0038893589691544107
2019-12-23,0.0016950969244112718,0.00256703116949718,0.0,-0.00014631469728163538,0.0,0.00256703116949718,0.00256703116949718,0.00256703116949718,0.00256703116949718,0.00256703116949718,0.00256703116949718
2019-12-24,0.0010215729520280468,0.0014876230771630472,0.0,0.0002684181052741375,0.0,0.0014876230771630472,0.0014876230771630472,0.0014876230771630472,0.0014876230771630472,0.0014876230771630472,0.0014876230771630472
2019-12-26,0.002734420433726613,0.004009103316226614,0.0,0.0005551640061798313,0.0,0.004009103316226614,0.004009103316226614,0.004009103316226614,0.004009103316226614,0.004009103316226614,0.004009103316226614
2019-12-27,-0.0007163087119849908,-0.0010931344930224297,0.0,0.00011202855026966052,0.0,-0.0010931344930224297,-0.0010931344930224297,-0.0010931344930224297,-0.0010931344930224297,-0.0010931344930224297,-0.0010931344930224297
2019-12-30,-0.0031845584110258302,-0.00402694114098393,-0.004499378853328883,0.0,0.0,-0.00402694114098393,-0.00402694114098393,-0.00402694114098393,-0.00402694114098393,-0.00402694114098393,-0.00402694114098393
2019-12-31,-0.0001953483759585805,0.0013901856063334717,-0.0025186996823174713,0.0,0.0,-0.0025186996823174713,0.0013901856063334717,0.0016274068443247747,-0.0025186996823174713,0.0013901856063334717,0.0013901856063334717
2020-01-02,0.004268853166613932,0.009785483308654298,0.0,0.0,0.0,0.0,0.009785483308654298,0.0090632285735625,0.0,0.009785483308654298,0.009785483308654298
2020-01-03,-0.0012842943357323166,-0.0033499793475194385,0.0,0.0,0.0,0.0018412683684869036,-0.0033499793475194385,-0.0033499793475194385,0.0,-0.0033499793475194385,-0.0033499793475194385
2020-01-06,0.001175473896083845,0.0034442588424298147,0.0,0.0,0.0,-0.0031977703049646533,0.0034442588424298147,0.0034442588424298147,0.0,0.0034442588424298147,0.0034442588424298147
2020-01-07,-0.001199519865972551,-0.0023109163477834094,-0.0015520134026193234,0.0,0.0,0.0,-0.0023109163477834094,-0.0023109163477834094,0.0,-0.0023109163477834094,-0.0023109163477834094
2020-01-08,0.0006766973938170249,0.0014907235365121951,0.0014907235365121951,0.0,0.0,0.0,0.00012738239830444308,0.0014907235365121951,0.0,0.0014907235365121951,0.0014907235365121951
2020-01-09,0.002425011500535326,0.005102559683147512,0.005102559683147512,0.0,0.0,0.0,0.0014148647722278863,0.005102559683147512,0.0,0.005102559683147512,0.005102559683147512
2020-01-10,-0.0007748903131889535,-0.0013948025637401163,-0.0013948025637401163,0.0,0.0,0.0,-0.0013948025637401163,-0.0013948025637401163,0.0,-0.0013948025637401163,-0.0013948025637401163
2020-01-13,0.0015099451513482416,0.0033337352783355477,0.0033337352783355477,0.0,0.0,0.0,0.0002545652487919825,0.0033337352783355477,0.0,0.0033337352783355477,0.0033337352783355477
2020-01-14,5.557959299086202e-05,0.00027257869629501166,0.00027257869629501166,0.0,0.0,0.0,0.0,-0.0003175197519672768,0.0,0.00027257869629501166,0.00027257869629501166
2020-01-15,0.0008706814513328577,0.0020771281423062615,0.0020771281423062615,0.0,0.0,0.0,0.0016902142521753815,-8.54656170984458e-05,0.0,0.0020771281423062615,0.0020771281423062615
2020-01-16,0.0025334188750056872,0.006410174575701033,0.006410174575701033,0.0,0.0,0.0,0.003296882047134686,0.0002733641008134002,0.0,0.006410174575701033,0.006410174575701033
2020-01-17,-8.839926133730316e-05,0.0003538003597446604,0.0003538003597446604,0.0,0.0,0.0,-0.0012569529096667308,-0.0006000415216029786,0.0,0.0003538003597446604,0.0003538003597446604
2020-01-21,-0.0016481441725694707,-0.002966659510625047,-0.002966659510625047,0.0,0.0,0.0,-0.002966659510625047,-0.002966659510625047,0.0,-0.002966659510625047,-0.002966659510625047
2020-01-22,0.00039541401014201697,0.00040206506758624363,0.00040206506758624363,0.0,0.0,0.0,0.0019504658209331782,0.00040206506758624363,0.0,0.00040206506758624363,0.00040206506758624363
2020-01-23,0.00023434572054350014,0.0005272778712228754,0.0005272778712228754,0.0,0.0,0.0,0.0,0.0005272778712228754,0.0,0.0005272778712228754,0.0005272778712228754
2020-01-24,-0.0027473926833296264,-0.006723548331847651,-0.006723548331847651,0.0,0.0,0.0,0.0,-0.004555889154423687,0.0,-0.006723548331847651,-0.006723548331847651
2020-01-27,-0.004699196916134785,-0.01156119606607473,-0.01156119606607473,0.0,0.0,0.0,0.0,-0.007609184046988871,0.0,-0.01156119606607473,-0.01156119606607473
2020-01-28,0.003050846637315569,0.006445455293014402,0.006445455293014402,0.0,0.0,0.0,0.0,0.008121253856796917,0.0,0.006445455293014402,0.006445455293014402
2020-01-29,-0.0001252884030864074,-0.00020065814653437154,-0.00020065814653437154,0.0,0.0,0.0,0.0,-0.0005256211881745521,0.0,-0.00020065814653437154,-0.00020065814653437154
2020-01-30,0.0014826878349167454,0.003336047628562677,0.003336047628562677,0.0,0.0,0.0,0.0,0.003336047628562677,0.0,0.003336047628562677,0.003336047628562677
2020-01-31,-0.006156158411320559,-0.016055240038875075,-0.016055240038875075,0.0,0.0,0.0,0.0,-0.007239705585259803,0.0,-0.016055240038875075,-0.016055240038875075
2020-02-03,0.0019603805909997763,0.00481123860993935,0.00481123860993935,0.0,0.0,0.0,0.0,0.003209709489179935,0.0,0.00481123860993935,0.00481123860993935
2020-02-04,0.004357571952052424,0.009804536892117955,0.009804536892117955,0.0,0.0,0.0,0.0,0.009804536892117955,0.0,0.009804536892117955,0.009804536892117955
2020-02-05,0.004873544496013719,0.012001654506232163,0.007856936945426985,0.0,0.0,0.0,0.0,0.012001654506232163,0.0,0.012001654506232163,0.012001654506232163
2020-02-06,0.0007045217632469198,0.0021135652897407596,0.0,0.0,0.0,0.0,0.0,0.0021135652897407596,0.0,0.0021135652897407596,0.0021135652897407596
2020-02-07,-0.0014315693546944103,-0.00429470806408323,0.0,0.0,0.0,0.0,0.0,-0.00429470806408323,0.0,-0.00429470806408323,-0.00429470806408323
2020-02-10,0.0025639309608155316,0.0053366183854047676,0.00706552349112548,0.0,0.0,0.0,0.0,0.0053366183854047676,0.0,0.0053366183854047676,0.0053366183854047676
2020-02-11,0.0007849795416008929,0.0017662039686020092,0.0017662039686020092,0.0,0.0,0.0,0.0,0.0017662039686020092,0.0,0.0017662039686020092,0.0017662039686020092
2020-02-12,0.0023483817555562947,0.005283858950001663,0.005283858950001663,0.0,0.0,0.0,0.0,0.005283858950001663,0.0,0.005283858950001663,0.005283858950001663
2020-02-13,-0.00017790472697460185,-0.00040028563569285416,-0.00040028563569285416,0.0,0.0,0.0,0.0,-0.00040028563569285416,0.0,-0.00040028563569285416,-0.00040028563569285416
2020-02-14,0.0004142480116077035,0.0009320580261173328,0.0009320580261173328,0.0,0.0,0.0,0.0,0.0009320580261173328,0.0,0.0009320580261173328,0.0009320580261173328
2020-02-18,-0.0006338558594704175,-0.0014261756838084394,-0.0014261756838084394,0.0,0.0,0.0,0.0,-0.0014261756838084394,0.0,-0.0014261756838084394,-0.0014261756838084394
2020-02-19,0.0029545858114727974,0.006647818075813794,0.006647818075813794,0.0,0.0,0.0,0.0,0.006647818075813794,0.0,0.006647818075813794,0.006647818075813794
2020-02-20,-0.001039902317300825,-0.0023397802139268563,-0.0023397802139268563,0.0,0.0,0.0,0.0,-0.0023397802139268563,0.0,-0.0023397802139268563,-0.0023397802139268563
2020-02-21,-0.002945890705453922,-0.006628254087271324,-0.006628254087271324,0.0,0.0,0.0,0.0,-0.006628254087271324,0.0,-0.006628254087271324,-0.006628254087271324
2020-02-24,-0.011429998318120265,-0.02645781687276356,-0.02349653424479169,0.0,0.0,0.0,0.0,-0.02645781687276356,0.0,-0.02645781687276356,-0.02645781687276356
2020-02-25,-0.009200034600231421,-0.027769748809281236,0.0,0.0,0.000508935025760926,0.0,0.0,-0.027769748809281236,0.0,-0.027769748809281236,-0.027769748809281236
2020-02-26,-0.0016460795291380348,-0.004761675126614828,0.0,0.0,-0.0005296903823978294,0.0,0.0,-0.004761675126614828,0.0,-0.004761675126614828,-0.004761675126614828
2020-02-27,-0.011619630239844417,-0.03486550916522074,0.0,0.0,1.9855337062468782e-05,0.0,0.0,-0.03486550916522074,0.0,-0.03486550916522074,-0.03486550916522074
2020-02-28,-0.002830603598947402,-0.008028183579523007,0.0,0.0,-0.0013908816519575984,0.0,0.0,-0.008028183579523007,0.0,-0.008028183579523007,-0.008028183579523007
2020-03-02,0.01232775689754215,0.037044327863942274,0.0,0.0,-0.00018317151394746655,0.0,0.0,0.037044327863942274,0.0,0.037044327863942274,0.037044327863942274
2020-03-03,-0.005946752085937767,-0.019405578486323495,0.0,0.0,0.004695966685530584,0.0,0.0,-0.019405578486323495,0.0,-0.019405578486323495,-0.019405578486323495
2020-03-04,0.010079964445316331,0.030535359719310862,0.0,0.0,-0.0008863991500856038,0.0,0.0,0.030535359719310862,0.0,0.030535359719310862,0.030535359719310862
2020-03-05,-0.00692735511375567,-0.02233182212860537,0.0,0.0,0.004649270362015079,0.0,0.0,-0.02233182212860537,0.0,-0.02233182212860537,-0.02233182212860537
2020-03-06,-0.0038364082234268954,-0.012745516002376178,0.0,0.0,0.005242459850078829,0.0,0.0,-0.01427910185616853,0.0,-0.012745516002376178,-0.012745516002376178
2020-03-09,-0.023686913973397707,-0.07303562354227397,0.0,0.0,0.0028753630569915865,0.0,0.0,-0.06998634173302301,0.0,-0.07303562354227397,-0.07303562354227397
2020-03-10,0.01128691368676634,0.032147149352679094,0.0,0.0,-0.002095173198909639,0.0,0.0,0.03938309767444852,0.0,0.032147149352679094,0.032147149352679094
2020-03-11,-0.013287320407930667,-0.04472517861893267,0.0,0.0,0.0,0.0,0.0,-0.03013552643351065,0.0,-0.04472517861893267,-0.04472517861893267
2020-03-12,-0.022422629124808104,-0.08373256330337121,0.0,0.0,0.0,0.0,0.0,-0.0343385355165305,0.0,-0.08373256330337121,-0.08373256330337121
2020-03-13,0.018540150387118832,0.06888842069135157,0.0,0.0,0.0,0.0,0.0,0.029084512101366377,0.0,0.06888842069135157,0.06888842069135157
2020-03-16,-0.02462934499039706,-0.0946083901648416,0.0,0.0,0.005064418108298141,0.0,0.0,-0.0375117426921885,0.0,-0.0946083901648416,-0.0946083901648416
2020-03-17,0.010997103656646294,0.03687585650555708,0.0,0.0,-0.0013803083716554588,0.0,0.0,0.02660252827035795,0.0,0.03687585650555708,0.03687585650555708
2020-03-18,-0.02038869968295041,-0.06001448065085474,0.0,0.0,0.0,0.0,0.0,-0.0634693358448442,0.0,-0.06001448065085474,-0.06001448065085474
2020-03-19,0.0046930670183011804,0.013808410164118911,0.0,0.0,0.0,0.0,0.0,0.014620782836472801,0.0,0.013808410164118911,0.013808410164118911
2020-03-20,-0.005664058634673404,-0.01699217590402021,0.0,0.0,0.0,0.0,0.0,-0.01699217590402021,0.0,-0.01699217590402021,-0.01699217590402021
2020-03-23,-0.0066150587155227765,-0.017173343969737964,0.0,0.0,0.0,0.0,0.0,-0.02518884050022906,0.0,-0.017173343969737964,-0.017173343969737964
2020-03-24,0.02845074878907173,0.08634943584191938,0.0,0.0,0.0,0.0,0.0,0.08335786741780678,0.0,0.08634943584191938,0.08634943584191938
2020-03-25,0.0033886393392158626,0.011665647625411635,0.0,0.0,0.0,0.0,0.0,0.007166458802119491,0.0,0.011665647625411635,0.011665647625411635
2020-03-26,0.011212883861324146,0.050457977375958654,0.0,0.0,0.0,0.0,0.0,0.0,0.0,0.050457977375958654,0.050457977375958654
2020-03-27,-0.006309470507608676,-0.02839261728423904,0.0,0.0,0.0,0.0,0.0,0.0,0.0,-0.02839261728423904,-0.02839261728423904
2020-03-30,0.0052549898267077715,0.023647454220184973,0.0,0.0,0.0,0.0,0.0,0.0,0.0,0.023647454220184973,0.023647454220184973
2020-03-31,-0.002689896329436535,-0.012104533482464408,0.0,0.0,0.0,0.0,0.0,0.0,0.0,-0.012104533482464408,-0.012104533482464408
2020-04-01,-0.008296802604647328,-0.03733561172091297,0.0,0.0,0.0,0.0,0.0,0.0,0.0,-0.03733561172091297,-0.03733561172091297
2020-04-02,0.005893369440704636,0.02652016248317086,0.0,0.0,0.0,0.0,0.0,0.0,0.0,0.02652016248317086,0.02652016248317086
2020-04-03,-0.002675640970618942,-0.01204038436778524,0.0,0.0,0.0,0.0,0.0,0.0,0.0,-0.01204038436778524,-0.01204038436778524
2020-04-06,0.012855019159961192,0.057847586219825366,0.0,0.0,0.0,0.0,0.0,0.0,0.0,0.057847586219825366,0.057847586219825366
2020-04-07,4.0085183203977494e-05,0.00018038332441789874,0.0,0.0,0.0,0.0,0.0,0.0,0.0,0.00018038332441789874,0.00018038332441789874
2020-04-08,0.006596721418407518,0.02968524638283383,0.0,0.0,0.0,0.0,0.0,0.0,0.0,0.02968524638283383,0.02968524638283383
2020-04-09,0.0034392307544956666,0.015476538395230499,0.0,0.0,0.0,0.0,0.0,0.0,0.0,0.015476538395230499,0.015476538395230499
2020-04-13,-0.0017094566862353913,-0.007692555088059261,0.0,0.0,0.0,0.0,0.0,0.0,0.0,-0.007692555088059261,-0.007692555088059261
2020-04-14,0.004447770258614393,0.020014966163764768,0.0,0.0,0.0,0.0,0.0,0.0,0.0,0.020014966163764768,0.020014966163764768
2020-04-15,-0.004189885126949671,-0.01885448307127352,0.0,0.0,0.0,0.0,0.0,0.0,0.0,-0.01885448307127352,-0.01885448307127352
2020-04-16,1.8686969453480313e-05,8.409136254066141e-05,0.0,0.0,0.0,0.0,0.0,0.0,0.0,8.409136254066141e-05,8.409136254066141e-05
2020-04-17,0.0060318200270443306,0.02714319012169949,0.0,0.0,0.0,0.0,0.0,0.0,0.0,0.02714319012169949,0.02714319012169949
2020-04-20,-0.0027238273147081543,-0.012257222916186694,0.0,0.0,0.0,0.0,0.0,0.0,0.0,-0.012257222916186694,-0.012257222916186694
2020-04-21,-0.005215898446432356,-0.023471543008945606,0.0,0.0,0.0,0.0,0.0,0.0,0.0,-0.023471543008945606,-0.023471543008945606
2020-04-22,0.004297727691979237,0.01933977461390657,0.0,0.0,0.0,0.0,0.0,0.0,0.0,0.01933977461390657,0.01933977461390657
2020-04-23,0.0011304617082936756,0.00508707768732154,0.0,0.0,0.0,0.0,0.0,0.0,0.0,0.00508707768732154,0.00508707768732154
2020-04-24,0.0024030042058844057,0.010813518926479826,0.0,0.0,0.0,0.0,0.0,0.0,0.0,0.010813518926479826,0.010813518926479826
2020-04-27,0.0028587365822722454,0.012864314620225104,0.0,0.0,0.0,0.0,0.0,0.0,0.0,0.012864314620225104,0.012864314620225104
2020-04-28,-6.023867478164055e-05,-0.0002710740365173825,0.0,0.0,0.0,0.0,0.0,0.0,0.0,-0.0002710740365173825,-0.0002710740365173825
2020-04-29,0.007278146844231898,0.028419708855273028,0.0,0.0,0.0,0.0,0.0,0.008663903887541036,0.0,0.028419708855273028,0.028419708855273028
2020-04-30,-0.004902094301169346,-0.014706282903508039,0.0,0.0,0.0,0.0,0.0,-0.014706282903508039,0.0,-0.014706282903508039,-0.014706282903508039
2020-05-01,-0.007494129138867853,-0.023914127941323284,0.0,0.0,-0.0037289836117659013,0.0,0.0,-0.023914127941323284,0.0,-0.023914127941323284,-0.01588992275539821
2020-05-04,0.0016378109031465833,0.005640717053591493,0.0,0.0,0.0034588640211362653,0.0,0.0,0.005640717053591493,0.0,0.005640717053591493,0.0
2020-05-05,0.001894009045693812,0.006499999761229036,0.0,0.0,0.004046081888786235,0.0,0.0,0.006499999761229036,0.0,0.006499999761229036,0.0
2020-05-06,-0.002109260613830739,-0.009491672762238324,0.0,0.0,0.0,0.0,0.0,-0.009491672762238324,0.0,-0.009491672762238324,0.0
2020-05-07,0.003193026588093062,0.014368619646418779,0.0,0.0,0.0,0.0,0.0,0.014368619646418779,0.0,0.014368619646418779,0.0
2020-05-08,0.003477515980993968,0.015648821914472855,0.0,0.0,0.0,0.0,0.0,0.015648821914472855,0.0,0.015648821914472855,0.0
2020-05-11,-0.0008713162663113296,-0.0027211291616187515,0.0,-0.0012597854316588775,-0.0011398026419055852,0.0,0.0,-0.0027211291616187515,0.0,-0.0027211291616187515,0.0
2020-05-12,-0.0036078111799540116,-0.016063573023418355,0.0,0.0014153180637486828,-0.0017584726364980763,0.0,0.0,-0.016063573023418355,0.0,-0.016063573023418355,0.0
2020-05-13,-0.0037225134438139337,-0.01722347665675078,0.0,0.0016619400397269724,-0.0007176077205508169,0.0,0.0,-0.01722347665675078,0.0,-0.01722347665675078,0.0
2020-05-14,0.002831795253316215,0.012265084304521334,0.0,0.000955988670803265,0.0,0.0,0.0,0.012265084304521334,0.0,0.012265084304521334,0.0
2020-05-15,0.0007937338439620609,0.003571802297829274,0.0,0.0,0.0,0.0,0.0,0.003571802297829274,0.0,0.003571802297829274,0.0
2020-05-18,0.00631487204386454,0.028416924197390427,0.0,0.0,0.0,0.0,0.0,0.028416924197390427,0.0,0.028416924197390427,0.0
2020-05-19,-0.0022738452040961376,-0.01023230341843262,0.0,0.0,0.0,0.0,0.0,-0.01023230341843262,0.0,-0.01023230341843262,0.0
2020-05-20,0.0038300402594384744,0.017235181167473135,0.0,0.0,0.0,0.0,0.0,0.017235181167473135,0.0,0.017235181167473135,0.0
2020-05-21,-0.0018052806509597915,-0.007149149328082594,0.0,0.0,-0.0019492272024729362,0.0,0.0,-0.007149149328082594,0.0,-0.007149149328082594,0.0
2020-05-22,0.0003194042928432086,0.001747257072568753,0.0,0.0,-0.0006198755095486285,0.0,0.0,0.001747257072568753,0.0,0.001747257072568753,0.0
2020-05-26,0.0027474988432555953,0.010973397842898214,0.0,0.0,0.002780693903503928,0.0,0.0,0.010973397842898214,0.0,0.010973397842898214,0.0
2020-05-27,0.003381967778648481,0.014574098516746736,0.0,0.0,0.0012895129743428547,0.0,0.0,0.014574098516746736,0.0,0.014574098516746736,0.0
2020-05-28,-0.0017638298463410968,-0.006539313500375898,0.0,0.0,-0.0027958416163180733,0.0,0.0,-0.006539313500375898,0.0,-0.006539313500375898,0.0
2020-05-29,0.0007556320470086537,0.0036314796113492533,0.0,0.0,-0.0004622707996206232,0.0,0.0,0.0036314796113492533,0.0,0.0036314796113492533,0.0
2020-06-01,0.0008041879871309875,0.0037211922038686953,0.0,0.0,-0.00020469252355850286,0.0,0.0,0.0037211922038686953,0.0,0.0037211922038686953,0.0
2020-06-02,0.0016521367398261279,0.007434615329217575,0.0,0.0,0.0,0.0,0.0,0.007434615329217575,0.0,0.007434615329217575,0.0
2020-06-03,0.0022434237323526243,0.010328856846818136,-0.0004669001024626529,0.0,0.0,0.0,0.0,0.010328856846818136,0.0,0.010328856846818136,0.0
2020-06-04,-0.0005343534711310956,-0.0008529016194951278,-0.0031033780011896052,0.0,0.0,0.0,0.0,-0.0008529016194951278,0.0,-0.0008529016194951278,0.0
2020-06-05,0.005599388508356627,0.024178130587987023,0.004103660721232439,0.0,-0.002065425321996839,0.0,0.0,0.024178130587987023,0.0,0.024178130587987023,0.0
2020-06-08,0.004778032001273255,0.014735691715214938,0.0029284315334451973,0.0014728520912071553,0.00912962095637706,0.0,0.0,0.014735691715214938,0.0,0.014735691715214938,0.0
2020-06-09,-0.001993349473174757,-0.0072751832282980655,0.001785314455383913,0.0021000899709374687,-0.0072751832282980655,0.0,0.0,-0.0072751832282980655,0.0,-0.0072751832282980655,0.0
2020-06-10,-0.0033525079796604706,-0.007378871106198015,0.0034284976248169395,-0.011464456123167132,-0.007378871106198015,0.0,0.0,-0.007378871106198015,0.0,-0.007378871106198015,0.0
2020-06-11,-0.022935900292604575,-0.05288784642533306,-0.004392319672247324,-0.04336724368519468,-0.05288784642533306,0.0,0.0,-0.05288784642533306,0.0,-0.05288784642533306,0.0
2020-06-12,0.004169008675480317,0.012931535567752384,-0.009614537685115453,0.008341009061181149,0.012931535567752384,0.0,0.0,0.012931535567752384,0.0,0.012931535567752384,0.0
2020-06-15,0.004244276452600288,0.007843736459592332,0.007843736459592332,0.006823542235033264,0.007843736459592332,0.0,0.0,0.007843736459592332,0.0,0.007843736459592332,0.0
2020-06-16,0.00888570147374602,0.01562917487066571,0.017454613781051332,0.01562917487066571,0.01562917487066571,0.0,0.0,0.01562917487066571,0.0,0.01562917487066571,0.0
2020-06-17,-0.0024855792827291495,-0.007094574449372037,-0.003687372225042518,0.002600882028596285,-0.007094574449372037,0.0,0.0,-0.007094574449372037,0.0,-0.007094574449372037,0.0
2020-06-18,0.0014862062491332385,0.0022144841316423802,0.000979918289191062,0.005752485558080944,0.0022144841316423802,0.0,0.0,0.0022144841316423802,0.0,0.0022144841316423802,0.0
2020-06-19,-0.001402212312117945,-0.0025557443365312625,-0.0010376132084675693,-0.00391506459100015,-0.0025557443365312625,0.0,0.0,-0.0025557443365312625,0.0,-0.0025557443365312625,0.0
2020-06-22,0.0026629476672595707,0.0055551205784506895,0.005091865041460375,0.0022093022285236906,0.0055551205784506895,0.0,0.0,0.0055551205784506895,0.0,0.0055551205784506895,0.0
2020-06-23,0.0014206438091044628,0.0040626427416747156,0.00396072264424383,0.0012814567217039885,0.0040626427416747156,0.0,-0.0046443133090318,0.0040626427416747156,0.0,0.0040626427416747156,0.0
2020-06-24,-0.015184167896223951,-0.023700998256816607,-0.018152519781932518,-0.023700998256816607,-0.023700998256816607,0.0,-0.023700998256816607,-0.023700998256816607,0.0,-0.023700998256816607,0.0
2020-06-25,0.007943276181803353,0.01169686351385132,0.012615772677758163,0.012086258903066738,0.01169686351385132,0.0,0.01169686351385132,0.01169686351385132,0.0,0.01169686351385132,0.0
2020-06-26,-0.013117669116640474,-0.01958413785565468,-0.01958413785565468,-0.020138332771490852,-0.01958413785565468,0.0,-0.01958413785565468,-0.01958413785565468,0.0,-0.01958413785565468,0.0
2020-06-29,0.008174029628538823,0.012223943861919473,0.012223943861919473,0.012446547347252035,0.012223943861919473,0.0,0.012223943861919473,0.012223943861919473,0.0,0.012223943861919473,0.0
2020-06-30,0.008178765479641265,0.012565929573663804,0.012565929573663804,0.010779241448452371,0.012565929573663804,0.0,0.012565929573663804,0.012565929573663804,0.0,0.012565929573663804,0.0
2020-07-01,-0.0012174772263011495,-0.00230430899296562,-0.00230430899296562,0.0005642499281177549,-0.00230430899296562,0.0,-0.00230430899296562,-0.00230430899296562,0.0,-0.00230430899296562,0.0
2020-07-02,0.0027741204140377803,0.004967264199884381,0.004967264199884381,0.00013076272691812108,0.004967264199884381,0.0,0.004967264199884381,0.004967264199884381,0.0,0.004967264199884381,0.0
2020-07-06,0.006690002683818189,0.01165889431692756,0.01165889431692756,0.001915552569725909,0.01165889431692756,0.0,0.01165889431692756,0.01165889431692756,0.0,0.01165889431692756,0.0
2020-07-07,-0.005753271673187524,-0.010101065285013689,-0.009562749423107563,-0.0018124344955253945,-0.010101065285013689,0.0,-0.010101065285013689,-0.010101065285013689,0.0,-0.010101065285013689,0.0
2020-07-08,0.003700012362704367,0.006303463783044827,0.005715028078423168,0.002371228053736829,0.006303463783044827,0.0,0.006303463783044827,0.006303463783044827,0.0,0.006303463783044827,0.0
2020-07-09,-0.0061265719839075266,-0.009241654248296437,-0.00937280409734471,-0.008799726764637283,-0.009241654248296437,0.0,-0.009241654248296437,-0.009241654248296437,0.0,-0.009241654248296437,0.0
2020-07-10,0.006853872442276681,0.010312068185164036,0.009629323344725594,0.010807255895108381,0.010312068185164036,0.0,0.010312068185164036,0.010312068185164036,0.0,0.010312068185164036,0.0
2020-07-13,-0.002581437319047503,-0.005265512986970655,-0.0032084622251645654,0.0010375783016196571,-0.005265512986970655,0.0,-0.005265512986970655,-0.005265512986970655,0.0,-0.005265512986970655,0.0
2020-07-14,0.009112957668396577,0.01355014827296137,0.01452631903869639,0.013289706885027319,0.01355014827296137,0.0,0.01355014827296137,0.01355014827296137,0.0,0.01355014827296137,0.0
2020-07-15,0.007041784743108499,0.011263200994030664,0.011263200994030664,0.007060057717823176,0.011263200994030664,0.0,0.011263200994030664,0.011263200994030664,0.0,0.011263200994030664,0.0
2020-07-16,-0.002702312503869373,-0.004461911377147343,-0.004461911377147343,-0.00201125564908764,-0.004461911377147343,0.0,-0.004461911377147343,-0.004461911377147343,0.0,-0.004461911377147343,0.0
2020-07-17,0.00035710360558416734,0.0007524982166127847,0.0007524982166127847,-0.0005485586328064174,0.0007524982166127847,0.0,0.0007524982166127847,0.0007524982166127847,0.0,0.0007524982166127847,0.0
2020-07-20,0.0029039431470661275,0.004388060848118935,0.004388060848118935,0.00419518408300047,0.004388060848118935,0.0,0.004388060848118935,0.004388060848118935,0.0,0.004388060848118935,0.0
2020-07-21,0.0064290524259702254,0.009366941610205858,0.009366941610205858,0.011026763782702731,0.009366941610205858,0.0,0.009366941610205858,0.009366941610205858,0.0,0.009366941610205858,0.0
2020-07-22,0.002350192871612323,0.00387749068471569,0.00387749068471569,0.0017642824209324615,0.00387749068471569,0.0,0.00387749068471569,0.00387749068471569,0.0,0.00387749068471569,0.0
2020-07-23,-0.0040148154291301955,-0.006022223143695294,-0.006022223143695294,-0.006022223143695294,-0.006022223143695294,0.0,-0.006022223143695294,-0.006022223143695294,0.0,-0.006022223143695294,0.0
2020-07-24,-0.004051717448635025,-0.006077576172952537,-0.006077576172952537,-0.006077576172952537,-0.006077576172952537,0.0,-0.006077576172952537,-0.006077576172952537,0.0,-0.006077576172952537,0.0
2020-07-27,0.004831026824883796,0.007246540237325694,0.007246540237325694,0.007246540237325694,0.007246540237325694,0.0,0.007246540237325694,0.007246540237325694,0.0,0.007246540237325694,0.0
2020-07-28,-0.003693058498273396,-0.00537303945016947,-0.006372329233613217,-0.00537303945016947,-0.00537303945016947,0.0,-0.00537303945016947,-0.00537303945016947,0.0,-0.00537303945016947,0.0
2020-07-29,0.008063305210041609,0.01222012832597511,0.011469105260498925,0.01222012832597511,0.01222012832597511,0.0,0.01222012832597511,0.01222012832597511,0.0,0.01222012832597511,0.0
2020-07-30,-0.004587501027880748,-0.007004589227037139,-0.00626456311574104,-0.007004589227037139,-0.007004589227037139,0.0,-0.007004589227037139,-0.007004589227037139,0.0,-0.007004589227037139,0.0
2020-07-31,0.002818017627782122,0.004378491960000242,0.0034696988500378945,0.004378491960000242,0.004378491960000242,0.0,0.004378491960000242,0.004378491960000242,0.0,0.004378491960000242,0.0
2020-08-03,0.005540097214937914,0.008329021473790332,0.008215767565489562,0.008329021473790332,0.008329021473790332,0.0,0.008329021473790332,0.008329021473790332,0.0,0.008329021473790332,0.0
2020-08-04,0.004426351130623872,0.0069941554542160885,0.0048663829045344055,0.0069941554542160885,0.0069941554542160885,0.0,0.0069941554542160885,0.0069941554542160885,0.0,0.0069941554542160885,0.0
2020-08-05,0.004668880036718849,0.007509615575557504,0.006581291402541434,0.007509615575557504,0.007509615575557504,0.0,0.005400166625698188,0.007509615575557504,0.0,0.007509615575557504,0.0
2020-08-06,0.0023895077842640902,0.004566595402332729,0.0032391884490458934,0.004566595402332729,0.004566595402332729,0.0,0.0,0.004566595402332729,0.0,0.004566595402332729,0.0
2020-08-07,7.904613950298927e-05,-0.00038372069044033673,0.0022462980172882506,-0.00038372069044033673,-0.00038372069044033673,0.0,0.0,-0.00038372069044033673,0.0,-0.00038372069044033673,0.0
2020-08-10,0.002477824518000813,0.004595386094704057,0.003918876283191086,0.004595386094704057,0.004595386094704057,0.0,0.0,0.004595386094704057,0.0,0.004595386094704057,0.0
2020-08-11,-0.00612353665018386,-0.011806301991338919,-0.007886621886299062,-0.011806301991338919,-0.011806301991338919,0.0,0.0,-0.011806301991338919,0.0,-0.011806301991338919,0.0
2020-08-12,0.004575004654528661,0.008638503791439111,0.007456147761287735,0.008638503791439111,0.008638503791439111,0.0,-0.0008351210362862238,0.008638503791439111,0.0,0.008638503791439111,0.0
2020-08-13,-0.0013181922726006835,-0.0017554346616919236,-0.0017554346616919236,-0.0017554346616919236,-0.0017554346616919236,-0.0013311224832546098,-0.0017554346616919236,-0.0017554346616919236,0.0,-0.0017554346616919236,0.0
2020-08-14,-0.00015912249138136318,0.00022031598109117922,0.00022031598109117922,0.00022031598109117922,0.00022031598109117922,-0.002753998308979344,0.00022031598109117922,0.00022031598109117922,0.0,0.00022031598109117922,0.0
2020-08-17,0.0019863792130873042,0.0031243721599971686,0.0031243721599971686,0.0031243721599971686,0.0031243721599971686,-0.0008688200421972714,0.0031243721599971686,0.0031243721599971686,0.0,0.0031243721599971686,0.0
2020-08-18,0.00046209946878221644,6.16607543594272e-06,6.16607543594272e-06,6.16607543594272e-06,6.16607543594272e-06,0.0020640324209301175,0.0020640324209301175,6.16607543594272e-06,0.0,6.16607543594272e-06,0.0
2020-08-19,-0.004696639523184585,-0.006776309511005318,-0.006776309511005318,-0.006776309511005318,-0.006776309511005318,0.0,-0.008388208153634679,-0.006776309511005318,0.0,-0.006776309511005318,0.0
2020-08-20,0.0014961640687043054,0.0009628338584567353,0.0009628338584567353,0.0009628338584567353,0.0009628338584567353,0.005860580030948049,0.0009628338584567353,0.0009628338584567353,0.0018278934366502853,0.0009628338584567353,0.0
2020-08-21,0.00046590437551946953,0.001371917960591007,0.001371917960591007,0.001371917960591007,0.001371917960591007,-0.0020246964225000275,0.001371917960591007,0.001371917960591007,-0.002013671961370789,0.001371917960591007,0.0
2020-08-24,0.006371956254993728,0.008889762155150771,0.008889762155150771,0.008889762155150771,0.008889762155150771,0.0,0.008889762155150771,0.008889762155150771,0.004009033364038928,0.008889762155150771,0.0
2020-08-25,0.0004859133792754427,0.000461473623440678,0.000461473623440678,0.000461473623440678,0.000461473623440678,0.0,0.000461473623440678,0.000461473623440678,0.0016043786728349163,0.000461473623440678,0.0
2020-08-26,0.0021746227994940723,0.002915443037480825,0.002915443037480825,0.002915443037480825,0.002915443037480825,0.0021411348827547806,0.002915443037480825,0.002915443037480825,-6.218791219307907e-05,0.002915443037480825,0.0
2020-08-27,0.0008647728231399798,0.0006166886667648086,0.0015100318431594984,0.0006166886667648086,0.0006166886667648086,0.0027947570456362536,0.0006166886667648086,0.0006166886667648086,0.0003947231856400224,0.0006166886667648086,0.0
2020-08-28,0.00496511693027518,0.007530342588130412,0.006145437189628344,0.007530342588130412,0.007530342588130412,0.0,0.007530342588130412,0.007530342588130412,0.0008889022421962212,0.007530342588130412,0.0
2020-08-31,-0.0023334912467906557,-0.0033693696476259083,-0.004489421450721798,-0.0033693696476259083,-0.0033693696476259083,0.0,-0.0033693696476259083,-0.0033693696476259083,0.00033484846773543795,-0.0033693696476259083,0.0
2020-09-01,0.003972753494737878,0.0065623447577143005,0.002943057664069404,0.0065623447577143005,0.0065623447577143005,0.0,0.0065623447577143005,0.0065623447577143005,0.0,0.0065623447577143005,0.0
2020-09-02,0.004656306404616483,0.008214386817210229,0.0063779189981936655,0.008214386817210229,0.008214386817210229,0.0,0.0026712913745137734,0.008214386817210229,0.0,0.008214386817210229,0.0
2020-09-03,-0.013149259713145523,-0.025383954589207103,-0.014614493016459063,-0.004976688824285003,-0.025383954589207103,0.0,-0.02260029180994434,-0.025383954589207103,0.0,-0.025383954589207103,0.0
2020-09-04,-0.004449048729429714,-0.006628738477794449,-0.005534127994264981,-0.00799235665942465,-0.006628738477794449,0.0,-0.006628738477794449,-0.006628738477794449,0.0,-0.006628738477794449,0.0
2020-09-08,-0.01589901042481404,-0.023673918884128942,-0.023673918884128942,-0.024721499402681656,-0.023673918884128942,0.0,-0.023673918884128942,-0.023673918884128942,0.0,-0.023673918884128942,0.0
2020-09-09,0.010313155134432954,0.01546973270164943,0.01546973270164943,0.01546973270164943,0.01546973270164943,0.0,0.01546973270164943,0.01546973270164943,0.0,0.01546973270164943,0.0
2020-09-10,-0.010003075705487412,-0.015157383656367785,-0.015157383656367785,-0.014240763067547768,-0.015157383656367785,0.0,-0.015157383656367785,-0.015157383656367785,0.0,-0.015157383656367785,0.0
2020-09-11,0.00031884475434305556,-0.00021601924340033384,-0.00021601924340033384,-0.00021053323810784618,-0.00021601924340033384,0.0,0.0039442130007966815,-0.00021601924340033384,0.0,-0.00021601924340033384,0.0
2020-09-14,0.0073826985380615944,0.013392972603042596,0.013392972603042596,0.012872396430383959,0.013392972603042596,0.0,0.0,0.013392972603042596,0.0,0.013392972603042596,0.0
2020-09-15,0.000825800658464641,0.0006803296030446715,0.0006803296030446715,0.004710887514003082,0.0006803296030446715,0.0,0.0,0.0006803296030446715,0.0,0.0006803296030446715,0.0
2020-09-16,0.0012739741093756,0.002532112650090901,0.002532112650090901,0.004159454821003406,0.002532112650090901,0.0,-0.0028221384369866097,0.002532112650090901,0.0,0.002532112650090901,0.0
2020-09-17,-0.0037188097018366548,-0.005986102134509219,-0.005986102134509219,-0.0035387766439837986,-0.005986102134509219,0.0,-0.005986102134509219,-0.005986102134509219,0.0,-0.005986102134509219,0.0
2020-09-18,-0.0038997959944911628,-0.006917029291436161,-0.006917029291436161,-0.0005130174932396648,-0.006917029291436161,0.0,-0.006917029291436161,-0.006917029291436161,0.0,-0.006917029291436161,0.0
2020-09-21,-0.00830588918415224,-0.014550963656578675,-0.014550963656578675,-0.001998184374476797,-0.014550963656578675,0.0,-0.014550963656578675,-0.014550963656578675,0.0,-0.014550963656578675,0.0
2020-09-22,0.001620881865122958,0.003089871841984293,0.003089871841984293,-0.0008614224238148394,0.003089871841984293,0.0,0.003089871841984293,0.003089871841984293,0.0,0.003089871841984293,0.0
2020-09-23,-0.013134251693950978,-0.02319496481855471,-0.02319496481855471,-0.0022334411527852537,-0.02319496481855471,0.0,-0.02319496481855471,-0.02319496481855471,0.0,-0.02319496481855471,0.0
2020-09-24,0.0010926216225909872,0.0019236165968855245,0.0019236165968855245,0.00021551161889126201,0.0019236165968855245,0.0,0.0019236165968855245,0.0019236165968855245,0.0,0.0019236165968855245,0.0
2020-09-25,0.006552285236206917,0.011587665002143777,0.011587665002143777,0.001032242115143367,0.011587665002143777,0.0,0.011587665002143777,0.011587665002143777,0.0,0.011587665002143777,0.0
2020-09-28,0.009166709093110032,0.016023279616094288,0.016023279616094288,0.002383983757518848,0.016023279616094288,0.0,0.016023279616094288,0.016023279616094288,0.0,0.016023279616094288,0.0
2020-09-29,-0.0030859913719330527,-0.00548660585198395,-0.00548660585198395,-0.00034089308747772276,-0.00548660585198395,0.0,-0.00548660585198395,-0.00548660585198395,0.0,-0.00548660585198395,0.0
2020-09-30,0.002662599285075889,0.0047926787131366,0.0047926787131366,0.0,0.0047926787131366,0.0,0.0047926787131366,0.0047926787131366,0.0,0.0047926787131366,0.0
2020-10-01,0.0016219249966833438,0.002919464994030019,0.002919464994030019,0.0,0.002919464994030019,0.0,0.002919464994030019,0.002919464994030019,0.0,0.002919464994030019,0.0
2020-10-02,-0.00331276975029419,-0.005962985550529543,-0.005962985550529543,0.0,-0.005962985550529543,0.0,-0.005962985550529543,-0.005962985550529543,0.0,-0.005962985550529543,0.0
2020-10-05,0.008776207862993712,0.01579717415338868,0.01579717415338868,0.0,0.01579717415338868,0.0,0.01579717415338868,0.01579717415338868,0.0,0.01579717415338868,0.0
2020-10-06,-0.006030476740345039,-0.01085485813262107,-0.01085485813262107,0.0,-0.01085485813262107,0.0,-0.01085485813262107,-0.01085485813262107,0.0,-0.01085485813262107,0.0
2020-10-07,0.007534613530687604,0.013562304355237687,0.013562304355237687,0.0,0.013562304355237687,0.0,0.013562304355237687,0.013562304355237687,0.0,0.013562304355237687,0.0
2020-10-08,0.005570435306555151,0.010054384070589385,0.009916381476638824,0.0,0.010054384070589385,0.0,0.010054384070589385,0.010054384070589385,0.0,0.010054384070589385,0.0
2020-10-09,0.0034244276306017885,0.006267765769123445,0.005748785598922312,0.0,0.006267765769123445,0.0,0.006267765769123445,0.006267765769123445,0.0,0.006267765769123445,0.0
2020-10-12,0.006072080012098686,0.011063735835459377,0.010393776767050677,0.0,0.011063735835459377,0.0,0.011063735835459377,0.011063735835459377,0.0,0.011063735835459377,0.0
2020-10-13,-0.004010122035187895,-0.00765098334900356,-0.005487164920676813,0.0,-0.00765098334900356,0.0,-0.00765098334900356,-0.00765098334900356,0.0,-0.00765098334900356,0.0
2020-10-14,-0.0020270928862586397,-0.004119702836817019,-0.001765024629059686,0.0,-0.004119702836817019,0.0,-0.004119702836817019,-0.004119702836817019,0.0,-0.004119702836817019,0.0
2020-10-15,0.0010429183577323252,0.0011998928146479515,0.004586693960999122,0.0,0.0011998928146479515,0.0,0.0011998928146479515,0.0011998928146479515,0.0,0.0011998928146479515,0.0
2020-10-16,-0.0014576279563735797,-0.002593623404286849,-0.002744157990214824,0.0,-0.002593623404286849,0.0,-0.002593623404286849,-0.002593623404286849,0.0,-0.002593623404286849,0.0
2020-10-19,-0.007325069790230099,-0.013110975156741433,-0.013481727485105155,0.0,-0.013110975156741433,0.0,-0.013110975156741433,-0.013110975156741433,0.0,-0.013110975156741433,0.0
2020-10-20,0.0017578561380359552,0.0031641410484647193,0.0031641410484647193,0.0,0.0031641410484647193,0.0,0.0031641410484647193,0.0031641410484647193,0.0,0.0031641410484647193,0.0
2020-10-21,-0.002301746498235132,-0.004143143696823237,-0.004143143696823237,0.0,-0.004143143696823237,0.0,-0.004143143696823237,-0.004143143696823237,0.0,-0.004143143696823237,0.0
2020-10-22,0.004444063395137976,0.007999314111248356,0.007999314111248356,0.0,0.007999314111248356,0.0,0.007999314111248356,0.007999314111248356,0.0,0.007999314111248356,0.0
2020-10-23,0.0009287612082029884,0.0016014059839892015,0.0016014059839892015,0.0,0.0016014059839892015,0.0,0.0016014059839892015,0.0016014059839892015,0.0003518209538808881,0.0016014059839892015,0.0
2020-10-26,-0.009188135192295803,-0.01599080817084686,-0.01599080817084686,0.0,-0.01599080817084686,0.0,-0.01599080817084686,-0.01599080817084686,-0.002739175876427924,-0.01599080817084686,0.0
2020-10-27,-0.0023794669243009585,-0.003637506561646864,-0.003637506561646864,0.0,-0.003637506561646864,0.0,-0.003637506561646864,-0.003637506561646864,-0.0032276695104743068,-0.003637506561646864,0.0
2020-10-28,-0.01943572084048073,-0.029416558047701057,-0.029416558047701057,0.0,-0.029416558047701057,0.0,-0.029416558047701057,-0.029416558047701057,-0.027838697325821293,-0.029416558047701057,0.0
2020-10-29,0.005113387911342481,0.007670081867013723,0.007670081867013723,0.0,0.007670081867013723,0.0,0.007670081867013723,0.007670081867013723,0.007670081867013723,0.007670081867013723,0.0
2020-10-30,-0.005335769668973498,-0.007393561834478768,-0.007393561834478768,-0.0036605560138888715,-0.007393561834478768,0.0,-0.007393561834478768,-0.007393561834478768,-0.007393561834478768,-0.007393561834478768,0.0
2020-11-02,0.010904567753868761,0.013759143058650425,0.013759143058650425,0.013759143058650425,0.013759143058650425,0.0,0.013759143058650425,0.013759143058650425,0.013759143058650425,0.013759143058650425,0.0018271083742658956
2020-11-03,0.01182254237348296,0.01321559872997603,0.01321559872997603,0.013893690251514412,0.01321559872997603,0.0,0.01321559872997603,0.01321559872997603,0.01321559872997603,0.01321559872997603,0.01321559872997603
2020-11-04,0.014614963953546568,0.017626912953433337,0.017626912953433337,0.008146284907885737,0.017626912953433337,0.0,0.017626912953433337,0.017626912953433337,0.017626912953433337,0.017626912953433337,0.017626912953433337
2020-11-05,0.013826939620301095,0.017517326234342857,0.017517326234342857,0.0018211729423098788,0.017517326234342857,0.0,0.017517326234342857,0.017517326234342857,0.017517326234342857,0.017517326234342857,0.017517326234342857
2020-11-06,-0.0035363588973359303,-0.004607702213894838,-0.004607702213894838,0.0004266854212404914,-0.004607702213894838,0.0,-0.004607702213894838,-0.004607702213894838,-0.004607702213894838,-0.004607702213894838,-0.004607702213894838
2020-11-09,0.017348978045148577,0.02201228168904502,0.02201228168904502,0.002054830583022049,0.02201228168904502,0.0,0.02201228168904502,0.02201228168904502,0.02201228168904502,0.02201228168904502,0.02201228168904502
2020-11-10,0.0017545777633749908,0.0028098890581165215,5.299180774187562e-06,-0.0010734336590983995,0.0028098890581165215,0.0,0.0028098890581165215,0.0028098890581165215,0.0028098890581165215,0.0028098890581165215,0.0028098890581165215
2020-11-11,0.003634056696257703,0.003547475389267607,0.005633890745972014,0.004537444769668553,0.003547475389267607,0.0,0.003547475389267607,0.003547475389267607,0.003547475389267607,0.003547475389267607,0.004797797804340731
2020-11-12,-0.005452458462374214,-0.00785762266634631,-0.0008413379899931961,0.0017884790447838194,-0.00785762266634631,-0.005365576942213501,-0.00785762266634631,-0.00785762266634631,-0.00785762266634631,-0.00785762266634631,-0.005365576942213501
2020-11-13,0.012421239998088921,0.01369896984767055,0.007537219960155783,0.008361151088950658,0.01369896984767055,0.01369896984767055,0.01369896984767055,0.01369896984767055,0.01369896984767055,0.01369896984767055,0.01369896984767055
2020-11-16,0.013848794095035801,0.015397098135378994,0.005887349549831544,0.010972110357837683,0.015397098135378994,0.015397098135378994,0.015397098135378994,0.015397098135378994,0.015397098135378994,0.015397098135378994,0.015397098135378994
2020-11-17,-0.00161874718500065,-0.0009865863422610643,-0.0029455222028387574,-2.4823147689023716e-05,-0.0009865863422610643,-0.0009865863422610643,-0.0009865863422610643,-0.0009865863422610643,-0.0009865863422610643,-0.0009865863422610643,-0.005678861260911683
2020-11-18,-0.008277890557333892,-0.01159396329541601,-0.005283707330304655,0.00034647208679567943,-0.01159396329541601,-0.01159396329541601,-0.01159396329541601,-0.01159396329541601,-0.01159396329541601,-0.01159396329541601,0.0
2020-11-19,0.00454836605556626,0.005190127948960543,0.002644430093026462,0.007150096713306608,0.005190127948960543,0.005190127948960543,0.005190127948960543,0.005190127948960543,0.005190127948960543,0.005190127948960543,0.0
2020-11-20,-0.003328495116829969,-0.003463331593854668,-0.0021674465282269574,-0.0037436246263280347,-0.003463331593854668,-0.003463331593854668,-0.003463331593854668,-0.003463331593854668,-0.003463331593854668,-0.003463331593854668,-0.0032653953337867248
2020-11-23,0.008554441168373714,0.00985355257812467,-0.0009583324448214747,0.008973434913312216,0.00985355257812467,0.00985355257812467,0.00985355257812467,0.00985355257812467,0.00985355257812467,0.00985355257812467,0.00985355257812467
2020-11-24,0.01161654968179076,0.01422977222326528,0.003708190017697699,0.008582553963051609,0.01422977222326528,0.01422977222326528,0.01422977222326528,0.01422977222326528,0.01422977222326528,0.01422977222326528,0.006879569815775833
2020-11-25,-0.0025103067758952533,-0.003633781620564769,-0.0006109694490403661,-0.00017910181062830155,-0.003633781620564769,-0.003633781620564769,-0.003633781620564769,-0.003633781620564769,-0.003633781620564769,-0.003633781620564769,0.0
2020-11-27,0.001465817403821955,0.0017193217779834847,0.0027779671924655137,9.845877403117376e-05,0.0017193217779834847,0.0017193217779834847,0.0017193217779834847,0.0017193217779834847,0.0017193217779834847,0.0017193217779834847,0.0
2020-11-30,-0.007804121247027925,-0.010378921039089462,-0.0009639872709024999,-0.006999577717812055,-0.010378921039089462,-0.010378921039089462,-0.010378921039089462,-0.010378921039089462,-0.010378921039089462,-0.010378921039089462,0.0
2020-12-01,0.005993552445596442,0.008671381763392227,0.004831775306846309,0.0005426707124229658,0.008671381763392227,0.008671381763392227,0.008671381763392227,0.008671381763392227,0.008671381763392227,0.008671381763392227,-0.0034607645892546614
2020-12-02,0.00502102472655133,0.005591821113335627,0.0023424162632722733,0.003704058482340311,0.005591821113335627,0.005591821113335627,0.005591821113335627,0.005591821113335627,0.005591821113335627,0.005591821113335627,0.005591821113335627
2020-12-03,0.0031588573140564863,0.0034596114489150232,0.0024106059208685916,0.0018018297632346192,0.0034596114489150232,0.0034596114489150232,0.0034596114489150232,0.0034596114489150232,0.0034596114489150232,0.0034596114489150232,0.0034596114489150232
2020-12-04,0.008406552879462847,0.011432655676489812,0.005982347726739468,-0.0009187796860672503,0.011432655676489812,0.011432655676489812,0.011432655676489812,0.011432655676489812,0.011432655676489812,0.011432655676489812,0.001999473815554542
2020-12-07,-0.00043093089374169274,-0.0009984233695257139,0.0012100890507358076,0.000902073122743241,-0.0009984233695257139,-0.0009984233695257139,-0.0009984233695257139,-0.0009984233695257139,-0.0009984233695257139,-0.0009984233695257139,0.0
2020-12-08,0.004920806118552581,0.005638829197371298,0.004782949785841872,0.005671330096903571,0.005638829197371298,0.005638829197371298,0.005638829197371298,0.005638829197371298,0.005638829197371298,0.005638829197371298,0.0
2020-12-09,-0.007707018829115746,-0.008648170635152918,-0.007554054413588207,0.0008090189352273125,-0.008648170635152918,-0.008648170635152918,-0.008648170635152918,-0.008648170635152918,-0.008648170635152918,-0.008648170635152918,-0.0107291101727633
2020-12-10,0.004573987663462796,0.00513917449475595,0.00110066763136053,0.00409099987651299,0.00513917449475595,0.00513917449475595,0.00513917449475595,0.00513917449475595,0.00513917449475595,0.00513917449475595,0.00513917449475595
2020-12-11,-0.0026509264767130216,-0.0029244224904754644,-0.0012790346192262936,-0.002108346237862646,-0.0029244224904754644,-0.0029244224904754644,-0.0029244224904754644,-0.0029244224904754644,-0.0029244224904754644,-0.0029244224904754644,-0.0029244224904754644
2020-12-14,-0.005989020642499916,-0.006092849317250293,-0.0027078785384230587,-0.008543362023324142,-0.006092849317250293,-0.006092849317250293,-0.006092849317250293,-0.006092849317250293,-0.006092849317250293,-0.006092849317250293,-0.006092849317250293
2020-12-15,0.013082709663696918,0.013585181026732618,0.009118476884091254,0.013529642902052686,0.013585181026732618,0.013585181026732618,0.013585181026732618,0.013585181026732618,0.013585181026732618,0.013585181026732618,0.013585181026732618
2020-12-16,0.00043155108895952536,0.0005417963403005377,0.0006063961185649336,-0.0005150107000329695,0.0005417963403005377,0.0005417963403005377,0.0005417963403005377,0.0005417963403005377,0.0005417963403005377,0.0005417963403005377,0.0005417963403005377
2020-12-17,0.0046032666469138575,0.005307074388186639,0.004116239178176706,0.00016363992674154338,0.005307074388186639,0.005307074388186639,0.005307074388186639,0.005307074388186639,0.005307074388186639,0.005307074388186639,0.005307074388186639
2020-12-18,-0.004424035529411603,-0.004797663954105169,-0.0043136794518625395,-0.0019189926341056985,-0.004797663954105169,-0.004797663954105169,-0.004797663954105169,-0.004797663954105169,-0.004797663954105169,-0.004797663954105169,-0.004797663954105169
2020-12-21,-0.001467148543525983,-0.001918645100450589,-0.0018674639190685016,0.002093642730488776,-0.001918645100450589,-0.001918645100450589,-0.001918645100450589,-0.001918645100450589,-0.001918645100450589,-0.001918645100450589,-0.001918645100450589
2020-12-22,-0.001973099720405669,-0.0018108253709594679,-0.0029478720767847078,-0.002134247810150036,-0.0018108253709594679,-0.0018108253709594679,-0.0018108253709594679,-0.0018108253709594679,-0.0018108253709594679,-0.0018108253709594679,-0.0018108253709594679
2020-12-23,0.003916632652309747,0.003994108675368613,0.0031432895548260897,0.004147643588381345,0.003994108675368613,0.003994108675368613,0.003994108675368613,0.003994108675368613,0.003994108675368613,0.003994108675368613,0.003994108675368613
2020-12-24,0.0023269046446297965,0.0023722900781267485,0.002437572379371311,0.0018985388754096167,0.0023722900781267485,0.0023722900781267485,0.0023722900781267485,0.0023722900781267485,0.0023722900781267485,0.0023722900781267485,0.0023722900781267485
2020-12-28,0.0031330453870000996,0.0030687210615306104,0.003440551184490559,0.0032758098677960644,0.0030687210615306104,0.0030687210615306104,0.0030687210615306104,0.0030687210615306104,0.0030687210615306104,0.0030687210615306104,0.0030687210615306104
2020-12-29,-0.002674735149861016,-0.0029829670806689633,-0.0010462006351931285,-0.0021456461488732702,-0.0029829670806689633,-0.0029829670806689633,-0.0029829670806689633,-0.0029829670806689633,-0.0029829670806689633,-0.0029829670806689633,-0.0029829670806689633
2020-12-30,0.003986822507976303,0.004311476962422889,0.003293111361744794,0.0024079524730817093,0.004311476962422889,0.004311476962422889,0.004311476962422889,0.004311476962422889,0.004311476962422889,0.004311476962422889,0.004311476962422889
2020-12-31,0.002846330847264287,0.003235650455000205,0.003756531422651399,-0.0007891069822742458,0.003235650455000205,0.003235650455000205,0.003235650455000205,0.003235650455000205,0.003235650455000205,0.003235650455000205,0.003235650455000205
2021-01-04,-0.005744247483830731,-0.006369584319367516,-0.00522212424746884,-0.001889012871435125,-0.006369584319367516,-0.006369584319367516,-0.006369584319367516,-0.006369584319367516,-0.006369584319367516,-0.006369584319367516,-0.006369584319367516
2021-01-05,0.008836722779228777,0.00941504365961604,0.003391383862659281,0.010233815533087443,0.00941504365961604,0.00941504365961604,0.00941504365961604,0.00941504365961604,0.00941504365961604,0.00941504365961604,0.00941504365961604
2021-01-06,0.007111584704233097,0.008179629421194568,0.0035172352458457735,0.003229621143890138,0.008179629421194568,0.008179629421194568,0.008179629421194568,0.008179629421194568,0.008179629421194568,0.008179629421194568,0.008179629421194568
2021-01-07,0.011286724522222838,0.012219559218424525,0.00948049723331761,0.006563108937716266,0.012219559218424525,0.012219559218424525,0.012219559218424525,0.012219559218424525,0.012219559218424525,0.012219559218424525,0.012219559218424525
2021-01-08,-0.0011244003588859759,-0.000989801318907868,-0.0005884450715593958,-0.0026025489260593114,-0.000989801318907868,-0.000989801318907868,-0.000989801318907868,-0.000989801318907868,-0.000989801318907868,-0.000989801318907868,-0.000989801318907868
2021-01-11,-0.00140651908690361,-0.0013114158113256336,-0.0031174634655116717,-0.00036129763734138454,-0.0013114158113256336,-0.0013114158113256336,-0.0013114158113256336,-0.0013114158113256336,-0.0013114158113256336,-0.0013114158113256336,-0.0013114158113256336
2021-01-12,0.004068881799210785,0.005368496969433423,-0.0009496568061009292,-9.885787035968096e-06,0.005368496969433423,0.005368496969433423,0.005368496969433423,0.005368496969433423,0.005368496969433423,0.005368496969433423,0.005368496969433423
2021-01-13,0.001296123245075546,0.000954979916129084,0.002514397187424988,0.0024658526053513373,0.000954979916129084,0.000954979916129084,0.000954979916129084,0.000954979916129084,0.000954979916129084,0.000954979916129084,0.000954979916129084
2021-01-14,0.0012683773381257418,0.002153141673056913,-0.003254381740239465,-0.00040221392802725076,0.002153141673056913,0.002153141673056913,0.002153141673056913,0.002153141673056913,0.002153141673056913,0.002153141673056913,0.002153141673056913
2021-01-15,-0.009330876811262162,-0.010696774147914912,-0.0036634411152382087,-0.0054370311507168645,-0.010696774147914912,-0.010696774147914912,-0.010696774147914912,-0.010696774147914912,-0.010696774147914912,-0.010696774147914912,-0.010696774147914912
2021-01-19,0.008668791473448251,0.009410244084423614,0.0058588069325181905,0.006288607737550777,0.009410244084423614,0.009410244084423614,0.009410244084423614,0.009410244084423614,0.009410244084423614,0.009410244084423614,0.009410244084423614
2021-01-20,0.008792953299547183,0.009151774979974492,0.007974874851603564,0.00709927998449964,0.009151774979974492,0.009151774979974492,0.009151774979974492,0.009151774979974492,0.009151774979974492,0.009151774979974492,0.009151774979974492
2021-01-21,-0.0038340637161357128,-0.004339812310870772,-9.089964776806125e-05,-0.004036987621357946,-0.004339812310870772,-0.004339812310870772,-0.004339812310870772,-0.004339812310870772,-0.004339812310870772,-0.004339812310870772,-0.004339812310870772
2021-01-22,-0.0021829529873952183,-0.002471974983515257,-0.003113932936281316,0.0007711809343311504,-0.002471974983515257,-0.002471974983515257,-0.002471974983515257,-0.002471974983515257,-0.002471974983515257,-0.002471974983515257,-0.002471974983515257
2021-01-25,0.0019066510546425042,0.002028203458453781,0.003147958821552965,-0.00018552353894689676,0.002028203458453781,0.002028203458453781,0.002028203458453781,0.002028203458453781,0.002028203458453781,0.002028203458453781,0.002028203458453781
2021-01-26,-0.004010912116788924,-0.004461958727326054,-0.0016309052329636863,-0.003233592726854251,-0.004461958727326054,-0.004461958727326054,-0.004461958727326054,-0.004461958727326054,-0.004461958727326054,-0.004461958727326054,-0.004461958727326054
2021-01-27,-0.017395780533195612,-0.018643904203027827,-0.015461074931288987,-0.010593620446276708,-0.018643904203027827,-0.018643904203027827,-0.018643904203027827,-0.018643904203027827,-0.018643904203027827,-0.018643904203027827,-0.018643904203027827
2021-01-28,0.006290136363904022,0.006500751749801315,0.005651585326657105,0.0060554669375041835,0.006500751749801315,0.006500751749801315,0.006500751749801315,0.006500751749801315,0.0058996645121670134,0.006500751749801315,0.006500751749801315
2021-01-29,-0.014689271167080829,-0.01682403648343389,-0.01199064233614917,-0.015889564267159473,-0.01682403648343389,-0.01682403648343389,-0.01682403648343389,-0.01682403648343389,-0.003379014999815466,-0.01682403648343389,-0.01682403648343389
2021-02-01,0.011776391728810778,0.013323968164547595,0.01015516009014139,0.013323968164547595,0.013323968164547595,0.013323968164547595,0.013323968164547595,0.013323968164547595,0.002564588317322447,0.013323968164547595,0.013323968164547595
2021-02-02,0.008016176287091302,0.009344536169179175,0.0068342481093589865,0.009244121459387689,0.009344536169179175,0.009344536169179175,0.009344536169179175,0.009344536169179175,0.0,0.009344536169179175,0.009344536169179175
2021-02-03,0.0020375534688567933,0.002872728647692968,-0.001698736334505968,0.0028003456680593007,0.002872728647692968,0.002872728647692968,0.002872728647692968,0.002872728647692968,0.0,0.002872728647692968,0.002872728647692968
2021-02-04,0.006135254666469424,0.008381354109501572,0.005239651329263706,-0.00031048398804832676,0.008381354109501572,0.008381354109501572,0.008381354109501572,0.008381354109501572,0.0,0.008381354109501572,0.008381354109501572
2021-02-05,0.0024564973641085846,0.0033948057015930067,0.0011557419344365495,0.0005839001329826732,0.0033948057015930067,0.0033948057015930067,0.0033948057015930067,0.0033948057015930067,0.0,0.0033948057015930067,0.0033948057015930067
2021-02-08,0.009396752852498613,0.012793744188403244,0.0060578733996453195,0.0017504371424227117,0.012793744188403244,0.012793744188403244,0.012793744188403244,0.012793744188403244,0.0,0.012793744188403244,0.012793744188403244
2021-02-09,-2.3308445211395793e-05,-0.00020498160104022168,0.0003842734067409759,0.0006358401925977919,-0.00020498160104022168,-0.00020498160104022168,-0.00020498160104022168,-0.00020498160104022168,0.0,-0.00020498160104022168,-0.00020498160104022168
2021-02-10,0.0016743346104478314,0.002237364970820832,0.0009794265139867696,0.0006653951551187198,0.002237364970820832,0.002237364970820832,0.002237364970820832,0.002237364970820832,0.0,0.002237364970820832,0.002237364970820832
2021-02-11,-0.0009028793587908866,-0.0013354325345629526,0.00032238956799319763,-0.0004357085897334634,-0.0013354325345629526,-0.0013354325345629526,-0.0013354325345629526,-0.0013354325345629526,0.0,-0.0013354325345629526,-0.0013354325345629526
2021-02-12,0.0029484664936590445,0.003668644870099069,0.0019096749291508063,0.0026146542931861803,0.003668644870099069,0.003668644870099069,0.003668644870099069,0.003668644870099069,0.0,0.003668644870099069,0.003668644870099069
2021-02-16,-0.0007509948707896366,-0.0008663157407786337,-0.0027443676557426964,0.0011833082633077696,-0.0008663157407786337,-0.0008663157407786337,-0.0008663157407786337,-0.0008663157407786337,0.0,-0.0008663157407786337,-0.0008663157407786337
2021-02-17,-0.0003880878954682723,4.500668373643713e-05,-0.0006562655367826409,0.0006672193581660823,4.500668373643713e-05,4.500668373643713e-05,4.500668373643713e-05,4.500668373643713e-05,0.0,-0.0037287782992800776,4.500668373643713e-05
2021-02-18,-0.004730218206790083,-0.0071156727223481205,-0.003481238497291672,-0.003512361752078463,-0.0071156727223481205,-0.0071156727223481205,-0.0071156727223481205,-0.0071156727223481205,0.0,0.0,-0.0071156727223481205
2021-02-19,0.000926404604191084,0.0020499231325105784,-0.0024180318064515927,0.0005060575816184576,0.0020499231325105784,0.0020499231325105784,0.0020499231325105784,0.0020499231325105784,0.0,0.0,0.0020499231325105784
2021-02-22,-0.0018957895005745301,-0.0012321336050377552,-0.005363363474391214,-0.005538074005590777,-0.0012321336050377552,-0.0012321336050377552,-0.0012321336050377552,-0.0012321336050377552,0.0,0.0,-0.0012321336050377552
2021-02-23,-0.0005526082187583079,0.00030216804032304754,-0.0010821706898369032,-0.0006079147034934618,0.00030216804032304754,0.00030216804032304754,0.00030216804032304754,0.00030216804032304754,0.0,0.0,-0.004492060736786596
2021-02-24,0.006739227749089211,0.012584098486278894,0.0047352386599536335,0.00558141713673369,0.012584098486278894,0.012584098486278894,0.012584098486278894,0.012584098486278894,0.0,0.0,0.0
2021-02-25,-0.013117267204787694,-0.023089074262317842,-0.015646034356107084,-0.01005307343771077,-0.023089074262317842,-0.023089074262317842,-0.023089074262317842,-0.023089074262317842,0.0,0.0,0.0
2021-02-26,-0.00340792874978276,-0.005405675661197318,-0.0033971520022304524,-0.005651504101025118,-0.005405675661197318,-0.005405675661197318,-0.005405675661197318,-0.005405675661197318,0.0,0.0,0.0
2021-03-01,0.013362446919083441,0.019725918772678763,0.017129887791655973,0.019396901405644994,0.019725918772678763,0.019725918772678763,0.019725918772678763,0.019725918772678763,0.004831557983734936,0.0,0.0
2021-03-02,-0.004401998065773436,-0.006982494980322285,-0.006435944119422832,-0.0003953418526739472,-0.006982494980322285,-0.006982494980322285,-0.006982494980322285,-0.006982494980322285,-0.004856716698575003,0.0,0.0
2021-03-03,-0.007238655963900968,-0.009410882706674617,-0.010876377197116704,-0.009352050108217802,-0.009410882706674617,-0.009410882706674617,-0.009410882706674617,-0.009410882706674617,-0.007275945543075734,0.0,0.0
2021-03-04,-0.008909169422142595,-0.010690073745286166,-0.013077235123836073,-0.011408149634872734,-0.010690073745286166,-0.010690073745286166,-0.010690073745286166,-0.010690073745286166,-0.01293684505942988,0.0,0.0
2021-03-05,0.011222350605330915,0.017090430492911902,0.01334827252021178,0.011601786113199198,0.017090430492911902,0.017090430492911902,0.017090430492911902,0.017090430492911902,0.007689374842919638,0.0,0.0
2021-03-08,-0.003444309027963624,-0.0049184370247535745,-0.005107313755372889,-0.006217719397285426,-0.0049184370247535745,-0.0049184370247535745,-0.0049184370247535745,-0.0049184370247535745,0.0,0.0,0.0
2021-03-09,0.008762253603949752,0.012426535739763867,0.014179615755050357,0.014974523721441946,0.012426535739763867,0.012426535739763867,0.012426535739763867,0.012426535739763867,0.0,0.0,0.0
2021-03-10,0.005474917002345584,0.008667714974456831,0.006135102220306254,0.008468290902976683,0.008667714974456831,0.008667714974456831,0.008667714974456831,0.008667714974456831,0.0,0.0,0.0
2021-03-11,0.004432388365246791,0.007820553281003062,0.007783126061160428,0.0008261561020484476,0.007820553281003062,0.007820553281003062,0.007820553281003062,0.007820553281003062,0.0,0.0,0.0
2021-03-12,-0.0006722881193584871,-0.0005877750293308837,-0.0007935565141661827,-0.0029059364427366672,-0.0005877750293308837,-0.0005877750293308837,-0.0005877750293308837,-0.0005877750293308837,0.0,0.0,0.0
2021-03-15,0.00235745703278769,0.0036305049775520624,0.004256907447726744,0.0024381859371542134,0.0036305049775520624,0.0036305049775520624,0.0036305049775520624,0.0036305049775520624,0.0,0.0,0.0
2021-03-16,-0.0026163169206039607,-0.005131786186667153,-0.002161720348193963,-0.0008579871905730729,-0.005131786186667153,-0.005131786186667153,-0.005131786186667153,-0.005131786186667153,0.0,0.0,0.0
2021-03-17,0.0019108008860131381,0.003088324806470366,0.002310864541060087,0.0025330442071766933,0.003088324806470366,0.003088324806470366,0.003088324806470366,0.003088324806470366,0.0,0.0,0.0
2021-03-18,-0.009578028274487994,-0.0165360666383239,-0.01204234045818785,-0.008015647458908504,-0.0165360666383239,-0.0165360666383239,-0.0165360666383239,-0.0165360666383239,0.0,0.0,0.0
2021-03-19,0.00025063706470196276,6.761913710874312e-05,4.7433652721162735e-05,0.0004388310581598831,6.761913710874312e-05,6.761913710874312e-05,6.761913710874312e-05,6.761913710874312e-05,0.0014989923230016467,0.0,0.0
2021-03-22,0.0031214937569364865,0.003860238111113057,0.004819220413904058,0.0030573601236056013,0.003860238111113057,0.003860238111113057,0.003860238111113057,0.003860238111113057,0.00477591083046649,0.0,0.0
2021-03-23,-0.008191455535195945,-0.010143378641270129,-0.00868068312030994,-0.007973928651938378,-0.010143378641270129,-0.010143378641270129,-0.010143378641270129,-0.010143378641270129,-0.00941331579378163,0.0,-0.007081657685653042
2021-03-24,-0.0023508749268991653,-0.0020732531607127068,-0.0045821368967916,-0.003838716170324752,-0.0020732531607127068,-0.0020732531607127068,-0.0020732531607127068,-0.0020732531607127068,-0.0023707554714126,0.0,-0.0020732531607127068
2021-03-25,0.004195496096601079,0.004667254914138319,0.004300144870752221,0.0054557905138275745,0.004667254914138319,0.004667254914138319,0.004667254914138319,0.004667254914138319,0.004667254914138319,0.0,0.004667254914138319
2021-03-26,0.012592608697051895,0.014701714266112397,0.012222563010236165,0.012900629666556496,0.014701714266112397,0.014701714266112397,0.014701714266112397,0.014701714266112397,0.014701714266112397,0.0,0.014701714266112397
2021-03-29,-0.005576790375555392,-0.0067274229151375485,-0.005537669258857636,-0.004288906630315603,-0.0067274229151375485,-0.0067274229151375485,-0.0067274229151375485,-0.0067274229151375485,-0.0067274229151375485,0.0,-0.0067274229151375485
2021-03-30,-0.0018283626250526956,-0.0025305440179127503,-0.0016676078137868532,0.00039560829578909605,-0.0025305440179127503,-0.0025305440179127503,-0.0025305440179127503,-0.0025305440179127503,-0.0025305440179127503,0.0,-0.0025305440179127503
2021-03-31,0.00393047264612296,0.004387446840245968,0.0050756906672408285,0.003973882106390003,0.004387446840245968,0.004387446840245968,0.004387446840245968,0.004387446840245968,0.004387446840245968,0.0,0.004387446840245968
2021-04-01,0.010819046670477886,0.01285098202649072,0.010303086052251132,0.009962441823105494,0.01285098202649072,0.01285098202649072,0.01285098202649072,0.01285098202649072,0.01285098202649072,0.0,0.01285098202649072
2021-04-05,0.0048972913269471,0.005800170486223855,0.008185389845972103,0.0010892091792086723,0.005800170486223855,0.005800170486223855,0.005800170486223855,0.005800170486223855,0.005800170486223855,0.0,0.005800170486223855
2021-04-06,-0.0003622042816014156,-0.0004640914672678131,-0.00019937935494637182,-0.0002759103758594894,-0.0004640914672678131,-0.0004640914672678131,-0.0004640914672678131,-0.0004640914672678131,-0.0004640914672678131,0.0,-0.0004640914672678131
2021-04-07,-0.0009081344079731492,-0.0010896636554783789,-0.001436764861968376,-0.00019846287691969167,-0.0010896636554783789,-0.0010896636554783789,-0.0010896636554783789,-0.0010896636554783789,-0.0010896636554783789,0.0,-0.0010896636554783789
2021-04-08,0.0037864380445869154,0.004819281973097889,0.005477484911596076,-0.0003152343489011722,0.004819281973097889,0.004819281973097889,0.004819281973097889,0.004819281973097889,0.004819281973097889,0.0,0.004819281973097889
2021-04-09,0.0022967176212094994,0.0033046438662413745,0.0019302273012960947,-0.0010876319078588436,0.0033046438662413745,0.0033046438662413745,0.0033046438662413745,0.0033046438662413745,0.0033046438662413745,0.0,0.0033046438662413745
2021-04-12,-0.0016713939884259804,-0.0019664394277864373,-0.0014867583170361076,-0.0017571510120790944,-0.0019664394277864373,-0.0019664394277864373,-0.0019664394277864373,-0.0019664394277864373,-0.0019664394277864373,0.0,-0.0019664394277864373
2021-04-13,0.0023439506314767173,0.002962459910564386,0.0020197819221213107,0.001301014297782832,0.002962459910564386,0.002962459910564386,0.002962459910564386,0.002962459910564386,0.002962459910564386,0.0,0.002962459910564386
2021-04-14,0.0016406185758173668,0.0012217592145672307,0.003506183654885675,0.003928828240067239,0.0012217592145672307,0.0012217592145672307,0.0012217592145672307,0.0012217592145672307,0.0012217592145672307,0.0,0.0012217592145672307
2021-04-15,0.007897516160380447,0.009707296653102094,0.007798694680978102,0.00503517084383337,0.009707296653102094,0.009707296653102094,0.009707296653102094,0.009707296653102094,0.009707296653102094,0.0,0.009707296653102094
2021-04-16,0.0010923475629287663,0.0015274758808659806,0.0015660124878902448,-0.0008997397067272317,0.0015274758808659806,0.0015274758808659806,0.0015274758808659806,0.0015274758808659806,0.0015274758808659806,0.0,0.0015274758808659806
2021-04-19,-0.0035996144868745317,-0.004786232076622298,-0.0035340401739012094,-0.00014509774823577847,-0.004786232076622298,-0.004786232076622298,-0.004786232076622298,-0.004786232076622298,-0.004786232076622298,0.0,-0.004786232076622298
2021-04-20,-0.0073996728406915445,-0.008480747602936201,-0.008320741373404883,-0.00739182857520182,-0.008480747602936201,-0.008480747602936201,-0.008480747602936201,-0.008480747602936201,-0.008480747602936201,0.0,-0.008480747602936201
2021-04-21,0.009739633042640774,0.01122854331575589,0.01122854331575589,0.009056894173475749,0.01122854331575589,0.01122854331575589,0.01122854331575589,0.01122854331575589,0.01122854331575589,0.0,0.01122854331575589
2021-04-22,-0.0064699908644681925,-0.007580484514994856,-0.007580484514994856,-0.005166526175249731,-0.007580484514994856,-0.007580484514994856,-0.007580484514994856,-0.007580484514994856,-0.007580484514994856,0.0,-0.007580484514994856
2021-04-23,0.008189404301128727,0.009231790750369262,0.009231790750369262,0.00908210345757371,0.009231790750369262,0.009231790750369262,0.009231790750369262,0.009231790750369262,0.009231790750369262,0.0,0.009231790750369262
2021-04-26,0.002560365822716948,0.0030986969997381817,0.0030986969997381817,0.0013524134062852578,0.0030986969997381817,0.0030986969997381817,0.0030986969997381817,0.0030986969997381817,0.0030986969997381817,0.0,0.0030986969997381817
2021-04-27,-0.0003350120882670036,-0.00026144226174243943,-0.00026144226174243943,-0.0011850129622059558,-0.00026144226174243943,-0.00026144226174243943,-0.00026144226174243943,-0.00026144226174243943,-0.00026144226174243943,0.0,-0.00026144226174243943
2021-04-28,0.0017026002013129414,0.002340740543378306,0.002340740543378306,-0.0010617819918316673,0.002340740543378306,0.002340740543378306,0.002340740543378306,0.002340740543378306,0.002340740543378306,0.0,0.002340740543378306
2021-04-29,0.0022969690793418944,0.00297961247081755,0.00297961247081755,-0.00018456558164580138,0.00297961247081755,0.00297961247081755,0.00297961247081755,0.00297961247081755,0.00297961247081755,0.0,0.00297961247081755
2021-04-30,-0.006842455547439865,-0.00831583161734748,-0.00831583161734748,-0.0033712786055264178,-0.00831583161734748,-0.00831583161734748,-0.00831583161734748,-0.00831583161734748,-0.00831583161734748,0.0,-0.00831583161734748
2021-05-03,0.005230888878921443,0.006278543105372658,0.006278543105372658,0.00299847728151702,0.006278543105372658,0.006278543105372658,0.006278543105372658,0.006278543105372658,0.006278543105372658,0.0,0.00640826399654002
2021-05-04,-0.0035562614047829335,-0.00438809951942819,-0.004300267615922249,-0.005765587429983199,-0.00438809951942819,-0.00438809951942819,-0.00438809951942819,-0.00438809951942819,-0.00438809951942819,0.0,0.0
2021-05-05,0.0022610009479892236,0.004091270494329113,0.0008616648695109364,-0.000969008809253491,0.004091270494329113,0.004091270494329113,0.004091270494329113,0.004091270494329113,0.004091270494329113,0.0,0.0
2021-05-06,0.005453721093065104,0.007548176339328183,0.0070331092840059785,0.004309498856939054,0.007548176339328183,0.007548176339328183,0.007548176339328183,0.007548176339328183,0.007548176339328183,0.0,0.0
2021-05-07,0.005209455521782599,0.00775167731096178,0.004241797265739733,0.0038849158754947545,0.00775167731096178,0.00775167731096178,0.00775167731096178,0.00775167731096178,0.00775167731096178,0.0,0.0
2021-05-10,-0.006380171025113746,-0.009245586272056827,-0.009203456749108774,-0.0019901511166308004,-0.009245586272056827,-0.009245586272056827,-0.009245586272056827,-0.009245586272056827,-0.009245586272056827,0.0,0.0
2021-05-11,-0.005088217440314749,-0.009014966978143035,-0.005493557965608298,0.004774435893490725,-0.009014966978143035,-0.009014966978143035,-0.009014966978143035,-0.009014966978143035,-0.009014966978143035,0.0,0.0
2021-05-12,-0.012709583578770596,-0.016322269128247392,-0.016888625410778534,-0.01588628115691989,-0.016322269128247392,-0.016322269128247392,-0.016322269128247392,-0.016322269128247392,-0.016322269128247392,0.0,0.0
2021-05-13,0.0057190374896596025,0.008323099814326685,0.0015358203517639724,0.00832001798353903,0.008323099814326685,0.008323099814326685,0.008323099814326685,0.008323099814326685,0.008323099814326685,0.0,0.0
2021-05-14,0.011944708535736504,0.016544164261560135,0.008237391252267735,0.016544164261560135,0.016544164261560135,0.016544164261560135,0.016544164261560135,0.016544164261560135,0.016544164261560135,0.0,0.0
2021-05-17,0.0004117058131540075,0.0016310265162383208,-0.0010921924324374555,-0.0033575878303680807,0.0016310265162383208,0.0016310265162383208,0.0016310265162383208,0.0016310265162383208,0.0016310265162383208,0.0,0.0
2021-05-18,-0.005239247234808288,-0.007580750533685465,-0.005260271028416574,-0.003989201416430688,-0.007580750533685465,-0.007580750533685465,-0.007580750533685465,-0.007580750533685465,-0.007580750533685465,0.0,0.0
2021-05-19,-0.002699706282923272,-0.004501564889379495,-0.0022168800355770067,0.0004273479361650345,-0.004501564889379495,-0.004501564889379495,-0.004501564889379495,-0.004501564889379495,-0.004501564889379495,0.0,0.0
2021-05-20,0.006505264576916473,0.008429158314958895,0.008429158314958895,0.007972431302494875,0.008429158314958895,0.008429158314958895,0.008429158314958895,0.008429158314958895,0.008429158314958895,0.0,0.0
2021-05-21,0.0018740392617272376,0.001023527775718147,0.001023527775718147,0.0035970779314235648,0.001023527775718147,0.004587582160624493,0.001023527775718147,0.001023527775718147,0.004587582160624493,0.0,0.0
2021-05-24,0.003347573729290764,0.007808546131485117,0.0044916486134471524,0.0022108765557143696,0.007808546131485117,0.0,0.007808546131485117,0.007808546131485117,0.0,0.0,0.0
2021-05-25,-0.0015289016256302154,-0.0027491268533546775,-0.0052160924054032495,-0.0002966416652046555,-0.0027491268533546775,0.0,-0.0027491268533546775,-0.0027491268533546775,0.0,0.0,0.0
2021-05-26,0.0011957196501765595,0.002690369212897259,0.002690369212897259,0.0,0.002690369212897259,0.0,0.002690369212897259,0.002690369212897259,0.0,0.0,0.0
2021-05-27,0.0005382993089676319,0.0012111734451771717,0.0012111734451771717,0.0,0.0012111734451771717,0.0,0.0012111734451771717,0.0012111734451771717,0.0,0.0,0.0
2021-05-28,0.0009198974036044305,0.0020697691581099686,0.0020697691581099686,0.0,0.0020697691581099686,0.0,0.0020697691581099686,0.0020697691581099686,0.0,0.0,0.0
2021-06-01,0.0012494665051946481,0.002811299636687958,0.002811299636687958,0.0,0.002811299636687958,0.0,0.002811299636687958,0.002811299636687958,0.0,0.0,0.0
2021-06-02,0.001709032507614842,0.0038453231421333943,0.0038453231421333943,0.0,0.0038453231421333943,0.0,0.0038453231421333943,0.0038453231421333943,0.0,0.0,0.0
2021-06-03,-0.002343478650194919,-0.004798218462435178,-0.006696652464448738,0.0,-0.004798218462435178,0.0,-0.004798218462435178,-0.004798218462435178,0.0,0.0,0.0
2021-06-04,0.0030687979937029063,0.009206393981108719,0.0,0.0,0.009206393981108719,0.0,0.009206393981108719,0.009206393981108719,0.0,0.0,0.0
2021-06-07,0.000172550746011213,0.000517652238033639,0.0,0.0,0.000517652238033639,0.0,0.000517652238033639,0.000517652238033639,0.0,0.0,0.0
2021-06-08,0.0005634715873423026,0.001749117026838043,0.0,0.0,0.001749117026838043,0.0,0.001749117026838043,0.001749117026838043,0.0,-0.00017610679443340603,0.0
2021-06-09,-0.0009395447711953665,-0.0010794457865673456,-0.004138119794488915,0.0,-0.0010794457865673456,0.0,-0.0010794457865673456,-0.0010794457865673456,0.0,-0.0010794457865673456,0.0
2021-06-10,0.001669279792820043,0.0030047036270760773,0.0030047036270760773,0.0,0.0030047036270760773,0.0,0.0030047036270760773,0.0030047036270760773,0.0,0.0030047036270760773,0.0
2021-06-11,0.00023503048361844803,0.00042305487051320646,0.00042305487051320646,0.0,0.00042305487051320646,0.0,0.00042305487051320646,0.00042305487051320646,0.0,0.00042305487051320646,0.0
2021-06-14,-0.0005944780001678936,-0.0010700604003022085,-0.0010700604003022085,0.0,-0.0010700604003022085,0.0,-0.0010700604003022085,-0.0010700604003022085,0.0,-0.0010700604003022085,0.0
2021-06-15,-0.00020433806642913523,-0.0003678085195724434,-0.0003678085195724434,0.0,-0.0003678085195724434,0.0,-0.0003678085195724434,-0.0003678085195724434,0.0,-0.0003678085195724434,0.0
2021-06-16,-0.0029159409416950055,-0.00524869369505101,-0.00524869369505101,0.0,-0.00524869369505101,0.0,-0.00524869369505101,-0.00524869369505101,0.0,-0.00524869369505101,0.0
2021-06-17,-0.003620371862461743,-0.006516669352431137,-0.006516669352431137,0.0,-0.006516669352431137,0.0,-0.006516669352431137,-0.006516669352431137,0.0,-0.006516669352431137,0.0
2021-06-18,-0.006691344328978709,-0.012044419792161675,-0.012044419792161675,0.0,-0.012044419792161675,0.0,-0.012044419792161675,-0.012044419792161675,0.0,-0.012044419792161675,0.0
2021-06-21,0.007976953763340146,0.014358516774012264,0.014358516774012264,0.0,0.014358516774012264,0.0,0.014358516774012264,0.014358516774012264,0.0,0.014358516774012264,0.0
2021-06-22,0.002166496829169023,0.003899694292504241,0.003899694292504241,0.0,0.003899694292504241,0.0,0.003899694292504241,0.003899694292504241,0.0,0.003899694292504241,0.0
2021-06-23,-0.00017781972754364142,-0.00032007550957855455,-0.00032007550957855455,0.0,-0.00032007550957855455,0.0,-0.00032007550957855455,-0.00032007550957855455,0.0,-0.00032007550957855455,0.0
2021-06-24,0.003844959610397535,0.006920927298715562,0.006920927298715562,0.0,0.006920927298715562,0.0,0.006920927298715562,0.006920927298715562,0.0,0.006920927298715562,0.0
2021-06-25,0.0013816798658287295,0.002487023758491713,0.002487023758491713,0.0,0.002487023758491713,0.0,0.002487023758491713,0.002487023758491713,0.0,0.002487023758491713,0.0
2021-06-28,-0.000968802880808929,-0.001743845185456072,-0.001743845185456072,0.0,-0.001743845185456072,0.0,-0.001743845185456072,-0.001743845185456072,0.0,-0.001743845185456072,0.0
2021-06-29,-0.0005155044346191308,-0.0009279079823144354,-0.0009279079823144354,0.0,-0.0009279079823144354,0.0,-0.0009279079823144354,-0.0009279079823144354,0.0,-0.0009279079823144354,0.0
2021-06-30,0.0016590653064345224,0.0029863175515821407,0.0029863175515821407,0.0,0.0029863175515821407,0.0,0.0029863175515821407,0.0029863175515821407,0.0,0.0029863175515821407,0.0
2021-07-01,0.0032367453546366326,0.005826141638345939,0.005826141638345939,0.0,0.005826141638345939,0.0,0.005826141638345939,0.005826141638345939,0.0,0.005826141638345939,0.0
2021-07-02,0.00257132196661159,0.004628379539900862,0.004628379539900862,0.0,0.004628379539900862,0.0,0.004628379539900862,0.004628379539900862,0.0,0.004628379539900862,0.0
2021-07-06,-0.0026011136537267337,-0.0046820045767081205,-0.0046820045767081205,0.0,-0.0046820045767081205,0.0,-0.0046820045767081205,-0.0046820045767081205,0.0,-0.0046820045767081205,0.0
2021-07-07,0.0005046994872357984,0.0009084590770244372,0.0009084590770244372,0.0,0.0009084590770244372,0.0,0.0009084590770244372,0.0009084590770244372,0.0,0.0009084590770244372,0.0
2021-07-08,-0.003790052332906783,-0.00682209419923221,-0.00682209419923221,0.0,-0.00682209419923221,0.0,-0.00682209419923221,-0.00682209419923221,0.0,-0.00682209419923221,0.0
2021-07-09,0.0057045583387727765,0.010268205009790999,0.010268205009790999,0.0,0.010268205009790999,0.0,0.010268205009790999,0.010268205009790999,0.0,0.010268205009790999,0.0
2021-07-12,0.001141420084165222,0.0020545561514973996,0.0020545561514973996,0.0,0.0020545561514973996,0.0,0.0020545561514973996,0.0020545561514973996,0.0,0.0020545561514973996,0.0
2021-07-13,-0.002597381853354329,-0.004675287336037792,-0.004675287336037792,0.0,-0.004675287336037792,0.0,-0.004675287336037792,-0.004675287336037792,0.0,-0.004675287336037792,0.0
2021-07-14,-0.0009353765980532983,-0.001683677876495937,-0.001683677876495937,0.0,-0.001683677876495937,0.0,-0.001683677876495937,-0.001683677876495937,0.0,-0.001683677876495937,0.0
2021-07-15,-0.0015723658511702038,-0.0025795737277868437,-0.0038329977493844593,0.0,-0.0025795737277868437,0.0,-0.0025795737277868437,-0.0025795737277868437,0.0,-0.0025795737277868437,0.0
2021-07-16,-0.004335739027909686,-0.009755412812796793,0.0,0.0,-0.009755412812796793,0.0,-0.009755412812796793,-0.009755412812796793,0.0,-0.009755412812796793,0.0
2021-07-19,-0.005430237673902753,-0.012218034766281194,0.0,0.0,-0.012218034766281194,0.0,-0.012218034766281194,-0.012218034766281194,0.0,-0.012218034766281194,0.0
2021-07-20,0.005624670004070643,0.012655507509158948,0.0,0.0,0.012655507509158948,0.0,0.012655507509158948,0.012655507509158948,0.0,0.012655507509158948,0.0
2021-07-21,0.003932006237181184,0.008847014033657664,0.0,0.0,0.008847014033657664,0.0,0.008847014033657664,0.008847014033657664,0.0,0.008847014033657664,0.0
2021-07-22,-0.00010524700858647565,-0.00023680576931957021,0.0,0.0,-0.00023680576931957021,0.0,-0.00023680576931957021,-0.00023680576931957021,0.0,-0.00023680576931957021,0.0
2021-07-23,0.001905717909364081,0.004287865296069182,0.0,0.0,0.004287865296069182,0.0,0.004287865296069182,0.004287865296069182,0.0,0.004287865296069182,0.0
2021-07-26,0.001189308464653058,0.0026759440454693804,0.0,0.0,0.0026759440454693804,0.0,0.0026759440454693804,0.0026759440454693804,0.0,0.0026759440454693804,0.0
2021-07-27,-0.0013986455398521612,-0.003146952464667363,0.0,0.0,-0.003146952464667363,0.0,-0.003146952464667363,-0.003146952464667363,0.0,-0.003146952464667363,0.0
2021-07-28,0.0013226097899898717,0.002975872027477211,0.0,0.0,0.002975872027477211,0.0,0.002975872027477211,0.002975872027477211,0.0,0.002975872027477211,0.0
2021-07-29,0.0022702196892165657,0.005107994300737273,0.0,0.0,0.005107994300737273,0.0,0.005107994300737273,0.005107994300737273,0.0,0.005107994300737273,0.0
2021-07-30,-0.0020994524111775915,-0.0047237679251495805,0.0,0.0,-0.0047237679251495805,0.0,-0.0047237679251495805,-0.0047237679251495805,0.0,-0.0047237679251495805,0.0
2021-08-02,-0.0005325920151845162,-0.0011983320341651615,0.0,0.0,-0.0011983320341651615,0.0,-0.0011983320341651615,-0.0011983320341651615,0.0,-0.0011983320341651615,0.0
2021-08-03,0.0033199251876392883,0.007469831672188398,0.0,0.0,0.007469831672188398,0.0,0.007469831672188398,0.007469831672188398,0.0,0.007469831672188398,0.0
2021-08-04,-0.002526588515285502,-0.006016300423939058,0.0,0.0,-0.006016300423939058,0.0,-0.006016300423939058,-0.0046903953657523425,0.0,-0.006016300423939058,0.0
2021-08-05,0.0021283463526590904,0.005496800951069247,0.0,0.0,0.005496800951069247,0.0,0.005496800951069247,0.002664714320724071,0.0,0.005496800951069247,0.0
2021-08-06,-0.00028262450517865865,-0.0006359051366519819,0.0,0.0,-0.0006359051366519819,0.0,-0.0006359051366519819,-0.0006359051366519819,0.0,-0.0006359051366519819,0.0
2021-08-09,-0.0017490517245602405,-0.003935366380260541,0.0,0.0,-0.003935366380260541,0.0,-0.003935366380260541,-0.003935366380260541,0.0,-0.003935366380260541,0.0
2021-08-10,0.0006563853889076037,0.001693293970253984,0.0,0.0,0.001693293970253984,0.0,0.001693293970253984,0.0008275865894064816,0.0,0.001693293970253984,0.0
2021-08-11,0.001071027716546597,0.0034638493425032226,0.0,0.0,0.0034638493425032226,0.0,0.0034638493425032226,-0.0007522985785902936,0.0,0.0034638493425032226,0.0
2021-08-12,0.0007663720845530069,0.001809034719396907,0.0,0.0,0.001809034719396907,0.0,0.001809034719396907,0.0014702446027863413,0.0,0.001809034719396907,0.0
2021-08-13,0.0008552486167018289,0.001924309387579115,0.0,0.0,0.001924309387579115,0.0,0.001924309387579115,0.001924309387579115,0.0,0.001924309387579115,0.0
2021-08-16,-0.0004620853843301625,-9.138196845499546e-05,0.0,0.0,-9.138196845499546e-05,0.0,-9.138196845499546e-05,-0.003884622553606476,0.0,-9.138196845499546e-05,0.0
2021-08-17,-0.002024915948617534,-0.005091017183856317,0.0,0.0,-0.005091017183856317,0.0,-0.005091017183856317,-0.0029511919859888545,0.0,-0.005091017183856317,0.0
2021-08-18,-0.004138123180450358,-0.009777963001207424,0.0,0.0,-0.009777963001207424,0.0,-0.009777963001207424,-0.007909219620430952,0.0,-0.009777963001207424,0.0
2021-08-19,-0.0009608186168475833,-0.0022053657663639757,0.0,0.0,-0.0022053657663639757,0.0,-0.0022053657663639757,-0.0020312702525363212,0.0,-0.0022053657663639757,0.0
2021-08-20,0.0021114753637995792,0.006986896206647076,0.0,0.0,0.006986896206647076,0.0,-0.0002433535817080945,0.005272839442610156,0.0,0.006986896206647076,0.0
2021-08-23,0.0035186478722426112,0.011979098481528661,0.0,0.0,0.011979098481528661,0.0,0.0,0.007709633887126177,0.0,0.011979098481528661,0.0
2021-08-24,0.0007149044478405747,0.002502622937839827,0.0,0.0,0.002502622937839827,0.0,0.0,0.0014288941548855183,0.0,0.002502622937839827,0.0
2021-08-25,0.00029600581429572634,0.000888017442887179,0.0,0.0,0.000888017442887179,0.0,0.0,0.000888017442887179,0.0,0.000888017442887179,0.0
2021-08-26,-0.001831470679104145,-0.005494412037312435,0.0,0.0,-0.005494412037312435,0.0,0.0,-0.005494412037312435,0.0,-0.005494412037312435,0.0
2021-08-27,0.004132524317091938,0.012397572951275814,0.0,0.0,0.012397572951275814,0.0,0.0,0.012397572951275814,0.0,0.012397572951275814,0.0
2021-08-30,-5.52103558548141e-05,-0.00016563106756444234,0.0,0.0,-0.00016563106756444234,0.0,0.0,-0.00016563106756444234,0.0,-0.00016563106756444234,0.0
2021-08-31,-0.0006752553332071069,-0.0020257659996213207,0.0,0.0,-0.0020257659996213207,0.0,0.0,-0.0020257659996213207,0.0,-0.0020257659996213207,0.0
2021-09-01,-0.0003415314621201111,-0.0010245943863603335,0.0,0.0,-0.0010245943863603335,0.0,0.0,-0.0010245943863603335,0.0,-0.0010245943863603335,0.0
2021-09-02,0.001780871712440468,0.0053426151373214045,0.0,0.0,0.0053426151373214045,0.0,0.0,0.0053426151373214045,0.0,0.0053426151373214045,0.0
2021-09-03,-0.0002507126456520847,-0.000917658128719101,0.0004965605752885405,0.0,-0.000917658128719101,0.0,0.0,-0.000917658128719101,0.0,-0.000917658128719101,0.0
2021-09-07,-0.002768549105543371,-0.0062292354874725845,-0.0062292354874725845,0.0,-0.0062292354874725845,0.0,0.0,-0.0062292354874725845,0.0,-0.0062292354874725845,0.0
2021-09-08,-0.0011381885017647721,-0.0032802766532761705,-0.00040286655605443756,0.0,-0.0032802766532761705,0.0,0.0,-0.0032802766532761705,0.0,-0.0032802766532761705,0.0
2021-09-09,-0.0002016329932782039,-0.0006048989798346116,0.0,0.0,-0.0006048989798346116,0.0,0.0,-0.0006048989798346116,0.0,-0.0006048989798346116,0.0
2021-09-10,-0.0024477928590427964,-0.00734337857712839,0.0,0.0,-0.00734337857712839,0.0,0.0,-0.00734337857712839,0.0,-0.00734337857712839,0.0
2021-09-13,0.0019579814981958046,0.005873944494587413,0.0,0.0,0.005873944494587413,0.0,0.0,0.005873944494587413,0.0,0.005873944494587413,0.0
2021-09-14,-0.0013269750806444065,-0.00398092524193322,0.0,0.0,-0.00398092524193322,0.0,0.0,-0.00398092524193322,0.0,-0.00398092524193322,0.0
2021-09-15,0.002815147694906073,0.008445443084718219,0.0,0.0,0.008445443084718219,0.0,0.0,0.008445443084718219,0.0,0.008445443084718219,0.0
2021-09-16,-0.0015154950966802083,-0.004546485290040625,0.0,0.0,-0.004546485290040625,0.0,0.0,-0.004546485290040625,0.0,-0.004546485290040625,0.0
2021-09-17,-0.0019468582299884392,-0.005840574689965317,0.0,0.0,-0.005840574689965317,0.0,0.0,-0.005840574689965317,0.0,-0.005840574689965317,0.0
2021-09-20,-0.004733523382205436,-0.014200570146616309,0.0,0.0,-0.014200570146616309,0.0,0.0,-0.014200570146616309,0.0,-0.014200570146616309,0.0
2021-09-21,0.0003212471318418989,0.0009637413955256968,0.0,0.0,0.0009637413955256968,0.0,0.0,0.0009637413955256968,0.0,0.0009637413955256968,0.0
2021-09-22,0.004187900127740502,0.010979316504430426,0.004753151636373243,0.0,0.010979316504430426,0.0,0.0,0.010979316504430426,0.0,0.010979316504430426,0.0
2021-09-23,0.004439077348545744,0.009987924034227925,0.009987924034227925,0.0,0.009987924034227925,0.0,0.0,0.009987924034227925,0.0,0.009987924034227925,0.0
2021-09-24,-0.00013302203035169392,-0.0002992995682913113,-0.0002992995682913113,0.0,-0.0002992995682913113,0.0,0.0,-0.0002992995682913113,0.0,-0.0002992995682913113,0.0
2021-09-27,0.0011819154629897652,0.0030109839991357633,0.0016042871695005957,0.0,0.0030109839991357633,0.0,0.0,0.0030109839991357633,0.0,0.0030109839991357633,0.0
2021-09-28,-0.007713306584826109,-0.017269571213833934,-0.017611045621933174,0.0,-0.017269571213833934,0.0,0.0,-0.017269571213833934,0.0,-0.017269571213833934,0.0
2021-09-29,0.0002245697972955707,0.0005052820439150341,0.0005052820439150341,0.0,0.0005052820439150341,0.0,0.0,0.0005052820439150341,0.0,0.0005052820439150341,0.0
2021-09-30,-0.003106363954875329,-0.0073674592335159494,-0.005854897893330113,0.0,-0.0073674592335159494,0.0,0.0,-0.0073674592335159494,0.0,-0.0073674592335159494,0.0
2021-10-01,0.005171957851676165,0.012476799258192362,0.009117222890508403,0.0,0.012476799258192362,0.0,0.0,0.012476799258192362,0.0,0.012476799258192362,0.0
2021-10-04,-0.003771750081397269,-0.008077821795762163,-0.009712285345288929,0.0,-0.008077821795762163,0.0,0.0,-0.008077821795762163,0.0,-0.008077821795762163,0.0
2021-10-05,0.0029512321601877704,0.006786470024351621,0.006201679368635071,0.0,0.006786470024351621,0.0,0.0,0.006786470024351621,0.0,0.006786470024351621,0.0
2021-10-06,0.0006398585905225079,0.001176235277755,0.0022300214814375717,0.0,0.001176235277755,0.0,0.0,0.001176235277755,0.0,0.001176235277755,0.0
2021-10-07,0.0025619696643430358,0.0063773924449722075,0.003925549644170701,0.0,0.0063773924449722075,0.0,0.0,0.0063773924449722075,0.0,0.0063773924449722075,0.0
2021-10-08,-0.00015619817430621882,0.0005738864265667498,0.0,0.0,0.0005738864265667498,0.0,-0.0031274428484562187,0.0005738864265667498,0.0,0.0005738864265667498,0.0
2021-10-11,-0.002641653168608831,-0.0059437196293698705,0.0,0.0,-0.0059437196293698705,0.0,-0.0059437196293698705,-0.0059437196293698705,0.0,-0.0059437196293698705,0.0
2021-10-12,0.0002424302309715761,0.0005454680196860462,0.0,0.0,0.0005454680196860462,0.0,0.0005454680196860462,0.0005454680196860462,0.0,0.0005454680196860462,0.0
2021-10-13,0.0020134528647117733,0.00453026894560149,0.0,0.0,0.00453026894560149,0.0,0.00453026894560149,0.00453026894560149,0.0,0.00453026894560149,0.0
2021-10-14,0.006102320273302642,0.013730220614930944,0.0,0.0,0.013730220614930944,0.0,0.013730220614930944,0.013730220614930944,0.0,0.013730220614930944,0.0
2021-10-15,0.0013964548383087743,0.0032817679621373053,0.0,0.0,0.0032817679621373053,-0.0005589783037702522,0.0032817679621373053,0.0032817679621373053,0.0,0.0032817679621373053,0.0
2021-10-18,0.0013664520337368757,0.0016276041077052717,0.00407274257684701,8.730518825851296e-05,0.0016276041077052717,0.0016276041077052717,0.0016276041077052717,0.0016276041077052717,0.0,0.0016276041077052717,0.0
2021-10-19,0.0037008352030274347,0.005825319472665879,0.004692306818447822,0.00016892979275613397,0.005825319472665879,0.005825319472665879,0.005825319472665879,0.005825319472665879,-0.0006803171472864467,0.005825319472665879,0.0
2021-10-20,0.002962824130367846,0.004334405591993884,0.003524340260806935,0.0010054763030125867,0.004334405591993884,0.004334405591993884,0.004334405591993884,0.004334405591993884,0.00046357264952167075,0.004334405591993884,0.0
2021-10-21,-0.00023692084939353793,-0.0005801486456082139,0.0012663078936325013,-0.0002888761416180552,-0.0005801486456082139,-0.0005801486456082139,-0.0005801486456082139,-0.0005801486456082139,-0.00020897616851521804,-0.0005801486456082139,0.0
2021-10-22,0.0021172342341013494,0.003148048849349072,0.0022074608057610855,0.0011013274983178612,0.003148048849349072,0.0014792594607201503,0.003148048849349072,0.003148048849349072,0.0016748649447167585,0.003148048849349072,0.0
2021-10-25,0.002633163572309717,0.00506915525749585,0.0037909211112594488,-0.00036906999045539514,0.00506915525749585,0.0,0.00506915525749585,0.00506915525749585,0.0,0.00506915525749585,0.0
2021-10-26,0.0007371337586652452,0.0011527253787869008,0.0008644610904884776,0.0,0.0011527253787869008,0.0,0.0023115666011380267,0.0011527253787869008,0.0,0.0011527253787869008,0.0
2021-10-27,-0.0023820389808514478,-0.006078225033830908,-0.0032036757261703075,0.0,-0.006078225033830908,0.0,0.0,-0.006078225033830908,0.0,-0.006078225033830908,0.0
2021-10-28,0.0036744859849500433,0.008143626294852647,0.008639494979992446,0.0,0.008143626294852647,0.0,0.0,0.008143626294852647,0.0,0.008143626294852647,0.0
2021-10-29,0.0003258862002125588,0.0007332439504782573,0.0007332439504782573,0.0,0.0007332439504782573,0.0,0.0,0.0007332439504782573,0.0,0.0007332439504782573,0.0
2021-11-01,0.0020724169525670553,0.004662938143275874,0.004662938143275874,0.0,0.004662938143275874,0.0,0.0,0.004662938143275874,0.0,0.004662938143275874,0.0
2021-11-02,0.0011013774999959628,0.0024780993749909165,0.0024780993749909165,0.0,0.0024780993749909165,0.0,0.0,0.0024780993749909165,0.0,0.0024780993749909165,0.0
2021-11-03,0.001147882380035418,0.0025827353550796905,0.0025827353550796905,0.0,0.0025827353550796905,0.0,0.0,0.0025827353550796905,0.0,0.0025827353550796905,0.0
2021-11-04,0.0015781713926778529,0.003550885633525169,0.003550885633525169,0.0,0.003550885633525169,0.0,0.0,0.003550885633525169,0.0,0.003550885633525169,0.0
2021-11-05,0.00265931632907366,0.005905616422624304,0.006216997693790027,0.0,0.005905616422624304,0.0,0.0,0.005905616422624304,0.0,0.005905616422624304,0.0
2021-11-08,0.001503081804375666,0.0033050721864608334,0.003612519679998494,0.0,0.0033050721864608334,0.0,0.0,0.0033050721864608334,0.0,0.0033050721864608334,0.0
2021-11-09,-0.00037311918784678337,-0.0010067292874485934,-0.00033788482827527,0.0,-0.0010067292874485934,0.0,0.0,-0.0010067292874485934,0.0,-0.0010067292874485934,0.0
2021-11-10,-0.004047500783326986,-0.009382868495037545,-0.008278901564830233,0.0,-0.009382868495037545,0.0,0.0,-0.009382868495037545,0.0,-0.009382868495037545,0.0
2021-11-11,0.0008507724986275229,0.0019142381219119265,0.0019142381219119265,0.0,0.0019142381219119265,0.0,0.0,0.0019142381219119265,0.0,0.0019142381219119265,0.0
2021-11-12,0.0017144309959389017,0.003857469740862529,0.003857469740862529,0.0,0.003857469740862529,0.0,0.0,0.003857469740862529,0.0,0.003857469740862529,0.0
2021-11-15,-0.0007531397029117809,-0.001694564331551507,-0.001694564331551507,0.0,-0.001694564331551507,0.0,0.0,-0.001694564331551507,0.0,-0.001694564331551507,0.0
2021-11-16,0.0009143049897185051,0.002035257123935941,0.0021229735356587233,0.0,0.002035257123935941,0.0,0.0,0.002035257123935941,0.0,0.002035257123935941,0.0
2021-11-17,-0.0012548048051713783,-0.0032061396951687305,-0.0016748241610362146,0.0,-0.0032061396951687305,0.0,0.0,-0.0032061396951687305,0.0,-0.0032061396951687305,0.0
2021-11-18,0.00042362856179485933,0.0008046372250527622,0.0013987453809954475,0.0,0.0008046372250527622,0.0,0.0,0.0008046372250527622,0.0,0.0008046372250527622,0.0
2021-11-19,-0.0021769259499115384,-0.005873643901363401,-0.0019714018451136408,0.0,-0.005873643901363401,0.0,0.0,-0.005873643901363401,0.0,-0.005873643901363401,0.0
2021-11-22,-0.00219024071792486,-0.003583647973471116,-0.0034854428615321066,0.0,-0.003583647973471116,0.0,-0.00547577967937829,-0.003583647973471116,0.0,-0.003583647973471116,0.0
2021-11-23,0.0015002896870730186,0.0022197792270056693,0.0022197792270056693,0.0,0.0022197792270056693,0.0,0.0022197792270056693,0.0022197792270056693,0.0,0.0022197792270056693,0.0024037110486288204
2021-11-24,0.0024348653904912847,0.003652298085736927,0.003652298085736927,0.0,0.003652298085736927,0.0,0.003652298085736927,0.003652298085736927,0.0,0.003652298085736927,0.003652298085736927
2021-11-26,-0.012278072017194993,-0.018253773853683784,-0.019233778886336005,0.0,-0.018253773853683784,0.0,-0.018253773853683784,-0.018253773853683784,0.0,-0.018253773853683784,-0.018253773853683784
2021-11-29,0.004377937832131994,0.006672431382563371,0.0044802802897763285,0.0,0.006672431382563371,0.0,0.008231434669158133,0.006672431382563371,0.0,0.006672431382563371,0.006672431382563371
2021-11-30,-0.0077390049777373605,-0.013930208959927248,-0.013930208959927248,0.0,-0.013930208959927248,0.0,0.0,-0.013930208959927248,0.0,-0.013930208959927248,-0.013930208959927248
2021-12-01,-0.005027471165720554,-0.009049448098296997,-0.009049448098296997,0.0,-0.009049448098296997,0.0,0.0,-0.009049448098296997,0.0,-0.009049448098296997,-0.009049448098296997
2021-12-02,0.007619986499915755,0.01371597569984836,0.01371597569984836,0.0,0.01371597569984836,0.0,0.0,0.01371597569984836,0.0,0.01371597569984836,0.01371597569984836
2021-12-03,-0.0036912561515843262,-0.006644261072851787,-0.006644261072851787,0.0,-0.006644261072851787,0.0,0.0,-0.006644261072851787,0.0,-0.006644261072851787,-0.006644261072851787
2021-12-06,0.004891424459226141,0.008804564026607054,0.008804564026607054,0.0,0.008804564026607054,0.0,0.0,0.008804564026607054,0.0,0.008804564026607054,0.008804564026607054
2021-12-07,0.009582781203030768,0.017249006165455383,0.017249006165455383,0.0,0.017249006165455383,0.0,0.0,0.017249006165455383,0.0,0.017249006165455383,0.017249006165455383
2021-12-08,0.0003080986648120189,0.0004493892565813673,0.0009753309569827007,0.0,0.0004493892565813673,0.0,0.0,0.0004493892565813673,0.0,0.0004493892565813673,0.0004493892565813673
2021-12-09,-0.0033868275598248,-0.006249975323104995,-0.005481546746003219,0.0,-0.006249975323104995,0.0,0.0,-0.006249975323104995,0.0,-0.006249975323104995,-0.006249975323104995
2021-12-10,0.0030551691944464953,0.005723277203686206,0.004603413935273637,0.0,0.005723277203686206,0.0,0.0,0.005723277203686206,0.0,0.005723277203686206,0.005723277203686206
2021-12-13,-0.004079897572968684,-0.007343815631343631,-0.007343815631343631,0.0,-0.007343815631343631,0.0,0.0,-0.007343815631343631,0.0,-0.007343815631343631,-0.007343815631343631
2021-12-14,-0.003258621636521982,-0.0058655189457395675,-0.0058655189457395675,0.0,-0.0058655189457395675,0.0,0.0,-0.0058655189457395675,0.0,-0.0058655189457395675,-0.0058655189457395675
2021-12-15,0.00578420008297148,0.010411560149348664,0.010411560149348664,0.0,0.010411560149348664,0.0,0.0,0.010411560149348664,0.0,0.010411560149348664,0.010411560149348664
2021-12-16,-0.002598938166266113,-0.004678088699279004,-0.004678088699279004,0.0,-0.004678088699279004,0.0,0.0,-0.004678088699279004,0.0,-0.004678088699279004,-0.004678088699279004
2021-12-17,-0.0035743072266573705,-0.006767452953983566,-0.005098953223982072,0.0,-0.006767452953983566,0.0,0.0,-0.006767452953983566,0.0,-0.006767452953983566,-0.006767452953983566
2021-12-20,-0.004834767438775849,-0.01081860124089673,-0.00023850198539572266,0.0,-0.01081860124089673,0.0,0.0,-0.01081860124089673,0.0,-0.01081860124089673,-0.01081860124089673
2021-12-21,0.007711914287353285,0.015930645604234815,0.005684646169240304,0.0,0.015930645604234815,0.0,0.0,0.015930645604234815,0.0,0.015930645604234815,0.015930645604234815
2021-12-22,0.003940642999214777,0.008866446748233248,0.0,0.0,0.008866446748233248,0.0,0.0,0.008866446748233248,0.0,0.008866446748233248,0.008866446748233248
2021-12-23,0.0017077630380916327,0.0036256054992779953,0.000867445345712714,0.0,0.0036256054992779953,0.0,0.0,0.0036256054992779953,0.0,0.0036256054992779953,0.0036256054992779953
2021-12-27,0.006606247014338096,0.011891244625808572,0.011891244625808572,0.0,0.011891244625808572,0.0,0.0,0.011891244625808572,0.0,0.011891244625808572,0.011891244625808572
2021-12-28,-0.0013849516127135018,-0.0024929129028843033,-0.0024929129028843033,0.0,-0.0024929129028843033,0.0,0.0,-0.0024929129028843033,0.0,-0.0024929129028843033,-0.0024929129028843033
2021-12-29,-0.00043455850897478054,-0.000782205316154605,-0.000782205316154605,0.0,-0.000782205316154605,0.0,0.0,-0.000782205316154605,0.0,-0.000782205316154605,-0.000782205316154605
2021-12-30,-0.0002778900447815147,-0.0005002020806067264,-0.0005002020806067264,0.0,-0.0005002020806067264,0.0,0.0,-0.0005002020806067264,0.0,-0.0005002020806067264,-0.0005002020806067264
2021-12-31,-0.0006972909492311305,-0.001255123708616035,-0.001255123708616035,0.0,-0.001255123708616035,0.0,0.0,-0.001255123708616035,0.0,-0.001255123708616035,-0.001255123708616035
2022-01-03,0.0014843892768333915,0.0035661693422431085,-0.0009051738774719098,0.0,0.0035661693422431085,0.0,0.0,0.0035661693422431085,0.0,0.0035661693422431085,0.0035661693422431085
2022-01-04,0.0012957199053909648,0.0031501989569021394,-0.0009393166790898743,0.0,0.0031501989569021394,0.0,0.0,0.0031501989569021394,0.0,0.0031501989569021394,0.0031501989569021394
2022-01-05,-0.008451652164531876,-0.015212973896157379,-0.015212973896157379,0.0,-0.015212973896157379,0.0,0.0,-0.015212973896157379,0.0,-0.015212973896157379,-0.015212973896157379
2022-01-06,0.0004226505932612325,0.0010138238337382254,-0.0002514399956018099,0.0,0.0010138238337382254,0.0,0.0,0.0010138238337382254,0.0,0.0010138238337382254,0.0010138238337382254
2022-01-07,-0.0008004685563535002,-0.0018010542517953754,0.0,0.0,-0.0018010542517953754,0.0,0.0,-0.0018010542517953754,0.0,-0.0018010542517953754,-0.0018010542517953754
2022-01-10,5.345431066221786e-05,0.00012027219898999019,0.0,0.0,0.00012027219898999019,0.0,0.0,0.00012027219898999019,0.0,0.00012027219898999019,0.00012027219898999019
2022-01-11,0.005381275702655477,0.012107870330974824,0.0,0.0,0.012107870330974824,0.0,0.0,0.012107870330974824,0.0,0.012107870330974824,0.012107870330974824
2022-01-12,0.00016191055254018613,0.0003642987432154188,0.0,0.0,0.0003642987432154188,0.0,0.0,0.0003642987432154188,0.0,0.0003642987432154188,0.0003642987432154188
2022-01-13,-0.0043400573902130715,-0.009765129127979411,0.0,0.0,-0.009765129127979411,0.0,0.0,-0.009765129127979411,0.0,-0.009765129127979411,-0.009765129127979411
2022-01-14,0.0008665431346529418,0.0004143325194950198,0.0,0.0,0.0004143325194950198,0.0,0.006141558133896397,0.0004143325194950198,0.0,0.0004143325194950198,0.0004143325194950198
2022-01-18,-0.008865844728320582,-0.01595852051097705,0.0,0.0,-0.01595852051097705,0.0,-0.01595852051097705,-0.01595852051097705,0.0,-0.01595852051097705,-0.01595852051097705
2022-01-19,-0.0037117997487439653,-0.006681239547739137,0.0,0.0,-0.006681239547739137,0.0,-0.006681239547739137,-0.006681239547739137,0.0,-0.006681239547739137,-0.006681239547739137
2022-01-20,-0.004560916638655895,-0.008209649949580611,0.0,0.0,-0.008209649949580611,0.0,-0.008209649949580611,-0.008209649949580611,0.0,-0.008209649949580611,-0.008209649949580611
2022-01-21,-0.007850572213587136,-0.014131029984456844,0.0,0.0,-0.014131029984456844,0.0,-0.014131029984456844,-0.014131029984456844,0.0,-0.014131029984456844,-0.014131029984456844
2022-01-24,0.002493408773660678,0.004488135792589221,0.0,0.0,0.004488135792589221,0.0,0.004488135792589221,0.004488135792589221,0.0,0.004488135792589221,0.004488135792589221
2022-01-25,-0.0028130305432475192,-0.003621560125033385,0.0,0.0,-0.003621560125033385,0.0,-0.01083103438909413,-0.003621560125033385,0.0,-0.003621560125033385,-0.003621560125033385
2022-01-26,-0.0005482537847070462,-0.004957920521258841,0.0,0.0,-0.004957920521258841,0.0,0.0,-0.004957920521258841,0.0,-0.004957920521258841,0.009939477501413108
2022-01-27,-0.002613581819786241,-0.0034472619830688057,0.0,0.0,-0.0034472619830688057,0.0,-0.01318045042886975,-0.0034472619830688057,0.0,-0.0034472619830688057,0.0
2022-01-28,0.007213387089641973,0.01623012095169444,0.0,0.0,0.01623012095169444,0.0,0.01623012095169444,0.01623012095169444,0.0,0.01623012095169444,0.0
2022-01-31,0.004295541857438466,0.013693485855830934,0.0,0.0,0.013693485855830934,0.0,-0.0024205808505466052,0.013693485855830934,0.0,0.013693485855830934,0.0
2022-02-01,0.0035564472815452696,0.00844880158563006,0.0,0.0,0.00844880158563006,0.0,0.0066616207770172405,0.00844880158563006,0.0,0.00844880158563006,0.0
2022-02-02,0.0023309541260250147,0.005244646783556284,0.0,0.0,0.005244646783556284,0.0,0.005244646783556284,0.005244646783556284,0.0,0.005244646783556284,0.0
2022-02-03,-0.0071200152552613905,-0.016020034324338128,0.0,0.0,-0.016020034324338128,0.0,-0.016020034324338128,-0.016020034324338128,0.0,-0.016020034324338128,0.0
2022-02-04,0.0018282384767747079,0.004113536572743093,0.0,0.0,0.004113536572743093,0.0,0.004113536572743093,0.004113536572743093,0.0,0.004113536572743093,0.0
2022-02-07,0.0004091659056729874,0.0009206232877642217,0.0,0.0,0.0009206232877642217,0.0,0.0009206232877642217,0.0009206232877642217,0.0,0.0009206232877642217,0.0
2022-02-08,0.0024990801228299948,0.005622930276367488,0.0,0.0,0.005622930276367488,0.0,0.005622930276367488,0.005622930276367488,0.0,0.005622930276367488,0.0
2022-02-09,0.004495988064523191,0.011356436271116266,0.0,0.0,0.011356436271116266,0.0,0.006394583767359918,0.011356436271116266,0.0,0.011356436271116266,0.0
2022-02-10,-0.00583192347518043,-0.014676176589713985,0.0,0.0,-0.014676176589713985,0.0,-0.004229390753740958,-0.014676176589713985,0.0,-0.014676176589713985,-0.004229390753740958
2022-02-11,-0.004963502047813945,-0.0071929391271999266,0.0,0.0,-0.0071929391271999266,0.0,-0.0071929391271999266,-0.0071929391271999266,-0.008706822794325875,-0.0071929391271999266,-0.0071929391271999266
2022-02-14,-0.0037516043179381476,-0.006195759637602394,0.0,0.0,-0.006195759637602394,0.0,-0.006195759637602394,-0.006195759637602394,-0.0027856406734313556,-0.006195759637602394,-0.006195759637602394
2022-02-15,0.005563417794770968,0.010014152030587743,0.0,0.0,0.010014152030587743,0.0,0.010014152030587743,0.010014152030587743,0.0,0.010014152030587743,0.010014152030587743
2022-02-16,0.0014974283376615266,0.002695371007790748,0.0,0.0,0.002695371007790748,0.0,0.002695371007790748,0.002695371007790748,0.0,0.002695371007790748,0.002695371007790748
2022-02-17,-0.008067448509216694,-0.014521407316590051,0.0,0.0,-0.014521407316590051,0.0,-0.014521407316590051,-0.014521407316590051,0.0,-0.014521407316590051,-0.014521407316590051
2022-02-18,-0.002612816667726651,-0.004703070001907972,0.0,0.0,-0.004703070001907972,0.0,-0.004703070001907972,-0.004703070001907972,0.0,-0.004703070001907972,-0.004703070001907972
2022-02-22,-0.004320474359148822,-0.0077768538464678795,0.0,0.0,-0.0077768538464678795,0.0,-0.0077768538464678795,-0.0077768538464678795,0.0,-0.0077768538464678795,-0.0077768538464678795
2022-02-23,-0.006771384416463121,-0.012188491949633617,0.0,0.0,-0.012188491949633617,0.0,-0.012188491949633617,-0.012188491949633617,0.0,-0.012188491949633617,-0.012188491949633617
2022-02-24,0.004995138697026206,0.008991249654647171,0.0,0.0,0.008991249654647171,0.0,0.008991249654647171,0.008991249654647171,0.0,0.008991249654647171,0.008991249654647171
2022-02-25,0.008433518817825196,0.0184955799041031,0.0,0.0,0.0184955799041031,0.0,0.0019193497440143758,0.0184955799041031,0.0,0.0184955799041031,0.0184955799041031
2022-02-28,0.002707394063574401,0.003370287492009583,0.0,0.0,0.003370287492009583,0.0,0.010885396604131282,0.003370287492009583,0.0,0.003370287492009583,0.003370287492009583
2022-03-01,-0.005011240880855355,-0.009020233585539638,0.0,0.0,-0.009020233585539638,0.0,-0.009020233585539638,-0.009020233585539638,0.0,-0.009020233585539638,-0.009020233585539638
2022-03-02,0.005609124861265423,0.011741357158207077,0.0,0.0,0.011741357158207077,0.0,0.0035166951185604976,0.011741357158207077,0.0,0.011741357158207077,0.011741357158207077
2022-03-03,-0.001860241578666592,-0.002477117209140256,0.0,0.0,-0.002477117209140256,0.0,-0.0068337053714383035,-0.002477117209140256,0.0,-0.002477117209140256,-0.002477117209140256
2022-03-04,-0.000686662372131429,-0.0012359922698365721,0.0,0.0,-0.0012359922698365721,0.0,-0.0012359922698365721,-0.0012359922698365721,0.0,-0.0012359922698365721,-0.0012359922698365721
2022-03-07,-0.010198313167984481,-0.018356963702372064,0.0,0.0,-0.018356963702372064,0.0,-0.018356963702372064,-0.018356963702372064,0.0,-0.018356963702372064,-0.018356963702372064
2022-03-08,-0.0005961050295926751,-0.001072989053266815,0.0,0.0,-0.001072989053266815,0.0,-0.001072989053266815,-0.001072989053266815,0.0,-0.001072989053266815,-0.001072989053266815
2022-03-09,0.007058409145894415,0.013715086628661544,0.0,0.0,0.013715086628661544,0.0,0.008665335798403562,0.013715086628661544,0.0,0.013715086628661544,0.013715086628661544
2022-03-10,-0.001253013410595284,-0.002819280173839389,0.0,0.0,-0.002819280173839389,0.0,0.0,-0.002819280173839389,0.0,-0.002819280173839389,-0.002819280173839389
2022-03-11,-0.004424042089614967,-0.009954094701633675,0.0,0.0,-0.009954094701633675,0.0,0.0,-0.009954094701633675,0.0,-0.009954094701633675,-0.009954094701633675
2022-03-14,-0.005066021788255704,-0.011398549023575334,0.0,0.0,-0.011398549023575334,0.0,0.0,-0.011398549023575334,0.0,-0.011398549023575334,-0.011398549023575334
2022-03-15,0.00437364601146637,0.009840703525799332,0.0,0.0,0.009840703525799332,0.0,0.0,0.009840703525799332,0.0,0.009840703525799332,0.009840703525799332
2022-03-16,0.00845221454190265,0.019017482719280963,0.0,0.0,0.019017482719280963,0.0,0.0,0.019017482719280963,0.0,0.019017482719280963,0.019017482719280963
2022-03-17,0.005312956506000131,0.011954152138500295,0.0,0.0,0.011954152138500295,0.0,0.0,0.011954152138500295,0.0,0.011954152138500295,0.011954152138500295
2022-03-18,0.004674484818570955,0.008066369761104131,0.0,0.0,0.008066369761104131,0.0,0.009804884322722075,0.008066369761104131,0.0,0.008066369761104131,0.008066369761104131
2022-03-21,0.00023417271209982517,0.00042151088177968534,0.0,0.0,0.00042151088177968534,0.0,0.00042151088177968534,0.00042151088177968534,0.0,0.00042151088177968534,0.00042151088177968534
2022-03-22,0.002337887928603192,0.005260086873791092,0.0,0.0,0.005260086873791092,0.0,0.005260086873791092,6.438622643600844e-07,0.0,0.005260086873791092,0.005260086873791092
2022-03-23,-0.0029676318280654865,-0.005724613087152353,0.0,0.0,-0.005724613087152353,0.0,-0.005724613087152353,-0.0038102341039799705,0.0,-0.005724613087152353,-0.005724613087152353
2022-03-24,0.005958949998922676,0.010726109998060817,0.0,0.0,0.010726109998060817,0.0,0.010726109998060817,0.010726109998060817,0.0,0.010726109998060817,0.010726109998060817
2022-03-25,0.0016959065588094,0.0030526318058569204,0.0,0.0,0.0030526318058569204,0.0,0.0030526318058569204,0.0030526318058569204,0.0,0.0030526318058569204,0.0030526318058569204
2022-03-28,-0.0006650585382024084,0.0007598981368204472,0.0,0.0,0.0007598981368204472,0.0,-0.004301540449905439,-0.003963680804377578,0.0,0.0007598981368204472,0.0007598981368204472
2022-03-29,0.004381683056253097,0.01011266536303812,0.0,0.0,0.01011266536303812,0.0,0.005410444054176356,0.0036867073629871516,0.0,0.01011266536303812,0.01011266536303812
2022-03-30,-0.0015085826236828194,-0.0030711011089840203,0.0,0.0,-0.0030711011089840203,0.0,-0.0030711011089840203,-0.0012928391772092929,0.0,-0.0030711011089840203,-0.0030711011089840203
2022-03-31,-0.00620115899435306,-0.011162086189835507,0.0,0.0,-0.011162086189835507,0.0,-0.011162086189835507,-0.011162086189835507,0.0,-0.011162086189835507,-0.011162086189835507
2022-04-01,0.0013003641048739104,0.0023406553887730386,0.0,0.0,0.0023406553887730386,0.0,0.0023406553887730386,0.0023406553887730386,0.0,0.0023406553887730386,0.0023406553887730386
2022-04-04,0.0023481409063383094,0.003974035378254681,0.0,0.0,0.003974035378254681,0.0,0.003974035378254681,0.005237126644026058,0.0,0.003974035378254681,0.003974035378254681
2022-04-05,-0.006463564204467879,-0.013658792109304064,0.0,0.0,-0.013658792109304064,0.0,-0.013658792109304064,-0.003536909402994659,0.0,-0.013658792109304064,-0.013658792109304064
2022-04-06,-0.003212624875355353,-0.0065620834418583015,0.0,-7.325815083828458e-05,-0.0065620834418583015,0.0,-0.0065620834418583015,-0.0025920319599266883,0.0,-0.0065620834418583015,-0.0065620834418583015
2022-04-07,0.0019335469063237268,0.0036778730654914993,0.0,0.0013452149474737717,0.0036778730654914993,0.0,0.0036778730654914993,0.0013452149474737717,0.0,0.0036778730654914993,0.0036778730654914993
2022-04-08,-0.0005223333665007503,0.00045192499682298324,0.0,-0.0032543501428993426,0.00045192499682298324,0.0,0.00045192499682298324,-0.0032543501428993426,0.0,0.00045192499682298324,0.00045192499682298324
2022-04-11,-0.0088406512465965,-0.014995824007495629,0.0,-0.009791282594692984,-0.014995824007495629,0.0,-0.014995824007495629,-0.009791282594692984,0.0,-0.014995824007495629,-0.014995824007495629
2022-04-12,-3.2315106778101184e-05,-0.0009766770314112217,0.0,-0.0010597235711482188,-0.0009766770314112217,0.0,0.007680433619233229,-0.003981514914854256,0.0,-0.0009766770314112217,-0.0009766770314112217
2022-04-13,0.005294170188289243,0.010388092548148287,0.0,0.006892415070677127,0.010388092548148287,0.0,0.0,0.009590838979481198,0.0,0.010388092548148287,0.010388092548148287
2022-04-14,-0.004887081693097902,-0.010934746178541888,0.0,-0.00791550840984353,-0.010934746178541888,0.0,0.0,-0.003263988292411912,0.0,-0.010934746178541888,-0.010934746178541888
2022-04-18,0.00014270066329181706,0.0004873260997217743,0.0,-5.173419721604677e-05,0.0004873260997217743,0.0,0.0,-0.0001259381323229225,0.0,0.0004873260997217743,0.0004873260997217743
2022-04-19,0.004559276257988656,0.00843280888818806,0.0,0.004976357799214237,0.00843280888818806,0.0,0.0,0.010758701858119491,0.0,0.00843280888818806,0.00843280888818806
2022-04-20,0.0025327869497130087,0.004368946305408172,0.0,0.0034913240941109257,0.004368946305408172,0.0,0.0,0.006196919537081636,0.0,0.004368946305408172,0.004368946305408172
2022-04-21,-0.005742475113042996,-0.015544157834036176,0.0,-0.0007237002562393236,-0.015544157834036176,0.0,0.0,-0.0043261022590391105,0.0,-0.015544157834036176,-0.015544157834036176
2022-04-22,-0.01041631383427754,-0.024136553187144562,0.0,0.0,-0.024136553187144562,0.0,0.0,-0.02133716494706418,0.0,-0.024136553187144562,-0.024136553187144562
2022-04-25,0.0006161334101944909,0.0013863001729376046,0.0,0.0,0.0013863001729376046,0.0,0.0,0.0013863001729376046,0.0,0.0013863001729376046,0.0013863001729376046
2022-04-26,-0.00840597889511809,-0.018907011963265198,0.0,0.0,-0.018907011963265198,0.0,0.0,-0.018932774166267208,0.0,-0.018907011963265198,-0.018907011963265198
2022-04-27,0.0003745465490309445,0.0005220864293423944,0.0,0.0,0.0005220864293423944,0.0,0.0,0.001804659653251317,0.0,0.0005220864293423944,0.0005220864293423944
2022-04-28,0.008694250734169047,0.020202984597260644,0.0,0.0,0.020202984597260644,0.0,0.0,0.01763930281573949,0.0,0.020202984597260644,0.020202984597260644
2022-04-29,-0.010008778002869666,-0.027969882914669952,0.0,0.0,-0.027969882914669952,0.0,0.0,-0.006169353281817125,0.0,-0.027969882914669952,-0.027969882914669952
2022-05-02,-5.765821243068162e-05,0.002575952832083117,0.0,0.0,0.002575952832083117,0.0,0.0,-0.0018540493535693647,0.0,0.002575952832083117,-0.003816780222473004
2022-05-03,0.0016098612719849421,0.007111912600583081,0.0,0.0,0.007111912600583081,0.0,0.0,0.000264926246698316,0.0,0.007111912600583081,0.0
2022-05-04,0.005973521281220966,0.026389718546860765,0.0,0.0,0.026389718546860765,0.0,0.0,0.0009822544372671605,0.0,0.026389718546860765,0.0
2022-05-05,-0.006556079431354983,-0.029977674414659882,0.0,0.0,-0.029977674414659882,0.0,0.0,0.0009506339471249126,0.0,-0.029977674414659882,0.0
2022-05-06,-0.0008832913574405607,-0.003974811108482523,0.0,0.0,-0.003974811108482523,0.0,0.0,0.0,0.0,-0.003974811108482523,0.0
2022-05-09,-0.006883628415776763,-0.030976327870995433,0.0,0.0,-0.030976327870995433,0.0,0.0,0.0,0.0,-0.030976327870995433,0.0
2022-05-10,0.000711383547327693,0.0032012259629746187,0.0,0.0,0.0032012259629746187,0.0,0.0,0.0,0.0,0.0032012259629746187,0.0
2022-05-11,-0.0019428259215886487,-0.008742716647148919,0.0,0.0,-0.008742716647148919,0.0,0.0,0.0,0.0,-0.008742716647148919,0.0
2022-05-12,-0.00034120830604635147,-0.0015354373772085816,0.0,0.0,-0.0015354373772085816,0.0,0.0,0.0,0.0,-0.0015354373772085816,0.0
2022-05-13,0.003928190952123872,0.017676859284557422,0.0,0.0,0.017676859284557422,0.0,0.0,0.0,0.0,0.017676859284557422,0.0
2022-05-16,0.0002266714919991604,0.0006360145513014781,0.0,0.0,0.0006360145513014781,0.0,0.0,0.0007680143253894877,0.0,0.0006360145513014781,0.0
2022-05-17,0.0033385967787308312,0.015312335257681864,0.0,0.0,0.015312335257681864,0.0,0.0,-0.0005772995067862441,0.0,0.015312335257681864,0.0
2022-05-18,-0.0056879151786209305,-0.02626428399593871,0.0,0.0,-0.02626428399593871,0.0,0.0,0.0013373313842890422,0.0,-0.02626428399593871,0.0
2022-05-19,-0.00010654611805539137,-0.001933176612835541,0.0,0.0,-0.001933176612835541,0.0,0.0,0.0029074381631725597,0.0,-0.001933176612835541,0.0
2022-05-20,-0.00013963370380500888,0.0023643579535238433,0.0,0.0,0.0023643579535238433,0.0,0.0,-0.005985419241292767,0.0,0.0023643579535238433,0.0
2022-05-23,0.005662760994920524,0.014684817976632958,0.0,0.0,0.014684817976632958,0.0,0.00691039502438584,0.014684817976632958,0.0,0.014684817976632958,0.0
2022-05-24,-0.001498909899578925,-0.0024841265755457644,0.0,0.0,-0.0024841265755457644,0.0,-0.0024841265755457644,-0.006037809369573033,0.0,-0.0024841265755457644,0.0
2022-05-25,0.002789668556547475,0.008463901806062735,0.0,0.0,0.008463901806062735,0.0,-0.0030243155685459877,0.011203528965347797,0.0,0.008463901806062735,0.0
2022-05-26,0.004739115744627669,0.014217347233883005,0.0,0.0,0.014217347233883005,0.0,0.0,0.014217347233883005,0.0,0.014217347233883005,0.0
2022-05-27,0.006329917935683922,0.018989753807051767,0.0,0.0,0.018989753807051767,0.0,0.0,0.018989753807051767,0.0,0.018989753807051767,0.0
2022-05-31,-0.003189937941193747,-0.009569813823581241,0.0,0.0,-0.009569813823581241,0.0,0.0,-0.009569813823581241,0.0,-0.009569813823581241,0.0
2022-06-01,-0.0012880527988756386,-0.0038641583966269157,0.0,0.0,-0.0038641583966269157,0.0,0.0,-0.0038641583966269157,0.0,-0.0038641583966269157,0.0
2022-06-02,0.004660412090114995,0.013981236270344987,0.0,0.0,0.013981236270344987,0.0,0.0,0.013981236270344987,0.0,0.013981236270344987,0.0
2022-06-03,-0.003936397658634512,-0.01108260816563641,0.0,0.0,-0.01108260816563641,0.0,-0.0021797544308013728,-0.01108260816563641,0.0,-0.01108260816563641,0.0
2022-06-06,-0.00043828497808667203,-0.000986141200695012,0.0,0.0,-0.000986141200695012,0.0,-0.000986141200695012,-0.000986141200695012,0.0,-0.000986141200695012,0.0
2022-06-07,0.004826282168327593,0.012244854265003925,0.0,0.0,0.012244854265003925,0.0,0.012244854265003925,0.006701976719936553,0.0,0.012244854265003925,0.0
2022-06-08,-0.003271110744161931,-0.008632845977664805,0.0,0.0,-0.008632845977664805,0.0,-0.003441922013692522,-0.00873238272843525,0.0,-0.008632845977664805,0.0
2022-06-09,-0.007895360496815162,-0.018706527295660934,0.0,0.0,-0.018706527295660934,0.0,-0.014938662584353668,-0.018706527295660934,0.0,-0.018706527295660934,0.0
2022-06-10,-0.008869711767574008,-0.021851563089088154,0.0,0.0,-0.021851563089088154,0.0,-0.014272716640901606,-0.021851563089088154,0.0,-0.021851563089088154,0.0
2022-06-13,-0.012386148823626012,-0.03738082339468775,0.0,0.0,-0.03738082339468775,0.0,0.0,-0.03671369262325862,0.0,-0.03738082339468775,0.0
2022-06-14,-0.001341384184862779,-0.004069972592194859,0.0,0.0,-0.004069972592194859,0.0,0.0,-0.003932512479375294,0.0,-0.004069972592194859,0.0
2022-06-15,0.0038510898696742174,0.011553269609022653,0.0,0.0,0.011553269609022653,0.0,0.0,0.011553269609022653,0.0,0.011553269609022653,0.0
2022-06-16,-0.008715065171754112,-0.026145195515262332,0.0,0.0,-0.026145195515262332,0.0,0.0,-0.026145195515262332,0.0,-0.026145195515262332,0.0
2022-06-17,-0.0009229918526397689,-0.0027689755579193066,0.0,0.0,-0.0027689755579193066,0.0,0.0,-0.0027689755579193066,0.0,-0.0027689755579193066,0.0
2022-06-21,0.006458617850703452,0.019375853552110356,0.0,0.0,0.019375853552110356,0.0,0.0,0.019375853552110356,0.0,0.019375853552110356,0.0
2022-06-22,-0.00028495514026741036,-0.0008548654208022311,0.0,0.0,-0.0008548654208022311,0.0,0.0,-0.0008548654208022311,0.0,-0.0008548654208022311,0.0
2022-06-23,0.0014089081096049635,0.0042267243288148905,0.0,0.0,0.0042267243288148905,0.0,0.0,0.0042267243288148905,0.0,0.0042267243288148905,0.0
2022-06-24,0.005418738446499458,0.021175690737718876,0.0,0.0,0.0064172645430573775,0.0,0.0,0.021175690737718876,0.0,0.021175690737718876,0.0
2022-06-27,8.27582981536512e-05,0.00037241234169143044,0.0,0.0,0.0,0.0,0.0,0.00037241234169143044,0.0,0.00037241234169143044,0.0
2022-06-28,-0.002509713394592783,-0.011293710275667524,0.0,0.0,0.0,0.0,0.0,-0.011293710275667524,0.0,-0.011293710275667524,0.0
2022-06-29,-0.0005015007643015324,-0.0022567534393568957,0.0,0.0,0.0,0.0,0.0,-0.0022567534393568957,0.0,-0.0022567534393568957,0.0
2022-06-30,-0.0017404123581836615,-0.007831855611826477,0.0,0.0,0.0,0.0,0.0,-0.007831855611826477,0.0,-0.007831855611826477,0.0
2022-07-01,0.0020156768642673175,0.00907054588920293,0.0,0.0,0.0,0.0,0.0,0.00907054588920293,0.0,0.00907054588920293,0.0
2022-07-05,-0.0005796269196621967,-0.0026083211384798854,0.0,0.0,0.0,0.0,0.0,-0.0026083211384798854,0.0,-0.0026083211384798854,0.0
2022-07-06,-0.0007162267003604721,-0.0032230201516221246,0.0,0.0,0.0,0.0,0.0,-0.0032230201516221246,0.0,-0.0032230201516221246,0.0
2022-07-07,0.0030818137236042096,0.013868161756218944,0.0,0.0,0.0,0.0,0.0,0.013868161756218944,0.0,0.013868161756218944,0.0
2022-07-08,-0.0002454108705864143,-0.0011043489176388644,0.0,0.0,0.0,0.0,0.0,-0.0011043489176388644,0.0,-0.0011043489176388644,0.0
2022-07-11,-0.001791280151934946,-0.008060760683707258,0.0,0.0,0.0,0.0,0.0,-0.008060760683707258,0.0,-0.008060760683707258,0.0
2022-07-12,-0.001721367530593391,-0.00774615388767026,0.0,0.0,0.0,0.0,0.0,-0.00774615388767026,0.0,-0.00774615388767026,0.0
2022-07-13,-0.0004863548854308162,-0.002188596984438673,0.0,0.0,0.0,0.0,0.0,-0.002188596984438673,0.0,-0.002188596984438673,0.0
2022-07-14,-0.0015003362163885673,-0.006751512973748553,0.0,0.0,0.0,0.0,0.0,-0.006751512973748553,0.0,-0.006751512973748553,0.0
2022-07-15,0.003876063195241791,0.01744228437858806,0.0,0.0,0.0,0.0,0.0,0.01744228437858806,0.0,0.01744228437858806,0.0
2022-07-18,-0.0010473636803695655,-0.004713136561663045,0.0,0.0,0.0,0.0,0.0,-0.004713136561663045,0.0,-0.004713136561663045,0.0
2022-07-19,0.0049420947031187145,0.022239426164034216,0.0,0.0,0.0,0.0,0.0,0.022239426164034216,0.0,0.022239426164034216,0.0
2022-07-20,0.0011600938013091749,0.005220422105891287,0.0,0.0,0.0,0.0,0.0,0.005220422105891287,0.0,0.005220422105891287,0.0
2022-07-21,0.0018901626460620226,0.008505731907279102,0.0,0.0,0.0,0.0,0.0,0.008505731907279102,0.0,0.008505731907279102,0.0
2022-07-22,-0.0013245518636875644,-0.00596048338659404,0.0,0.0,0.0,0.0,0.0,-0.00596048338659404,0.0,-0.00596048338659404,0.0
2022-07-25,0.0007331163768711112,0.0032990236959200003,0.0,0.0,0.0,0.0,0.0,0.0032990236959200003,0.0,0.0032990236959200003,0.0
2022-07-26,-0.0017717512690309993,-0.007972880710639497,0.0,0.0,0.0,0.0,0.0,-0.007972880710639497,0.0,-0.007972880710639497,0.0
2022-07-27,0.004374387442901206,0.019684743493055424,0.0,0.0,0.0,0.0,0.0,0.019684743493055424,0.0,0.019684743493055424,0.0
2022-07-28,0.0022374547940532718,0.010068546573239722,0.0,0.0,0.0,0.0,0.0,0.010068546573239722,0.0,0.010068546573239722,0.0
2022-07-29,0.0026689953748682983,0.012010479186907341,0.0,0.0,0.0,0.0,0.0,0.012010479186907341,0.0,0.012010479186907341,0.0
2022-08-01,-0.0003241944156937447,-0.0014588748706218513,0.0,0.0,0.0,0.0,0.0,-0.0014588748706218513,0.0,-0.0014588748706218513,0.0
2022-08-02,-0.0016423976740123749,-0.0073907895330556864,0.0,0.0,0.0,0.0,0.0,-0.0073907895330556864,0.0,-0.0073907895330556864,0.0
2022-08-03,0.0024591962865607915,0.011066383289523562,0.0,0.0,0.0,0.0,0.0,0.011066383289523562,0.0,0.011066383289523562,0.0
2022-08-04,-0.0005568189641151096,-0.0025056853385179933,0.0,0.0,0.0,0.0,0.0,-0.0025056853385179933,0.0,-0.0025056853385179933,0.0
2022-08-05,-0.0002462853882997631,-0.001108284247348934,0.0,0.0,0.0,0.0,0.0,-0.001108284247348934,0.0,-0.001108284247348934,0.0
2022-08-08,0.000680864915383091,0.0030638921192239097,0.0,0.0,0.0,0.0,0.0,0.0030638921192239097,0.0,0.0030638921192239097,0.0
2022-08-09,-0.0004833858803802382,-0.002175236461711072,0.0,0.0,0.0,0.0,0.0,-0.002175236461711072,0.0,-0.002175236461711072,0.0
2022-08-10,0.003387250969573811,0.01524262936308215,0.0,0.0,0.0,0.0,0.0,0.01524262936308215,0.0,0.01524262936308215,0.0
2022-08-11,0.0002111136687759332,0.0009500115094916994,0.0,0.0,0.0,0.0,0.0,0.0009500115094916994,0.0,0.0009500115094916994,0.0
2022-08-12,0.0036791022342449555,0.014451240017225152,0.0,0.0042094400737543005,0.0,0.0,0.0,0.014451240017225152,0.0,0.014451240017225152,0.0
2022-08-15,-0.0002807983808772662,-0.00018863500855956783,0.0,-0.00214991541077626,0.0,0.0,0.0,-0.00018863500855956783,0.0,-0.00018863500855956783,0.0
2022-08-16,0.0002283749834856661,0.0008198122556324239,0.0,0.00041575034010614685,0.0,0.0,0.0,0.0008198122556324239,0.0,0.0008198122556324239,0.0
2022-08-17,-0.0015912992644037574,-0.006638985715433932,0.0,-0.0010437219487659521,0.0,0.0,0.0,-0.006638985715433932,0.0,-0.006638985715433932,0.0
2022-08-18,0.000920587656830649,0.004068540182507252,0.0,0.00014820854646133697,0.0,0.0,0.0,0.004068540182507252,0.0,0.004068540182507252,0.0
2022-08-19,-0.0028881027357511896,-0.012191331166144704,0.0,-0.0016102622894712982,0.0,0.0,0.0,-0.012191331166144704,0.0,-0.012191331166144704,0.0
2022-08-22,-0.004387840158187449,-0.01612706827537679,0.0,-0.0072364248729334555,0.0,0.0,0.0,-0.01612706827537679,0.0,-0.01612706827537679,0.0
2022-08-23,-5.881391756334707e-05,0.0010255823992880054,0.0,-0.0025804900566461344,0.0,0.0,0.0,0.0010255823992880054,0.0,0.0010255823992880054,0.0
2022-08-24,0.0008999210437073696,0.003109489813488486,0.0,0.0018803097663893543,0.0,0.0,0.0,0.003109489813488486,0.0,0.003109489813488486,0.0
2022-08-25,0.004121019937173159,0.012544299602880015,0.0,0.011859430303268392,0.00014114992553000417,0.0,0.0,0.012544299602880015,0.0,0.012544299602880015,0.0
2022-08-26,-0.005850098947273439,-0.025517584693372432,0.0,-0.00044654201751128666,-0.0011691791212047997,0.0,0.0,-0.025517584693372432,0.0,-0.025517584693372432,0.0
2022-08-29,-0.0009710775077968038,-0.005124305009827268,0.0,0.0,0.0015089124494833018,0.0,0.0,-0.005124305009827268,0.0,-0.005124305009827268,0.0
2022-08-30,-0.0027730174542282817,-0.010783969198658316,0.0,0.0,-0.003389218690737905,0.0,0.0,-0.010783969198658316,0.0,-0.010783969198658316,0.0
2022-08-31,-0.001812629592840546,-0.007701400253164459,0.0,0.0,-0.0009108658292359961,0.0,0.0,-0.007701400253164459,0.0,-0.007701400253164459,0.0
2022-09-01,-0.0011616708898047482,-0.003997707868208522,0.0,0.0,-0.00245962227182569,0.0,0.0,-0.003997707868208522,0.0,-0.003997707868208522,0.0
2022-09-02,-0.0007380310972673604,-0.004524508902273972,0.0,0.0,0.0024067379291417,0.0,0.0,-0.004524508902273972,0.0,-0.004524508902273972,0.0
2022-09-06,-0.0016393353215948098,-0.007377008947176644,0.0,0.0,0.0,0.0,0.0,-0.007377008947176644,0.0,-0.007377008947176644,0.0
2022-09-07,0.00310289230635085,0.013963015378578825,0.0,0.0,0.0,0.0,0.0,0.013963015378578825,0.0,0.013963015378578825,0.0
2022-09-08,0.0011695338684824643,0.005262902408171089,0.0,0.0,0.0,0.0,0.0,0.005262902408171089,0.0,0.005262902408171089,0.0
2022-09-09,0.00318840611099566,0.014029466847578508,0.0,0.0,0.0006367213038039222,0.0,0.0,0.014029466847578508,0.0,0.014029466847578508,0.0
2022-09-12,0.0021577301966882348,0.008791660124266455,0.0,0.0,0.001836251521661203,0.0,0.0,0.008791660124266455,0.0,0.008791660124266455,0.0
2022-09-13,-0.007752763757951119,-0.03362647034173687,0.0,0.0,-0.0025219331380863406,0.0,0.0,-0.03362647034173687,0.0,-0.03362647034173687,0.0
2022-09-14,0.0013300153858944613,0.0045727457852014815,0.0,0.0,0.0028246469026471876,0.0,0.0,0.0045727457852014815,0.0,0.0045727457852014815,0.0
2022-09-15,-0.0025073710249612297,-0.009994719704800214,0.0,0.0,-0.0025768998150506373,0.0,0.0,-0.009994719704800214,0.0,-0.009994719704800214,0.0
2022-09-16,-0.0018943254689433894,-0.007457719324948731,0.0,0.0,-0.002133490570593044,0.0,0.0,-0.007457719324948731,0.0,-0.007457719324948731,0.0
2022-09-19,0.0010891235890219094,0.0048714024180576574,0.0,0.0,5.930746508187035e-05,0.0,0.0,0.0048714024180576574,0.0,0.0048714024180576574,0.0
2022-09-20,-0.0022578799650590695,-0.009812687479823367,0.0,0.0,-0.0006955447258848891,0.0,0.0,-0.009812687479823367,0.0,-0.009812687479823367,0.0
2022-09-21,-0.002692093892083574,-0.011381617531911603,0.0,0.0,-0.00146560996492896,0.0,0.0,-0.011381617531911603,0.0,-0.011381617531911603,0.0
2022-09-22,-0.0022373433681588013,-0.009890339395811321,0.0,0.0,-0.0003554115218065701,0.0,0.0,-0.009890339395811321,0.0,-0.009890339395811321,0.0
2022-09-23,-0.004955780880350633,-0.018853204098533603,0.0,0.0,-0.006895619726088487,0.0,0.0,-0.018853204098533603,0.0,-0.018853204098533603,0.0
2022-09-26,-0.003070285254404524,-0.012588967706564346,0.0,0.0,-0.002454631876512026,0.0,0.0,-0.012588967706564346,0.0,-0.012588967706564346,0.0
2022-09-27,-0.0003792988122920738,-0.0022668501125160277,0.0,0.0,0.001120010914403391,0.0,0.0,-0.0022668501125160277,0.0,-0.0022668501125160277,0.0
2022-09-28,0.005838005804703834,0.024055839931159072,0.0,0.0,0.004430372380016356,0.0,0.0,0.024055839931159072,0.0,0.024055839931159072,0.0
2022-09-29,-0.0031058283936034256,-0.01397622777121541,0.0,0.0,-1.1102230246251566e-17,0.0,0.0,-0.01397622777121541,0.0,-0.01397622777121541,0.0
2022-09-30,-0.002742102414782731,-0.01194001666916249,0.0,0.0,-0.000798888394719599,0.0,0.0,-0.01194001666916249,0.0,-0.01194001666916249,0.0
2022-10-03,0.008617456924819031,0.02776911023401789,0.014495104376362122,0.0,0.007523787478973376,0.0,0.0,0.02776911023401789,0.0,0.02776911023401789,0.0
2022-10-04,0.009932899187361132,0.02788856544384557,0.02788856544384557,0.0,0.005730396354713485,0.0,0.0,0.02788856544384557,0.0,0.02788856544384557,0.0
2022-10-05,-0.0003022138462996371,-0.0006927636600386533,-0.002847076574104401,0.0,0.001512679277484974,0.0,0.0,-0.0006927636600386533,0.0,-0.0006927636600386533,0.0
2022-10-06,-0.0019939090353977254,-0.00594418404911895,-0.007721970277148771,0.0,0.0016651570568071428,0.0,0.0,-0.00594418404911895,0.0,-0.00594418404911895,0.0
2022-10-07,-0.007813553087769471,-0.02307523088800919,-0.02229890508869632,0.0,-0.0018726109252105495,0.0,0.0,-0.02307523088800919,0.0,-0.02307523088800919,0.0
2022-10-10,-0.00368759330230037,-0.010556064029642542,-0.008502269950250396,0.0,-0.0035739417111678496,0.0,0.0,-0.010556064029642542,0.0,-0.010556064029642542,0.0
2022-10-11,-0.001673156098515257,-0.004693958733319947,-0.0038951640005977285,0.0,-0.0010046038877407405,0.0,-0.00038535976582947383,-0.004693958733319947,-0.00038535976582947383,-0.004693958733319947,0.0
2022-10-12,5.177423867090227e-05,0.00011978252890810781,-0.0006854443134170718,0.0,0.0013401596932306025,0.0,0.00011978252890810781,0.00011978252890810781,-0.0005480948184997336,0.00011978252890810781,0.0
2022-10-13,0.014549029851553477,0.022329324691505437,0.018247940263110385,0.0,0.0033890312050970373,0.0,0.022329324691505437,0.022329324691505437,0.04231632312125755,0.022329324691505437,0.0
2022-10-14,-0.011345978569757088,-0.02017358346559317,-0.016444114404843214,0.0,-0.0049753588605979115,0.0,-0.02017358346559317,-0.02017358346559317,-0.02017358346559317,-0.02017358346559317,0.0
2022-10-17,0.010252213909813887,0.019042207173428204,0.017796563717421433,0.0,0.0015332643565785676,0.0,0.019042207173428204,0.019042207173428204,0.01581347559404036,0.019042207173428204,0.0
2022-10-18,0.0028908922732556667,0.008610628204368198,0.007737102475068802,0.0,0.0010886227407667759,0.0,0.008610628204368198,0.008610628204368198,-0.008639579369639171,0.008610628204368198,0.0
2022-10-19,-0.003889539815227517,-0.006675681652296183,-0.009627257709140757,0.0,0.0016117402463771025,0.0,-0.006675681652296183,-0.006675681652296183,-0.006963295917395451,-0.006675681652296183,0.0
2022-10-20,-0.0031879073227332622,-0.00713323621718398,-0.0072279967034321714,0.0,-6.346054961524628e-05,0.0,-0.00713323621718398,-0.00713323621718398,0.0,-0.00713323621718398,0.0
2022-10-21,0.011554993372378327,0.020268784939094862,0.017380847415010125,0.0,0.004670702134614846,0.0,0.020268784939094862,0.020268784939094862,0.021137035984495366,0.020268784939094862,0.0
2022-10-24,0.004442732843617089,0.008061790999120211,0.007590143072956778,0.0,0.00014728852311618468,0.0,0.008061790999120211,0.008061790999120211,0.008061790999120211,0.008061790999120211,0.0
2022-10-25,0.00665250279831041,0.014593756498513155,0.014490718547612547,0.0,0.00033083236510111913,0.0,0.014593756498513155,0.014593756498513155,0.0012697047765405588,0.014593756498513155,0.0
2022-10-26,-0.0002765388981452732,5.8718648941968876e-05,-0.0013023747478920877,0.0,0.001997454258872411,0.0,-0.0033013668921717198,5.8718648941968876e-05,0.0,5.8718648941968876e-05,0.0
2022-10-27,-0.0016222867297113802,-0.0012732360820206679,-0.0016343300658167137,-0.0038779970084975137,0.00020624158929933857,0.0,0.0,-0.0012732360820206679,-0.006748022918346197,-0.0012732360820206679,0.0
2022-10-28,0.0068008515701330746,0.017367091347694208,0.017018546874033723,0.009787694979675776,-0.0006725242706627111,0.0,0.0,0.017367091347694208,0.0003397638527624647,0.017367091347694208,0.0
2022-10-31,-0.0019992457899949533,-0.004850577452528315,-0.005690893761485028,-0.0026253397875537266,2.417634414080272e-05,0.0,0.0,-0.004850577452528315,0.0,-0.004850577452528315,0.0
2022-11-01,-0.0007637822880823067,0.0007784542934041516,-0.00018825395065638073,0.0,0.001987051219764413,0.0,0.0,0.0007784542934041516,0.0,0.0007784542934041516,-0.010229746448657095
2022-11-02,-0.013790126863397216,-0.02076101119132916,-0.01835094914085613,0.0,-0.0031073168904352188,0.0,-0.020184921082648067,-0.02076101119132916,-0.020184921082648067,-0.02076101119132916,-0.02076101119132916
2022-11-03,-0.00508285962883351,-0.007560855509114417,-0.009410168527931539,0.0,0.001468709414002034,0.0,-0.007560855509114417,-0.007560855509114417,-0.007560855509114417,-0.007560855509114417,-0.007560855509114417
2022-11-04,0.008857418033318333,0.012605950098705054,0.011388017078277779,0.0,0.004401266542601823,0.0,0.012605950098705054,0.012605950098705054,0.013503678284165188,0.012605950098705054,0.012605950098705054
2022-11-07,0.005320825477297954,0.007895685895434079,0.006178349035297704,0.0016436534475378962,0.004498497994220152,0.0,0.007895685895434079,0.007895685895434079,0.003984185236889514,0.007895685895434079,0.007895685895434079
2022-11-08,0.006450583300747645,0.007851598677770123,0.0077548118615866635,0.0031908457785214117,0.007851598677770123,0.0,0.007851598677770123,0.007851598677770123,0.007851598677770123,0.007851598677770123,0.007851598677770123
2022-11-09,-0.012215594118099101,-0.01945575157195898,-0.005438631064421185,-0.0003813181520686548,-0.01945575157195898,0.0,-0.01945575157195898,-0.01945575157195898,-0.006841639986607162,-0.01945575157195898,-0.01945575157195898
2022-11-10,0.028474525605432968,0.04761832398803234,0.014331802229958158,0.0038473082787768174,0.04761832398803234,0.0,0.04761832398803234,0.04761832398803234,0.0,0.04761832398803234,0.04761832398803234
2022-11-11,0.005079459915132801,0.008289973374052417,0.00500699317414095,-0.0007417208082078242,0.008289973374052417,0.0,0.008289973374052417,0.008289973374052417,0.0,0.008289973374052417,0.008289973374052417
2022-11-14,-0.0041939845256830175,-0.005688542432729804,-0.0036365728141580346,0.0,-0.005688542432729804,-0.002833287876670054,-0.005688542432729804,-0.005688542432729804,-0.002833287876670054,-0.005688542432729804,-0.005688542432729804
2022-11-15,0.00775000723623511,0.00818346565755489,0.00677360332188458,0.0,0.00818346565755489,0.011029566758228481,0.00818346565755489,0.00818346565755489,0.011029566758228481,0.00818346565755489,0.00818346565755489
2022-11-16,-0.003653355963369395,-0.00590705406836497,-0.0033449333284997105,0.0,-0.00590705406836497,0.0,-0.00590705406836497,-0.00590705406836497,0.0,-0.00590705406836497,-0.00590705406836497
2022-11-17,-0.0032525534779243013,-0.0034655473792449265,-0.0025720142545303747,0.0,-0.0034655473792449265,0.0,-0.012838777529808632,-0.0034655473792449265,0.0,-0.0034655473792449265,-0.0034655473792449265
2022-11-18,0.0009505698973851796,0.001669277423542559,0.0018780193822963808,0.0,0.001669277423542559,0.0,0.0,0.001669277423542559,0.0,0.001669277423542559,0.001669277423542559
2022-11-21,-0.0021834203010466504,-0.004219769009898178,-0.0027717066698271452,0.0,-0.004219769009898178,0.0,0.0,-0.004219769009898178,0.0,-0.004219769009898178,-0.004219769009898178
2022-11-22,0.006964548393302423,0.013500243621532505,0.008679961053591789,0.0,0.013500243621532505,0.0,0.0,0.013500243621532505,0.0,0.013500243621532505,0.013500243621532505
2022-11-23,0.002913878444607058,0.005170073232747896,0.005544613070471938,0.0,0.005170073232747896,0.0,0.0,0.005170073232747896,0.0,0.005170073232747896,0.005170073232747896
2022-11-25,-0.0002055965738777668,-0.0002853025085188587,-0.0007091591308244661,0.0,-0.0002853025085188587,0.0,0.0,-0.0002853025085188587,0.0,-0.0002853025085188587,-0.0002853025085188587
2022-11-28,-0.00734328804474867,-0.014402774863132128,-0.008478492950209516,0.0,-0.014402774863132128,0.0,0.0,-0.014402774863132128,0.0,-0.014402774863132128,-0.014402774863132128
2022-11-29,-0.00048047025846560394,-0.0004449029412921246,-0.0025446205610219373,0.0,-0.0004449029412921246,0.0,0.0,-0.0004449029412921246,0.0,-0.0004449029412921246,-0.0004449029412921246
2022-11-30,0.013026479288628101,0.024341832658982487,0.01987098296172296,0.0,0.024341832658982487,0.0,0.0,0.024341832658982487,0.0,0.024341832658982487,0.024341832658982487
2022-12-01,0.001991087391467915,0.0038807064927590786,0.004123105767037216,0.0,0.0038807064927590786,0.0,-0.0017261452148622958,0.0038807064927590786,0.0,0.0038807064927590786,0.0038807064927590786
2022-12-02,-0.00010070860184832917,-0.0003103000163430125,0.0006451226650801001,0.0,-0.0003103000163430125,0.0,-0.0003103000163430125,-0.0003103000163430125,0.0,-0.0003103000163430125,-0.0003103000163430125
2022-12-05,-0.012192152972462464,-0.018780120846914394,-0.015828772517590205,0.0,-0.018780120846914394,0.0,-0.018780120846914394,-0.018780120846914394,0.0,-0.018780120846914394,-0.018780120846914394
2022-12-06,-0.0074009665192511,-0.010953215116138892,-0.011842623092565441,0.0,-0.010953215116138892,0.0,-0.010953215116138892,-0.010953215116138892,0.0,-0.010953215116138892,-0.010953215116138892
2022-12-07,0.0013732503064374903,0.002059875459656235,0.002059875459656235,0.0,0.002059875459656235,0.0,0.002059875459656235,0.002059875459656235,0.0,0.002059875459656235,0.002059875459656235
2022-12-08,0.0033548732754408814,0.005279909824676443,0.00480091914883316,0.0,0.005279909824676443,0.0,0.004273301031429,0.005279909824676443,0.0,0.005279909824676443,0.005279909824676443
2022-12-09,-0.005465843410308698,-0.01035879888970831,-0.0077573951339450446,0.0,-0.01035879888970831,0.0,0.0,-0.01035879888970831,0.0,-0.01035879888970831,-0.01035879888970831
2022-12-12,0.006579985218907587,0.012138465855836634,0.010666003546821757,0.0,0.012138465855836634,0.0,0.0,0.012138465855836634,0.0,0.012138465855836634,0.012138465855836634
2022-12-13,0.00518194942365011,0.009327508962570197,0.009327508962570197,0.0,0.009327508962570197,0.0,0.0,0.009327508962570197,0.0,0.009327508962570197,0.009327508962570197
2022-12-14,-0.002705718350973743,-0.004870293031752737,-0.004870293031752737,0.0,-0.004870293031752737,0.0,0.0,-0.004870293031752737,0.0,-0.004870293031752737,-0.004870293031752737
2022-12-15,-0.011040877626916893,-0.019876509264346375,-0.019861861584866525,0.0,-0.019876509264346375,0.0,0.0,-0.019876509264346375,0.0,-0.019876509264346375,-0.019876509264346375
2022-12-16,-0.004779378661851696,-0.0088262990226044,-0.007709211866247656,0.0,-0.0088262990226044,0.0,0.0,-0.0088262990226044,0.0,-0.0088262990226044,-0.0088262990226044
2022-12-19,-0.0042799736685842985,-0.008040059261430043,-0.006359525971538516,0.0,-0.008040059261430043,0.0,0.0,-0.008040059261430043,0.0,-0.008040059261430043,-0.008040059261430043
2022-12-20,0.0017721630430649175,0.002834747941467075,0.004610475621715959,0.0,0.002834747941467075,0.0,0.0,0.002834747941467075,0.0,0.002834747941467075,0.002834747941467075
2022-12-21,0.007064945265249312,0.012767180704313052,0.012515784569991594,0.0,0.012767180704313052,0.0,0.0,0.012767180704313052,0.0,0.012767180704313052,0.012767180704313052
2022-12-22,-0.00817667309165022,-0.013256005781698754,-0.013236696420301907,0.0,-0.013256005781698754,0.0,-0.00732933827775506,-0.013256005781698754,0.0,-0.013256005781698754,-0.013256005781698754
2022-12-23,0.002905535441295173,0.004509089231378116,0.003604372814765977,0.0,0.004509089231378116,0.0,0.004509089231378116,0.004509089231378116,0.0,0.004509089231378116,0.004509089231378116
2022-12-27,-0.0025495292191059465,-0.0036462547327658747,-0.004714489308124148,0.0,-0.0036462547327658747,0.0,-0.0036462547327658747,-0.0036462547327658747,0.0,-0.0036462547327658747,-0.0036462547327658747
2022-12-28,-0.0071860326528379774,-0.011152199997828238,-0.008913293886400608,0.0,-0.011152199997828238,0.0,-0.011152199997828238,-0.011152199997828238,0.0,-0.011152199997828238,-0.011152199997828238
2022-12-29,0.01033218355519182,0.015672655096885802,0.014626376512297368,0.0,0.015672655096885802,0.0,0.015672655096885802,0.015672655096885802,0.0,0.015672655096885802,0.015672655096885802
2022-12-30,-0.0015737943433721008,-0.001593557981278204,-0.006196359183957889,0.0,-0.001593557981278204,0.0,-0.001593557981278204,-0.001593557981278204,0.0,-0.001593557981278204,-0.001593557981278204
2023-01-03,-0.001849772186861393,-0.0033295899363505075,0.0,0.0,-0.0033295899363505075,0.0,-0.0033295899363505075,-0.0033295899363505075,0.0,-0.0033295899363505075,-0.0033295899363505075
2023-01-04,0.004069967857819922,0.007325942144075859,0.0,0.0,0.007325942144075859,0.0,0.007325942144075859,0.007325942144075859,0.0,0.007325942144075859,0.007325942144075859
2023-01-05,-0.004164002721224556,-0.0074952048982041995,0.0,0.0,-0.0074952048982041995,0.0,-0.0074952048982041995,-0.0074952048982041995,0.0,-0.0074952048982041995,-0.0074952048982041995
2023-01-06,0.011737396381493983,0.02112731348668917,0.0,0.0,0.02112731348668917,0.0,0.02112731348668917,0.02112731348668917,0.0,0.02112731348668917,0.02112731348668917
2023-01-09,-0.0006279468991971454,-1.0094452043984959e-05,-0.005601049832554383,0.0,-1.0094452043984959e-05,0.0,-1.0094452043984959e-05,-1.0094452043984959e-05,0.0,-1.0094452043984959e-05,-1.0094452043984959e-05
2023-01-10,0.0033688563124442353,0.005053284468666352,0.005053284468666352,0.0,0.005053284468666352,0.0,0.005053284468666352,0.005053284468666352,0.0,0.005053284468666352,0.005053284468666352
2023-01-11,0.006722552077295751,0.010083828115943628,0.010083828115943628,0.0,0.010083828115943628,0.0,0.010083828115943628,0.010083828115943628,0.0,0.010083828115943628,0.010083828115943628
2023-01-12,0.00593051384637211,0.008895770769558164,0.008895770769558164,0.0,0.008895770769558164,0.0,0.008895770769558164,0.008895770769558164,0.0,0.008895770769558164,0.008895770769558164
2023-01-13,0.00261781258912445,0.003926718883686675,0.003926718883686675,0.0,0.003926718883686675,0.0,0.003926718883686675,0.003926718883686675,0.0,0.003926718883686675,0.003926718883686675
2023-01-17,-0.002000940317059374,-0.0030014104755890616,-0.0030014104755890616,0.0,-0.0030014104755890616,0.0,-0.0030014104755890616,-0.0030014104755890616,0.0,-0.0030014104755890616,-0.0030014104755890616
2023-01-18,-0.0070539672969644,-0.010580950945446598,-0.010580950945446598,0.0,-0.010580950945446598,0.0,-0.010580950945446598,-0.010580950945446598,0.0,-0.010580950945446598,-0.010580950945446598
2023-01-19,-0.00217161777318089,-0.0032574266597713343,-0.0032574266597713343,0.0,-0.0032574266597713343,0.0,-0.0032574266597713343,-0.0032574266597713343,0.0,-0.0032574266597713343,-0.0032574266597713343
2023-01-20,0.007386816065268121,0.01108022409790218,0.01108022409790218,0.0,0.01108022409790218,0.0,0.01108022409790218,0.01108022409790218,0.0,0.01108022409790218,0.01108022409790218
2023-01-23,0.006026451443531252,0.009039677165296878,0.009039677165296878,0.0,0.009039677165296878,0.0,0.009039677165296878,0.009039677165296878,0.0,0.009039677165296878,0.009039677165296878
2023-01-24,0.00034272624832185625,0.0005140893724827844,0.0005140893724827844,0.0,0.0005140893724827844,0.0,0.0005140893724827844,0.0005140893724827844,0.0,0.0005140893724827844,0.0005140893724827844
2023-01-25,0.0009846491645047288,0.0014769737467570931,0.0014769737467570931,0.0,0.0014769737467570931,0.0,0.0014769737467570931,0.0014769737467570931,0.0,0.0014769737467570931,0.0014769737467570931
2023-01-26,0.0055625030173876615,0.008343754526081493,0.008343754526081493,0.0,0.008343754526081493,0.0,0.008343754526081493,0.008343754526081493,0.0,0.008343754526081493,0.008343754526081493
2023-01-27,-0.0005550018656659568,-0.0008325027984989353,-0.0008325027984989353,0.0,-0.0008325027984989353,0.0,-0.0008325027984989353,-0.0008325027984989353,0.0,-0.0008325027984989353,-0.0008325027984989353
2023-01-30,-0.00776140159093747,-0.011642102386406205,-0.011642102386406205,0.0,-0.011642102386406205,0.0,-0.011642102386406205,-0.011642102386406205,0.0,-0.011642102386406205,-0.011642102386406205
2023-01-31,0.008406414049571313,0.01260962107435697,0.01260962107435697,0.0,0.01260962107435697,0.0,0.01260962107435697,0.01260962107435697,0.0,0.01260962107435697,0.01260962107435697
2023-02-01,0.005403047069642712,0.008104570604464068,0.008104570604464068,0.0,0.008104570604464068,0.0,0.008104570604464068,0.008104570604464068,0.0,0.008104570604464068,0.008104570604464068
2023-02-02,0.0033227756910240674,0.004984163536536102,0.004984163536536102,0.0,0.004984163536536102,0.0,0.004984163536536102,0.004984163536536102,0.0,0.004984163536536102,0.004984163536536102
2023-02-03,-0.006518661364601847,-0.009465095742841734,-0.011342473567207967,0.0,-0.009465095742841734,0.0,-0.009465095742841734,-0.009465095742841734,0.0,-0.009465095742841734,-0.009465095742841734
2023-02-06,-0.0035051277911991425,-0.0058431977032386674,-0.002330161604598946,0.0,-0.0058431977032386674,0.0,-0.0058431977032386674,-0.0058431977032386674,0.0,-0.0058431977032386674,-0.0058431977032386674
2023-02-07,0.00730936144988555,0.011849530205202019,0.006536602022959859,0.0,0.011849530205202019,0.0,0.011849530205202019,0.011849530205202019,0.0,0.011849530205202019,0.011849530205202019
2023-02-08,-0.004314951781953383,-0.0072133753319319595,-0.0027676893779206456,0.0,-0.0072133753319319595,0.0,-0.0072133753319319595,-0.0072133753319319595,0.0,-0.0072133753319319595,-0.0072133753319319595
2023-02-09,-0.005695750843098292,-0.009023884499094303,-0.006142335092413109,0.0,-0.009023884499094303,0.0,-0.009023884499094303,-0.009023884499094303,0.0,-0.009023884499094303,-0.009023884499094303
2023-02-10,0.0028144836714006855,0.004068874916308385,0.004985978461064244,0.0,0.004068874916308385,0.0,0.004068874916308385,0.004068874916308385,0.0,0.004068874916308385,0.004068874916308385
2023-02-13,0.005427790095003806,0.008897676271652433,0.004361729496772093,0.0,0.008897676271652433,0.0,0.008897676271652433,0.008897676271652433,0.0,0.008897676271652433,0.008897676271652433
2023-02-14,-0.0005197081047770354,-0.0005930115788576717,-0.0017123150487049598,0.0,-0.0005930115788576717,0.0,-0.0005930115788576717,-0.0005930115788576717,0.0,-0.0005930115788576717,-0.0005930115788576717
2023-02-15,-0.0011118787729618163,-0.0012934548307197314,-0.0035396348030576896,0.0,-0.0012934548307197314,0.0,-0.0012934548307197314,-0.0012934548307197314,0.0,-0.0012934548307197314,-0.0012934548307197314
2023-02-16,-0.007280611109523087,-0.011682231880876148,-0.007114340581327039,0.0,-0.011682231880876148,0.0,-0.011682231880876148,-0.011682231880876148,0.0,-0.011682231880876148,-0.011682231880876148
2023-02-17,-0.0018559026440250388,-0.0030623780101311617,-0.0013912337455695423,0.0,-0.0030623780101311617,0.0,-0.0030623780101311617,-0.0030623780101311617,0.0,-0.0030623780101311617,-0.0030623780101311617
2023-02-21,-0.011967773271074374,-0.017951659906611562,-0.017951659906611562,0.0,-0.017951659906611562,0.0,-0.017951659906611562,-0.017951659906611562,0.0,-0.017951659906611562,-0.017951659906611562
2023-02-22,-0.0012444607005606641,-0.0009200978647785907,-0.0009200978647785907,0.0,-0.0009200978647785907,-0.0028397795581872167,-0.0009200978647785907,-0.0009200978647785907,-0.0028397795581872167,-0.0009200978647785907,-0.0009200978647785907
2023-02-23,0.00614335028162822,0.006911269066831749,0.006911269066831749,0.0,0.006911269066831749,0.006911269066831749,0.006911269066831749,0.006911269066831749,0.006911269066831749,0.006911269066831749,0.006911269066831749
2023-02-24,-0.008787885462623072,-0.009886371145450957,-0.009886371145450957,0.0,-0.009886371145450957,-0.009886371145450957,-0.009886371145450957,-0.009886371145450957,-0.009886371145450957,-0.009886371145450957,-0.009886371145450957
2023-02-27,0.0033429253950165738,0.0028647020453219764,0.0028647020453219764,0.0,0.0028647020453219764,0.006449058141608654,0.0028647020453219764,0.0028647020453219764,0.006449058141608654,0.0028647020453219764,0.0028647020453219764
2023-02-28,-0.0016943796764375665,-0.00254156951465635,-0.00254156951465635,0.0,-0.00254156951465635,0.0,-0.00254156951465635,-0.00254156951465635,0.0,-0.00254156951465635,-0.00254156951465635
2023-03-01,-0.0004525340820522411,-0.0006873956446198815,-0.0006873956446198815,0.0,-0.0006873956446198815,2.5783564624559662e-05,-0.0006873956446198815,-0.0006873956446198815,2.5783564624559662e-05,-0.0006873956446198815,-0.0006873956446198815
2023-03-02,0.003732322405256344,0.004198862705913386,0.004198862705913386,0.0,0.004198862705913386,0.004198862705913386,0.004198862705913386,0.004198862705913386,0.004198862705913386,0.004198862705913386,0.004198862705913386
2023-03-03,0.011395878139275275,0.0159088795259541,0.0159088795259541,0.0,0.0159088795259541,0.003554813048876437,0.0159088795259541,0.0159088795259541,0.003554813048876437,0.0159088795259541,0.0159088795259541
2023-03-06,-0.0012384559932808958,-0.0018576839899213438,-0.0018576839899213438,0.0,-0.0018576839899213438,0.0,-0.0018576839899213438,-0.0018576839899213438,0.0,-0.0018576839899213438,-0.0018576839899213438
2023-03-07,-0.009311835315773752,-0.01396775297366063,-0.01396775297366063,0.0,-0.01396775297366063,0.0,-0.01396775297366063,-0.01396775297366063,0.0,-0.01396775297366063,-0.01396775297366063
2023-03-08,-0.0003056046466858383,-0.0004584069700287574,-0.0004584069700287574,0.0,-0.0004584069700287574,0.0,-0.0004584069700287574,-0.0004584069700287574,0.0,-0.0004584069700287574,-0.0004584069700287574
2023-03-09,-0.009798181373193993,-0.014697272059790989,-0.014697272059790989,0.0,-0.014697272059790989,0.0,-0.014697272059790989,-0.014697272059790989,0.0,-0.014697272059790989,-0.014697272059790989
2023-03-10,-0.004502152571698585,-0.006753228857547877,-0.006753228857547877,0.0,-0.006753228857547877,0.0,-0.006753228857547877,-0.006753228857547877,0.0,-0.006753228857547877,-0.006753228857547877
2023-03-13,-0.0021959715152424825,-0.0032939572728637235,-0.0032939572728637235,0.0,-0.0032939572728637235,0.0,-0.0032939572728637235,-0.0032939572728637235,0.0,-0.0032939572728637235,-0.0032939572728637235
2023-03-14,0.007233266692335639,0.010849900038503456,0.010849900038503456,0.0,0.010849900038503456,0.0,0.010849900038503456,0.010849900038503456,0.0,0.010849900038503456,0.010849900038503456
2023-03-15,-0.005283491060628428,-0.00792523659094264,-0.00792523659094264,0.0,-0.00792523659094264,0.0,-0.00792523659094264,-0.00792523659094264,0.0,-0.00792523659094264,-0.00792523659094264
2023-03-16,0.0066739028386660895,0.013071925926033656,0.013071925926033656,0.0,0.013071925926033656,0.0,-0.005294504082173479,0.013071925926033656,0.0,0.013071925926033656,0.013071925926033656
2023-03-17,-0.004084136487406064,-0.007351445677330914,-0.007351445677330914,0.0,-0.007351445677330914,0.0,0.0,-0.007351445677330914,0.0,-0.007351445677330914,-0.007351445677330914
2023-03-20,0.004231131005303658,0.0076160358095465844,0.0076160358095465844,0.0,0.0076160358095465844,0.0,0.0,0.0076160358095465844,0.0,0.0076160358095465844,0.0076160358095465844
2023-03-21,0.005711597323258655,0.010280875181865578,0.010280875181865578,0.0,0.010280875181865578,0.0,0.0,0.010280875181865578,0.0,0.010280875181865578,0.010280875181865578
2023-03-22,-0.0063803744333459185,-0.011484673980022652,-0.011484673980022652,0.0,-0.011484673980022652,0.0,0.0,-0.011484673980022652,0.0,-0.011484673980022652,-0.011484673980022652
2023-03-23,0.0010277970362947296,0.0018500346653305133,0.0018500346653305133,0.0,0.0018500346653305133,0.0,0.0,0.0018500346653305133,0.0,0.0018500346653305133,0.0018500346653305133
2023-03-24,0.0029289887749778584,0.003656712643030591,0.003656712643030591,0.0,0.003656712643030591,0.0,0.008077335759647775,0.003656712643030591,0.0,0.003656712643030591,0.003656712643030591
2023-03-27,0.0007396240324285911,0.0011094360486428867,0.0011094360486428867,0.0,0.0011094360486428867,0.0,0.0011094360486428867,0.0011094360486428867,0.0,0.0011094360486428867,0.0011094360486428867
2023-03-28,0.00025977260559435496,0.0003896589083915325,0.0003896589083915325,0.0,0.0003896589083915325,0.0,0.0003896589083915325,0.0003896589083915325,0.0,0.0003896589083915325,0.0003896589083915325
2023-03-29,0.006631380361971705,0.00994707054295756,0.00994707054295756,0.0,0.00994707054295756,0.0,0.00994707054295756,0.00994707054295756,0.0,0.00994707054295756,0.00994707054295756
2023-03-30,0.003407182168433898,0.005110773252650846,0.005110773252650846,0.0,0.005110773252650846,0.0,0.005110773252650846,0.005110773252650846,0.0,0.005110773252650846,0.005110773252650846
2023-03-31,0.007627782811171536,0.011441674216757302,0.011441674216757302,0.0,0.011441674216757302,0.0,0.011441674216757302,0.011441674216757302,0.0,0.011441674216757302,0.011441674216757302
2023-04-03,0.005358524831388479,0.008037787247082716,0.008037787247082716,0.0,0.008037787247082716,0.0,0.008037787247082716,0.008037787247082716,0.0,0.008037787247082716,0.008037787247082716
2023-04-04,-0.0027672962278895152,-0.004150944341834273,-0.004150944341834273,0.0,-0.004150944341834273,0.0,-0.004150944341834273,-0.004150944341834273,0.0,-0.004150944341834273,-0.004150944341834273
2023-04-05,0.00039943916884163346,0.0009652169170695779,0.0009652169170695779,0.0,0.0009652169170695779,0.0,-0.0012311320657731883,0.0009652169170695779,0.0,0.0009652169170695779,0.0009652169170695779
2023-04-06,0.00025328664834705576,0.0004559159670247004,0.0004559159670247004,0.0,0.0004559159670247004,0.0,0.0,0.0004559159670247004,0.0,0.0004559159670247004,0.0004559159670247004
2023-04-10,-1.2350794144787445e-05,-2.2231429460617402e-05,-2.2231429460617402e-05,0.0,-2.2231429460617402e-05,0.0,0.0,-2.2231429460617402e-05,0.0,-2.2231429460617402e-05,-2.2231429460617402e-05
2023-04-11,0.0013947322194537857,0.0025105179950168145,0.0025105179950168145,0.0,0.0025105179950168145,0.0,0.0,0.0025105179950168145,0.0,0.0025105179950168145,0.0025105179950168145
2023-04-12,-0.001339796085560791,-0.002411632954009424,-0.002411632954009424,0.0,-0.002411632954009424,0.0,0.0,-0.002411632954009424,0.0,-0.002411632954009424,-0.002411632954009424
2023-04-13,0.0060981069826337815,0.010976592568740806,0.010976592568740806,0.0,0.010976592568740806,0.0,0.0,0.010976592568740806,0.0,0.010976592568740806,0.010976592568740806
2023-04-14,-0.002606258532821204,-0.004691265359078167,-0.004691265359078167,0.0,-0.004691265359078167,0.0,0.0,-0.004691265359078167,0.0,-0.004691265359078167,-0.004691265359078167
2023-04-17,0.00037211885824450786,0.0006698139448401141,0.0006698139448401141,0.0,0.0006698139448401141,0.0,0.0,0.0006698139448401141,0.0,0.0006698139448401141,0.0006698139448401141
2023-04-18,0.00037485964155648595,0.0006747473548016746,0.0006747473548016746,0.0,0.0006747473548016746,0.0,0.0,0.0006747473548016746,0.0,0.0006747473548016746,0.0006747473548016746
2023-04-19,-0.0004633778259361769,-0.0008340800866851183,-0.0008340800866851183,0.0,-0.0008340800866851183,0.0,0.0,-0.0008340800866851183,0.0,-0.0008340800866851183,-0.0008340800866851183
2023-04-20,-0.0017388898477339538,-0.0031300017259211165,-0.0031300017259211165,0.0,-0.0031300017259211165,0.0,0.0,-0.0031300017259211165,0.0,-0.0031300017259211165,-0.0031300017259211165
2023-04-21,-0.000961735747836571,-0.001731124346105828,-0.001731124346105828,0.0,-0.001731124346105828,0.0,0.0,-0.001731124346105828,0.0,-0.001731124346105828,-0.001731124346105828
2023-04-24,0.0014980231560818415,0.0026964416809473145,0.0026964416809473145,0.0,0.0026964416809473145,0.0,0.0,0.0026964416809473145,0.0,0.0026964416809473145,0.0026964416809473145
2023-04-25,-0.0065394778386653135,-0.011771060109597564,-0.011771060109597564,0.0,-0.011771060109597564,0.0,0.0,-0.011771060109597564,0.0,-0.011771060109597564,-0.011771060109597564
2023-04-26,-0.0029575345226150276,-0.00532356214070705,-0.00532356214070705,0.0,-0.00532356214070705,0.0,0.0,-0.00532356214070705,0.0,-0.00532356214070705,-0.00532356214070705
2023-04-27,0.0062514381751645354,0.011252588715296163,0.011252588715296163,0.0,0.011252588715296163,0.0,0.0,0.011252588715296163,0.0,0.011252588715296163,0.011252588715296163
2023-04-28,0.005319543272815919,0.009575177891068654,0.009575177891068654,0.0,0.009575177891068654,0.0,0.0,0.009575177891068654,0.0,0.009575177891068654,0.009575177891068654
2023-05-01,-0.0022227467648160684,-0.004510222664864549,-0.004510222664864549,0.0,-0.004510222664864549,0.0,0.0,-0.004510222664864549,0.0,-0.004510222664864549,-0.0019638302238864204
2023-05-02,-0.0038379504312853444,-0.008635388470392025,-0.008635388470392025,0.0,-0.008635388470392025,0.0,0.0,-0.008635388470392025,0.0,-0.008635388470392025,0.0
2023-05-03,-0.001954217778597636,-0.004396990001844681,-0.004396990001844681,0.0,-0.004396990001844681,0.0,0.0,-0.004396990001844681,0.0,-0.004396990001844681,0.0
2023-05-04,-0.0030968504796362495,-0.006967913579181561,-0.006967913579181561,0.0,-0.006967913579181561,0.0,0.0,-0.006967913579181561,0.0,-0.006967913579181561,0.0
2023-05-05,0.006523908224154617,0.014678793504347887,0.014678793504347887,0.0,0.014678793504347887,0.0,0.0,0.014678793504347887,0.0,0.014678793504347887,0.0
2023-05-08,-0.0006668479054591004,-0.0015004077872829758,-0.0015004077872829758,0.0,-0.0015004077872829758,0.0,0.0,-0.0015004077872829758,0.0,-0.0015004077872829758,0.0
2023-05-09,-0.001298591029039252,-0.002921829815338317,-0.002921829815338317,0.0,-0.002921829815338317,0.0,0.0,-0.002921829815338317,0.0,-0.002921829815338317,0.0
2023-05-10,0.001161960433167053,0.0026144109746258693,0.0026144109746258693,0.0,0.0026144109746258693,0.0,0.0,0.0026144109746258693,0.0,0.0026144109746258693,0.0
2023-05-11,-0.001409522488700047,-0.003171425599575106,-0.003171425599575106,0.0,-0.003171425599575106,0.0,0.0,-0.003171425599575106,0.0,-0.003171425599575106,0.0
2023-05-12,-0.0005109948852471512,-0.002259915904453613,-0.002259915904453613,0.0,0.002180793746136478,0.0,0.0,-0.002259915904453613,0.0,-0.002259915904453613,0.0
2023-05-15,0.0011453716973736908,0.0034361150921210725,0.0034361150921210725,0.0,0.0,0.0,0.0,0.0034361150921210725,0.0,0.0034361150921210725,0.0
2023-05-16,-0.0029027099835408667,-0.0087081299506226,-0.0087081299506226,0.0,0.0,0.0,0.0,-0.0087081299506226,0.0,-0.0087081299506226,0.0
2023-05-17,0.0035636614862613416,0.010690984458784025,0.010690984458784025,0.0,0.0,0.0,0.0,0.010690984458784025,0.0,0.010690984458784025,0.0
2023-05-18,0.0016969507434535698,0.0050908522303607096,0.0050908522303607096,0.0,0.0,0.0,0.0,0.0050908522303607096,0.0,0.0050908522303607096,0.0
2023-05-19,-9.075582688921797e-05,-0.00027226748066765393,-0.00027226748066765393,0.0,0.0,0.0,0.0,-0.00027226748066765393,0.0,-0.00027226748066765393,0.0
2023-05-22,0.00022674018097232167,0.000680220542916965,0.000680220542916965,0.0,0.0,0.0,0.0,0.000680220542916965,0.0,0.000680220542916965,0.0
2023-05-23,-0.0019350684387508055,-0.005805205316252416,-0.005805205316252416,0.0,0.0,0.0,0.0,-0.005805205316252416,0.0,-0.005805205316252416,0.0
2023-05-24,-0.0022225381020173057,-0.006667614306051917,-0.006667614306051917,0.0,0.0,0.0,0.0,-0.006667614306051917,0.0,-0.006667614306051917,0.0
2023-05-25,0.0007451917921714032,0.0022355753765142096,0.0022355753765142096,0.0,0.0,0.0,0.0,0.0022355753765142096,0.0,0.0022355753765142096,0.0
2023-05-26,0.0033991595863258283,0.010197478758977484,0.010197478758977484,0.0,0.0,0.0,0.0,0.010197478758977484,0.0,0.010197478758977484,0.0
2023-05-30,0.00023821173640125657,0.0004992316271310915,0.002116030481951914,0.0,-0.0009705881086027879,0.0,0.0,0.0004992316271310915,0.0,0.0004992316271310915,0.0
2023-05-31,-0.0013053117295122423,-0.004175420404897134,-0.002773798738074107,0.0,-0.0006231660177418053,0.0,0.0,-0.004175420404897134,0.0,-0.004175420404897134,0.0
2023-06-01,0.0026869494786829224,0.00878476783129516,0.006613009645555978,0.0,0.0,0.0,0.0,0.00878476783129516,0.0,0.00878476783129516,0.0
2023-06-02,0.004014939766589319,0.012485635541992224,0.011163186815319425,0.0,0.0,0.0,0.0,0.012485635541992224,0.0,0.012485635541992224,0.0
2023-06-05,-0.0010120249960665936,-0.003015870473200799,-0.0025111539256798985,0.0,-0.0005653300925178462,0.0,0.0,-0.003015870473200799,0.0,-0.003015870473200799,0.0
2023-06-06,0.0015856177838773527,0.004751217037656274,0.004792234443960064,0.0,-2.4108464376437765e-05,0.0,0.0,0.004751217037656274,0.0,0.004751217037656274,0.0
2023-06-07,-0.0002795563388737654,-0.0014041793096191356,0.0017872203202161986,0.0,-0.0014948687508418157,0.0,0.0,-0.0014041793096191356,0.0,-0.0014041793096191356,0.0
2023-06-08,0.0017482373581646073,0.00565848644155934,0.003334090145253865,0.0,0.001083073195108919,0.0,0.0,0.00565848644155934,0.0,0.00565848644155934,0.0
2023-06-09,-0.00012036011632252651,-0.00023365542157522957,-0.0011123409972722432,0.0,0.0004964107935199636,0.0,0.0,-0.00023365542157522957,0.0,-0.00023365542157522957,0.0
2023-06-12,0.0015873249036108626,0.005325206019476303,0.001460936741441432,0.0,0.002174575352103725,0.0,0.0,0.005325206019476303,0.0,0.005325206019476303,0.0
2023-06-13,0.001068296094746567,0.0034610334042260438,0.0020853886024405077,0.0,0.0006072094418265062,0.0,0.0,0.0034610334042260438,0.0,0.0034610334042260438,0.0
2023-06-14,-0.0005560191660726139,-0.0014258185400847002,-0.0031839023696201172,0.0,0.0010313669551359928,0.0,0.0,-0.0014258185400847002,0.0,-0.0014258185400847002,0.0
2023-06-15,0.004489614984891382,0.011458518690986574,0.008979285572475825,0.007222566604217229,0.0012876453053562332,0.0,0.0,0.011458518690986574,0.0,0.011458518690986574,0.0
2023-06-16,-0.0011551034689170538,-0.0038043446429365966,-0.002350460963927048,0.00038781850609656,-0.0008245994765498033,0.0,0.0,-0.0038043446429365966,0.0,-0.0038043446429365966,0.0
2023-06-20,-0.0022131078576861723,-0.00594097562180762,-0.005122010860102411,-0.0022381888649532057,-0.0006758197505046914,0.0,0.0,-0.00594097562180762,0.0,-0.00594097562180762,0.0
2023-06-21,-0.0007961142715315906,-0.0031063400245513796,-0.00026389927991502524,0.0007912200377285794,-0.001479669152495111,0.0,0.0,-0.0031063400245513796,0.0,-0.0031063400245513796,0.0
2023-06-22,-0.0007195582755041619,-0.0020526565170778887,-0.004048513054542169,0.0008618200499880713,0.0008159815591724185,0.0,0.0,-0.0020526565170778887,0.0,-0.0020526565170778887,0.0
2023-06-23,-0.002475283504265772,-0.005184262592561562,-0.00310787426106518,-0.0065661823794268435,-0.002234969712776802,0.0,0.0,-0.005184262592561562,0.0,-0.005184262592561562,0.0
2023-06-26,-0.0003478976057385884,-0.001077686817720902,0.0009803015444720619,-0.0008783195429566514,-0.001077686817720902,0.0,0.0,-0.001077686817720902,0.0,-0.001077686817720902,0.0
2023-06-27,0.003435065905623128,0.0069259996644203455,0.0032357468759747986,0.006901847281372308,0.0069259996644203455,0.0,0.0,0.0069259996644203455,0.0,0.0069259996644203455,0.0
2023-06-28,0.00032356920113371104,0.0012638205357275224,0.0010101039236598218,-0.0018894427206389897,0.0012638205357275224,0.0,0.0,0.0012638205357275224,0.0,0.0012638205357275224,0.0
2023-06-29,0.0017797147542096628,0.0038952620161472164,0.0039199011955472155,0.000411745543898101,0.0038952620161472164,0.0,0.0,0.0038952620161472164,0.0,0.0038952620161472164,0.0
2023-06-30,0.004193504979885004,0.009963347439107938,0.006831967235198277,0.0010195352664429391,0.009963347439107938,0.0,0.0,0.009963347439107938,0.0,0.009963347439107938,0.0
2023-07-03,-1.9585511344498583e-05,-7.355766138490427e-05,-9.622113781864172e-05,0.00014062451987286728,-7.355766138490427e-05,0.0,0.0,-7.355766138490427e-05,0.0,-7.355766138490427e-05,0.0
2023-07-05,-0.0018186894965738934,-0.00424691573639927,-0.003627458259967231,0.0,-0.00424691573639927,0.0,0.0,-0.00424691573639927,0.0,-0.00424691573639927,0.0
2023-07-06,-0.004369108829957396,-0.010087586534157412,-0.00905921986714433,0.0,-0.010087586534157412,0.0,0.0,-0.010087586534157412,0.0,-0.010087586534157412,0.0
2023-07-07,0.0004350347835831893,0.0007867875541065605,0.0015549503899290218,0.0,0.0007867875541065605,0.0,0.0,0.0007867875541065605,0.0,0.0007867875541065605,0.0
2023-07-10,0.002244178099942467,0.005123297708551289,0.004827709773828337,0.0,0.005123297708551289,0.0,0.0,0.005123297708551289,0.0,0.005123297708551289,0.0
2023-07-11,0.003285963854162207,0.007570824346487326,0.006861201647997884,0.0,0.007570824346487326,0.0,0.0,0.007570824346487326,0.0,0.007570824346487326,0.0
2023-07-12,0.0034441588055056566,0.008348486731125426,0.005951969056174633,0.0,0.008348486731125426,0.0,0.0,0.008348486731125426,0.0,0.008348486731125426,0.0
2023-07-13,0.0022522042144662606,0.005818108826721869,0.002815511450030739,0.0,0.005818108826721869,0.0,0.0,0.005818108826721869,0.0,0.005818108826721869,0.0
2023-07-14,-0.0015625838946977627,-0.003557963309588896,-0.003389365123513177,0.0,-0.003557963309588896,0.0,0.0,-0.003557963309588896,0.0,-0.003557963309588896,0.0
2023-07-17,0.001647252627649635,0.004259401884555103,0.0020470679951814065,0.0,0.004259401884555103,0.0,0.0,0.004259401884555103,0.0,0.004259401884555103,0.0
2023-07-18,0.003998128935792867,0.00948363078136789,0.007532268078032134,0.0,0.00948363078136789,0.0,0.0,0.00948363078136789,0.0,0.00948363078136789,0.0
2023-07-19,0.001502242103331116,0.0033118024265749945,0.0035847716502550586,0.0,0.0033118024265749945,0.0,0.0,0.0033118024265749945,0.0,0.0033118024265749945,0.0
2023-07-20,-0.0010734071400936717,-0.0034905927912956434,0.000811114113043887,0.0,-0.0034905927912956434,0.0,0.0,-0.0034905927912956434,0.0,-0.0034905927912956434,0.0
2023-07-21,0.00030685342416294386,0.0006026626786854062,0.0009536927814102758,0.0,0.0006026626786854062,0.0,0.0,0.0006026626786854062,0.0,0.0006026626786854062,0.0
2023-07-24,0.001359556884111784,0.0031429407849169365,0.0028071896022552447,0.0,0.0031429407849169365,0.0,0.0,0.0031429407849169365,0.0,0.0031429407849169365,0.0
2023-07-25,0.0008465406478262079,0.0023603706204246345,0.0005377539691619693,0.0,0.0023603706204246345,0.0,0.0,0.0023603706204246345,0.0,0.0023603706204246345,0.0
2023-07-26,0.0004261812116152866,0.0005395369710694431,0.00221701999132925,0.0,0.0005395369710694431,0.0,0.0,0.0005395369710694431,0.0,0.0005395369710694431,0.0
2023-07-27,-0.004469617955476647,-0.009338232704385496,-0.012211863486133335,0.0,-0.009338232704385496,0.0,0.0,-0.009338232704385496,0.0,-0.009338232704385496,0.0
2023-07-28,0.0035789136473681244,0.00805255570657828,0.00805255570657828,0.0,0.00805255570657828,0.0,0.0,0.00805255570657828,0.0,0.00805255570657828,0.0
2023-07-31,0.001755471159179716,0.003949810108154361,0.003949810108154361,0.0,0.003949810108154361,0.0,0.0,0.003949810108154361,0.0,0.003949810108154361,0.0
2023-08-01,-0.001959601368763781,-0.004296349662011067,-0.004277565302623754,0.0,-0.004296349662011067,0.0,-0.00046979803021707234,-0.004296349662011067,0.0,-0.004296349662011067,0.0
2023-08-02,-0.005997079317351223,-0.012028365145622411,-0.01071907406953807,0.0,-0.012028365145622411,0.0,-0.007169544349755708,-0.012028365145622411,0.0,-0.012028365145622411,0.0
2023-08-03,-0.0014229184908656804,-0.003121558933150137,-0.0034415896183407125,0.0,-0.003121558933150137,0.0,0.0,-0.003121558933150137,0.0,-0.003121558933150137,0.0
2023-08-04,-0.0010706285638396448,-0.0013433236105205083,-0.0013433236105205083,0.0,-0.0013433236105205083,0.0,-0.00426236263247477,-0.0013433236105205083,0.0,-0.0013433236105205083,0.0
2023-08-07,0.0023525377409099758,0.004661605922797218,0.004661605922797218,0.0,0.004661605922797218,0.0,0.0025264159770009066,0.004661605922797218,0.0,0.004661605922797218,0.0
2023-08-08,-0.0009985669535587426,-0.0022467756455071706,-0.0022467756455071706,0.0,-0.0022467756455071706,0.0,0.0,-0.0022467756455071706,0.0,-0.0022467756455071706,0.0
2023-08-09,-0.001691696658471336,-0.003806317481560506,-0.003806317481560506,0.0,-0.003806317481560506,0.0,0.0,-0.003806317481560506,0.0,-0.003806317481560506,0.0
2023-08-10,-0.0007801204234599711,-0.0017822781273216571,-0.0016742494291747678,0.0,-0.0017822781273216571,0.0,0.0,-0.0017822781273216571,0.0,-0.0017822781273216571,0.0
2023-08-11,0.000512067291951632,0.0011533752912361028,0.0011484797538563797,0.0,0.0011533752912361028,0.0,0.0,0.0011533752912361028,0.0,0.0011533752912361028,0.0
2023-08-14,0.001036940661350447,0.0023094290901841006,0.0024041786816017207,0.0,0.0023094290901841006,0.0,0.0,0.0023094290901841006,0.0,0.0023094290901841006,0.0
2023-08-15,-0.004528456792472348,-0.01070847182560929,-0.00863069565542326,0.0,-0.01070847182560929,0.0,0.0,-0.01070847182560929,0.0,-0.01070847182560929,0.0
2023-08-16,-0.003406723036949551,-0.007627326412722402,-0.007778528094378756,0.0,-0.007627326412722402,0.0,0.0,-0.007627326412722402,0.0,-0.007627326412722402,0.0
2023-08-17,-0.0024169975386063975,-0.005438244461864394,-0.005438244461864394,0.0,-0.005438244461864394,0.0,0.0,-0.005438244461864394,0.0,-0.005438244461864394,0.0
2023-08-18,0.0009564251502886694,0.002151956588149506,0.002151956588149506,0.0,0.002151956588149506,0.0,0.0,0.002151956588149506,0.0,0.002151956588149506,0.0
2023-08-21,0.0009742117970334629,0.0021919765433252914,0.0021919765433252914,0.0,0.0021919765433252914,0.0,0.0,0.0021919765433252914,0.0,0.0021919765433252914,0.0
2023-08-22,-0.0010906007615879441,-0.0024538517135728743,-0.0024538517135728743,0.0,-0.0024538517135728743,0.0,0.0,-0.0024538517135728743,0.0,-0.0024538517135728743,0.0
2023-08-23,0.005557203348250176,0.010631430372938422,0.010631430372938422,0.0,0.010631430372938422,0.0,0.007489108642497899,0.010631430372938422,0.0,0.010631430372938422,0.0
2023-08-24,-0.006057810226593747,-0.010904058407868743,-0.010904058407868743,0.0,-0.010904058407868743,0.0,-0.010904058407868743,-0.010904058407868743,0.0,-0.010904058407868743,0.0
2023-08-25,0.003343882146827842,0.006018987864290115,0.006018987864290115,0.0,0.006018987864290115,0.0,0.006018987864290115,0.006018987864290115,0.0,0.006018987864290115,0.0
2023-08-28,0.003109239642285908,0.005596631356114634,0.005596631356114634,0.0,0.005596631356114634,0.0,0.005596631356114634,0.005596631356114634,0.0,0.005596631356114634,0.0
2023-08-29,0.005208265224072914,0.01196312124355805,0.01196312124355805,0.0,0.01196312124355805,0.0,-0.000978097957575974,0.01196312124355805,0.0,0.01196312124355805,0.0
2023-08-30,0.001312610878261511,0.0029533744760883995,0.0029533744760883995,0.0,0.0029533744760883995,0.0,0.0,0.0029533744760883995,0.0,0.0029533744760883995,0.0
2023-08-31,-0.0005389956266989139,-0.0012127401600725563,-0.0012127401600725563,0.0,-0.0012127401600725563,0.0,0.0,-0.0012127401600725563,0.0,-0.0012127401600725563,0.0
2023-09-01,0.001610222372061138,0.003623000337137561,0.003623000337137561,0.0,0.003623000337137561,0.0,0.0,0.003623000337137561,0.0,0.003623000337137561,0.0
2023-09-05,-0.00282598778338696,-0.006358472512620661,-0.006358472512620661,0.0,-0.006358472512620661,0.0,0.0,-0.006358472512620661,0.0,-0.006358472512620661,0.0
2023-09-06,-0.0019211007126788162,-0.004322476603527336,-0.004322476603527336,0.0,-0.004322476603527336,0.0,0.0,-0.004322476603527336,0.0,-0.004322476603527336,0.0
2023-09-07,-0.0012280655352049832,-0.002763147454211212,-0.002763147454211212,0.0,-0.002763147454211212,0.0,0.0,-0.002763147454211212,0.0,-0.002763147454211212,0.0
2023-09-08,0.0009334641357821818,0.002100294305509909,0.002100294305509909,0.0,0.002100294305509909,0.0,0.0,0.002100294305509909,0.0,0.002100294305509909,0.0
2023-09-11,0.0009555760464438289,0.002150046104498615,0.002150046104498615,0.0,0.002150046104498615,0.0,0.0,0.002150046104498615,0.0,0.002150046104498615,0.0
2023-09-12,-0.000292731274328749,-0.0006586453672396853,-0.0006586453672396853,0.0,-0.0006586453672396853,0.0,0.0,-0.0006586453672396853,0.0,-0.0006586453672396853,0.0
2023-09-13,-0.00048329976772026266,-0.001087424477370591,-0.001087424477370591,0.0,-0.001087424477370591,0.0,0.0,-0.001087424477370591,0.0,-0.001087424477370591,0.0
2023-09-14,0.0029029270275028997,0.006531585811881524,0.006531585811881524,0.0,0.006531585811881524,0.0,0.0,0.006531585811881524,0.0,0.006531585811881524,0.0
2023-09-15,-0.0041805789723484725,-0.009406302687784062,-0.009406302687784062,0.0,-0.009406302687784062,0.0,0.0,-0.009406302687784062,0.0,-0.009406302687784062,0.0
2023-09-18,0.0009378913362320328,0.002110255506522074,0.002110255506522074,0.0,0.002110255506522074,0.0,0.0,0.002110255506522074,0.0,0.002110255506522074,0.0
2023-09-19,-0.001321230601615353,-0.0029727688536345443,-0.0029727688536345443,0.0,-0.0029727688536345443,0.0,0.0,-0.0029727688536345443,0.0,-0.0029727688536345443,0.0
2023-09-20,-0.002835941092877133,-0.006380867458973549,-0.006380867458973549,0.0,-0.006380867458973549,0.0,0.0,-0.006380867458973549,0.0,-0.006380867458973549,0.0
2023-09-21,-0.006594675247268943,-0.014838019306355121,-0.014838019306355121,0.0,-0.014838019306355121,0.0,0.0,-0.014838019306355121,0.0,-0.014838019306355121,0.0
2023-09-22,-2.8495348468486143e-05,-0.00019732705990357368,0.0003355230434943457,0.0,-0.00019732705990357368,0.0,0.0,-0.00019732705990357368,0.0,-0.00019732705990357368,0.0
2023-09-25,0.00023583265860594384,0.0008441381004470783,-0.0004099203738877399,0.0,0.0008441381004470783,0.0,0.0,0.0008441381004470783,0.0,0.0008441381004470783,0.0
2023-09-26,-0.004878206758912591,-0.011119722348342253,-0.010544693785186554,0.0,-0.011119722348342253,0.0,0.0,-0.011119722348342253,0.0,-0.011119722348342253,0.0
2023-09-27,0.00028666012837450026,0.0012678324697748544,-0.0012235562539540611,0.0,0.0012678324697748544,0.0,0.0,0.0012678324697748544,0.0,0.0012678324697748544,0.0
2023-09-28,0.0019878832101603633,0.004499868475597491,0.0043913434646507985,0.0,0.004499868475597491,0.0,0.0,0.004499868475597491,0.0,0.004499868475597491,0.0
2023-09-29,-0.0022250070081392837,-0.005510329544280723,-0.0034940744404113877,0.0,-0.005510329544280723,0.0,0.0,-0.005510329544280723,0.0,-0.005510329544280723,0.0
2023-10-02,-0.0024790784851565608,-0.005598229603267046,-0.005517017556607906,0.0,-0.005598229603267046,0.0,0.0,-0.005598229603267046,0.0,-0.005598229603267046,0.0
2023-10-03,-0.00563485989534793,-0.012678434764532842,-0.012678434764532842,0.0,-0.012678434764532842,0.0,0.0,-0.012678434764532842,0.0,-0.012678434764532842,0.0
2023-10-04,0.0013831797016331106,0.003112154328674499,0.003112154328674499,0.0,0.003112154328674499,0.0,0.0,0.003112154328674499,0.0,0.003112154328674499,0.0
2023-10-05,-2.694707904351808e-06,-0.0003614464232912784,-0.0003614464232912784,0.0,-0.0003614464232912784,0.0,0.0014215333220259474,-0.0003614464232912784,0.0,-0.0003614464232912784,0.0
2023-10-06,0.004659877672354953,0.008387779810238916,0.008387779810238916,0.0,0.008387779810238916,0.0,0.008387779810238916,0.008387779810238916,0.0,0.008387779810238916,0.0
2023-10-09,0.005983001864415755,0.01076940335594836,0.01076940335594836,0.0,0.01076940335594836,0.0,0.01076940335594836,0.01076940335594836,0.0,0.01076940335594836,0.0
2023-10-10,0.001591284675338298,0.0037841601893742415,0.0037841601893742415,0.0,0.0037841601893742415,0.0,-0.0008150786794522858,0.0037841601893742415,0.0,0.0037841601893742415,0.0
2023-10-11,0.0014635200675382266,0.0032929201519610097,0.0032929201519610097,0.0,0.0032929201519610097,0.0,0.0,0.0032929201519610097,0.0,0.0032929201519610097,0.0
2023-10-12,-0.0035713514133087643,-0.00803554067994472,-0.00803554067994472,0.0,-0.00803554067994472,0.0,0.0,-0.00803554067994472,0.0,-0.00803554067994472,0.0
2023-10-13,0.0018421984146996953,0.004144946433074314,0.004144946433074314,0.0,0.004144946433074314,0.0,0.0,0.004144946433074314,0.0,0.004144946433074314,0.0
2023-10-16,0.002707772936212876,0.006092489106478971,0.006092489106478971,0.0,0.006092489106478971,0.0,0.0,0.006092489106478971,0.0,0.006092489106478971,0.0
2023-10-17,0.00036168670061321865,0.0008137950763797419,0.0008137950763797419,0.0,0.0008137950763797419,0.0,0.0,0.0008137950763797419,0.0,0.0008137950763797419,0.0
2023-10-18,-0.0034796911985450715,-0.007829305196726411,-0.007829305196726411,0.0,-0.007829305196726411,0.0,0.0,-0.007829305196726411,0.0,-0.007829305196726411,0.0
2023-10-19,-0.0035702081411007635,-0.008032968317476718,-0.008032968317476718,0.0,-0.008032968317476718,0.0,0.0,-0.008032968317476718,0.0,-0.008032968317476718,0.0
2023-10-20,-0.004128098062201301,-0.009288220639952927,-0.009288220639952927,0.0,-0.009288220639952927,0.0,0.0,-0.009288220639952927,0.0,-0.009288220639952927,0.0
2023-10-23,-0.0014076714718085262,-0.0031672608115691837,-0.0031672608115691837,0.0,-0.0031672608115691837,0.0,0.0,-0.0031672608115691837,0.0,-0.0031672608115691837,0.0
2023-10-24,0.002144267876111024,0.0048246027212498046,0.0048246027212498046,0.0,0.0048246027212498046,0.0,0.0,0.0048246027212498046,0.0,0.0048246027212498046,0.0
2023-10-25,-0.004576486293206703,-0.010297094159715081,-0.010297094159715081,0.0,-0.010297094159715081,0.0,0.0,-0.010297094159715081,0.0,-0.010297094159715081,0.0
2023-10-26,-0.0025850858020234767,-0.0058164430545528225,-0.0058164430545528225,0.0,-0.0058164430545528225,0.0,0.0,-0.0058164430545528225,0.0,-0.0058164430545528225,0.0
2023-10-27,-0.003039910113174428,-0.006839797754642463,-0.006839797754642463,0.0,-0.006839797754642463,0.0,0.0,-0.006839797754642463,0.0,-0.006839797754642463,0.0
2023-10-30,0.003183436372011059,0.007162731837024883,0.007162731837024883,0.0,0.007162731837024883,0.0,0.0,0.007162731837024883,0.0,0.007162731837024883,0.0
2023-10-31,0.0017890600749821306,0.004025385168709794,0.004025385168709794,0.0,0.004025385168709794,0.0,0.0,0.004025385168709794,0.0,0.004025385168709794,0.0
2023-11-01,0.003754715671947793,0.008448110261882535,0.008448110261882535,0.0,0.008448110261882535,0.0,0.0,0.008448110261882535,0.0,0.008448110261882535,0.0
2023-11-02,0.008619048956020425,0.019392860151045955,0.019392860151045955,0.0,0.019392860151045955,0.0,0.0,0.019392860151045955,0.0,0.019392860151045955,0.0
2023-11-03,0.003709221717887597,0.008345748865247093,0.008345748865247093,0.0,0.008345748865247093,0.0,0.0,0.008345748865247093,0.0,0.008345748865247093,0.0
2023-11-06,-0.0010382270306487898,-0.002336010818959777,-0.002336010818959777,0.0,-0.002336010818959777,0.0,0.0,-0.002336010818959777,0.0,-0.002336010818959777,0.0
2023-11-07,0.0003914623251478646,0.0008807902315826954,0.0008807902315826954,0.0,0.0008807902315826954,0.0,0.0,0.0008807902315826954,0.0,0.0008807902315826954,0.0
2023-11-08,-0.0004677054043045637,-0.0010523371596852682,-0.0010523371596852682,0.0,-0.0010523371596852682,0.0,0.0,-0.0010523371596852682,0.0,-0.0010523371596852682,0.0
2023-11-09,-0.0051802442364984195,-0.008840732604696455,-0.008840732604696455,0.0,-0.008840732604696455,0.0,-0.01125926770969995,-0.008840732604696455,0.0,-0.008840732604696455,0.0
2023-11-10,0.006106624678514404,0.010991924421325927,0.010991924421325927,0.0,0.010991924421325927,0.0,0.010991924421325927,0.010991924421325927,0.0,0.010991924421325927,0.0
2023-11-13,0.0003813799224766163,0.0006864838604579093,0.0006864838604579093,0.0,0.0006864838604579093,0.0,0.0006864838604579093,0.0006864838604579093,0.0,0.0006864838604579093,0.0
2023-11-14,0.010897189506986309,0.019614941112575356,0.019614941112575356,0.0,0.019614941112575356,0.0,0.019614941112575356,0.019614941112575356,0.0,0.019614941112575356,0.0
2023-11-15,-3.0637082218180436e-05,-0.00010882471150549521,0.00015956510605835694,0.0,-0.00010882471150549521,0.0,-0.00010882471150549521,-0.00010882471150549521,0.0,-0.00010882471150549521,0.0
2023-11-16,9.648380528226214e-05,0.00027352242172588024,-0.00022573543936316165,0.0,0.00027352242172588024,0.0,0.00027352242172588024,0.00027352242172588024,0.0,0.00027352242172588024,0.0
2023-11-17,0.0023640898878485284,0.004213871984641371,0.00442132105207127,0.0,0.004213871984641371,0.0,0.004213871984641371,0.004213871984641371,0.0,0.004213871984641371,0.0
2023-11-20,0.0032920239936693116,0.006215576640365539,0.004765909381561651,0.0,0.006215576640365539,0.0,0.006215576640365539,0.006215576640365539,0.0,0.006215576640365539,0.0
2023-11-21,-0.000893097832114008,-0.0017356434010797784,-0.0009268118631981182,-0.000168495021508841,-0.0017356434010797784,0.0,-0.0017356434010797784,-0.0017356434010797784,0.0,-0.0017356434010797784,0.0
2023-11-22,0.001685505734235636,0.003120120009098626,0.0026743641988211664,1.4707372905053973e-05,0.003120120009098626,0.0,0.003120120009098626,0.003120120009098626,0.0,0.003120120009098626,0.0
2023-11-24,0.0007750296482573736,0.001356088386872567,0.0015509132868260945,0.0,0.001356088386872567,0.0,0.001356088386872567,0.001356088386872567,0.0,0.001356088386872567,0.0
2023-11-27,0.00015803099045866607,0.0002833697636113186,0.00028879985968272015,0.0,0.0002833697636113186,0.0,0.0002833697636113186,0.0002833697636113186,0.0,0.0002833697636113186,0.0
2023-11-28,0.0007566017350865891,0.0013998385202519392,0.0012100615347715449,0.0,0.0013998385202519392,0.0,0.0013998385202519392,0.0013998385202519392,0.0,0.0013998385202519392,0.0
2023-11-29,0.0010968451856485995,0.0019894824783448727,0.001913676757457905,0.0,0.0019894824783448727,0.0,0.0019894824783448727,0.0019894824783448727,0.0,0.0019894824783448727,0.0
2023-11-30,0.002014403671108827,0.003655130953982033,0.00350910922405131,0.0,0.003655130953982033,0.0,0.003655130953982033,0.003655130953982033,0.0,0.003655130953982033,0.0
2023-12-01,0.005614852537435737,0.010152102162556641,0.00992526418669506,0.0,0.010152102162556641,0.0,0.010152102162556641,0.010152102162556641,0.0,0.010152102162556641,0.0
2023-12-04,-0.0024491776055327696,-0.004652079196224179,-0.003434281664898209,0.0,-0.004652079196224179,0.0,-0.004652079196224179,-0.004652079196224179,0.0,-0.004652079196224179,0.0
2023-12-05,-0.0008893619163112795,-0.0013126657620937566,-0.0019127136342834584,0.0,-0.0013126657620937566,0.0,-0.002153546326236788,-0.0013126657620937566,0.0,-0.0013126657620937566,0.0
2023-12-06,-0.001076659627709589,-0.0024126477832153493,-0.0024519932997402517,0.0,-0.0024126477832153493,0.0,0.0,-0.0024126477832153493,0.0,-0.0024126477832153493,0.0
2023-12-07,0.0014966561825705054,0.003527564899304614,0.0028872109452207084,0.0,0.003527564899304614,0.0,0.0,0.003527564899304614,0.0,0.003527564899304614,0.0
2023-12-08,0.001094422227902958,0.002471292270584424,0.0024359232393733497,0.0,0.002471292270584424,0.0,0.0,0.002471292270584424,0.0,0.002471292270584424,0.0
2023-12-11,0.0015517214387389512,0.0028309205875685526,0.0021692307888847686,0.0,0.0028309205875685526,0.0,0.003303500397060133,0.0028309205875685526,0.0,0.0028309205875685526,0.0
2023-12-12,0.0011716088282635398,0.0023010292159603707,0.0013403625905303751,0.0,0.0023010292159603707,0.0,0.0023010292159603707,0.0023010292159603707,0.0,0.0023010292159603707,0.0
2023-12-13,0.007626577223198651,0.017819734804381305,0.014592398694501307,0.0,0.017819734804381305,0.0,0.0005875919011426367,0.017819734804381305,0.0,0.017819734804381305,0.0
2023-12-14,0.003947417858872329,0.009835098330656756,0.006021465737880693,0.0,0.009835098330656756,0.0,0.0,0.009835098330656756,0.0,0.009835098330656756,0.0
2023-12-15,-0.0011380735480168219,-0.0027546469065759084,-0.001978721212423673,0.0,-0.0027546469065759084,0.0,0.0,-0.0027546469065759084,0.0,-0.0027546469065759084,0.0
2023-12-18,0.001155971125264811,0.002592279100021311,0.002626902827319366,0.0,0.002592279100021311,0.0,0.0,0.002592279100021311,0.0,0.002592279100021311,0.0
2023-12-19,0.0030106370448194234,0.007956900434329816,0.003225032100385361,0.0,0.007956900434329816,0.0,0.0,0.007956900434329816,0.0,0.007956900434329816,0.0
2023-12-20,-0.004350451253726253,-0.011616168527305371,-0.004305555701620167,0.0,-0.011616168527305371,0.0,0.0,-0.011616168527305371,0.0,-0.011616168527305371,0.0
2023-12-21,0.003172460359877464,0.008428454589807843,0.003266779469473646,0.0,0.008428454589807843,0.0,0.0,0.008428454589807843,0.0,0.008428454589807843,0.0
2023-12-22,0.0009558884680797414,0.0023882814869225833,0.0014381517519499233,0.0,0.0023882814869225833,0.0,0.0,0.0023882814869225833,0.0,0.0023882814869225833,0.0
2023-12-26,0.002150170816243666,0.005695342315082108,0.0022655104009466688,0.0,0.005695342315082108,0.0,0.0,0.005695342315082108,0.0,0.005695342315082108,0.0
2023-12-27,0.0012607510990249383,0.0035780865062253085,0.0006125003725485189,0.0,0.0035780865062253085,0.0,0.0,0.0035780865062253085,0.0,0.0035780865062253085,0.0
2023-12-28,-0.001010699201311205,-0.002428864016387711,-0.0018097007626377115,0.0,-0.002428864016387711,0.0,0.0,-0.002428864016387711,0.0,-0.002428864016387711,0.0
2023-12-29,-0.0014641277129569456,-0.004202539894561141,-0.0005695297329290861,0.0,-0.004202539894561141,0.0,0.0,-0.004202539894561141,0.0,-0.004202539894561141,0.0
2024-01-02,-0.0007530118402263437,-0.0029579059675073015,0.002038226193328041,0.0,-0.0029579059675073015,0.0,5.838514715676979e-05,-0.0029579059675073015,0.0,-0.0029579059675073015,0.0
2024-01-03,-0.002147457922216962,-0.006125264827415466,-0.00018758260348402666,0.0,-0.006125264827415466,0.0,-0.0007637442142222284,-0.006125264827415466,0.0,-0.006125264827415466,0.0
2024-01-04,-0.0014713024306752922,-0.003950971883446908,-0.0014769936947880535,0.0,-0.003950971883446908,0.0,8.81874690511486e-05,-0.003950971883446908,0.0,-0.003950971883446908,0.0
2024-01-05,-0.00016626832473964903,-0.0005575019101362599,0.0001493754090216459,0.0,-0.0005575019101362599,0.0,2.6715398730292606e-05,-0.0005575019101362599,0.0,-0.0005575019101362599,0.0
2024-01-08,0.0030930458080819672,0.008959143872086595,0.000372764609336651,0.0,0.008959143872086595,0.0,0.0005872160471412702,0.008959143872086595,0.0,0.008959143872086595,0.0
2024-01-09,-0.001585184399498353,-0.003982874385135715,-0.0018775296725282442,0.0,-0.003982874385135715,0.0,-0.00044050676754978644,-0.003982874385135715,0.0,-0.003982874385135715,0.0
2024-01-10,0.0005006030029198761,0.0015601331354969327,-0.0006467565109008477,0.0,0.0015601331354969327,0.0,0.00047178413068893477,0.0015601331354969327,0.0,0.0015601331354969327,0.0
2024-01-11,0.00022613964712177767,0.0005220253480147207,0.00041079958261848183,0.0,0.0005220253480147207,0.0,5.838119743335479e-05,0.0005220253480147207,0.0,0.0005220253480147207,0.0
2024-01-12,0.0006772957898879204,0.001418610263102793,0.0021739121711015887,0.0,0.001418610263102793,0.0,-0.0003340808514186833,0.001418610263102793,0.0,0.001418610263102793,0.0
2024-01-16,-0.003259028038082869,-0.008344692459611325,-0.0036986253075090734,0.0,-0.008344692459611325,0.0,-0.0005985496564027692,-0.008344692459611325,0.0,-0.008344692459611325,0.0
2024-01-17,-0.0017840008456432126,-0.005054898717208389,-0.0006397658857594691,0.0,-0.005054898717208389,0.0,-0.00025154557340427707,-0.005054898717208389,0.0,-0.005054898717208389,0.0
2024-01-18,0.0020309042449708015,0.0053669606427402036,0.0016165543654773963,0.0,0.0053669606427402036,0.0,0.0005607019110392075,0.0053669606427402036,0.0,0.0053669606427402036,0.0
2024-01-19,0.003509479255565608,0.01017222829323996,0.0,0.0,0.01017222829323996,0.0,0.0010686284203705876,0.01017222829323996,0.0,0.01017222829323996,0.0
2024-01-22,0.0017767270885139697,0.00480934117608397,0.0011742445023184111,0.0,0.00480934117608397,0.0,0.0003882757660554015,0.00480934117608397,0.0,0.00480934117608397,0.0
2024-01-23,0.00012214199585604485,0.00044329171643004984,4.041360775861591e-05,0.0,0.00044329171643004984,0.0,-0.0002710107943443618,0.00044329171643004984,0.0,0.00044329171643004984,0.0
2024-01-24,-0.0009274665640299144,-0.0002251954930809985,-0.0009138047372909686,0.0,-0.0002251954930809985,0.0,-0.0002506322732428679,-0.0002251954930809985,0.0,-0.0002251954930809985,-0.006507175586492398
2024-01-25,0.003462203889183911,0.0061891810642408,0.005770992487023929,0.0,0.0061891810642408,0.0,0.0006321182586680685,0.0061891810642408,0.0,0.0061891810642408,0.0061891810642408
2024-01-26,-1.7807874522436493e-05,-0.000294397077444275,0.0008569972037368312,0.0,-0.000294397077444275,0.0,0.00016032023533834038,-0.000294397077444275,0.0,-0.000294397077444275,-0.000294397077444275
2024-01-29,0.0043469950602340246,0.0077431406598618465,0.0075678442248237835,0.0,0.0077431406598618465,0.0,0.0005825486778350486,0.0077431406598618465,0.0,0.0077431406598618465,0.0077431406598618465
2024-01-30,0.0009268585127621162,0.001458621098683388,0.0021994048041451887,0.0,0.001458621098683388,0.0,0.00030783741598030547,0.001458621098683388,0.0,0.001458621098683388,0.001458621098683388
2024-01-31,-0.006250023565558423,-0.011265835126114288,-0.010375399282612807,0.0,-0.011265835126114288,0.0,-0.0008114723029558513,-0.011265835126114288,0.0,-0.011265835126114288,-0.011265835126114288
2024-02-01,0.005937688783871569,0.010492223368311338,0.010492223368311338,0.0,0.010492223368311338,0.0,0.0009780822132874345,0.010492223368311338,0.0,0.010492223368311338,0.010492223368311338
2024-02-02,0.0005085354689025959,0.0008468131426391023,0.0008468131426391023,0.0,0.0008468131426391023,0.0,0.0003427535069278509,0.0008468131426391023,0.0,0.0008468131426391023,0.0008468131426391023
2024-02-05,-0.0030677827516066105,-0.005375014233845643,-0.005375014233845643,0.0,-0.005375014233845643,0.0,-0.0007349735952312808,-0.005375014233845643,0.0,-0.005375014233845643,-0.005375014233845643
2024-02-06,0.002288923669430276,0.0040418430626926625,0.0040418430626926625,0.0,0.0040418430626926625,0.0,0.00039109771140917183,0.0040418430626926625,0.0,0.0040418430626926625,0.0040418430626926625
2024-02-07,0.002311166592983835,0.004077522134709677,0.004077522134709677,0.0,0.004077522134709677,0.0,0.0004128886633061324,0.004077522134709677,0.0,0.004077522134709677,0.004077522134709677
2024-02-08,0.0011491660841112775,0.0020333257921185343,0.0020333257921185343,0.0,0.0020333257921185343,0.0,0.00017586579640882505,0.0020333257921185343,0.0,0.0020333257921185343,0.0020333257921185343
2024-02-09,0.001343894374096857,0.0024515379179391285,0.0024515379179391285,0.0,0.0024515379179391285,0.0,-0.00016264022282392877,0.0024515379179391285,0.0,0.0024515379179391285,0.0024515379179391285
2024-02-12,0.001525499699771054,0.0025329333748044026,0.00323832816660643,0.0,0.0025329333748044026,0.0,0.0003594356321154457,0.0025329333748044026,0.0,0.0025329333748044026,0.0025329333748044026
2024-02-13,-0.009125016379086835,-0.016491807730293795,-0.014794909597287187,0.0,-0.016491807730293795,0.0,-0.0013630068933191408,-0.016491807730293795,0.0,-0.016491807730293795,-0.016491807730293795
2024-02-14,0.004330585564825773,0.007927379134968904,0.00688179129070714,0.0,0.007927379134968904,0.0,0.0003839622528492015,0.007927379134968904,0.0,0.007927379134968904,0.007927379134968904
2024-02-15,0.006188775096114401,0.010891719732259908,0.011101619189829059,0.0,0.010891719732259908,0.0,0.0010304777461609183,0.010891719732259908,0.0,0.010891719732259908,0.010891719732259908
2024-02-16,-0.0023597675156139235,-0.004356777329309547,-0.0034372508461394057,0.0,-0.004356777329309547,0.0,-0.0003735474771477176,-0.004356777329309547,0.0,-0.004356777329309547,-0.004356777329309547
2024-02-20,-0.0024920785085572185,-0.004663233331119965,-0.0036462976792444477,0.0,-0.004663233331119965,0.0,-0.0001294755732906605,-0.004663233331119965,0.0,-0.004663233331119965,-0.004663233331119965
2024-02-21,0.0004537532260116389,0.00037646649019711375,0.001297128034108286,0.0,0.00037646649019711375,0.0,0.00128078503920801,0.00037646649019711375,0.0,0.00037646649019711375,0.00037646649019711375
2024-02-22,0.008272689183352435,0.013230919041295119,0.013230919041295119,0.0,0.013230919041295119,0.0,0.008299607443696311,0.013230919041295119,0.0,0.013230919041295119,0.013230919041295119
2024-02-23,0.00145053370147424,0.00217580055221136,0.00217580055221136,0.0,0.00217580055221136,0.0,0.00217580055221136,0.00217580055221136,0.0,0.00217580055221136,0.00217580055221136
2024-02-26,-0.0007565881832151258,-0.0010190491391194878,-0.0010190491391194878,0.0,-0.0010190491391194878,0.0,-0.0017140479533386932,-0.0010190491391194878,0.0,-0.0010190491391194878,-0.0010190491391194878
2024-02-27,0.0002447157119793153,0.0004511646742693887,0.0004511646742693887,0.0,0.0004511646742693887,0.0,-5.338196353310565e-05,0.0004511646742693887,0.0,0.0004511646742693887,0.0004511646742693887
2024-02-28,-0.0008534521813626522,-0.0014818127565852657,-0.0014818127565852657,0.0,-0.0014818127565852657,0.0,-0.0002720058493375421,-0.0014818127565852657,0.0,-0.0014818127565852657,-0.0014818127565852657
2024-02-29,0.002155625655174546,0.003963179665432781,0.003963179665432781,0.0,0.003963179665432781,0.0,-0.0004152674305929915,0.003963179665432781,0.0,0.003963179665432781,0.003963179665432781
2024-03-01,0.005957356219232432,0.010280582026475448,0.010280582026475448,0.0,0.010280582026475448,0.0,0.0022132958407146464,0.010280582026475448,0.0,0.010280582026475448,0.010280582026475448
2024-03-04,-0.0003575798251193671,-0.0005865584710689209,-0.0005865584710689209,0.0,-0.0005865584710689209,0.0,-0.00028542607072969963,-0.0005865584710689209,0.0,-0.0005865584710689209,-0.0005865584710689209
2024-03-05,-0.0031938746298376106,-0.005197790682044001,-0.005197790682044001,0.0,-0.005197790682044001,0.0,-0.0027559182583184903,-0.005197790682044001,0.0,-0.005197790682044001,-0.005197790682044001
2024-03-06,0.003481479053227068,0.005852081084360483,0.005852081084360483,0.0,0.005852081084360483,0.0,0.0020729060572411973,0.005852081084360483,0.0,0.005852081084360483,0.005852081084360483
2024-03-07,0.003931087116695026,0.006891707146551218,0.006891707146551218,0.0,0.006891707146551218,0.0,0.000921248317499146,0.006891707146551218,0.0,0.006891707146551218,0.006891707146551218
2024-03-08,-0.001507447812197233,-0.002702669365111343,-0.002702669365111343,0.0,-0.002702669365111343,0.0,-5.3683484218380874e-05,-0.002702669365111343,0.0,-0.002702669365111343,-0.002702669365111343
2024-03-11,-4.857363846565433e-05,-0.00013314578891369112,-0.00013314578891369112,0.0,-0.00013314578891369112,0.0,0.00022856619837756663,-0.00013314578891369112,0.0,-0.00013314578891369112,-0.00013314578891369112
2024-03-12,0.0022927734057652063,0.0038284820082080005,0.0038284820082080005,0.0,0.0038284820082080005,0.0,0.0014925506108468545,0.0038284820082080005,0.0,0.0038284820082080005,0.0038284820082080005
2024-03-13,0.00041389726388435646,0.0006536946896127493,0.0006536946896127493,0.0,0.0006536946896127493,0.0,0.0004566019268954613,0.0006536946896127493,0.0,0.0006536946896127493,0.0006536946896127493
2024-03-14,-0.0027135642547903684,-0.004594273815566774,-0.004594273815566774,0.0,-0.004594273815566774,0.0,-0.0014507092152794443,-0.004594273815566774,0.0,-0.004594273815566774,-0.004594273815566774
2024-03-15,-0.002549959692865001,-0.0042965288797216835,-0.004718926052061989,0.0,-0.0042965288797216835,0.0,-0.0010445956648362897,-0.0042965288797216835,0.0,-0.0042965288797216835,-0.0042965288797216835
2024-03-18,0.0014051910748453923,0.002421386033270545,0.0020756815048070696,0.0,0.002421386033270545,0.0,0.0008854940357192808,0.002421386033270545,0.0,0.002421386033270545,0.002421386033270545
2024-03-19,0.00286953291349296,0.005022406130716828,0.003881315258910334,0.0,0.005022406130716828,0.0,0.0018548564396589917,0.005022406130716828,0.0,0.005022406130716828,0.005022406130716828
2024-03-20,0.004949185058058026,0.008239488752982938,0.008380502455019933,0.0,0.008239488752982938,0.0,0.0032042080555705565,0.008239488752982938,0.0,0.008239488752982938,0.008239488752982938
2024-03-21,0.0025387704440852513,0.0043805789812202175,0.003783069838060893,0.0,0.0043805789812202175,0.0,0.001543548233825498,0.0043805789812202175,0.0,0.0043805789812202175,0.0043805789812202175
2024-03-22,-0.0022845634176307545,-0.003576507357811154,-0.0033605088948602145,0.0,-0.003576507357811154,0.0,-0.0028945324325719613,-0.003576507357811154,0.0,-0.003576507357811154,-0.003576507357811154
2024-03-25,-0.000869250788803106,-0.0012463863098508775,-0.0021771224432764356,0.0,-0.0012463863098508775,0.0,-0.0006605894165480075,-0.0012463863098508775,0.0,-0.0012463863098508775,-0.0012463863098508775
2024-03-26,-0.00015267890999548996,-0.0005927296135664117,0.00017931599804075216,0.0,-0.0005927296135664117,0.0,0.0008174922662654849,-0.0005927296135664117,0.0,-0.0005927296135664117,-0.0005927296135664117
2024-03-27,0.006165725017145501,0.010228622203978178,0.009299276237746979,0.0,0.010228622203978178,0.0,0.0052777601006498195,0.010228622203978178,0.0,0.010228622203978178,0.010228622203978178
2024-03-28,0.0016422511658225527,0.002795571260856,0.0017141889626658524,0.0,0.002795571260856,0.0,0.0018837864863131214,0.002795571260856,0.0,0.002795571260856,0.002795571260856
2024-04-01,-0.001732152580158952,-0.002736984774812645,-0.0034784158404635667,0.0,-0.002736984774812645,0.0,-0.0011630182817164215,-0.002736984774812645,0.0,-0.002736984774812645,-0.002736984774812645
2024-04-02,-0.0032739560853011357,-0.004992970413778153,-0.007317405846119995,0.0,-0.004992970413778153,0.0,-0.002176317266477612,-0.004992970413778153,0.0,-0.004992970413778153,-0.004992970413778153
2024-04-03,0.0013202120110927572,0.002541970722022413,0.0009803678010666616,0.0,0.002541970722022413,0.0,0.0007336574106785009,0.002541970722022413,0.0,0.002541970722022413,0.002541970722022413
2024-04-04,-0.0056338808924959755,-0.009162001581497038,-0.008526748160878528,0.0,-0.009162001581497038,0.0,-0.005530173545597106,-0.009162001581497038,0.0,-0.009162001581497038,-0.009162001581497038
2024-04-05,0.0044883412902460154,0.00767191014397064,0.004888777591499571,0.0,0.00767191014397064,0.0,0.004818653444832011,0.00767191014397064,0.0,0.00767191014397064,0.00767191014397064
2024-04-08,0.0004404239305482937,0.0006703845893631932,0.0006796671352693906,0.0,0.0006703845893631932,0.0,0.0006026098822124792,0.0006703845893631932,0.0,0.0006703845893631932,0.0006703845893631932
2024-04-09,0.0013540246832843311,0.002610218777345896,0.002029735937977406,0.0,0.002610218777345896,0.0,-0.0002843888978020126,0.002610218777345896,0.0,0.002610218777345896,0.002610218777345896
2024-04-10,-0.007195330396900744,-0.012338274265278703,-0.011699618068315987,0.0,-0.012338274265278703,0.0,-0.003705258442675885,-0.012338274265278703,0.0,-0.012338274265278703,-0.012338274265278703
2024-04-11,0.00265919638374793,0.005332458831460019,0.003460719607240326,0.0,0.005332458831460019,0.0,-0.0008577874793490259,0.005332458831460019,0.0,0.005332458831460019,0.005332458831460019
2024-04-12,-0.0072442687994251015,-0.012823144013447297,-0.009872107974457377,0.0,-0.012823144013447297,0.0,-0.0040337351665793554,-0.012823144013447297,0.0,-0.012823144013447297,-0.012823144013447297
2024-04-15,-0.004646355048673663,-0.008250681849581809,-0.009186373971494155,0.0,-0.008250681849581809,0.0,0.00037190593175843165,-0.008250681849581809,0.0,-0.008250681849581809,-0.008250681849581809
2024-04-16,-0.0012514723891747608,-0.0022985518590395992,-0.0022826934973500523,0.0,-0.0022985518590395992,0.0,0.00021364943093560296,-0.0022985518590395992,0.0,-0.0022985518590395992,-0.0022985518590395992
2024-04-17,-0.002332964362595671,-0.0042840487444460226,-0.0035472234692367267,0.0,-0.0042840487444460226,0.0,-0.00031326081634022176,-0.0042840487444460226,0.0,-0.0042840487444460226,-0.0042840487444460226
2024-04-18,-0.0011509324587072284,-0.0020225900536584573,-0.0023641356670779158,0.0,-0.0020225900536584573,0.0,9.610375334668797e-05,-0.0020225900536584573,0.0,-0.0020225900536584573,-0.0020225900536584573
2024-04-19,-0.0004037120186761488,-0.0006409297730927243,-0.000954083287150198,0.0,-0.0006409297730927243,0.0,-0.001350939886982727,-0.0006409297730927243,0.0,0.0005944043253257592,-0.0006409297730927243
2024-04-22,0.0029562749661613433,0.004224247782447166,0.006694496836979369,0.0,0.004224247782447166,0.0,0.004224247782447166,0.004224247782447166,0.0,0.003014986728684055,0.004224247782447166
2024-04-23,0.0059526798059991014,0.008812290560444557,0.00951266545176912,0.0,0.008812290560444557,0.0,0.008812290560444557,0.008812290560444557,0.0,0.008812290560444557,0.008812290560444557
2024-04-24,-0.0006716928938938975,-0.0010075393408408462,-0.0010075393408408462,0.0,-0.0010075393408408462,0.0,-0.0010075393408408462,-0.0010075393408408462,0.0,-0.0010075393408408462,-0.0010075393408408462
2024-04-25,-0.002334120078146684,-0.0035011801172200262,-0.0035011801172200262,0.0,-0.0035011801172200262,0.0,-0.0035011801172200262,-0.0035011801172200262,0.0,-0.0035011801172200262,-0.0035011801172200262
2024-04-26,0.002784252126635895,0.004749793716340711,0.004749793716340711,0.0,0.004749793716340711,0.0,0.004749793716340711,0.004749793716340711,0.0,0.0013093005580194993,0.004749793716340711
2024-04-29,0.0023121393590720862,0.003890126533475169,0.003890126533475169,0.0013586215642729326,0.003890126533475169,0.0,0.003890126533475169,0.003890126533475169,0.0,0.0,0.003890126533475169
2024-04-30,-0.010878303240833987,-0.016057774855439345,-0.016057774855439345,-0.005509666296760618,-0.016057774855439345,0.0,-0.016057774855439345,-0.016057774855439345,0.0,-0.012106188593548551,-0.016057774855439345
2024-05-01,-0.0009457912056037571,-0.0014333394345912409,-0.0014333394345912409,-0.0011874642284136817,-0.0014333394345912409,0.0,-0.0014333394345912409,-0.0014333394345912409,0.0,-0.0007956494418275839,-0.0007956494418275839
2024-05-02,0.004138678768648385,0.007246373128032124,0.007246373128032124,0.006933748353182579,0.007246373128032124,0.0,0.007246373128032124,0.007246373128032124,0.0,0.0013288680525243902,0.0
2024-05-03,0.006439312007788138,0.009628061064950278,0.009628061064950278,0.009117568139709842,0.009628061064950278,0.0,0.009628061064950278,0.009628061064950278,0.0,0.010323995670582287,0.0
2024-05-06,0.004385812317951578,0.008947290971152922,0.008947290971152922,0.0036831469769525115,0.008947290971152922,0.0,0.008947290971152922,0.008947290971152922,0.0,0.0,0.0
2024-05-07,0.0005561594830523874,0.0013205010799366979,0.0013205010799366979,-0.000276568972275304,0.0013205010799366979,0.0,0.0013205010799366979,0.0013205010799366979,0.0,0.0,0.0
2024-05-08,0.00016546672258302482,-0.0008963349935367737,-0.0008963349935367737,0.0003450680829906738,-0.0008963349935367737,0.0023647361972018222,-0.0008963349935367737,-0.0008963349935367737,0.0,0.0023647361972018222,0.0
2024-05-09,0.005063346137735985,0.00770375915403394,0.00770375915403394,0.00527964534273484,0.00770375915403394,-0.0005126634860962431,0.00770375915403394,0.00770375915403394,0.002284337612815568,0.00770375915403394,0.0
2024-05-10,0.00011718400025809705,0.000566041694885,0.000566041694885,0.0009921117719915884,0.000566041694885,-0.0030277813397802333,0.000566041694885,0.000566041694885,0.0002601170956865184,0.000566041694885,0.0
2024-05-13,-0.0006351943873361884,-0.0008910311393983017,-0.0008910311393983017,-0.0015201586741426909,-0.0008910311393983017,-0.0008910311393983017,-0.0008910311393983017,-0.0008910311393983017,-0.0023573246649190027,0.002615889550027506,0.0
2024-05-14,0.004065537847884181,0.00577583725836055,0.00577583725836055,0.0021064284180875026,0.00577583725836055,0.00577583725836055,0.00577583725836055,0.00577583725836055,0.002574380296608658,0.003029845624458716,0.0
2024-05-15,0.009008450945216753,0.01233369518067604,0.01233369518067604,0.002953920793332743,0.01233369518067604,0.01233369518067604,0.01233369518067604,0.01233369518067604,0.0041199666295617995,0.01233369518067604,0.0
2024-05-16,-0.0017787420673077545,-0.002375041087190566,-0.002375041087190566,-0.00027350881001305674,-0.002375041087190566,-0.002375041087190566,-0.002375041087190566,-0.002375041087190566,-0.0014849232726133366,-0.002375041087190566,0.0
2024-05-17,0.002855865516151016,0.0035819853034452344,0.0035819853034452344,0.0017639219255052518,0.0035819853034452344,0.0035819853034452344,0.0035819853034452344,0.0035819853034452344,0.0024469558991824904,0.0035819853034452344,0.0
2024-05-20,-0.00014922444279140935,-0.0003763398895165748,-0.0003763398895165748,0.0012399289616042753,-0.0003763398895165748,-0.0003763398895165748,-0.0003763398895165748,-0.0003763398895165748,-0.0003249096096275106,-0.0003763398895165748,0.0
2024-05-21,0.0009253493280121927,0.0013758186465690047,0.0013758186465690047,-0.0001797637388397222,0.0013758186465690047,0.0013758186465690047,0.0013758186465690047,0.0013758186465690047,0.00025299581153542805,0.0013758186465690047,0.0
2024-05-22,-0.004691106926065999,-0.00548633791905444,-0.00548633791905444,-0.0037219135548534066,-0.00548633791905444,-0.00548633791905444,-0.00548633791905444,-0.00548633791905444,-0.005580021265413937,-0.00548633791905444,0.0
2024-05-23,-0.006500110444276581,-0.011172403650563267,-0.011172403650563267,-0.005389796707204542,-0.011172403650563267,0.0025909957696937823,-0.011172403650563267,-0.011172403650563267,0.00015982519183787013,-0.011172403650563267,0.0
2024-05-24,0.002717107747083357,0.004350844179154334,0.004350844179154334,0.0018491520494202883,0.004350844179154334,0.00042529838927912733,0.004350844179154334,0.004350844179154334,0.00042529838927912733,0.004350844179154334,0.0
2024-05-28,-0.0012161772134525702,-0.0014586273399900484,-0.0014586273399900484,-0.0007352035411427926,-0.0014586273399900484,-0.0014586273399900484,-0.0014586273399900484,-0.0014586273399900484,-0.0014586273399900484,-0.0014586273399900484,0.0
2024-05-29,-0.008063291935823357,-0.010036784117951081,-0.008704032213588531,-0.0036448905011151945,-0.010036784117951081,-0.010036784117951081,-0.010036784117951081,-0.010036784117951081,-0.010036784117951081,-0.010036784117951081,0.0
2024-05-30,-0.0011518272916042512,-0.0018415329771687915,0.0,0.0006827522385744911,-0.0018415329771687915,-0.0018415329771687915,-0.0018415329771687915,-0.0018415329771687915,-0.0018415329771687915,-0.0018415329771687915,0.0
2024-05-31,0.004917600273360575,0.008812113639604735,0.0,0.003890831918091031,0.008812113639604735,0.0025595579918676003,0.008812113639604735,0.008812113639604735,0.0025595579918676003,0.008812113639604735,0.0
2024-06-03,0.0003351629603248961,-5.621572308650569e-05,0.0,0.000768600828070709,-5.621572308650569e-05,0.0,-5.621572308650569e-05,-5.621572308650569e-05,-0.00037458292172376506,0.002791095905836638,0.0
2024-06-04,-0.0002719121189444766,-0.0012242549158827166,0.0,0.0,-0.0012242549158827166,0.0011217126922709153,-0.0012242549158827166,-0.0012242549158827166,-0.0010178697073939702,0.0011217126922709153,0.0
2024-06-05,0.006247557590525098,0.009872298646495548,0.0,0.0,0.009872298646495548,0.009872298646495548,0.009872298646495548,0.009872298646495548,0.006866525082248154,0.009872298646495548,0.0
2024-06-06,0.00029870597193609613,0.000511949634706188,0.0,0.0,0.000511949634706188,0.000511949634706188,0.000511949634706188,0.000511949634706188,0.00012860557389392512,0.000511949634706188,0.0
2024-06-07,-0.004170181387265209,-0.006599019271499007,0.0,0.0,-0.006599019271499007,-0.006599019271499007,-0.006599019271499007,-0.006599019271499007,-0.004536536127891844,-0.006599019271499007,0.0
2024-06-10,0.0016273770979318679,0.0025057038549358814,0.0,0.0,0.0025057038549358814,0.0025057038549358814,0.0025057038549358814,0.0025057038549358814,0.002117874606707404,0.0025057038549358814,0.0
2024-06-11,0.0011736305865146044,0.0016748971846567429,0.0,0.0,0.0016748971846567429,0.0016748971846567429,0.0016748971846567429,0.0016748971846567429,0.002188189355347725,0.0016748971846567429,0.0
2024-06-12,0.0045012759903359754,0.005441795602236154,0.0,0.0,0.005441795602236154,0.010412840122871447,0.005441795602236154,0.005441795602236154,0.008331461381207706,0.005441795602236154,0.0
2024-06-13,-0.0001887284692649217,3.494523380601633e-05,-0.0018383371586083608,0.0,3.494523380601633e-05,0.0,3.494523380601633e-05,3.494523380601633e-05,0.0,3.494523380601633e-05,0.0
2024-06-14,5.498579286323926e-05,0.0002959348509132487,-0.0006888672678838414,0.0,0.0002959348509132487,0.0,0.0002959348509132487,0.0002959348509132487,0.0,0.0002959348509132487,0.0
2024-06-17,0.002171648147339839,0.004457029515108924,0.001716715265622859,0.0,0.004457029515108924,0.0,0.004457029515108924,0.004457029515108924,0.0,0.004457029515108924,0.0
2024-06-18,0.0014829720992863382,0.003231044718369591,0.0004225700200986782,0.0,0.003231044718369591,0.0,0.003231044718369591,0.003231044718369591,0.0,0.003231044718369591,0.0
2024-06-20,0.0006430555191215899,0.0014468749180235774,0.0,0.0,0.0014468749180235774,0.0,0.0014468749180235774,0.0014468749180235774,0.0,0.0014468749180235774,0.0
2024-06-21,-0.0011314913270199314,-0.002545855485794846,0.0,0.0,-0.002545855485794846,0.0,-0.002545855485794846,-0.002545855485794846,0.0,-0.002545855485794846,0.0
2024-06-24,0.0009449346000183408,0.002126102850041267,0.0,0.0,0.002126102850041267,0.0,0.002126102850041267,0.002126102850041267,0.0,0.002126102850041267,0.0
2024-06-25,0.0005018396662217089,0.001129139248998845,0.0,0.0,0.001129139248998845,0.0,0.001129139248998845,0.001129139248998845,0.0,0.001129139248998845,0.0
2024-06-26,-0.0019160383306039493,-0.004311086243858886,0.0,0.0,-0.004311086243858886,0.0,-0.004311086243858886,-0.004311086243858886,0.0,-0.004311086243858886,0.0
2024-06-27,0.0013500503789713174,0.0030376133526854644,0.0,0.0,0.0030376133526854644,0.0,0.0030376133526854644,0.0030376133526854644,0.0,0.0030376133526854644,0.0
2024-06-28,-0.00040188016376442685,-0.0018710579880599765,0.0,0.0,-0.0018710579880599765,0.0,0.001996252490300088,-0.0018710579880599765,0.0,-0.0018710579880599765,0.0
2024-07-01,-0.0005553655558856427,-0.0009596047329184287,0.0,0.0,-0.0009596047329184287,0.0,-0.002119475804215498,-0.0009596047329184287,0.0,-0.0009596047329184287,0.0
2024-07-02,0.002013365623322865,0.004530072652476447,0.0,0.0,0.004530072652476447,0.0,0.004530072652476447,0.004530072652476447,0.0,0.004530072652476447,0.0
2024-07-03,0.0019080123937826484,0.004293027886010959,0.0,0.0,0.004293027886010959,0.0,0.004293027886010959,0.004293027886010959,0.0,0.004293027886010959,0.0
2024-07-05,0.001349182563658734,0.0030356607682321514,0.0,0.0,0.0030356607682321514,0.0,0.0030356607682321514,0.0030356607682321514,0.0,0.0030356607682321514,0.0
2024-07-08,-0.00014808400239398148,-0.0003331890053864583,0.0,0.0,-0.0003331890053864583,0.0,-0.0003331890053864583,-0.0003331890053864583,0.0,-0.0003331890053864583,0.0
2024-07-09,-0.0001786207024175078,-0.00036149829531013645,0.0,0.0,-0.00036149829531013645,-0.0007945944112173087,-0.00036149829531013645,-0.00036149829531013645,0.0006330012707002841,-0.00036149829531013645,0.0
2024-07-10,0.004321162298797053,0.008245460220233314,0.00433485749409801,0.0,0.008245460220233314,0.0015926184870458048,0.008245460220233314,0.008245460220233314,-1.8856172903591872e-05,0.008245460220233314,0.0
2024-07-11,0.001999723178726102,0.003405834109914996,0.004374172168874935,0.0,0.003405834109914996,0.0,0.003405834109914996,0.003405834109914996,0.0,0.003405834109914996,0.0
2024-07-12,0.0024582840825343776,0.005531139185702349,0.0,0.0,0.005531139185702349,0.0,0.005531139185702349,0.005531139185702349,0.0,0.005531139185702349,0.0
2024-07-15,0.002191973334858785,0.004931940003432267,0.0,0.0,0.004931940003432267,0.0,0.004931940003432267,0.004931940003432267,0.0,0.004931940003432267,0.0
2024-07-16,0.005307313738153062,0.01194145591084439,0.0,0.0,0.01194145591084439,0.0,0.01194145591084439,0.01194145591084439,0.0,0.01194145591084439,0.0
2024-07-17,-0.003090323470793699,-0.006953227809285823,0.0,0.0,-0.006953227809285823,0.0,-0.006953227809285823,-0.006953227809285823,0.0,-0.006953227809285823,0.0
2024-07-18,-0.003481984818130045,-0.009133855786036416,0.0,0.0,-0.009133855786036416,0.0,-0.003936296005061157,-0.009133855786036416,0.0,-0.009133855786036416,0.0
2024-07-19,-0.0029431098234489624,-0.008484681531713788,0.0,0.0,-0.008484681531713788,0.0,-0.0010339438158992963,-0.008484681531713788,0.0,-0.008484681531713788,0.0
2024-07-22,0.002553358627838608,0.007025530802680391,0.0,0.0,0.007025530802680391,0.0,0.0019036352425062964,0.007025530802680391,0.0,0.007025530802680391,0.0
2024-07-23,-0.0004631362459550241,-0.0012625207820753381,0.0,0.0,-0.0012625207820753381,0.0,-0.000380663867369202,-0.0012625207820753381,0.0,-0.0012625207820753381,0.0
2024-07-24,-0.005387189580989964,-0.015286058360457544,0.0,0.0,-0.015286058360457544,0.0,-0.0026265311475370478,-0.015286058360457544,0.0,-0.015286058360457544,0.0
2024-07-25,-0.00021813515695255666,-0.000382470792839007,0.0,0.0,-0.000382470792839007,0.0,-0.0008158040340559891,-0.000382470792839007,0.0,-0.000382470792839007,0.0
2024-07-26,0.004024452121136759,0.010971583208836778,0.0,0.0,0.010971583208836778,0.0,0.003305319463720502,0.010971583208836778,0.0,0.010971583208836778,0.0
2024-07-29,-0.0006480302193585493,-0.0019459327201304167,0.0,0.0,-0.0019459327201304167,0.0,5.5261861643063345e-06,-0.0019459327201304167,0.0,-0.0019459327201304167,0.0
2024-07-30,0.00021615571864907291,0.0006322963124873682,0.0,0.0,0.0006322963124873682,0.0,4.851253037955194e-05,0.0006322963124873682,0.0,0.0006322963124873682,0.0
2024-07-31,0.003955123032872633,0.012301762044229392,0.0,0.0,0.009468223552566934,0.0,0.0015243596548279782,0.012301762044229392,0.0,0.012301762044229392,0.0
2024-08-01,-0.0038012176564189595,-0.014634087766777581,0.0,0.0,-0.0032615150837801534,0.0,-0.0016812682904353226,-0.014634087766777581,0.0,-0.014634087766777581,0.0
2024-08-02,-0.003947273843795393,-0.014405271152185284,0.0,0.0,-0.0036173342019731546,0.0,-0.0030975880878148176,-0.014405271152185284,0.0,-0.014405271152185284,0.0
2024-08-05,-0.005834297746647914,-0.023558493085994493,0.0,0.0,0.0,0.0,-0.0053916935478422355,-0.023558493085994493,0.0,-0.023558493085994493,0.0
2024-08-06,0.0011044955982355406,0.00479442126632923,0.0,0.0,0.0,0.0,0.00035161785146140543,0.00479442126632923,0.0,0.00479442126632923,0.0
2024-08-07,-0.0014184688551785957,-0.00638310984830368,0.0,0.0,0.0,0.0,0.0,-0.00638310984830368,0.0,-0.00638310984830368,0.0
2024-08-08,0.0044907239708556375,0.020208257868850367,0.0,0.0,0.0,0.0,0.0,0.020208257868850367,0.0,0.020208257868850367,0.0
2024-08-09,0.0008316758451112547,0.003742541303000646,0.0,0.0,0.0,0.0,0.0,0.003742541303000646,0.0,0.003742541303000646,0.0
2024-08-12,0.0003346619157292668,0.0015059786207817006,0.0,0.0,0.0,0.0,0.0,0.0015059786207817006,0.0,0.0015059786207817006,0.0
2024-08-13,0.002551068966278162,0.01147981034825173,0.0,0.0,0.0,0.0,0.0,0.01147981034825173,0.0,0.01147981034825173,0.0
2024-08-14,0.0006286618117651817,0.002828978152943318,0.0,0.0,0.0,0.0,0.0,0.002828978152943318,0.0,0.002828978152943318,0.0
2024-08-15,0.0029810849997987223,0.01341488249909425,0.0,0.0,0.0,0.0,0.0,0.01341488249909425,0.0,0.01341488249909425,0.0
2024-08-16,0.0009770581273254575,0.0043967615729645585,0.0,0.0,0.0,0.0,0.0,0.0043967615729645585,0.0,0.0043967615729645585,0.0
2024-08-19,0.001745092315072035,0.007852915417824157,0.0,0.0,0.0,0.0,0.0,0.007852915417824157,0.0,0.007852915417824157,0.0
2024-08-20,-0.0007579075561673242,-0.003410584002752959,0.0,0.0,0.0,0.0,0.0,-0.003410584002752959,0.0,-0.003410584002752959,0.0
2024-08-21,0.0006470535696081963,0.0029117410632368834,0.0,0.0,0.0,0.0,0.0,0.0029117410632368834,0.0,0.0029117410632368834,0.0
2024-08-22,-0.001603973918226193,-0.007217882632017869,0.0,0.0,0.0,0.0,0.0,-0.007217882632017869,0.0,-0.007217882632017869,0.0
2024-08-23,0.002805985521359301,0.012626934846116855,0.0,0.0,0.0,0.0,0.0,0.012626934846116855,0.0,0.012626934846116855,0.0
2024-08-26,-0.00022031817593756286,-0.0009914317917190329,0.0,0.0,0.0,0.0,0.0,-0.0009914317917190329,0.0,-0.0009914317917190329,0.0
2024-08-27,3.1862398969452325e-05,0.00014338079536253546,0.0,0.0,0.0,0.0,0.0,0.00014338079536253546,0.0,0.00014338079536253546,0.0
2024-08-28,-0.0011673266412353753,-0.005252969885559189,0.0,0.0,0.0,0.0,0.0,-0.005252969885559189,0.0,-0.005252969885559189,0.0
2024-08-29,0.0006433201103279841,0.0028949404964759284,0.0,0.0,0.0,0.0,0.0,0.0028949404964759284,0.0,0.0028949404964759284,0.0
2024-08-30,0.0010772199604886696,0.004847489822199014,0.0,0.0,0.0,0.0,0.0,0.004847489822199014,0.0,0.004847489822199014,0.0
2024-09-03,-0.003643312402994006,-0.016394905813473026,0.0,0.0,0.0,0.0,0.0,-0.016394905813473026,0.0,-0.016394905813473026,0.0
2024-09-04,-0.00020949894767618253,-0.0009427452645428214,0.0,0.0,0.0,0.0,0.0,-0.0009427452645428214,0.0,-0.0009427452645428214,0.0
2024-09-05,-0.0006947318097389601,-0.0031262931438253206,0.0,0.0,0.0,0.0,0.0,-0.0031262931438253206,0.0,-0.0031262931438253206,0.0
2024-09-06,-0.0030326807686215217,-0.013647063458796849,0.0,0.0,0.0,0.0,0.0,-0.013647063458796849,0.0,-0.013647063458796849,0.0
2024-09-09,0.0020488610782816953,0.00921987485226763,0.0,0.0,0.0,0.0,0.0,0.00921987485226763,0.0,0.00921987485226763,0.0
2024-09-10,0.0003190927842323912,0.0014359175290457604,0.0,0.0,0.0,0.0,0.0,0.0014359175290457604,0.0,0.0014359175290457604,0.0
2024-09-11,0.0011593500086838201,0.00521707503907719,0.0,0.0,0.0,0.0,0.0,0.00521707503907719,0.0,0.00521707503907719,0.0
2024-09-12,0.0016390534316965194,0.007375740442634338,0.0,0.0,0.0,0.0,0.0,0.007375740442634338,0.0,0.007375740442634338,0.0
2024-09-13,0.0015523857914671306,0.006985736061602088,0.0,0.0,0.0,0.0,0.0,0.006985736061602088,0.0,0.006985736061602088,0.0
2024-09-16,0.0009600281043862483,0.004320126469738117,0.0,0.0,0.0,0.0,0.0,0.004320126469738117,0.0,0.004320126469738117,0.0
2024-09-17,0.00011402453155718244,0.000513110392007321,0.0,0.0,0.0,0.0,0.0,0.000513110392007321,0.0,0.000513110392007321,0.0
2024-09-18,-0.0009273508154698554,-0.004173078669614349,0.0,0.0,0.0,0.0,0.0,-0.004173078669614349,0.0,-0.004173078669614349,0.0
2024-09-19,0.0032006346241509097,0.014402855808679093,0.0,0.0,0.0,0.0,0.0,0.014402855808679093,0.0,0.014402855808679093,0.0
2024-09-20,-0.0003639607923323037,-0.0016378235654953665,0.0,0.0,0.0,0.0,0.0,-0.0016378235654953665,0.0,-0.0016378235654953665,0.0
2024-09-23,0.00025756199398018826,0.0011590289729108473,0.0,0.0,0.0,0.0,0.0,0.0011590289729108473,0.0,0.0011590289729108473,0.0
2024-09-24,0.0004345413248793549,0.001955435961957097,0.0,0.0,0.0,0.0,0.0,0.001955435961957097,0.0,0.001955435961957097,0.0
2024-09-25,-0.001394158233477786,-0.006273712050650038,0.0,0.0,0.0,0.0,0.0,-0.006273712050650038,0.0,-0.006273712050650038,0.0
2024-09-26,0.0007180356911423294,0.0032311606101404823,0.0,0.0,0.0,0.0,0.0,0.0032311606101404823,0.0,0.0032311606101404823,0.0
2024-09-27,0.0003016127626143956,0.0013572574317647801,0.0,0.0,0.0,0.0,0.0,0.0013572574317647801,0.0,0.0013572574317647801,0.0
2024-09-30,0.0003805263887390417,0.0017123687493256878,0.0,0.0,0.0,0.0,0.0,0.0017123687493256878,0.0,0.0017123687493256878,0.0
2024-10-01,-0.0007717169984566347,-0.0034727264930548563,0.0,0.0,0.0,0.0,0.0,-0.0034727264930548563,0.0,-0.0034727264930548563,0.0
2024-10-02,0.0002208540844803276,0.0009938433801614742,0.0,0.0,0.0,0.0,0.0,0.0009938433801614742,0.0,0.0009938433801614742,0.0
2024-10-03,-0.00045440544957884546,-0.0016532788971319711,0.0,-0.0007830912519456668,0.0,0.0,0.0,-0.0016532788971319711,0.0,-0.0016532788971319711,0.0
2024-10-04,0.002151893866053927,0.006699661866501949,0.0,0.005967721061481445,0.0,0.0,0.0,0.006699661866501949,0.0,0.006699661866501949,0.0
2024-10-07,-0.0018529329876324396,-0.006752272717180663,0.0,-0.003171851454330632,0.0,0.0,0.0,-0.006752272717180663,0.0,-0.006752272717180663,0.0
2024-10-08,0.0006573170482903488,0.0026019942798268135,0.0,0.0007118648749595113,0.0,0.0,0.0,0.0026019942798268135,0.0,0.0026019942798268135,0.0
2024-10-09,0.001220740367159116,0.005267007134432444,0.0,0.0004526490355671542,0.0,0.0,0.0,0.005267007134432444,0.0,0.005267007134432444,0.0
2024-10-10,-0.00018675438648774683,-0.0006195381265269972,0.0,-0.000441713225335727,0.0,0.0,0.0,-0.0006195381265269972,0.0,-0.0006195381265269972,0.0
2024-10-11,0.001707981924404693,0.007887872738719904,0.0,-0.0004039081577975723,0.0,0.0,0.0,0.007887872738719904,0.0,0.007887872738719904,0.0
2024-10-14,0.001174114548689483,0.0052461594991384366,0.0,7.471193992847347e-05,0.0,0.0,0.0,0.0052461594991384366,0.0,0.0052461594991384366,0.0
2024-10-15,-0.0015708809526149231,-0.007676833853809228,0.0,0.0012157391340841483,0.0,0.0,0.0,-0.007676833853809228,0.0,-0.007676833853809228,0.0
2024-10-16,0.0013983618704692248,0.006064879934333733,0.0,0.0004554969655555574,0.0,0.0,0.0,0.006064879934333733,0.0,0.006064879934333733,0.0
2024-10-17,-6.763997553534344e-05,-0.0003043798899090455,0.0,0.0,0.0,0.0,0.0,-0.0003043798899090455,0.0,-0.0003043798899090455,0.0
2024-10-18,0.0005731345908891633,0.002579105659001235,0.0,0.0,0.0,0.0,0.0,0.002579105659001235,0.0,0.002579105659001235,0.0
2024-10-21,-0.0013050596121130958,-0.005872768254508931,0.0,0.0,0.0,0.0,0.0,-0.005872768254508931,0.0,-0.005872768254508931,0.0
2024-10-22,0.00014084275229448996,0.0006337923853252048,0.0,0.0,0.0,0.0,0.0,0.0006337923853252048,0.0,0.0006337923853252048,0.0
2024-10-23,-0.0018465345531255264,-0.008309405489064869,0.0,0.0,0.0,0.0,0.0,-0.008309405489064869,0.0,-0.008309405489064869,0.0
2024-10-24,0.0004534416695442733,0.0020404875129492296,0.0,0.0,0.0,0.0,0.0,0.0020404875129492296,0.0,0.0020404875129492296,0.0
2024-10-25,-0.00043269178167571664,-0.0019471130175407248,0.0,0.0,0.0,0.0,0.0,-0.0019471130175407248,0.0,-0.0019471130175407248,0.0
2024-10-28,0.0006913711606933622,0.00311117022312013,0.0,0.0,0.0,0.0,0.0,0.00311117022312013,0.0,0.00311117022312013,0.0
2024-10-29,0.00013393165746468957,0.0006026924585911031,0.0,0.0,0.0,0.0,0.0,0.0006026924585911031,0.0,0.0006026924585911031,0.0
2024-10-30,-0.00036236523431853774,-0.0016306435544334197,0.0,0.0,0.0,0.0,0.0,-0.0016306435544334197,0.0,-0.0016306435544334197,0.0
2024-10-31,-0.0029575411663657685,-0.013308935248645959,0.0,0.0,0.0,0.0,0.0,-0.013308935248645959,0.0,-0.013308935248645959,0.0
2024-11-01,0.00035921268859564484,0.0016164570986804017,0.0,0.0,0.0,0.0,0.0,0.0016164570986804017,0.0,0.0016164570986804017,0.0
2024-11-04,0.0002013999165692041,0.001376215255108415,0.0,0.0,0.0,0.0,-0.0009398312610939929,0.001376215255108415,0.0,0.001376215255108415,0.0
2024-11-05,0.0023906926967077746,0.009881878546116819,0.0,0.0,0.0,0.0,0.0017524771781363357,0.009881878546116819,0.0,0.009881878546116819,0.0
2024-11-06,0.005200266040646416,0.02156925128819992,0.0,0.0,0.0,0.0,0.003663891789417906,0.02156925128819992,0.0,0.02156925128819992,0.0
2024-11-07,0.001256459991556675,0.005283386406912438,0.0,0.0,0.0,0.0,0.0007413671101851981,0.005283386406912438,0.0,0.005283386406912438,0.0
2024-11-08,0.001345823880752506,0.0046775661763401866,0.0020396878365171343,0.0,0.0,0.0,0.0007175947375750447,0.0046775661763401866,0.0,0.0046775661763401866,0.0
2024-11-11,-0.00016026848798731647,0.00021565813229353913,-0.0012877837382393232,0.0,0.0,0.0,-0.0005859489182336031,0.00021565813229353913,0.0,0.00021565813229353913,0.0
2024-11-12,-0.0024439538286621636,-0.00752241156339849,-0.005557589651378547,0.0,0.0,0.0,-0.0013931716797839443,-0.00752241156339849,0.0,-0.00752241156339849,0.0
2024-11-13,-0.0008276101764310274,-0.0027043136816263026,-0.0017749632640348568,0.0,0.0,0.0,-0.00026490096059178514,-0.0027043136816263026,0.0,-0.0027043136816263026,0.0
2024-11-14,-0.0015431150729844577,-0.004641429748683123,-0.0030319179357760516,0.0,0.0,0.0,-0.0015732582237178217,-0.004641429748683123,0.0,-0.004641429748683123,0.0
2024-11-15,-0.0035206989380365547,-0.01028675787633886,-0.009258352294495264,0.0,0.0,0.0,-0.0018544223951560078,-0.01028675787633886,0.0,-0.01028675787633886,0.0
2024-11-18,0.0017299987247722268,0.005332399669075838,0.004834673533251665,0.0,0.0,0.0,7.05156515466987e-05,0.005332399669075838,0.0,0.005332399669075838,0.0
2024-11-19,0.0005672008681595108,0.0019006558285777242,0.0018178064537112681,0.0,0.0,0.0,-0.0005143102974311198,0.0019006558285777242,0.0,0.0019006558285777242,0.0
2024-11-20,0.0009790376039753178,0.0024856340601762785,0.002657437749412228,0.0,0.0,0.0,0.0011826325660130755,0.0024856340601762785,0.0,0.0024856340601762785,0.0
2024-11-21,0.002497127225330067,0.008153643031621027,0.005361986339438208,0.0,0.0,0.0,0.0008048726252903426,0.008153643031621027,0.0,0.008153643031621027,0.0
2024-11-22,0.001690337424549937,0.006028637409681692,0.0030654986767272075,0.0,0.0,0.0,9.026332485884137e-05,0.006028637409681692,0.0,0.006028637409681692,0.0
2024-11-25,0.0005799221146817598,0.00217896350942971,8.165357449529954e-06,0.0,0.0,0.0,0.000853206655826888,0.00217896350942971,0.0,0.00217896350942971,0.0
2024-11-26,0.0006268420453328007,0.0015222051455373365,0.0020606758699698857,0.0,0.0,0.0,0.0005364922469506484,0.0015222051455373365,0.0,0.0015222051455373365,0.0
2024-11-27,-0.0003185190217124416,-0.0010225653691932513,-0.0013551698237959542,0.0,0.0,0.0,0.0005336293667704828,-0.0010225653691932513,0.0,-0.0010225653691932513,0.0
2024-11-29,0.0020182605268898456,0.006129730681003753,0.005591838302025675,0.0,0.0,0.0,0.0003130450779754268,0.006129730681003753,0.0,0.006129730681003753,0.0
2024-12-02,-0.00023501459659001447,-0.0009939045599207553,4.907574777619494e-05,0.0,0.0,0.0,-0.00017639799724481487,-0.0009939045599207553,0.0,-0.0009939045599207553,0.0
2024-12-03,-0.0004733555258576649,-0.0018316831269618583,-0.0003725955427715366,0.0,0.0,0.0,-0.0002242379360237301,-0.0018316831269618583,0.0,-0.0018316831269618583,0.0
2024-12-04,0.0010824569777896672,0.0032594296944560286,0.0032777503086791502,0.0,0.0,0.0,-5.449689748420195e-05,0.0032594296944560286,0.0,0.0032594296944560286,0.0
2024-12-05,-0.0012224436247157756,-0.003584132608723889,-0.0027160878789571296,0.0,0.0,0.0,-0.001117639526037073,-0.003584132608723889,0.0,-0.003584132608723889,0.0
2024-12-06,-9.918052516101462e-05,-0.0006045835108858588,-0.0009417655421785409,0.0,0.0,0.0,-0.0005542395152221769,-0.0006045835108858588,0.0,0.001207963841837445,0.0
2024-12-09,-0.0007243452207240751,-0.004083256482563846,-0.002211972066864021,0.0,0.0,0.0,-0.00022387843708880916,-0.004083256482563846,0.0,0.0,0.0
2024-12-10,-0.0007093196221684942,-0.0030558649808255733,-0.002602482382127569,0.0,0.0,0.0,-0.0007255292365633048,-0.0030558649808255733,0.0,0.0,0.0
2024-12-11,0.0005764020634121082,0.003214008742073471,0.0025607483105211325,0.0,0.0,0.0,-0.0005871384818856296,0.003214008742073471,0.0,0.0,0.0
2024-12-12,-0.0017857856619102564,-0.008251585277140183,-0.0065102389873868075,0.0,0.0,0.0,-0.0013102466926653178,-0.008251585277140183,0.0,0.0,0.0
2024-12-13,-0.00048377600965006346,-0.0025433313256674195,-0.0017766057713068718,0.0,0.0,0.0,-3.404698987627963e-05,-0.0025433313256674195,0.0,0.0,0.0
2024-12-16,-8.607006907967883e-05,0.00019804560036671415,-0.00020810935207160597,0.0,0.0,0.0,-0.0007645668700122177,0.00019804560036671415,0.0,0.0,0.0
2024-12-17,-0.0009380581982436852,-0.0049056919282515765,-0.0030530548649053135,0.0,0.0,0.0,-0.00048377699103627767,-0.0049056919282515765,0.0,0.0,0.0
2024-12-18,-0.005729120641146523,-0.02732258413802947,-0.01990146503673227,0.0,0.0,0.0,-0.00433803659555696,-0.02732258413802947,0.0,0.0,0.0
2024-12-19,-0.00067738099895447,-0.0033800437747068756,-0.0032932155634321615,0.0,0.0,0.0,0.0005768303475488068,-0.0033800437747068756,0.0,0.0,0.0
2024-12-20,0.0021940662688987233,0.011084447656787044,0.008662148763301469,0.0,0.0,0.0,0.0,0.011084447656787044,0.0,0.0,0.0
2024-12-23,0.0006483038934016509,0.002922537972754502,0.002912197067860356,0.0,0.0,0.0,0.0,0.002922537972754502,0.0,0.0,0.0
2024-12-24,0.0016126760116291032,0.008292772619060496,0.0062213114856014325,0.0,0.0,0.0,0.0,0.008292772619060496,0.0,0.0,0.0
2024-12-26,0.0003424190420905508,0.002175913280253128,0.0009058580985618292,0.0,0.0,0.0,0.0,0.002175913280253128,0.0,0.0,0.0
2024-12-27,-0.0016738116690890475,-0.008627578719879635,-0.006436726301921792,0.0,0.0,0.0,0.0,-0.008627578719879635,0.0,0.0,0.0
2024-12-30,-0.0014112951347721922,-0.007217344923426938,-0.0054843112895227916,0.0,0.0,0.0,0.0,-0.007217344923426938,0.0,0.0,0.0
2024-12-31,-7.816558697749048e-05,-0.00023650781433838254,-0.0004669824684590318,0.0,0.0,0.0,0.0,-0.00023650781433838254,0.0,0.0,0.0
2025-01-02,0.0003709341014142948,0.001585772508244787,0.001752634404483866,0.0,0.0,0.0,0.0,0.001585772508244787,0.0,0.0,0.0
2025-01-03,0.0016126130148681843,0.008394740434459657,0.006118776699354,0.0,0.0,0.0,0.0,0.008394740434459657,0.0,0.0,0.0
2025-01-06,0.00041610163402268336,0.0017381550265175628,0.0020067596796865873,0.0,0.0,0.0,0.0,0.0017381550265175628,0.0,0.0,0.0
2025-01-07,-0.0010946187381063097,-0.005440173370494172,-0.004411395272462615,0.0,0.0,0.0,0.0,-0.005440173370494172,0.0,0.0,0.0
2025-01-08,0.00034078006910455026,0.0014722964855699017,0.0015947241363710508,0.0,0.0,0.0,0.0,0.0014722964855699017,0.0,0.0,0.0
2025-01-10,-0.0020085552760257786,-0.01134546577950959,-0.006731531704722416,0.0,0.0,0.0,0.0,-0.01134546577950959,0.0,0.0,0.0
2025-01-13,0.0006277257359974234,0.003280864508892778,0.002368667115084033,0.0,0.0,0.0,0.0,0.003280864508892778,0.0,0.0,0.0
2025-01-14,0.0005368437294152212,0.003603238534297748,0.0012283550304392431,0.0,0.0,0.0,0.0,0.003603238534297748,0.0,0.0,0.0
2025-01-15,0.0031985276874618817,0.01665105186438025,0.012135697322776685,0.0,0.0,0.0,0.0,0.01665105186438025,0.0,0.0,0.0
2025-01-16,0.00016645670200428556,0.0011829558978753373,0.0003151544201632328,0.0,0.0,0.0,0.0,0.0011829558978753373,0.0,0.0,0.0
2025-01-17,0.0012816188355920773,0.006044015396478797,0.004768738125801242,0.0,0.0007218159980486583,0.0,0.0,0.006044015396478797,0.0,0.0,0.0
2025-01-21,0.0018405653099865145,0.009916311056911898,0.007159633530987042,0.0,-0.0005108567980203094,0.0,0.0,0.009916311056911898,0.0,0.0,0.0
2025-01-22,0.00018704273679425793,0.001187672168175169,0.0023142836851135717,0.0,-0.0018185712221404193,0.0,0.0,0.001187672168175169,0.0,0.0,0.0
2025-01-23,0.0007745074460149813,0.0037719093307920226,0.002741047209858116,0.0,0.0004576104734846931,0.0,0.0,0.0037719093307920226,0.0,0.0,0.0
2025-01-24,-0.0005313150596876809,-0.0018998859725818163,-0.0019166549116629628,0.0,-0.0009652946529443484,0.0,0.0,-0.0018998859725818163,0.0,0.0,0.0
2025-01-27,-0.0017012301633478359,-0.0070635067599550076,-0.0072071531315548885,0.0,-0.0010404115786206258,0.0,0.0,-0.0070635067599550076,0.0,0.0,0.0
2025-01-28,0.0008739397972491211,0.004376260814400079,0.0044409399249694895,0.0,-0.0009517425641274779,0.0,0.0,0.004376260814400079,0.0,0.0,0.0
2025-01-29,-0.0006038191994496388,-0.0029825543124030406,-0.0026752811660196276,0.0,0.000223462683375919,0.0,0.0,-0.0029825543124030406,0.0,0.0,0.0
2025-01-30,0.001402980921745615,0.007043109690221883,0.00507091114757281,0.0,0.0005128074579158426,0.0,0.0,0.007043109690221883,0.0,0.0,0.0
2025-01-31,-0.0017191403784216019,-0.007076878036356649,-0.005600361126684916,0.0,-0.0027950242427528527,0.0,0.0,-0.007076878036356649,0.0,0.0,0.0
2025-02-03,-0.0002630841879238751,-0.0022867137310464193,-0.0007086222676465082,0.0,0.0006275783073780517,0.0,0.0,-0.0022867137310464193,0.0,0.0,0.0
2025-02-04,0.0018587461449105255,0.007890920637957776,0.006740056104717507,0.0,0.0020977385615194464,0.0,0.0,0.007890920637957776,0.0,0.0,0.0
2025-02-05,0.0016829726039504723,0.008540061907459729,0.006395677827384816,0.0,0.00021101370070970572,0.0,0.0,0.008540061907459729,0.0,0.0,0.0
2025-02-06,-0.000635931484160938,-0.0016892667930982098,-0.002194374736834437,0.0,-0.001839741827515795,0.0,0.0,-0.0016892667930982098,0.0,0.0,0.0
2025-02-07,-0.0012869344234295753,-0.006643315900634506,-0.0049278098105539625,0.0,-1.1284099677710824e-05,0.0,0.0,-0.006643315900634506,0.0,0.0,0.0
2025-02-10,0.0018133608994324911,0.006889240397307428,0.007229107015587088,0.0,0.0022019006819979036,0.0,0.0,0.006889240397307428,0.0,0.0,0.0
2025-02-11,0.00035719896808096037,-0.0005286160276077645,0.0004631763982763992,0.0,0.000806536149769288,0.0,0.002473694192290721,-0.0005286160276077645,0.0,0.0,0.0
2025-02-12,-0.002672059920876789,-0.006113288066647915,-0.006218003562349949,0.0,-0.0024112210808128975,0.0,-0.009306026578080339,-0.006113288066647915,0.0,0.0,0.0
2025-02-13,0.0029887165362880177,0.01030974373518263,0.009323460625972113,0.0,0.000752459261393068,0.0,0.006512785204044347,0.01030974373518263,0.0,0.0,0.0
2025-02-14,-0.0001564368123811382,-0.001098802365763829,0.00038837496766070957,0.0,0.0004012984524367047,0.0,-0.001098802365763829,-0.001098802365763829,0.0,0.0,0.0
2025-02-18,0.0014627043776631425,0.0043755901273143435,0.003047543760877858,0.0,0.001365615383461738,0.0,0.0043755901273143435,0.0043755901273143435,0.0,0.0,0.0
2025-02-19,0.00038263203399493284,0.002404537668661488,0.0022917362610875734,0.0,0.0007886018473041822,0.0,-0.0020411874710988486,0.002404537668661488,0.0,0.0,0.0
2025-02-20,-0.0005063310437019685,-0.0027090737649726137,-0.0027607570316164785,0.0,0.0009128514032713753,0.0,0.0,-0.0027090737649726137,0.0,0.0,0.0
2025-02-21,-0.003295338108032675,-0.0138359420531593,-0.013743687723106824,0.0,-0.0020784131960279507,0.0,0.0,-0.0138359420531593,0.0,0.0,0.0
2025-02-24,-0.00038747281375083937,-0.0015980644574765557,-0.0021410212698154464,0.0,0.00025183040353444764,0.0,0.0,-0.0015980644574765557,0.0,0.0,0.0
2025-02-25,-0.0008840200955175091,-0.003257911977842487,-0.0019390785585765235,0.0,-0.0027591903232385695,0.0,0.0,-0.003257911977842487,0.0,0.0,0.0
2025-02-26,1.1559341055563295e-05,0.00033648385813626056,0.00018385052124317847,0.0,-0.0004163003098793694,0.0,0.0,0.00033648385813626056,0.0,0.0,0.0
2025-02-27,-0.0025763104999566924,-0.01154511131136996,-0.01065620966036751,0.0,-0.00098547352787276,0.0,0.0,-0.01154511131136996,0.0,0.0,0.0
2025-02-28,0.004200863993858402,0.012283287206711591,0.012283287206711591,0.0,0.0009246016626165199,0.0,0.0,0.012283287206711591,0.0,0.0,0.012316599868685918
2025-03-03,-0.004663764653302945,-0.013265806265490232,-0.013265806265490232,0.0,-0.0021764630832558085,0.0,0.0,-0.013265806265490232,0.0,0.0,-0.013265806265490232
2025-03-04,-0.003464132550411483,-0.009979003638227757,-0.009979003638227757,0.0,-0.001240182039020077,0.0,0.0,-0.009979003638227757,0.0,0.0,-0.009979003638227757
2025-03-05,0.0015934097729343004,0.005463755073472199,0.005463755073472199,0.0,-0.002050577264007891,0.0,0.0,0.005463755073472199,0.0,0.0,0.005463755073472199
2025-03-06,-0.004796327117292786,-0.012355994110523483,-0.012355994110523483,-0.002822287795768386,-0.0005355064481820327,0.0,-0.002741167480114215,-0.012355994110523483,0.0,0.0,-0.012355994110523483
2025-03-07,0.002679370565032804,0.00454635033707419,0.00454635033707419,0.004487435943653273,0.0014414977933452033,0.0,0.00454635033707419,0.00454635033707419,0.0,0.0,0.00454635033707419
2025-03-10,-0.009575541721485253,-0.017760059196229295,-0.017760059196229295,-0.01605065066723489,0.0009110119587847799,0.0,-0.017760059196229295,-0.017760059196229295,0.0,0.0,-0.017760059196229295
2025-03-11,-0.0020792240716716193,-0.004898748396009634,-0.004898748396009634,-0.0036104253054148995,-0.0003358584212511895,0.0,-0.004898748396009634,-0.004898748396009634,0.0,0.0,-7.048773034958877e-05
2025-03-12,0.0012011922147266737,0.0026590383437011256,0.0026590383437011256,0.0033635240203477414,-0.0005299091189110538,0.0,0.0026590383437011256,0.0026590383437011256,0.0,0.0,0.0
2025-03-13,-0.0038254131684652684,-0.006878503141668613,-0.006878503141668613,-0.008317264617406261,0.0014387614757376487,0.0,-0.006878503141668613,-0.006878503141668613,0.0,0.0,-0.006914705949512967
2025-03-14,0.009493783708038753,0.017088810674469757,0.017088810674469757,0.013854185461533719,0.0032346252129360374,0.0,0.017088810674469757,0.017088810674469757,0.0,0.0,0.017088810674469757
2025-03-17,0.004615186800527874,0.009382528387496203,0.009382528387496203,0.00010341889012488448,0.0039031487646411732,0.0,0.009382528387496203,0.009382528387496203,0.0,0.0,0.009382528387496203
2025-03-18,-0.0015457131598987561,-0.004459300929273413,-0.004459300929273413,-0.0002383560426689857,0.00147867507069952,0.0,-0.004459300929273413,-0.004459300929273413,0.0,0.0,-0.0017738346792991022
2025-03-19,0.00360158835441331,0.009933209866251836,0.009933209866251836,0.0,0.0026146655909642822,0.0,0.009933209866251836,0.009933209866251836,0.0,0.0,0.0
2025-03-20,-0.0004227992293210803,-0.0015397612936404292,-0.0015397612936404292,0.0004488288156379694,0.0003652620013935959,0.0,-0.0015397612936404292,-0.0015397612936404292,0.0,0.0,0.0
2025-03-21,-0.001110101550446416,-0.0026490643726627796,-0.0026490643726627796,0.00032966622258223666,-0.0023733870586116423,0.0,-0.0026490643726627796,-0.0026490643726627796,0.0,0.0,0.0
2025-03-24,0.005595189508870991,0.011961545728562884,0.011961545728562884,0.00434435863512328,0.003676074563703857,0.0031535450056284554,0.011961545728562884,0.011961545728562884,0.00014454518406621376,0.0,0.0031535450056284554
2025-03-25,0.0005139685904918831,0.0007829401776271117,0.0007829401776271117,0.0013321925467111972,0.0007829401776271117,0.0007829401776271117,0.0007829401776271117,0.0007829401776271117,-0.0014041162980469202,0.0,0.0007829401776271117
2025-03-26,-0.005481603121983849,-0.007465807393123058,-0.007465807393123058,-0.002418968971627988,-0.007465807393123058,-0.007465807393123058,-0.007465807393123058,-0.007465807393123058,-0.0021206147674882937,0.0,-0.007465807393123058
2025-03-27,-0.0016563911025279212,-0.0025003138281077474,-0.0025003138281077474,-6.510372205378311e-05,-0.0025003138281077474,-0.0025003138281077474,-0.0025003138281077474,-0.0025003138281077474,0.00015946676794897918,0.0,-0.0025003138281077474
2025-03-28,-0.009671704098149466,-0.011428484366522485,-0.011428484366522485,-0.009157106522238589,-0.011428484366522485,-0.011428484366522485,-0.011428484366522485,-0.011428484366522485,-0.009317324161971707,0.0,-0.011428484366522485
2025-03-31,0.0029840223669042906,0.007039033189849231,-0.006378522310546919,0.003451184691832798,0.007039033189849231,-0.006378522310546919,0.007039033189849231,0.007039033189849231,0.008005928472002733,0.0,0.007039033189849231
2025-04-01,3.0636345257173473e-05,0.001068942917766258,0.0,0.0013479835580830434,0.001068942917766258,0.0,-0.002139542602033628,0.001068942917766258,-0.002139542602033628,0.0,0.001068942917766258
2025-04-02,0.002485475384086264,0.006035257434317554,0.0,0.004263506153823715,0.006035257434317554,0.0,0.0,0.006035257434317554,0.0,0.0,0.006035257434317554
2025-04-03,-0.017385443081492855,-0.04123935226395832,-0.012796506486759751,-0.01995442445480099,-0.04123935226395832,0.0,0.0,-0.04123935226395832,0.0,0.0,-0.04123935226395832
2025-04-04,-0.019756914103957315,-0.05179528895811932,-0.022426360061257845,0.0,-0.05179528895811932,0.0,0.0,-0.05179528895811932,0.0,0.0,-0.05179528895811932
2025-04-07,-0.00261868467841293,-0.00785605403523879,0.0,0.0,-0.00785605403523879,0.0,0.0,-0.00785605403523879,0.0,0.0,-0.00785605403523879
2025-04-08,-0.004666296897068616,-0.013998890691205846,0.0,0.0,-0.013998890691205846,0.0,0.0,-0.013998890691205846,0.0,0.0,-0.013998890691205846
2025-04-09,0.025402811119087636,0.0762084333572629,0.0,0.0,0.0762084333572629,0.0,0.0,0.0762084333572629,0.0,0.0,0.0762084333572629
2025-04-10,-0.010827918204941975,-0.03248375461482592,0.0,0.0,-0.03248375461482592,0.0,0.0,-0.03248375461482592,0.0,0.0,-0.03248375461482592
2025-04-11,0.0036142058653604887,0.0167641073499216,0.0,0.0,-0.0010003619115988016,0.0,0.0,0.0167641073499216,0.0,0.0,0.0167641073499216
2025-04-14,0.0016553335713238755,0.007357323561949259,0.0,0.0,0.00018335501801636234,0.0,0.0,0.007357323561949259,0.0,0.0,0.007357323561949259
2025-04-15,0.00011691265239604693,0.00026448796817526434,0.0,0.0,0.0005232379352138938,0.0,0.0,0.00026448796817526434,0.0,0.0,0.00026448796817526434
2025-04-16,-0.0017135695539244866,-0.009338103505980244,0.0,0.0,0.00325408102664011,0.0,0.0,-0.009338103505980244,0.0,0.0,-0.009338103505980244
2025-04-17,-0.00011722040776666178,-0.00030795723024774625,0.0,0.0,-0.0004390692094044635,0.0,0.0,-0.00030795723024774625,0.0,0.0,-0.00030795723024774625
2025-04-21,-0.0035447391928697283,-0.017498105632868,0.0,0.0,0.0030935585299084467,0.0,0.0,-0.017498105632868,0.0,0.0,-0.017498105632868
2025-04-22,0.004244194948975298,0.019808660697987025,0.0,0.0,-0.0014195668551963635,0.0,0.0,0.019808660697987025,0.0,0.0,0.019808660697987025
2025-04-23,0.00180094778309065,0.009303196560394633,0.0,0.0,-0.0023978630729734164,0.0,0.0,0.009303196560394633,0.0,0.0,0.009303196560394633
2025-04-24,0.0042453854820076985,0.01837642081812425,0.0,0.0,0.001455627701820794,0.0,0.0,0.01837642081812425,0.0,0.0,0.01837642081812425
2025-04-25,0.0005089843604485303,0.0028325136059317523,0.0,0.0,-0.0010841679678267324,0.0,0.0,0.0028325136059317523,0.0,0.0,0.0028325136059317523
2025-04-28,0.0010574334174306135,0.004046345206412982,0.0,0.0,0.001424210344049559,0.0,0.0,0.004046345206412982,0.0,0.0,0.004046345206412982
2025-04-29,0.000820924533374687,0.004181106673569956,0.0,0.0,-0.0009738925467677295,0.0,0.0,0.004181106673569956,0.0,0.0,0.004181106673569956
2025-04-30,-0.0007762340373808877,-0.003118942117572132,0.0,0.0,-0.0007482221012837242,0.0,0.0,-0.003118942117572132,0.0,0.0,-0.003118942117572132
2025-05-01,-0.00017922803039188817,-0.0005903012295753407,0.0,0.0,-0.002077228754256477,0.0,0.0,-0.0005903012295753407,0.0,0.0,0.0010544777103048241
2025-05-02,0.0013834416029900036,0.012276154435587428,0.0,0.0,0.00017481999132260562,0.0,0.0,0.012276154435587428,0.0,0.0,0.0
2025-05-05,3.3924312141639782e-06,-0.0029562435967379398,0.0,0.0,0.0029867754776654156,0.0,0.0,-0.0029562435967379398,0.0,0.0,0.0
2025-05-06,-0.0002250092270962289,-0.004827483319765324,0.0,0.0,0.002802400275899264,0.0,0.0,-0.004827483319765324,0.0,0.0,0.0
2025-05-07,0.0001834873514230247,0.003150692242942088,0.0,0.0,-0.0014993060801348657,0.0,0.0,0.003150692242942088,0.0,0.0,0.0
2025-05-08,0.0001629917980787031,0.003436353412696269,0.0,0.0,-0.001969427229987941,0.0,0.0,0.003436353412696269,0.0,0.0,0.0
2025-05-09,7.369630347386788e-05,-6.22006946797371e-05,0.0,0.0,0.0007254674259445481,0.0,0.0,-6.22006946797371e-05,0.0,0.0,0.0
2025-05-12,0.0021041220687924665,0.021756155456481074,0.0,0.0,-0.0028190568373488768,0.0,0.0,0.021756155456481074,0.0,0.0,0.0
2025-05-13,0.0003696846948195794,0.0029012629934164645,0.0,0.0,0.00042589925995975,0.0,0.0,0.0029012629934164645,0.0,0.0,0.0
2025-05-14,-0.0008711802918620023,-0.005736839826806328,0.0,0.0,-0.0021037827999516923,0.0,0.0,-0.005736839826806328,0.0,0.0,0.0
2025-05-15,0.0009509563514082868,0.006962211809516061,0.0,0.0,0.0015963953531585196,0.0,0.0,0.006962211809516061,0.0,0.0,0.0
2025-05-16,0.0003351934426685787,0.004411429428821512,0.0,0.0,-0.001394688444804304,0.0,0.0,0.004411429428821512,0.0,0.0,0.0
2025-05-19,0.00020594936325410738,0.0007102228580964876,0.0,0.0,0.001143321411190479,0.0,0.0,0.0007102228580964876,0.0,0.0,0.0
2025-05-20,1.837039278893065e-05,-0.0013217039227572558,0.0,0.0,0.0014870374578576317,0.0,0.0,-0.0013217039227572558,0.0,0.0,0.0
2025-05-21,-0.0020002161715000615,-0.01686109258727252,0.0,0.0,-0.0011408529562280333,0.0,0.0,-0.01686109258727252,0.0,0.0,0.0
2025-05-22,-0.00024996097728635403,-0.0013896642566953888,0.0,0.0,-0.0008599845388817973,0.0,0.0,-0.0013896642566953888,0.0,0.0,0.0
2025-05-23,-4.205698518412212e-05,-0.0014659734866393714,0.0,0.0,0.0010874606199822723,0.0,0.0,-0.0014659734866393714,0.0,0.0,0.0
2025-05-27,0.0017282900754811055,0.014873077759392828,0.0,0.0,0.0006815329199371222,0.0,0.0,0.014873077759392828,0.0,0.0,0.0
2025-05-28,-0.000756988342107803,-0.006172861395850338,0.0,0.0,-0.0006400336831198894,0.0,0.0,-0.006172861395850338,0.0,0.0,0.0
2025-05-29,0.0006125569249527426,0.004751891165689748,0.0,0.0,0.0007611211588849365,0.0,0.0,0.004751891165689748,0.0,0.0,0.0
2025-05-30,-0.00032582218896768874,-0.0019638668446228524,0.0,0.0,-0.0009685328560863459,0.0,0.0,-0.0019638668446228524,0.0,0.0,0.0
2025-06-02,0.0010481078315778233,0.005891408693957734,0.0,0.0,0.0035415617902426755,0.0,0.0,0.005891408693957734,0.0,0.0,0.0
2025-06-03,0.0013049153857489773,0.00556569695581075,0.0,0.0,0.0006169102927580994,0.0,0.0,0.00556569695581075,0.0,0.005561631223171948,0.0
2025-06-04,0.00023757396272471062,-0.00018842590733320064,0.0,0.0,0.0007922297192289873,0.0,0.0,-0.00018842590733320064,0.0,0.001534361852626609,0.0
2025-06-05,-0.001025666656089804,-0.0026478511343129506,0.0,0.0,-0.0007879349556769611,0.0,0.0,-0.0026478511343129506,0.0,-0.005795213814818323,0.0
2025-06-06,0.001445761048445361,0.007069958496814277,0.0,0.0,-0.0003972161145040398,0.0,0.0,0.007069958496814277,0.0,0.006339107053698012,0.0
2025-06-09,0.0002696878581315953,0.0014644756065278265,0.0,0.0,0.0009627151166565317,0.0,0.0,0.0014644756065278265,0.0,0.0,0.0
2025-06-10,0.0007547542143583971,0.0062040116204553405,0.0,0.0,0.0005887763087702336,0.0,0.0,0.0062040116204553405,0.0,0.0,0.0
2025-06-11,0.00014339532686260907,0.0009693622250197098,0.0,0.0,0.0003211957167437718,0.0,0.0,0.0009693622250197098,0.0,0.0,0.0
2025-06-12,0.0007895023240335592,0.004935639618963062,0.0,0.0,0.0021698812973389714,0.0,0.0,0.004935639618963062,0.0,0.0,0.0
2025-06-13,-0.0008805505324167461,-0.007833344157549216,0.0,0.0,-9.161063420149995e-05,0.0,0.0,-0.007833344157549216,0.0,0.0,0.0
2025-06-16,0.00045497033642741817,0.0040638077088980705,0.0,0.0,3.0925318948693546e-05,0.0,0.0,0.0040638077088980705,0.0,0.0,0.0
2025-06-17,-0.0004841066268688101,-0.004356959641819291,0.0,0.0,0.0,0.0,0.0,-0.004356959641819291,0.0,0.0,0.0
2025-06-18,-7.552372447158598e-05,-0.0006797135202442739,0.0,0.0,0.0,0.0,0.0,-0.0006797135202442739,0.0,0.0,0.0
2025-06-20,-7.489262892867628e-05,-0.0006740336603580866,0.0,0.0,0.0,0.0,0.0,-0.0006740336603580866,0.0,0.0,0.0
2025-06-23,0.0005359075388774276,0.004823167849896848,0.0,0.0,0.0,0.0,0.0,0.004823167849896848,0.0,0.0,0.0
2025-06-24,0.0008298297173844672,0.007468467456460204,0.0,0.0,0.0,0.0,0.0,0.007468467456460204,0.0,0.0,0.0
2025-06-25,-5.139205040958587e-05,-0.0004625284536862728,0.0,0.0,0.0,0.0,0.0,-0.0004625284536862728,0.0,0.0,0.0
2025-06-26,0.0008642700117627467,0.00777843010586472,0.0,0.0,0.0,0.0,0.0,0.00777843010586472,0.0,0.0,0.0
2025-06-27,-0.0001820838362555286,-0.0012101769953418052,0.0,-0.00021428876547897603,0.0,0.0,-0.00021428876547897603,-0.0012101769953418052,0.0,0.0,0.0
2025-06-30,0.0021415571261534025,0.005933744497954507,0.0,0.005933744497954507,0.001472780641517102,0.0,0.005933744497954507,0.005933744497954507,0.0,0.0,0.0
2025-07-01,0.0018258306859784924,0.004108119043451608,0.0,0.004108119043451608,0.004108119043451608,0.0,0.004108119043451608,0.004108119043451608,0.0,0.0,0.0
2025-07-02,0.001235618836921865,0.004124636151314443,0.0,0.004124636151314443,0.004124636151314443,0.0,-0.0012533389216465407,0.004124636151314443,0.0,0.0,0.0
2025-07-03,0.0019171857934786288,0.004699508434880284,0.0,0.004699508434880284,0.004699508434880284,0.0,0.0031561468366668064,0.004699508434880284,0.0,0.0,0.0
2025-07-07,-0.004257563415384397,-0.008351657777966448,0.0,-0.008351657777966448,-0.008351657777966448,0.0,-0.008351657777966448,-0.008351657777966448,0.0,-0.004911439626593783,0.0
2025-07-08,0.0007839922737163916,0.0019471875067482603,0.0,0.0019471875067482603,0.0019471875067482603,0.0,0.0019471875067482603,0.0019471875067482603,0.0,-0.000732819563545517,0.0
2025-07-09,0.0028970224798553637,0.005211003928724001,0.0018518043827372987,0.005211003928724001,0.005211003928724001,0.002046617504108739,0.005211003928724001,0.005211003928724001,0.0013307647169562343,0.0,0.0
2025-07-10,0.0021565087396803826,0.0030247775604796633,0.0026740462247098916,0.0030247775604796633,0.0030247775604796633,0.0030247775604796633,0.0030247775604796633,0.0030247775604796633,0.0016106446300152345,0.0,0.0
2025-07-11,-0.003334003537252554,-0.004892375727368869,-0.0030736470972577814,-0.004892375727368869,-0.004892375727368869,-0.004892375727368869,-0.004892375727368869,-0.004892375727368869,-0.002470506101170855,0.0,0.0
2025-07-14,0.00046614331995871797,0.0003256414390152895,0.0005073897028946451,0.0003256414390152895,0.0003256414390152895,0.0003256414390152895,0.0003256414390152895,0.0003256414390152895,0.0020596929816573684,0.0,0.0
2025-07-15,-0.006606988182626413,-0.008471470313703055,-0.009359440290276244,-0.007887175881447361,-0.008471470313703055,-0.008471470313703055,-0.008471470313703055,-0.008471470313703055,-0.008330396217101887,0.0,0.0
2025-07-16,0.003007658029569214,0.003972396961933644,0.0036622249490094625,0.0035447125074452466,0.003972396961933644,0.003972396961933644,0.003972396961933644,0.003972396961933644,0.003972396961933644,0.0,0.0
2025-07-17,0.003115294877783719,0.004484459471404911,0.0035761005127897703,0.002039256030239145,0.004484459471404911,0.004484459471404911,0.004484459471404911,0.004484459471404911,0.004484459471404911,0.0,0.0
2025-07-18,-0.0016386536814754177,-0.0023451142671358617,-0.002280007128598127,-0.0007423046690013257,-0.0023451142671358617,-0.0023451142671358617,-0.0023451142671358617,-0.0023451142671358617,-0.0023451142671358617,0.0,0.0
2025-07-21,0.0005669010149208226,0.0010130637942133646,0.0008827529105174592,-0.00084596274729688,0.0010130637942133646,0.0010130637942133646,0.0010130637942133646,0.0010130637942133646,0.0010130637942133646,0.0,0.0
2025-07-22,0.003329532839003683,0.004182308773143429,0.005108711630820062,0.003945540054495944,0.004182308773143429,0.004182308773143429,0.004182308773143429,0.004182308773143429,0.004182308773143429,0.0,0.0
2025-07-23,0.005278925201494866,0.007208038426082364,0.006898174960107107,0.00457195972293487,0.007208038426082364,0.007208038426082364,0.007208038426082364,0.007208038426082364,0.007208038426082364,0.0,0.0
2025-07-24,-0.0011683845722091715,-0.0019035286960235043,-0.0019035286960235043,0.0009057110262584822,-0.0019035286960235043,-0.0019035286960235043,-0.0019035286960235043,-0.0019035286960235043,-0.0019035286960235043,0.0,0.0
2025-07-25,0.001478623587646312,0.002244925953030019,0.002244925953030019,-0.0001619434293633093,0.002244925953030019,0.002244925953030019,0.002244925953030019,0.002244925953030019,0.002244925953030019,0.0,0.0
2025-07-28,-0.0007183763889180344,-0.0009050947357802763,-0.0009050947357802763,-0.0010348190855806517,-0.0009050947357802763,-0.0009050947357802763,-0.0009050947357802763,-0.0009050947357802763,-0.0009050947357802763,0.0,0.0
2025-07-29,0.00027161768697255223,0.0003276885899050064,0.0009248906466796547,-0.00011877441345171657,0.0003276885899050064,0.0003276885899050064,0.0003276885899050064,0.0003276885899050064,0.0003276885899050064,0.0,0.0
2025-07-30,-0.0036051185204933026,-0.004699592820717658,-0.004923004166594813,-0.0040250984142566225,-0.004699592820717658,-0.004699592820717658,-0.004699592820717658,-0.004699592820717658,-0.004699592820717658,0.0,0.0
2025-07-31,-0.004740648550158509,-0.006630701645935067,-0.005897744971537411,-0.00361458375021384,-0.006630701645935067,-0.006630701645935067,-0.006630701645935067,-0.006630701645935067,-0.006630701645935067,0.0,0.0
2025-08-01,-0.0046371340818449945,-0.008797091195051187,-0.006639066241035563,-0.004669178493734749,-0.008797091195051187,-0.004277259870577421,-0.004277259870577421,-0.008797091195051187,-0.004277259870577421,0.0,0.0
2025-08-04,0.004689755887173609,0.012090977537776614,0.010060410003487808,0.007965437905521445,0.012090977537776614,0.0,0.0,0.012090977537776614,0.0,0.0,0.0
2025-08-05,-0.000650024250490544,-0.001927357124722784,-0.001100015579177016,-0.0008954884257923124,-0.001927357124722784,0.0,0.0,-0.001927357124722784,0.0,0.0,0.0
2025-08-06,9.00154658738396e-05,0.0004758282616981635,-0.0006505906838752517,0.0005090733533434811,0.0004758282616981635,0.0,0.0,0.0004758282616981635,0.0,0.0,0.0
2025-08-07,-0.0010028408999983966,-0.00247192129461733,-0.0025631686903010652,-0.0015185568204498455,-0.00247192129461733,0.0,0.0,-0.00247192129461733,0.0,0.0,0.0
2025-08-08,0.0019328787962821807,0.0054400658076619755,0.004441167360626508,0.0020746101905891657,0.0054400658076619755,0.0,0.0,0.0054400658076619755,0.0,0.0,0.0
2025-08-11,-0.0012953047643952614,-0.003687736757039517,-0.003010830937465114,-0.0012714384280132051,-0.003687736757039517,0.0,0.0,-0.003687736757039517,0.0,0.0,0.0
2025-08-12,0.0033680340339504906,0.009699116308126143,0.008150578294254118,0.0027634953950480103,0.009699116308126143,0.0,0.0,0.009699116308126143,0.0,0.0,0.0
2025-08-13,0.0028281181410952927,0.0079030708925228,0.007865796906856182,0.0018342178030068546,0.0079030708925228,0.0,-5.309322505100411e-05,0.0079030708925228,0.0,0.0,0.0
2025-08-14,-0.000696045259757188,-0.0021232746221748976,-0.0019071317164802593,-0.00012003164473508576,-0.0021232746221748976,0.0,9.305267750447932e-06,-0.0021232746221748976,0.0,0.0,0.0
2025-08-15,-0.0005379592002610401,-0.001788576068968184,-0.0010303454610931183,0.0,-0.001788576068968184,0.0,-0.00023413520331987402,-0.001788576068968184,0.0,0.0,0.0
2025-08-18,-0.00028914305632514486,-0.0007886695684668265,-0.0010031903529854503,0.0,-0.0007886695684668265,0.0,-2.1758017007200702e-05,-0.0007886695684668265,0.0,0.0,0.0
2025-08-19,-0.0010198531937283138,-0.003460835741065693,-0.0017144771409762782,0.0,-0.003460835741065693,0.0,-0.00054253012044716,-0.003460835741065693,0.0,0.0,0.0
2025-08-20,0.0004611014188852766,0.001246355153777401,0.0019228935425294024,0.0,0.001246355153777401,0.0,-0.0002656910801167145,0.001246355153777401,0.0,0.0,0.0
2025-08-21,-0.0007049675137256309,-0.0021017610860810223,-0.0017400068510767031,0.0,-0.0021017610860810223,0.0,-0.0004011786002919293,-0.0021017610860810223,0.0,0.0,0.0
2025-08-22,0.005707530073370619,0.016619184434486445,0.015263487513289653,0.0,0.016619184434486445,0.0,0.002865914278073034,0.016619184434486445,0.0,0.0,0.0
2025-08-25,-0.0017402040019708338,-0.005059236421947555,-0.004834379950529854,0.0,-0.005059236421947555,0.0,-0.0007089832233125426,-0.005059236421947555,0.0,0.0,0.0
2025-08-26,0.0014363772578382976,0.004322342129163293,0.0038640144410541756,0.0,0.004322342129163293,0.0,0.0004186966211639165,0.004322342129163293,0.0,0.0,0.0
2025-08-27,0.0011105721256297583,0.0033240419302850268,0.002784187607929878,0.0,0.0033240419302850268,0.0,0.0005628776621678933,0.0033240419302850268,0.0,0.0,0.0
2025-08-28,0.0012879145557211653,0.003953584697801315,0.0031632555420664232,0.0,0.003953584697801315,0.0,0.0005208060638214329,0.003953584697801315,0.0,0.0,0.0
2025-08-29,-0.000610805842271161,-0.0020940362567718807,-0.0005595579702860731,0.0,-0.0020940362567718807,0.0,-0.0007496220966106137,-0.0020940362567718807,0.0,0.0,0.0
2025-09-02,-0.0008821979756249704,-0.0025549062145368896,-0.001545192218445801,0.0,-0.0025549062145368896,0.0,-0.0012847771331051527,-0.0025549062145368896,0.0,0.0,0.0
2025-09-03,0.0002346094152732212,0.0007477682922852891,0.00015114786851893046,0.0,0.0007477682922852891,0.0,0.0004648002843694821,0.0007477682922852891,0.0,0.0,0.0
2025-09-04,0.00237558734740641,0.006733990209841878,0.00624041137666459,0.0,0.006733990209841878,0.0,0.0016718943303093425,0.006733990209841878,0.0,0.0,0.0
2025-09-05,-0.00019955483627720111,-0.0005743794817184677,-0.0006581330348419123,0.0,-0.0005743794817184677,0.0,1.0898471784037689e-05,-0.0005743794817184677,0.0,0.0,0.0
2025-09-08,0.001240147728836843,0.004232138157142762,0.0034826909155247997,0.0,0.002562392246227063,0.0,0.0008841082406369604,0.004232138157142762,0.0,0.0,0.0
2025-09-09,0.00040222800982855726,0.0011726879646046684,0.0018168031454886546,0.0,0.0,0.0,0.0006305609783636923,0.0011726879646046684,0.0,0.0,0.0
2025-09-10,0.00039237512966746723,0.002934207362954233,0.0007622356252929285,0.0,0.0,0.0,-0.00016506682123995642,0.002934207362954233,0.0,0.0,0.0
2025-09-11,0.002179876294380977,0.008830896440716551,0.008643168943554458,0.0,0.0,0.0,0.0021448212651577815,0.008830896440716551,0.0,0.0,0.0
2025-09-12,-0.0008509735089634534,-0.0036497914275749775,-0.003780538295385505,0.0,0.0,0.0,-0.00022843185771059815,-0.0036497914275749775,0.0,0.0,0.0
2025-09-15,0.0004509772513267452,0.0027338287218567126,0.0007925750714843471,0.0,0.0,0.0,0.0005323914685996467,0.0027338287218567126,0.0,0.0,0.0
2025-09-16,0.0001520646551131192,0.0008491167571399894,0.0009960537098706924,0.0,0.0,0.0,-0.0004765885709926088,0.0008491167571399894,0.0,0.0,0.0
2025-09-17,0.00014768646201263676,0.0005034523716742733,0.0016200950545803283,0.0,-0.0005105847533266817,0.0,-0.0002837845148141893,0.0005034523716742733,0.0,0.0,0.0
2025-09-18,0.0007627246009211213,0.004430048174004053,0.0031027981150864247,0.0,-0.00040063094596702874,0.0,-0.00026769393483335737,0.004430048174004053,0.0,0.0,0.0
2025-09-19,0.0003865465701747259,0.0014138562923885934,0.00034676000009471465,0.0,0.0010607227252210194,0.0,0.0006575801138682058,0.0014138562923885934,0.0,0.0,0.0
2025-09-22,0.0007736720581992201,0.0043715662018250275,0.0005895087059408222,0.0,0.0017306430933261342,0.0,0.00027133052270099655,0.0043715662018250275,0.0,0.0,0.0
2025-09-23,0.00020210235846574378,0.00014302514884053651,0.0008226605286706379,0.0,0.0008711515125946701,0.0,-1.791596391415018e-05,0.00014302514884053651,0.0,0.0,0.0
2025-09-24,-0.0005777495547275419,-0.003271779011509046,-0.000829462310984841,0.0,0.0,0.0,-0.0010985046700539903,-0.003271779011509046,0.0,0.0,0.0
2025-09-25,-0.0006710494212988009,-0.002974397908697424,-0.002258848006489689,0.0,0.0,0.0,-0.0008061988765020956,-0.002974397908697424,0.0,0.0,0.0
2025-09-26,0.0012458719298735123,0.005922810215811069,0.004186717109346349,0.0,0.0,0.0,0.0011033200437041923,0.005922810215811069,0.0,0.0,0.0
2025-09-29,0.0005494113625975233,0.002989069980640835,0.0006890481618632594,0.0,0.0,0.0,0.001266584120873615,0.002989069980640835,0.0,0.0,0.0
2025-09-30,0.0005030053782914052,0.0029148894424007032,0.001374394408629409,0.0,0.0,0.0,0.00023776455359253434,0.0029148894424007032,0.0,0.0,0.0
2025-10-01,0.0010904149708359956,0.0047453643133386295,0.0033895793312894275,0.0,0.0,0.0,0.0016787910928959039,0.0047453643133386295,0.0,0.0,0.0
2025-10-02,0.00014116595388961536,0.0005468579052617439,-0.0002769078256225188,0.0,0.0,0.0,0.0010005435053673129,0.0005468579052617439,0.0,0.0,0.0
2025-10-03,0.0006088341953453646,0.0033088099269771966,0.0022669986699354492,0.0,0.0,0.0,-9.630083880436402e-05,0.0033088099269771966,0.0,0.0,0.0
2025-10-06,0.0004176908856111932,0.0034409973651237102,0.00014625857281949095,0.0,0.0,0.0,0.00017196203255753773,0.0034409973651237102,0.0,0.0,0.0
2025-10-07,-0.00022489561131380602,-0.0013704622782004239,-0.00014512360881127062,0.0,0.0,0.0,-0.0005084746148125597,-0.0013704622782004239,0.0,0.0,0.0
2025-10-08,0.0009153631068003353,0.0054234702213587175,0.0009721687582938232,0.0,0.0,0.0,0.001842628981550476,0.0054234702213587175,0.0,0.0,0.0
2025-10-09,-0.0018239829651970822,-0.005635379944761232,-0.0029770744828645944,0.0,0.0,0.0,-0.0010405687344484215,-0.005635379944761232,0.0,-0.006762823524699491,0.0
2025-10-10,-0.006370114684296314,-0.018987937791440847,-0.01293375738322874,0.0,0.0,0.0,-0.006421399192556398,-0.018987937791440847,0.0,-0.018987937791440847,0.0
2025-10-13,0.004554311098832041,0.014735283101151676,0.007085761320955786,0.0,0.0,0.0,0.004432472366229223,0.014735283101151676,0.0,0.014735283101151676,0.0
2025-10-14,0.0007075120285883775,0.002195831598527087,0.0013372212857530208,0.0,0.0,0.0,0.0006387237744882035,0.002195831598527087,0.0,0.002195831598527087,0.0
2025-10-15,0.001190172067842352,0.004730748897458703,0.0010262022183695318,0.0,0.0,0.0,0.00022384859729422945,0.004730748897458703,0.0,0.004730748897458703,0.0
2025-10-16,-0.001711367796444052,-0.004827722213289065,-0.005135103599339641,0.0,0.0,0.0,-0.0006117621420786978,-0.004827722213289065,0.0,-0.004827722213289065,0.0
2025-10-17,0.0008706871335118702,0.0015085282610868833,0.003887803002637402,0.0,0.0,0.0,0.000931324676795664,0.0015085282610868833,0.0,0.0015085282610868833,0.0
2025-10-20,0.0041438013240631495,0.013814342787898126,0.007106960674391582,0.0,0.0,0.0,0.0025585656663805077,0.013814342787898126,0.0,0.013814342787898126,0.0
2025-10-21,-0.0011392875098081264,-0.0060203425811134244,0.0008259738869862088,0.0,0.0,0.0,0.0009611236869675021,-0.0060203425811134244,0.0,-0.0060203425811134244,0.0
2025-10-22,-0.000966938723944429,-0.003323419674826722,-0.000867815533791183,0.0,0.0,0.0,-0.001187793632055234,-0.003323419674826722,0.0,-0.003323419674826722,0.0
2025-10-23,0.001566524860850651,0.005597610084213755,0.0026706679933726106,0.0,0.0,0.0,0.0002328355858557396,0.005597610084213755,0.0,0.005597610084213755,0.0
2025-10-24,0.0017708023871482405,0.005487567096076884,0.003048188878383673,0.0,0.0,0.0,0.001913898413796722,0.005487567096076884,0.0,0.005487567096076884,0.0
2025-10-27,0.0017284310976646263,0.004261086970117877,0.004850077871160874,0.0,0.0,0.0,0.0021836280675850083,0.004261086970117877,0.0,0.004261086970117877,0.0
2025-10-28,-0.00017448683171754998,-0.0008955086001197876,-0.0006335111837380336,0.0,0.0,0.0,0.0008541468985196587,-0.0008955086001197876,0.0,-0.0008955086001197876,0.0
2025-10-29,-0.0011244097743889235,-0.003152409908582865,-0.0026407815087698848,0.0,0.0,0.0,-0.001174086643564698,-0.003152409908582865,0.0,-0.003152409908582865,0.0
2025-10-30,-0.001310938541764369,-0.00366760898572851,-0.003595875226179135,0.0,0.0,0.0,-0.0008673536782431657,-0.00366760898572851,0.0,-0.00366760898572851,0.0
2025-10-31,0.0004931885061148821,0.00173325497347252,0.0016161612045778816,0.0,0.0,0.0,-0.0006439745964889832,0.00173325497347252,0.0,0.00173325497347252,0.0
2025-11-03,-0.00010439977063049097,-4.903653537647878e-05,-0.00031656003564666245,0.0,0.0,0.0,-0.0005249648292747988,-4.903653537647878e-05,0.0,-4.903653537647878e-05,0.0
2025-11-04,-0.0027421233368216855,-0.009764300555559768,-0.0036452130932289385,0.0,0.0,0.0,-0.001505295827046693,-0.009764300555559768,0.0,-0.009764300555559768,0.0
2025-11-05,0.0010908497106055892,0.00436061440677733,0.0013701505158320026,0.0,0.0,0.0,-0.00027373193393636085,0.00436061440677733,0.0,0.00436061440677733,0.0
2025-11-06,-0.0016566167184107244,-0.005941874221096366,-0.0020425961484704545,0.0,0.0,0.0,-0.0009832058750333327,-0.005941874221096366,0.0,-0.005941874221096366,0.0
2025-11-07,0.0008356424650007694,0.0027669106286434706,0.001976607722014867,0.0,0.0,0.0,1.0353205705115887e-05,0.0027669106286434706,0.0,0.0027669106286434706,0.0
2025-11-10,0.003875737502835593,0.012931350310702505,0.006638003799570813,0.0,0.0,0.0,0.0023809331045445137,0.012931350310702505,0.0,0.012931350310702505,0.0
2025-11-11,0.001958536781542334,0.005294970476240124,0.005667834230926938,0.0,0.0,0.0,0.0013690558504738215,0.005294970476240124,0.0,0.005294970476240124,0.0
2025-11-12,0.0010497702192918852,0.0034157525088271854,0.0017397651033726146,0.0,0.0,0.0,0.0008766618525999804,0.0034157525088271854,0.0,0.0034157525088271854,0.0
2025-11-13,-0.004256669480718509,-0.013380307823996795,-0.007774384217319496,0.0,0.0,0.0,-0.0037750254611534917,-0.013380307823996795,0.0,-0.013380307823996795,0.0
2025-11-14,-0.0007385658011351049,-0.00199383688044964,-0.00042901528663999986,0.0,0.0,0.0,-0.002230403162676664,-0.00199383688044964,0.0,-0.00199383688044964,0.0
2025-11-17,-0.0033087948751887144,-0.011216645801572878,-0.0064319166179891306,0.0,0.0,0.0,-0.0009139456555635417,-0.011216645801572878,0.0,-0.011216645801572878,0.0
2025-11-18,-0.0009669300796190882,-0.002533088200563993,-0.002526009185296607,0.0,0.0,0.0,-0.001110185130147201,-0.002533088200563993,0.0,-0.002533088200563993,0.0
2025-11-19,0.00011107991272822792,0.0006256707796045036,-4.502196575684181e-05,0.0,0.0,0.0,-0.00020660037889811412,0.0006256707796045036,0.0,0.0006256707796045036,0.0
2025-11-20,-0.0033036460737228446,-0.011914376032928919,-0.006297859437236031,0.0,0.0,0.0,0.00039379683958826737,-0.011914376032928919,0.0,-0.011914376032928919,0.0
2025-11-21,0.0028765431014795336,0.010049273468326824,0.004878749557829987,0.0,0.0,0.0,0.0009115914188321695,0.010049273468326824,0.0,0.010049273468326824,0.0
2025-11-24,0.003208387818127166,0.011362304229306685,0.005149470995841954,0.0,2.7307670556120377e-05,0.0,0.0009741032381330505,0.011362304229306685,0.0,0.011362304229306685,0.0
2025-11-25,0.0027763480975796146,0.00856567714618205,0.003888321317766741,0.0,0.0022607276423267874,0.0,0.001706729625758907,0.00856567714618205,0.0,0.00856567714618205,0.0
2025-11-26,0.002096867845303046,0.006874869723537602,0.00422646437956733,0.0,-0.00022044852838075667,0.0,0.0011160553094656355,0.006874869723537602,0.0,0.006874869723537602,0.0
2025-11-28,0.0016179897945101107,0.005709431654082264,0.00350690777607745,0.0,-0.00048605631218066046,0.0,0.00012219337852967805,0.005709431654082264,0.0,0.005709431654082264,0.0
2025-12-01,-0.0017744999251937041,-0.004937181871402352,-0.002709418837563082,0.0,-0.0014969877798924225,0.0,-0.0018897289664831286,-0.004937181871402352,0.0,-0.004937181871402352,0.0
2025-12-02,-0.00013749503083716226,-0.0003598325530378421,3.602919541498828e-05,0.0,-0.0005988720872719289,0.0,4.505272039816433e-05,-0.0003598325530378421,0.0,-0.0003598325530378421,0.0
2025-12-03,0.002277998250899496,0.007395060782256313,0.004963921733544252,0.0,0.0004664482584749052,0.0,0.0002814927015636792,0.007395060782256313,0.0,0.007395060782256313,0.0
2025-12-04,3.718164840044662e-05,0.0005537866170739036,0.0005269165814921539,0.0,-0.0007609029036996007,0.0,-0.0005389520763363409,0.0005537866170739036,0.0,0.0005537866170739036,0.0
2025-12-05,-0.0002039385087305106,-0.0003188988468184051,-0.0003188988468184051,0.0,-0.0004158577128329677,0.0,-0.00046289232528641256,-0.0003188988468184051,0.0,-0.0003188988468184051,0.0
2025-12-08,-0.0019017581592581923,-0.003389759038669815,-0.003389759038669815,0.0,-0.0011940520900669215,0.0,-0.0003288864304083927,-0.003389759038669815,0.0,-0.003389759038669815,-0.005423607796838969
2025-12-09,-8.112368377816641e-05,3.455455905199134e-05,3.455455905199134e-05,0.0,-0.0009707401060915166,0.0,0.00010240871588005352,3.455455905199134e-05,0.0,3.455455905199134e-05,3.455455905199134e-05
2025-12-10,0.0039418240012398945,0.008409048989898138,0.008409048989898138,0.0,0.0014537175318830808,0.0,0.0003865025196834182,0.008409048989898138,0.0,0.008409048989898138,0.008409048989898138
2025-12-11,0.002506637129062001,0.005155956740333323,0.005155956740333323,0.0,0.0009465092081268001,0.0,0.0009893979920979179,0.005155956740333323,0.0,0.005155956740333323,0.005155956740333323
2025-12-12,-0.003989335466662408,-0.008843188083289577,-0.008843188083289577,0.0,0.0003125279683187099,0.0,-0.0008437948351220692,-0.008843188083289577,0.0,-0.008843188083289577,-0.008843188083289577
2025-12-15,-0.0005432571905572682,-0.001570546736766043,-0.001570546736766043,0.0,0.0013241686020277089,0.0,6.870363002104973e-05,-0.001570546736766043,0.0,-0.001570546736766043,-0.001570546736766043
2025-12-16,-0.0025020146519603662,-0.005441721501682051,-0.005441721501682051,0.0,-0.0013004433499005708,0.0,0.0005491974889854756,-0.005441721501682051,0.0,-0.005441721501682051,-0.005441721501682051
2025-12-17,-0.0017692331960914417,-0.003912584732157764,-0.003912584732157764,0.0,-0.0001817508273690427,0.0,-9.100900882287321e-05,-0.003912584732157764,0.0,-0.003912584732157764,-0.003912584732157764
2025-12-18,0.001505791324505343,0.0032489401001598917,0.0032489401001598917,0.0,7.802783561072779e-05,0.0,0.00047833368429779367,0.0032489401001598917,0.0,0.0032489401001598917,0.0032489401001598917
2025-12-19,0.002929909963691034,0.0065182979687331555,0.0065182979687331555,0.0,0.0006692259867688843,0.0,-0.00037322818848219976,0.0065182979687331555,0.0,0.0065182979687331555,0.0065182979687331555
2025-12-22,0.003714834806560744,0.008247842077995305,0.008247842077995305,0.0,0.0006591799930651731,0.0,-0.0002170350459996917,0.008247842077995305,0.0,0.008247842077995305,0.008247842077995305
2025-12-23,0.0014080998701382946,0.003178063131489173,0.003178063131489173,0.0,-0.0001996102492258345,0.0,0.0001602565545137935,0.003178063131489173,0.0,0.003178063131489173,0.003178063131489173
2025-12-24,0.0013160543852729332,0.002672155106367391,0.0026996868538255005,0.0,0.0005226141191329691,0.0,0.0006057231753957559,0.002672155106367391,0.0,0.002672155106367391,0.002672155106367391
2025-12-26,-0.00012519397583844705,5.247417133572574e-05,-0.0011151993761399637,0.0,0.00016045875160055622,0.0,-0.00032942767201379344,5.247417133572574e-05,0.0,5.247417133572574e-05,5.247417133572574e-05
2025-12-29,-0.0022134482991722974,-0.006124041948943337,-0.001771211753632007,0.0,-0.0001538066933877369,0.0,0.00037610960129907944,-0.006124041948943337,0.0,-0.006124041948943337,-0.006124041948943337
2025-12-30,-0.0007818116912975872,-0.0013563157533363012,-0.0026454839316893295,0.0,-8.343162037591779e-05,0.0,-0.00023844240960413376,-0.0013563157533363012,0.0,-0.0013563157533363012,-0.0013563157533363012
2025-12-31,-0.0033709152156196544,-0.007244059459618912,-0.007244059459618912,0.0,-0.0005652585627518358,0.0,-0.0007967405393494054,-0.007244059459618912,0.0,-0.007244059459618912,-0.007244059459618912
2026-01-02,0.0023104160373476463,0.00512105842998819,0.00512105842998819,0.0,0.0004586494947870223,0.0,-0.00014913887861096599,0.00512105842998819,0.0,0.00512105842998819,0.00512105842998819
2026-01-05,0.005471750549367701,0.012263473367474497,0.012263473367474497,0.0,-0.00030222464517611904,0.0,0.0004940861195874335,0.012263473367474497,0.0,0.012263473367474497,0.012263473367474497
2026-01-06,0.002795160934295127,0.005848755997061095,0.005848755997061095,0.0,0.0019672367993654794,0.0,-0.00020581237895371806,0.005848755997061095,0.0,0.005848755997061095,0.005848755997061095
2026-01-07,-0.0017848420073425218,-0.0033790737297585195,-0.0035737397639844515,0.0,0.0009931015155129064,0.0,-0.003345718628335592,-0.0033790737297585195,0.0,-0.0033790737297585195,-0.0033790737297585195
2026-01-08,0.0005943446422180624,0.002229193636984428,0.002737030997036649,0.0,-0.0009645460695587027,0.0,-0.003110964058468668,0.002229193636984428,0.0,0.002229193636984428,0.002229193636984428
2026-01-09,0.0022726678758742533,0.005075571605196605,0.005075571605196605,0.0,-0.0005122689457883412,0.0,0.0006639934078702004,0.005075571605196605,0.0,0.005075571605196605,0.005075571605196605
2026-01-12,0.0006246202252026532,0.001468192484438402,0.001468192484438402,0.0,4.4504652513643886e-05,0.0,-0.0002956925634433727,0.001468192484438402,0.0,0.001468192484438402,0.001468192484438402
2026-01-13,-0.0014818725738629742,-0.002285866706230999,-0.0016351084973366015,0.0,-0.00040666538604205993,0.0,-0.004437479162695113,-0.002285866706230999,0.0,-0.002285866706230999,-0.002285866706230999
2026-01-14,0.0008952539178721296,0.0022811491980015306,0.0012589265125473315,0.0,0.0007145555520841063,0.0,-0.0007596443977868628,0.0022811491980015306,0.0,0.0022811491980015306,0.0022811491980015306
2026-01-15,-0.0001623281703905996,0.0008933601739459007,0.0015061262570046697,0.0,-0.0005701252044269745,-0.001913620919179615,-0.0015141524184322463,0.0008933601739459007,-0.0016492617703189327,0.0008933601739459007,0.0008933601739459007
2026-01-16,-0.0012359449411212648,-0.0016813832489667503,-0.0012081384746792767,0.0,-0.000777261226461401,-0.0016813832489667503,-0.0016813832489667503,-0.0016813832489667503,-0.0007311885241169547,-0.0016813832489667503,-0.0016813832489667503
2026-01-20,-0.008059329014254907,-0.009894501425673797,-0.011906800922927974,0.0,-0.0002183190839049498,-0.009894501425673797,-0.009894501425673797,-0.009894501425673797,-0.01093633399309225,-0.009894501425673797,-0.009894501425673797
2026-01-21,0.008267368186972079,0.014063591033174828,0.014760376235370964,0.0,0.0019611196547331677,0.005662795976771095,0.006301450917367923,0.014063591033174828,0.0035297977989810713,0.014063591033174828,0.014063591033174828
2026-01-22,0.0029501846017397767,0.006612359241968258,0.004085908461761578,0.0,0.002193429903969668,0.0,0.00043524532402197116,0.006612359241968258,0.0,0.006612359241968258,0.006612359241968258
2026-01-23,-0.0005210104704755099,-0.0015742309009996736,-0.0016753552181403397,0.0,0.0014352748834346452,0.0,0.00027367880342512587,-0.0015742309009996736,0.0,-0.0015742309009996736,-0.0015742309009996736
2026-01-26,0.002349514933208198,0.004990214044445151,0.0037797594836653124,0.0,0.0019175886349902748,0.0,0.0004776441468827386,0.004990214044445151,0.0,0.004990214044445151,0.004990214044445151
2026-01-27,0.0007926434705456546,0.002429140698531296,-0.0012224131074667689,0.0,0.001691285908124962,0.0,-0.0006225036613411894,0.002429140698531296,0.0,0.002429140698531296,0.002429140698531296
2026-01-28,0.0018441432003085594,0.00425456611165258,0.00015235957463191063,0.0,0.003909040687638199,0.0,-0.0002278097944508173,0.00425456611165258,0.0,0.00425456611165258,0.00425456611165258
2026-01-29,-0.00020607718601490675,-0.00038335205975871257,-0.001599975236172202,0.0,0.0008724902805720691,0.0,2.284646074210972e-05,-0.00038335205975871257,0.0,-0.00038335205975871257,-0.00038335205975871257
2026-01-30,-0.006309862286095631,-0.014560023358202934,-0.003942408745628489,0.0,-0.00860704377795717,0.0,-0.0005592379766662159,-0.014560023358202934,0.0,-0.014560023358202934,-0.014560023358202934
2026-02-02,-0.0002459532638534144,-0.00039185080870607347,0.004597578221627596,0.0,-0.005349896428663292,0.0,-0.00028570874152681334,-0.00039185080870607347,0.0,-0.00039185080870607347,-0.00039185080870607347
2026-02-03,0.0013107485314824137,0.003201051621539874,-0.006623287456506022,0.0,0.008574240716462423,0.0,0.00024262865876569783,0.003201051621539874,0.0,0.003201051621539874,0.003201051621539874
2026-02-04,-0.00041841378417693597,-0.001406152566246588,-0.0027206999781507757,0.0,0.0034270055267488276,0.0,-0.00025357190745071143,-0.001406152566246588,0.0,-0.001406152566246588,-0.001406152566246588
2026-02-05,-0.005198139406256334,-0.012226756656163806,-0.006589767662756129,0.0,-0.004599414922348488,0.0,0.0010861978972890318,-0.012226756656163806,0.0,-0.012226756656163806,-0.012226756656163806
2026-02-06,0.008458085766019334,0.02296617291198342,0.014308761360130217,0.0,0.006918709021008329,0.0,6.857783732294731e-05,0.02296617291198342,0.0,0.02296617291198342,0.008894377851745672
2026-02-09,0.0016014463193789125,0.005339683807671159,0.0013651653885655922,0.0,0.002391321518006262,0.0,-2.2837647503959337e-05,0.005339683807671159,0.0,0.005339683807671159,0.0
2026-02-10,-0.0008206332099774666,-0.0027253933763334514,-0.001352375792266991,0.0,-0.0017365574900874425,0.0,0.0011540211452241377,-0.0027253933763334514,0.0,-0.0027253933763334514,0.0
2026-02-11,0.0008121062138078074,0.0022643200135900265,-0.001025048487263569,0.0,0.0043362598718483135,0.0,-0.0005308954874945315,0.0022643200135900265,0.0,0.0022643200135900265,0.0
2026-02-12,-0.0048742622763716095,-0.015692966925767583,-0.00835940211988968,0.0,-0.005451671395932034,0.0,0.0013286468800123962,-0.015692966925767583,0.0,-0.015692966925767583,0.0
2026-02-13,0.002264071415023615,0.006691561042765271,0.0022005476987082993,0.0,0.004243828427344653,0.0,0.0005491445236290415,0.006691561042765271,0.0,0.006691561042765271,0.0
2026-02-17,-0.0010168390594690003,-0.003032675731673695,0.001157881676788386,0.0,-0.0044112634126220575,0.0,0.00016718166396005872,-0.003032675731673695,0.0,-0.003032675731673695,0.0
2026-02-18,0.002470194493051937,0.00759353009264403,0.003067099751143232,0.0,0.004355921732723011,0.0,-0.00037833123168686813,0.00759353009264403,0.0,0.00759353009264403,0.0
2026-02-19,-0.0005188227176084804,-0.001426270632093518,-0.002666841867654235,0.0,0.0007494497876509576,0.0,0.00010052888571399077,-0.001426270632093518,0.0,-0.001426270632093518,0.0
2026-02-20,0.0013170471322691236,0.004123770546551253,0.0026922107058434674,0.0,0.0011479896515918186,0.0,-0.00023431726011567954,0.004123770546551253,0.0,0.004123770546551253,0.0
2026-02-23,-0.0015938585468994282,-0.005789206047207196,-0.007425709919822676,0.0,0.004290314938822015,0.0,0.0003690801533202004,-0.005789206047207196,0.0,-0.005789206047207196,0.0
2026-02-24,0.0010974581287866274,0.003737228775326851,0.004123532384846395,0.0,-0.0018991588130848446,0.0,0.00017829203666439586,0.003737228775326851,0.0,0.003737228775326851,0.0
2026-02-25,0.0020671520128147276,0.006364420935450266,0.006557877656475264,0.0,-0.0006934704751628163,0.0,1.1119063119569006e-05,0.006364420935450266,0.0,0.006364420935450266,0.0
2026-02-26,-6.97770169711176e-05,-7.856013612544954e-05,-0.0017971228933142958,0.0,0.0009258514091056824,0.0,0.00040039860371945404,-7.856013612544954e-05,0.0,-7.856013612544954e-05,0.0
2026-02-27,-0.00014912744820916307,-0.0019378662588674933,-0.0031095327550658912,0.0,0.004659500906985104,0.0,0.0009836173319333064,-0.0019378662588674933,0.0,-0.0019378662588674933,0.0
2026-03-02,0.0005323076848148811,0.0025662172889497127,-0.0016467379402902548,0.0,0.0022524206667838276,0.0,-0.0009473481410590678,0.0025662172889497127,0.0,0.0025662172889497127,0.0
2026-03-03,-0.004310822973300042,-0.012772763725017188,-0.005667571208294642,0.0,-0.006501997077722066,0.0,-0.0010823110236492961,-0.012772763725017188,0.0,-0.012772763725017188,0.0
2026-03-04,0.0019608734997204552,0.006009909891448628,0.004839875142688621,0.0,0.0003957265155702272,0.0,0.0003924400563279917,0.006009909891448628,0.0,0.006009909891448628,0.0
2026-03-05,-0.0027029579968990917,-0.007758673358718415,-0.005162853606938478,0.0,-0.0026850392370188713,0.0,-0.0009613824106976421,-0.007758673358718415,0.0,-0.007758673358718415,0.0
2026-03-06,-0.0029626411401003205,-0.008827135084943339,-0.008283550297523246,0.0,0.0009564154276077485,0.0,-0.0016823652211007123,-0.008827135084943339,0.0,-0.008827135084943339,0.0
2026-03-09,0.00212649935224306,0.006424987485033851,0.005985760728311284,0.0,0.0003727259198204491,0.0,-6.996744801189836e-05,0.006424987485033851,0.0,0.006424987485033851,0.0
2026-03-10,-0.00111032094957315,-0.0027703874312561714,-0.0025174260417686668,0.0,-0.0008700171710910642,0.0,-0.0010646704707862776,-0.0027703874312561714,0.0,-0.0027703874312561714,0.0
2026-03-11,-0.0003591349814760318,-0.0006487597735460038,-0.002590485828269784,0.0,0.0019471313811461276,0.0,-0.001291340839068622,-0.0006487597735460038,0.0,-0.0006487597735460038,0.0
2026-03-12,-0.004443627818304815,-0.013396379078795928,-0.010209666816793316,0.0,-0.002795134865415649,0.0,-0.00019509052494250944,-0.013396379078795928,0.0,-0.013396379078795928,0.0
2026-03-13,-0.001397088179687705,-0.004054808265037779,-0.0027600430934869745,0.0,-0.0012097220400455687,0.0,-0.0004944119535812419,-0.004054808265037779,0.0,-0.004054808265037779,0.0
2026-03-16,0.002755088748767905,0.00805067329282715,0.006848119741986269,0.0,0.001072135614846015,0.0,0.0007741967964245644,0.00805067329282715,0.0,0.00805067329282715,0.0
2026-03-17,0.0007781083715457678,0.0027558847239466666,0.0013216431774896841,0.0,-0.00010563497517511733,0.0,0.00027519769370401017,0.0027558847239466666,0.0,0.0027558847239466666,0.0
2026-03-18,-0.004713090906663224,-0.013932836531447756,-0.009020714562228704,0.0,-0.004971117260832636,0.0,-0.0005603132740121697,-0.013932836531447756,0.0,-0.013932836531447756,0.0
2026-03-19,-0.0007870697525193389,-0.002226158745612017,-0.0003507218558029712,0.0,-0.0028900570389427615,0.0,0.0006094686132957161,-0.002226158745612017,0.0,-0.002226158745612017,0.0
2026-03-20,-0.004854784532629402,-0.014369114040678999,-0.009044431100954953,0.0,-0.004013047094920763,0.0,-0.0018973545164309047,-0.014369114040678999,0.0,-0.014369114040678999,0.0
2026-03-23,0.0023554049582071193,0.007560394903293277,0.00646420168975328,0.0,-0.001038799112975375,0.0,0.0006524522404996125,0.007560394903293277,0.0,0.007560394903293277,0.0
2026-03-24,0.00144329124987945,0.00040647484831658477,-0.002182469198901005,0.0036406920202130544,0.005184393198846638,0.0,0.005534055532123194,0.00040647484831658477,0.0,0.00040647484831658477,0.0
2026-03-25,0.0050606236343671744,0.008182240346341596,0.004395125367867325,0.008421525956070864,0.008182240346341596,0.0,0.008182240346341596,0.008182240346341596,0.0,0.008182240346341596,0.0
2026-03-26,-0.00844705712364751,-0.01402885490555943,-0.010098553957154888,-0.009809540533434979,-0.01402885490555943,0.0,-0.01402885490555943,-0.01402885490555943,0.0,-0.01402885490555943,0.0
2026-03-27,-0.00615801680303835,-0.008659926379005766,-0.011296620992434758,-0.009485824718887325,-0.008659926379005766,0.0,-0.008659926379005766,-0.008659926379005766,0.0,-0.008659926379005766,0.0
2026-03-30,-7.144060032891666e-05,-0.0023641363953304183,-0.001405053864362793,-0.001405053864362793,-0.0023641363953304183,0.0,0.009259551511756592,-0.0023641363953304183,0.0,-0.0023641363953304183,0.0
2026-03-31,0.01293917833826889,0.023075393133968624,0.024205151894199507,0.023124995476091148,0.023075393133968624,0.0,-0.00010372172777651789,0.023075393133968624,0.0,0.023075393133968624,0.0
2026-04-01,0.0021384640873032745,0.0034436823269068605,0.007181849487440528,0.001831723722877976,0.0034436823269068605,0.0,-9.844340530961171e-05,0.0034436823269068605,0.0,0.0034436823269068605,0.0
2026-04-02,0.00021755908794704275,0.0003359003049674958,-0.00013892295289746892,0.0004748232578649647,0.0003359003049674958,0.0,0.0006144305716534015,0.0003359003049674958,0.0,0.0003359003049674958,0.0
2026-04-06,0.0012927592629736321,0.002949037469307325,0.002223295982242446,0.0007257414870648793,0.002949037469307325,0.0,-0.00016131651046661367,0.002949037469307325,0.0,0.002949037469307325,0.0
2026-04-07,0.0011211788784491396,0.002525537943226952,0.0017212547884609352,0.0008042831547660168,0.002525537943226952,0.0,-1.154186686554981e-05,0.002525537943226952,0.0,0.002525537943226952,0.0
2026-04-08,0.0071851094876649,0.016666794559382227,0.020174111934666384,-0.00583168389628701,0.016666794559382227,0.0,0.0003231736724580436,0.016666794559382227,0.0,0.016666794559382227,0.0
2026-04-09,0.0005157456476595243,0.001976619184307049,0.0032169228617604404,0.0,0.001976619184307049,0.0,-0.00025310548322443616,0.001976619184307049,0.0,-0.0022753449182143838,0.0
2026-04-10,-0.001244997094914698,-0.003881009594216078,-0.003200733174320669,0.0,-0.003881009594216078,0.0,-0.00024222149147945515,-0.003881009594216078,0.0,0.0,0.0
2026-04-13,0.004334482595778021,0.008547004677398707,0.008248444451235803,0.0035273010429576644,0.008547004677398707,0.0,0.010140588513011316,0.008547004677398707,0.0,0.0,0.0
2026-04-14,0.003159723412088456,0.008255798032521555,0.010286960686605662,1.086307638274997e-05,0.008255798032521555,0.0,0.0016280908807645767,0.008255798032521555,0.0,0.0,0.0
2026-04-15,0.0007772681160400307,0.002100418978964769,0.0024400180158464456,-0.0011834994056556525,0.002100418978964769,0.0,0.0015380564762399462,0.002100418978964769,0.0,0.0,0.0
2026-04-16,0.0005973666878155913,0.0019648881592351118,-0.00024123275104718234,-0.00027713153631783174,0.0019648881592351118,0.0,0.0019648881592351118,0.0019648881592351118,0.0,0.0,0.0
2026-04-17,0.005090054406535497,0.00977168985539989,0.010996161181756281,0.0009815313732553844,0.00977168985539989,0.0,0.00977168985539989,0.00977168985539989,0.0,0.00451772753760814,0.0
2026-04-20,-0.0008482405729660475,-0.0011290428420482224,-0.002242098602039133,-0.0008758951864624054,-0.0011290428420482224,0.0,-0.0011290428420482224,-0.0011290428420482224,0.0,-0.0011290428420482224,0.0
2026-04-21,-0.0032704964887590865,-0.006150934281115317,-0.006283432848434678,0.0014527015740641636,-0.006150934281115317,0.0,-0.006150934281115317,-0.006150934281115317,0.0,-0.006150934281115317,0.0
2026-04-22,0.004635494044459741,0.009156606929151979,0.003900821446895697,0.0008266002867723498,0.009156606929151979,0.0,0.009156606929151979,0.009156606929151979,0.0,0.009156606929151979,0.00036559694986171287
2026-04-23,-0.0030428859360204317,-0.004368835456480813,-0.0022827388362074985,0.0,-0.004368835456480813,-0.0032590573055723215,-0.004368835456480813,-0.004368835456480813,0.0,-0.004368835456480813,-0.004368835456480813
2026-04-24,0.0025706915109824408,0.00411038797943728,-0.0015261042777817146,0.0,0.00411038797943728,0.00411038797943728,0.00411038797943728,0.00411038797943728,0.0,0.00411038797943728,0.00411038797943728
2026-04-27,-0.0005888573963663774,-0.0006447487008358399,-0.0004321521795842442,0.0,-0.0006447487008358399,-0.0016438208835339529,-0.0006447487008358399,-0.0006447487008358399,0.0,-0.0006447487008358399,-0.0006447487008358399
2026-04-28,-0.0025670692742103866,-0.004189198991060817,-0.0003240789747076311,0.0,-0.004189198991060817,-0.0018335495378817624,-0.004189198991060817,-0.004189198991060817,0.0,-0.004189198991060817,-0.004189198991060817
2026-04-29,-0.00033246834115287303,5.118988991232864e-05,-0.001777949463815842,-0.0015214049460339884,5.118988991232864e-05,5.118988991232864e-05,5.118988991232864e-05,5.118988991232864e-05,0.0,5.118988991232864e-05,5.118988991232864e-05
2026-04-30,0.007916141818579399,0.011034564525997947,0.0,0.005037889211226898,0.011034564525997947,0.011034564525997947,0.011034564525997947,0.011034564525997947,0.0,0.011034564525997947,0.011034564525997947
2026-05-01,0.0008904312517444364,0.0007975251198864885,0.0,0.003274838760848153,0.0007975251198864885,0.0007975251198864885,0.0007975251198864885,0.0007975251198864885,0.0,0.0007975251198864885,0.0007514169054193331
2026-05-04,-0.002533163444711163,-0.004842026825909018,0.0,-0.0024353656641275534,-0.004842026825909018,-0.0027156597471236998,-0.003121365113422159,-0.004842026825909018,0.0,-0.004842026825909018,0.0
2026-05-05,0.003570768645824786,0.008613373319111139,0.0,0.0032440602423604915,0.008613373319111139,0.0,0.0030527376127291615,0.008613373319111139,0.0,0.008613373319111139,0.0
2026-05-06,0.004825320923113784,0.009086912128156422,0.0,0.007080239795398379,0.009086912128156422,0.0,0.009086912128156422,0.009086912128156422,0.0,0.009086912128156422,0.0
2026-05-07,-0.003665383795611796,-0.006039674705354536,-0.003467673681547523,0.0011792911511251726,-0.006039674705354536,-0.0065413728086656684,-0.006039674705354536,-0.006039674705354536,0.0,-0.006039674705354536,0.0
2026-05-08,0.0033989950784590823,0.0064145132719513834,0.001228790471608132,-0.0027104011252333084,0.0064145132719513834,0.0064145132719513834,0.0064145132719513834,0.0064145132719513834,0.0,0.0064145132719513834,0.0
2026-05-11,0.0026562595659179026,0.004274886986645754,0.0,0.002531901160032357,0.004274886986645754,0.004274886986645754,0.004274886986645754,0.004274886986645754,0.0,0.004274886986645754,0.0
2026-05-12,-0.00021628903897546645,-0.000932906030552172,0.0,0.0027179288019816617,-0.000932906030552172,-0.000932906030552172,-0.000932906030552172,-0.000932906030552172,0.0,-0.000932906030552172,0.0
2026-05-13,0.0005151950451226122,0.0012074382698469498,0.0,-0.0014004359431312396,0.0012074382698469498,0.0012074382698469498,0.0012074382698469498,0.0012074382698469498,0.0,0.0012074382698469498,0.0
2026-05-14,0.0027999767069460967,0.005039158442690594,0.0,3.9981490619012124e-06,0.005039158442690594,0.005039158442690594,0.005039158442690594,0.005039158442690594,0.0,0.005039158442690594,0.0
2026-05-15,-0.006716625366772049,-0.010815067180190107,0.0,-0.006374292399997894,-0.010815067180190107,-0.010815067180190107,-0.010815067180190107,-0.010815067180190107,0.0,-0.010815067180190107,0.0
2026-05-18,0.0008916973720626904,0.0019166490400142956,0.0,-0.0015579688515072632,0.0019166490400142956,0.0019166490400142956,0.0019166490400142956,0.0019166490400142956,0.0,0.0019166490400142956,0.0
2026-05-19,-0.0032752079772368752,-0.004879887206862177,0.0,-0.005077435760820992,-0.004879887206862177,-0.004879887206862177,-0.004879887206862177,-0.004879887206862177,0.0,-0.004879887206862177,0.0
2026-05-20,0.0059080488129986935,0.00975787336741355,0.0,0.012110216523821072,0.00975787336741355,0.00975787336741355,0.00975787336741355,0.00975787336741355,0.0,0.0020307293235129697,0.0
2026-05-21,0.001239417894098765,0.00270267807933281,0.0,-0.00509471959251293,0.00270267807933281,0.00270267807933281,0.00270267807933281,0.00270267807933281,0.0,0.005438768322070575,0.0
2026-05-22,0.002986832214285114,0.005324005191104752,0.0,0.0002614639730422641,0.005324005191104752,0.005324005191104752,0.005324005191104752,0.005324005191104752,0.0,0.005324005191104752,0.0
2026-05-26,0.001631771548968561,0.003479844468420523,0.0,-0.002713278401385566,0.003479844468420523,0.003479844468420523,0.003479844468420523,0.003479844468420523,0.0,0.003479844468420523,0.0
2026-05-27,-0.0023094682601854603,-0.0034633474899435023,0.0,-0.003468476891951633,-0.0034633474899435023,-0.0034633474899435023,-0.0034633474899435023,-0.0034633474899435023,0.0,-0.0034633474899435023,0.0
2026-05-28,0.0035770912508496025,0.005918494933433704,0.0,0.0020905359350744,0.005918494933433704,0.005918494933433704,0.005918494933433704,0.005918494933433704,0.0005108106554035041,0.005918494933433704,0.0
2026-05-29,0.001561834054320041,0.0026254371217367734,0.0,0.0004297266950416656,0.0026254371217367734,0.0026254371217367734,0.0026254371217367734,0.0026254371217367734,0.0004995941851548391,0.0026254371217367734,0.0
2026-06-01,0.0010207560149487539,0.0020456393220978364,0.0,-0.0006323646887379964,0.0020456393220978364,0.0020456393220978364,0.0020456393220978364,0.0020456393220978364,-0.0004090277872124015,0.0020456393220978364,0.0
2026-06-02,0.0023957805789201134,0.003899991336483155,0.0,0.0005993823230209805,0.003899991336483155,0.003899991336483155,0.003899991336483155,0.003899991336483155,0.0014626862048442656,0.003899991336483155,0.0
2026-06-03,-0.003057776211296691,-0.004910735907547437,0.0,-0.001540861192442955,-0.004910735907547437,-0.004910735907547437,-0.004910735907547437,-0.004910735907547437,-0.0014254451714900806,-0.004910735907547437,0.0
2026-06-04,0.00677074937434732,0.008293400167607268,0.0,0.010423959531543736,0.008293400167607268,0.008293400167607268,0.008293400167607268,0.008293400167607268,0.009045783999545809,0.008293400167607268,0.0
2026-06-05,-0.01770982426286898,-0.024131317829949307,0.0,-0.017995124765879934,-0.024131317829949307,-0.024131317829949307,-0.024131317829949307,-0.024131317829949307,-0.020736704450194356,-0.024131317829949307,0.0
2026-06-08,0.0034649216280077094,0.0046792561394576,0.0,0.0031087578153237926,0.0046792561394576,0.0046792561394576,0.0046792561394576,0.0046792561394576,0.0046792561394576,0.0046792561394576,0.0
2026-06-09,-0.0027811245100895937,-0.003330831595710582,0.0,-0.005045131016542859,-0.003330831595710582,-0.003330831595710582,-0.003330831595710582,-0.003330831595710582,-0.003330831595710582,-0.003330831595710582,0.0
2026-06-10,-0.010079569129882062,-0.013184789460591905,0.0,-0.011607385405387128,-0.013184789460591905,-0.013184789460591905,-0.013184789460591905,-0.013184789460591905,-0.013184789460591905,-0.013184789460591905,0.0
2026-06-11,0.013635418217412938,0.01763584248312322,0.0,0.016903709057977112,0.01763584248312322,0.01763584248312322,0.01763584248312322,0.01763584248312322,0.01763584248312322,0.01763584248312322,0.0
2026-06-12,0.0040117783594726605,0.0053502687147709335,0.0,0.004004392946628343,0.0053502687147709335,0.0053502687147709335,0.0053502687147709335,0.0053502687147709335,0.0053502687147709335,0.0053502687147709335,0.0
2026-06-15,0.006721194308541237,0.00942234277612466,0.0,0.003956692120123173,0.00942234277612466,0.00942234277612466,0.00942234277612466,0.00942234277612466,0.00942234277612466,0.00942234277612466,0.0
2026-06-16,-0.002373321504422899,-0.003590104737778288,0.0,0.0001807348868636316,-0.003590104737778288,-0.003590104737778288,-0.003590104737778288,-0.003590104737778288,-0.003590104737778288,-0.003590104737778288,0.0
2026-06-17,-0.007410114954189893,-0.009703031925220285,0.0,-0.008472843036387323,-0.009703031925220285,-0.009703031925220285,-0.009703031925220285,-0.009703031925220285,-0.009703031925220285,-0.009703031925220285,0.0
2026-06-18,0.0038585799361115464,0.005375053137658159,0.0,0.002476900599054965,0.005375053137658159,0.005375053137658159,0.005375053137658159,0.005375053137658159,0.005375053137658159,0.005375053137658159,0.0
2026-06-22,0.0020276810905102134,0.0024322662510450456,0.0,0.0036555323083216516,0.0024322662510450456,0.0024322662510450456,0.0024322662510450456,0.0024322662510450456,0.0024322662510450456,0.0024322662510450456,0.0
2026-06-23,-0.006325604554480104,-0.009210477029092268,0.0,-0.0016675788157673233,-0.009210477029092268,-0.009210477029092268,-0.009210477029092268,-0.009210477029092268,-0.009210477029092268,-0.009210477029092268,0.0
2026-06-24,-0.002409696847053248,-0.0030729160563017555,0.0,-0.003249775285668699,-0.0030729160563017555,-0.0030729160563017555,-0.0030729160563017555,-0.0030729160563017555,-0.0030729160563017555,-0.0030729160563017555,0.0
2026-06-25,0.004175618616962844,0.005564415191574657,0.0,0.004194076403217661,0.005564415191574657,0.005564415191574657,0.005564415191574657,0.005564415191574657,0.005564415191574657,0.005564415191574657,0.0
2026-06-26,-0.000452790351128719,-2.8263335998512938e-05,0.0,-0.0039055331441673947,-2.8263335998512938e-05,-2.8263335998512938e-05,-2.8263335998512938e-05,-2.8263335998512938e-05,-2.8263335998512938e-05,-2.8263335998512938e-05,0.0
2026-06-29,0.004418693455907199,0.005777339778028389,0.0,0.005104202434994443,0.005777339778028389,0.005777339778028389,0.005777339778028389,0.005777339778028389,0.005777339778028389,0.005777339778028389,0.0
2026-06-30,0.0014683774022295334,0.002259299130708514,0.0,-0.0003403981641852849,0.002259299130708514,0.002259299130708514,0.002259299130708514,0.002259299130708514,0.002259299130708514,0.002259299130708514,0.0
2026-07-01,-0.0015125610348351115,-0.002507446490373033,0.0,0.0014316296287221974,-0.002507446490373033,-0.002507446490373033,-0.002507446490373033,-0.002507446490373033,-0.002507446490373033,-0.002507446490373033,0.0
2026-07-02,0.0019846529743277695,0.002855543956552431,0.0,0.0007286130296353388,0.002855543956552431,0.002855543956552431,0.002855543956552431,0.002855543956552431,0.002855543956552431,0.002855543956552431,0.0
2026-07-06,0.004068019164769256,0.005485717292384751,0.0,0.003697868728614806,0.005485717292384751,0.005485717292384751,0.005485717292384751,0.005485717292384751,0.005485717292384751,0.005485717292384751,0.0
2026-07-07,-0.0030809747319347405,-0.003989653320847286,0.0,-0.0037908526623289473,-0.003989653320847286,-0.003989653320847286,-0.003989653320847286,-0.003989653320847286,-0.003989653320847286,-0.003989653320847286,0.0
2026-07-08,-0.0020456995280386187,-0.003277726818717852,0.0,0.0012550651599595453,-0.003277726818717852,-0.003277726818717852,-0.003277726818717852,-0.003277726818717852,-0.003277726818717852,-0.003277726818717852,0.0
2026-07-09,0.0054497796038064025,0.00694521375286491,0.0,0.007376733917068168,0.00694521375286491,0.00694521375286491,0.00694521375286491,0.00694521375286491,0.00694521375286491,0.00694521375286491,0.0
2026-07-10,0.00016498007306756042,0.0004813209508717109,0.0,-0.0014031050476222217,0.0004813209508717109,0.0004813209508717109,0.0004813209508717109,0.0004813209508717109,0.0004813209508717109,0.0004813209508717109,0.0
2026-07-13,-0.003620221345459367,-0.005381115569360151,0.0,-0.0002952986929734003,-0.005381115569360151,-0.005381115569360151,-0.005381115569360151,-0.005381115569360151,-0.005381115569360151,-0.005381115569360151,0.0
2026-07-14,0.0021170221288788625,0.0032874627095415996,0.0,-0.0006715770973398372,0.0032874627095415996,0.0032874627095415996,0.0032874627095415996,0.0032874627095415996,0.0032874627095415996,0.0032874627095415996,0.0
2026-07-15,-0.00013307523879619616,-0.00018735016124923342,0.0,-7.357618167036506e-05,-0.00018735016124923342,-0.00018735016124923342,-0.00018735016124923342,-0.00018735016124923342,-0.00018735016124923342,-0.00018735016124923342,0.0
2026-07-16,-0.002576397701052382,-0.0032422146940467855,0.0,-0.003734291145190727,-0.0032422146940467855,-0.0032422146940467855,-0.0032422146940467855,-0.0032422146940467855,-0.0032422146940467855,-0.0032422146940467855,0.0
2026-07-17,-0.0023171810891475376,-0.003673370015720612,0.0,0.0011855902919958305,-0.003673370015720612,-0.003673370015720612,-0.003673370015720612,-0.003673370015720612,-0.003673370015720612,-0.003673370015720612,0.0
2026-07-20,-0.0024828092456873696,-0.003175261952876829,0.0,-0.0032937114939253554,-0.003175261952876829,-0.003175261952876829,-0.003175261952876829,-0.003175261952876829,-0.003175261952876829,-0.003175261952876829,0.0
2026-07-21,0.00856980766095265,0.011117232171317559,0.0,0.010424875920668496,0.011117232171317559,0.011117232171317559,0.011117232171317559,0.011117232171317559,0.011117232171317559,0.011117232171317559,0.0
2026-07-22,-0.0005247667073121384,-0.000379156276282544,0.0,-0.002447962708113982,-0.000379156276282544,-0.000379156276282544,-0.000379156276282544,-0.000379156276282544,-0.000379156276282544,-0.000379156276282544,0.0
2026-07-23,-0.004630178871433198,-0.006876534515552835,0.0,-0.00041240274958177504,-0.006876534515552835,-0.006876534515552835,-0.006876534515552835,-0.006876534515552835,-0.006876534515552835,-0.006876534515552835,0.0
2026-07-24,-0.00012903519165913873,-0.0001240608694593859,0.0,-0.0004169515081759334,-0.0001240608694593859,-0.0001240608694593859,-0.0001240608694593859,-0.0001240608694593859,-0.0001240608694593859,-0.0001240608694593859,0.0
2026-07-27,0.0005787180634687416,0.0006385332425921985,0.0,0.0013772631156654836,0.0006385332425921985,0.0006385332425921985,0.0006385332425921985,0.0006385332425921985,0.0006385332425921985,0.0006385332425921985,0.0
2026-07-28,-0.00037769913185099974,0.00011844810178044396,0.00028853871305309917,-0.00439851951039476,0.00011844810178044396,0.00011844810178044396,0.00011844810178044396,0.00011844810178044396,0.00011844810178044396,0.00011844810178044396,0.0
2026-07-29,-0.009259634112524597,-0.011550824180295105,-0.010047437192029541,-0.003984324738921197,-0.011550824180295105,-0.011550824180295105,-0.011550824180295105,-0.011550824180295105,-0.011550824180295105,-0.011550824180295105,0.0
2026-07-30,0.011718263667183617,0.01408485162595231,0.007584086692026704,0.013371176556911979,0.01408485162595231,0.01408485162595231,0.01408485162595231,0.01408485162595231,0.01408485162595231,0.01408485162595231,0.0
2026-07-31,-0.0003436855144795501,-0.0006350762623135387,0.0,0.00034070756575443895,-0.0006350762623135387,-0.0006350762623135387,-0.0006350762623135387,-0.0006350762623135387,-0.0006350762623135387,-0.0002584958845026963,0.0
2026-08-03,0.004534876472781702,0.007435234865104412,0.0,0.0036377139295132644,0.007435234865104412,0.007435234865104412,0.007435234865104412,0.007435234865104412,0.007435234865104412,0.0,0.0
2026-08-04,0.00886174594796123,0.015514663087082704,0.0,0.002182398096237559,0.015514663087082704,0.015514663087082704,0.015514663087082704,0.015514663087082704,0.015514663087082704,0.0,0.0
2026-08-05,0.0007047187683496634,0.001928258913451064,-0.00544388379276155,0.0021450581406532,0.001928258913451064,0.001928258913451064,0.001928258913451064,0.001928258913451064,0.001928258913451064,0.0,0.0
2026-08-06,-0.0007209094894899208,-0.0014377505697597327,-0.0014377505697597327,0.0021383180131491096,-0.0014377505697597327,-0.0014377505697597327,-0.0014377505697597327,-0.0014377505697597327,-0.0014377505697597327,0.0,0.0
2026-08-07,0.004032045310056183,0.006383150083301236,0.003996461359741655,0.00037619601425780135,0.006383150083301236,0.006383150083301236,0.006383150083301236,0.006383150083301236,0.006383150083301236,0.0,0.0
2026-08-10,0.0037389687751203412,0.005019951791254617,0.004641142573016422,0.003909817446793562,0.005019951791254617,0.005019951791254617,0.005019951791254617,0.005019951791254617,0.005019951791254617,0.0,0.0
2026-08-11,-0.0002567438910535372,-1.9675661907725404e-05,-1.9675661907725404e-05,-0.002192641048035482,-1.9675661907725404e-05,-1.9675661907725404e-05,-1.9675661907725404e-05,-1.9675661907725404e-05,-1.9675661907725404e-05,0.0,0.0
2026-08-12,0.003235321405473718,0.004534965745789621,0.0035662597677588058,0.0028768041525565557,0.004534965745789621,0.004534965745789621,0.004534965745789621,0.004534965745789621,0.004534965745789621,0.0,0.0
2026-08-13,0.0016352409863265285,0.0029813274100937816,0.0019231224513242772,0.0017742814635752335,0.0029813274100937816,0.0010378913658789513,0.0029813274100937816,0.0029813274100937816,0.0010378913658789513,0.0,0.0
2026-08-14,-0.00022437393642844958,0.0001708706007776839,-0.0018399639919871702,-0.0006920132382019273,0.0001708706007776839,0.0,0.0001708706007776839,0.0001708706007776839,0.0,0.0,0.0
2026-08-17,-0.0007280561081555639,-0.00124601522236506,-0.0023282396733608547,-0.00048621963294404047,-0.00124601522236506,0.0,-0.00124601522236506,-0.00124601522236506,0.0,0.0,0.0
2026-08-18,-0.001845098630443873,-0.0038546241087874635,-0.005612370917922138,-0.00023961558810233762,-0.0038546241087874635,0.0,-0.0038546241087874635,-0.0038546241087874635,0.0008099711583920089,0.0,0.0
2026-08-19,0.003975365534499706,0.007923241626063037,0.008080273775682444,0.0002552073771051377,0.007923241626063037,0.0,0.007923241626063037,0.007923241626063037,0.0036730837795206474,0.0,0.0
2026-08-20,-0.0035239493306060896,-0.007464165508569043,-0.008057765018791862,-0.0012652824309558163,-0.007464165508569043,0.0,-0.007464165508569043,-0.007464165508569043,0.0,0.0,0.0
2026-08-21,0.0027246244577550055,0.0062727717551334435,0.004726774204842554,0.0009765306495521653,0.0062727717551334435,0.0,0.0062727717551334435,0.0062727717551334435,0.0,0.0,0.0
2026-08-24,-0.0006807486868613864,-0.0015564151336803999,-0.0017261873773935176,0.00026869459668223963,-0.0015564151336803999,0.0,-0.0015564151336803999,-0.0015564151336803999,0.0,0.0,0.0
2026-08-25,0.0014318590892555558,0.002856167097094975,0.003858794604501492,0.00045943590751358344,0.002856167097094975,0.0,0.002856167097094975,0.002856167097094975,0.0,0.0,0.0
2026-08-26,-0.0005972025687872818,-0.001838454904118103,0.0001405415932687726,0.0,-0.001838454904118103,0.0,-0.001838454904118103,-0.001838454904118103,0.0,0.0,0.0
2026-08-27,0.0017849780855224264,0.0037537362338978418,0.00480359406800831,0.0,0.0037537362338978418,0.0,0.0037537362338978418,0.0037537362338978418,0.0,0.0,0.0
2026-08-28,-0.002611550124054053,-0.006591707608686159,-0.003728828290427999,0.0,-0.006591707608686159,0.0,-0.006591707608686159,-0.006591707608686159,0.0,0.0,0.0
2026-08-31,-0.00042589447673088763,-0.0006250372627617295,-0.0019579385022927996,0.0,-0.0006250372627617295,0.0,-0.0006250372627617295,-0.0006250372627617295,0.0,0.0,0.0
2026-09-01,-0.0035070513819415766,-0.007574262921900232,-0.008840673671773491,0.0,-0.007574262921900232,0.0,-0.007574262921900232,-0.007574262921900232,0.0,0.0,0.0
2026-09-02,0.0026334226450680388,0.0060525771805974736,0.0055430722638199256,0.0,0.0060525771805974736,0.0,0.0060525771805974736,0.0060525771805974736,0.0,0.0,0.0
2026-09-03,0.0032649629759342897,0.008113186691955487,0.005045106707542146,0.0,0.008113186691955487,0.0,0.008113186691955487,0.008113186691955487,0.0,0.0,0.0
2026-09-04,-0.0010404909899248767,-0.00312147296977463,0.0,0.0,-0.00312147296977463,0.0,-0.00312147296977463,-0.00312147296977463,0.0,0.0,0.0
2026-09-08,-0.0021455797063777756,-0.006436739119133328,0.0,0.0,-0.006436739119133328,0.0,-0.006436739119133328,-0.006436739119133328,0.0,0.0,0.0
2026-09-09,-0.0008151931115597125,-0.0024455793346791375,0.0,0.0,-0.0024455793346791375,0.0,-0.0024455793346791375,-0.0024455793346791375,0.0,0.0,0.0
2026-09-10,-0.003027096915854973,-0.009081290747564918,0.0,0.0,-0.009081290747564918,0.0,-0.009081290747564918,-0.009081290747564918,0.0,0.0,0.0
2026-09-11,0.001986686173147945,0.005960058519443834,0.0,0.0,0.005960058519443834,0.0,0.005960058519443834,0.005960058519443834,0.0,0.0,0.0
2026-09-14,-0.0016415427130568093,-0.004924628139170428,0.0,0.0,-0.004924628139170428,0.0,-0.004924628139170428,-0.004924628139170428,0.0,0.0,0.0
2026-09-15,-0.00028969443852242167,-0.000869083315567265,0.0,0.0,-0.000869083315567265,0.0,-0.000869083315567265,-0.000869083315567265,0.0,0.0,0.0
2026-09-16,-0.002242765992633718,-0.006728297977901154,0.0,0.0,-0.006728297977901154,0.0,-0.006728297977901154,-0.006728297977901154,0.0,0.0,0.0
2026-09-17,0.0034285938192916776,0.010285781457875032,0.0,0.0,0.010285781457875032,0.0,0.010285781457875032,0.010285781457875032,0.0,0.0,0.0
2026-09-18,0.00014760843273967154,0.00037545905954754487,0.0,0.0,0.00037545905954754487,0.0,0.00037545905954754487,0.00037545905954754487,0.0,0.00020209871601440944,0.0
2026-09-21,0.0033149221778153984,0.0074585749000846465,0.0,0.0,0.0074585749000846465,0.0,0.0074585749000846465,0.0074585749000846465,0.0,0.0074585749000846465,0.0
2026-09-22,-0.00041606920192976466,-0.00042330362355302853,-0.0005447455914251887,-0.001506662731730579,-0.00042330362355302853,0.0,-0.00042330362355302853,-0.00042330362355302853,0.0,-0.00042330362355302853,0.0
