date,ensemble,buy_and_hold,seed_0,seed_1,seed_2
2012-01-03,0.0035988724976318,0.015814354986661828,0.005389366833434495,1.7883826026410254e-05,0.005389366833434495
2012-01-04,-0.002267154399852626,-0.0006767250457985763,-0.003408563999632075,1.5664799706271992e-05,-0.003408563999632075
2012-01-05,0.0030161374639727048,0.0036117032263065394,0.0025583660456802715,0.003931680300557572,0.0025583660456802715
2012-01-06,-0.0003960259920530544,-0.0010575267485959162,-0.0014635616728263523,-0.0018460203718864143,0.0021215040685536035
2012-01-09,0.00025604382975904133,0.0009270019155892206,0.001938600236473409,0.001938600236473409,-0.003109068983669694
2012-01-10,0.008184090126271895,0.008597998917408301,0.009271346704202932,0.009271346704202932,0.0060095769704098245
2012-01-11,0.003917998481419123,0.002747662148847141,0.0010060917925068802,0.0010060917925068802,0.00974181185924361
2012-01-12,0.00026441258551460994,0.0016633776950223278,-0.002427106338104945,0.0016974400363924946,0.0015229040582562803
2012-01-13,-0.0006434786490087477,-0.0036533832700093027,0.0014836183637161326,-0.004897672674458509,0.0014836183637161326
2012-01-17,0.005248888804218736,0.0038629609935028953,0.006221735095115477,0.003303196222425253,0.006221735095115477
2012-01-18,0.002509926027739325,0.00968011643898482,-0.002614238148182735,0.012758254379583445,-0.002614238148182735
2012-01-19,-0.0035996717448973925,0.0026511971298798787,-0.008062357599402215,0.0053256999641122515,-0.008062357599402215
2012-01-20,-0.0009632838835462731,0.001207131716638199,-0.002139124160314143,0.0022725729212624834,-0.00302330041158716
2012-01-23,0.0005415174975732887,0.0006114570295636002,0.0007125618797906297,0.0007125618797906297,0.00019942873313860687
2012-01-24,-0.001268248340156301,-0.0010250265038222795,-0.0005943028168466924,-0.0005943028168466924,-0.002616139386775518
2012-01-25,0.0096146997977082,0.009024249302669384,0.00819333218305962,0.00819333218305962,0.012457435027005359
2012-01-26,-0.0006091275590214273,-0.00260494686530931,-0.005505500952890152,-0.005505500952890152,0.009183619228716022
2012-01-27,0.0027775999481718383,0.001987597976098698,0.0008411312046957553,0.0008411312046957553,0.006650537435124004
2012-01-30,-0.0009702892705352554,-0.001827318305580028,-0.003012811852707631,-0.003012811852707631,0.0031147558938094955
2012-01-31,0.0031628762258598306,0.0018484669411690136,-5.419939975215282e-05,-5.419939975215282e-05,0.009597027477083797
2012-02-01,0.00535602363441993,0.007442372709941925,0.01053224341309078,0.01053224341309078,-0.004996415922921771
2012-02-02,0.0031470286654613857,0.002941660954727865,0.002630058074645558,0.002630058074645558,0.004180969847093041
2012-02-03,0.003474817092311455,0.008359906778573945,0.015577109681354617,0.015577109681354617,-0.02072976808577487
2012-02-06,0.0008262854948902776,0.0002577159070128565,-0.0005620331453333183,-0.0005620331453333183,0.0036029227753374693
2012-02-07,0.0019187622687708201,0.00203483896729596,0.0022157901432405813,0.0022157901432405813,0.001324706519831298
2012-02-08,0.0008037334266714306,0.0015957739320038079,0.0027812438195627953,0.0027812438195627953,-0.003151287359111299
2012-02-09,-0.0035299077992595462,-0.0005955156752486035,-0.005998025071006885,0.0005483815173065176,-0.005140079844078271
2012-02-10,-0.0001756068213950949,-0.005856631726522665,0.0038798982214401923,-0.00828661690706567,0.0038798982214401923
2012-02-13,0.003928275552477656,0.0069755363444759634,0.0017512127874892425,0.008282401082454482,0.0017512127874892425
2012-02-14,0.0008001363012842081,-0.00015320934803128016,0.001481090595726875,-0.0005617722876011255,0.001481090595726875
2012-02-15,-0.00032110584746736226,-0.003704434359583564,0.002077245633564151,-0.005117808809530389,0.002077245633564151
2012-02-16,0.0013867129525323059,0.009346145674300999,-0.004302080320228274,0.012764299498053466,-0.004302080320228274
2012-02-17,-0.0009570954958813734,0.0005654117244635826,-0.0020509584114528634,0.0012306303352616066,-0.0020509584114528634
2012-02-21,0.0036248766557947323,0.0011474358251831961,0.005397432946969372,7.976407344545411e-05,0.005397432946969372
2012-02-22,0.006626635559718282,-0.0007598450406919088,0.011906157184969235,-0.003932407690783624,0.011906157184969235
2012-02-23,0.002159884002594185,0.004849758259032511,0.00023862801614216167,0.0060023959754982315,0.00023862801614216167
2012-02-24,0.0012912544823389844,0.001745260942657978,0.0009679123934384082,0.0019379386601401372,0.0009679123934384082
2012-02-27,0.002344253367748609,0.0015494150095719528,0.002886029106618393,0.0012607018900090416,0.002886029106618393
2012-02-28,0.003313775855746955,0.002962722671902629,0.00356557391642498,0.002810179734390905,0.00356557391642498
2012-02-29,-0.02195260573625594,-0.011278607534714014,-0.029580196278875426,-0.00669742465101697,-0.029580196278875426
2012-03-01,0.0037270824532175486,0.00567338953071701,0.0023432348198459962,0.006494777719960654,0.0023432348198459962
2012-03-02,0.0010568439637828424,-0.00289272954036629,0.0038806755051686848,-0.0045908191189888425,0.0038806755051686848
2012-03-05,-0.005512782841856005,-0.00476327767815099,-0.006046589887641951,-0.004445168750284112,-0.006046589887641951
2012-03-06,-0.0070161459952226375,-0.01285404024305834,-0.0028242566101253086,-0.015399924765417294,-0.0028242566101253086
2012-03-07,0.0024775113307005103,0.006243408269171524,-0.00020479525116035013,0.007842124494422231,-0.00020479525116035013
2012-03-08,0.0032603963192678886,0.007807065385433043,2.6157414973804194e-05,0.009728874127856058,2.6157414973804194e-05
2012-03-09,0.00454016081817743,0.004779030785889515,0.004364891578416685,0.004890699297698919,0.004364891578416685
2012-03-12,-0.0029261803120880594,-0.0013913982713299022,-0.0040228784516019855,-0.0007327840330602076,-0.0040228784516019855
2012-03-13,-0.004914103197975583,0.012384585734986886,-0.01722194998316584,0.01970159037240493,-0.01722194998316584
2012-03-14,-0.014414971133074364,-0.0051208484136539886,-0.02104791016463803,-0.001149093069947038,-0.02104791016463803
2012-03-15,0.005514368351440628,0.005544313064673489,0.005495743350781845,0.005551618352758192,0.005495743350781845
2012-03-16,0.001800263952968728,0.0019397469364536568,0.001697399230894181,0.0020059933971178223,0.001697399230894181
2012-03-19,-0.0018660635203822107,0.002615759536351159,-0.005067722310934775,0.004537254060722917,-0.005067722310934775
2012-03-20,-0.002987091894561552,-0.0036472511040644084,-0.0025210384720101287,-0.003919198739664398,-0.0025210384720101287
2012-03-21,0.003023124599903652,-0.0010068362071657734,0.005899829156311043,-0.0027302845129111297,0.005899829156311043
2012-03-22,-0.0030205948741612123,-0.0067418981165259465,-0.0003586740142038636,-0.00834443659407591,-0.0003586740142038636
2012-03-23,0.008817772478796634,0.005971497647010782,0.010853548754375497,0.004746219927638906,0.010853548754375497
2012-03-26,0.007510267010720513,0.01318848544517961,0.006301596807872678,0.009927607416416184,0.006301596807872678
2012-03-27,6.752450575608915e-05,-0.002953881618340626,6.752450575608915e-05,6.752450575608915e-05,6.752450575608915e-05
2012-03-28,-0.0060069991858825444,-0.004773205446445617,-0.0060069991858825444,-0.0060069991858825444,-0.0060069991858825444
2012-03-29,0.0030383253885154504,-0.0011104755287886126,0.0030383253885154504,0.0030383253885154504,0.0030383253885154504
2012-03-30,-0.005849176760490571,0.0010776028066667332,-0.005849176760490571,-0.005849176760490571,-0.005849176760490571
2012-04-02,0.005310548302158269,0.007580435148048537,0.005310548302158269,0.005310548302158269,0.005310548302158269
2012-04-03,-0.017991215351990553,-0.006740829197621456,-0.017991215351990553,-0.017991215351990553,-0.017991215351990553
2012-04-04,-0.00152644853052597,-0.009706088778965404,-0.00152644853052597,-0.00152644853052597,-0.00152644853052597
2012-04-05,0.007109764053463641,0.0008499442488684283,0.007109764053463641,0.007109764053463641,0.007109764053463641
2012-04-09,0.015043350560538737,-0.006240792340960899,0.015043350560538737,0.015043350560538737,0.015043350560538737
2012-04-10,0.01108491214441476,-0.011716598087772956,0.01108491214441476,0.01108491214441476,0.01108491214441476
2012-04-11,-0.0060882930758306975,0.004717814719738633,-0.0060882930758306975,-0.0060882930758306975,-0.0060882930758306975
2012-04-12,0.002990089358678283,0.01175722632272429,0.002990089358678283,0.002990089358678283,0.002990089358678283
2012-04-13,0.002384337043329632,-0.010951991214925617,0.002384337043329632,0.002384337043329632,0.002384337043329632
2012-04-16,-0.0019401520096468117,-0.0018485257236526165,-0.0019401520096468117,-0.0019401520096468117,-0.0019401520096468117
2012-04-17,-0.0009542088438948548,0.012813820758091732,-0.0009542088438948548,-0.0009542088438948548,-0.0009542088438948548
2012-04-18,-0.001475007680545537,-0.0040992505227282925,-0.001475007680545537,-0.001475007680545537,-0.001475007680545537
2012-04-19,0.0008516199213564057,-0.004175552357441758,0.0008516199213564057,0.0008516199213564057,0.0008516199213564057
2012-04-20,0.0004357753604506964,0.0004214393290122631,0.0004357753604506964,0.0004357753604506964,0.0004357753604506964
2012-04-23,0.0021723638018872338,-0.005834311006028969,0.0021723638018872338,0.0021723638018872338,0.0021723638018872338
2012-04-24,-0.002797434526891296,0.002596672043323656,-0.002797434526891296,-0.002797434526891296,-0.002797434526891296
2012-04-25,-0.0015571187240305262,0.011705346376263293,-0.0015571187240305262,-0.0015571187240305262,-0.0015571187240305262
2012-04-26,0.007420572357338617,0.007328726271511332,0.007420572357338617,0.007420572357338617,0.007420572357338617
2012-04-27,0.0010026445117164624,0.00200397458837871,-2.5632792974850105e-05,0.0015167831640621188,0.0015167831640621188
2012-04-30,-0.00014529167726691958,-0.00271590971870036,-0.003817299246094308,0.0016907121071467746,0.0016907121071467746
2012-05-01,-0.0009529701896351384,0.003751572558827987,0.005769517113897615,-0.004314213841401515,-0.004314213841401515
2012-05-02,-0.00014227981894776587,-0.0021124936724371325,-0.0029424934077270093,0.0012578269754418558,0.0012578269754418558
2012-05-03,-0.006520804986908842,-0.00841593809086123,-0.009225297088834239,-0.005168558935946144,-0.005168558935946144
2012-05-04,-0.002425842625395247,-0.013456377219778493,-0.018267282654120476,0.0054948773889673674,0.0054948773889673674
2012-05-07,-0.0033465904393133275,0.00025600688511577817,-0.0077644709398428935,-0.0011376501890485446,-0.0011376501890485446
2012-05-08,-0.007031369357403117,-0.004122530059156082,-0.007031369357403117,-0.007031369357403117,-0.007031369357403117
2012-05-09,-0.004552527173924625,-0.005245245001243659,-0.004552527173924625,-0.004552527173924625,-0.004552527173924625
2012-05-10,-0.000491060800961507,0.0011393090130393357,-0.000491060800961507,-0.000491060800961507,-0.000491060800961507
2012-05-11,0.00022707415483147475,-0.002637385538962156,0.00022707415483147475,0.00022707415483147475,0.00022707415483147475
2012-05-14,-0.0002864430807173468,-0.009270559527974842,-0.0002864430807173468,-0.0002864430807173468,-0.0002864430807173468
2012-05-15,-0.003232963105053721,-0.005324874785004341,-0.003232963105053721,-0.003232963105053721,-0.003232963105053721
2012-05-16,0.0005150744354862624,-0.0044548729091269616,0.0005150744354862624,0.0005150744354862624,0.0005150744354862624
2012-05-17,0.019994711492806072,-0.00815564810571101,0.019994711492806072,0.019994711492806072,0.019994711492806072
2012-05-18,0.0058592569928310745,-0.006185564987144121,0.0058592569928310745,0.0058592569928310745,0.0058592569928310745
2012-05-21,-0.000720540899262101,0.014631549069176764,-0.000720540899262101,-0.000720540899262101,-0.000720540899262101
2012-05-22,-0.013896757229246881,-0.0033462275550959044,-0.013896757229246881,-0.013896757229246881,-0.013896757229246881
2012-05-23,0.001958502592441125,0.0015761015975082394,0.001958502592441125,0.001958502592441125,0.001958502592441125
2012-05-24,-0.002582375904548795,-4.713148882415918e-05,-0.002582375904548795,-0.002582375904548795,-0.002582375904548795
2012-05-25,0.006060831022375313,-0.0012832675640839675,0.006060831022375313,0.006060831022375313,0.006060831022375313
2012-05-29,-0.006955335808425778,0.008373681647906073,-0.006955335808425778,-0.006955335808425778,-0.006955335808425778
2012-05-30,0.01562759368887523,-0.008966516097106404,0.01562759368887523,0.01562759368887523,0.01562759368887523
2012-05-31,0.004825587084710148,-0.0010190377403839434,0.004825587084710148,0.004825587084710148,0.004825587084710148
2012-06-01,0.031141731890671043,-0.014702127704850187,0.031141731890671043,0.031141731890671043,0.031141731890671043
2012-06-04,-0.004521882568682245,-0.0008410173997438597,-0.004521882568682245,-0.004521882568682245,-0.004521882568682245
2012-06-05,-0.007270504227911756,0.004947382260345712,-0.007270504227911756,-0.007270504227911756,-0.007270504227911756
2012-06-06,-0.00974130717730648,0.017281054950480434,-0.00974130717730648,-0.00974130717730648,-0.00974130717730648
2012-06-07,-0.007835176060734694,-0.0025408131933665314,-0.007835176060734694,-0.007835176060734694,-0.007835176060734694
2012-06-08,0.0006879391745125973,0.006914409998177473,0.0006879391745125973,0.0006879391745125973,0.0006879391745125973
2012-06-11,0.004318327404223776,-0.010947449310211965,0.004318327404223776,0.004318327404223776,0.004318327404223776
2012-06-12,-0.0010370889859044885,0.009584393224408305,-0.0010370889859044885,-0.0010370889859044885,-0.0010370889859044885
2012-06-13,0.00704592690324346,-0.003967606973725346,0.00704592690324346,0.00704592690324346,0.00704592690324346
2012-06-14,0.0013690446402108147,0.008814491667890023,0.0013690446402108147,0.0013690446402108147,0.0013690446402108147
2012-06-15,0.0030720211177530654,0.0099145747357553,0.0030720211177530654,0.0030720211177530654,0.0030720211177530654
2012-06-18,0.0029773767545535623,0.0016347408230250604,0.0029773767545535623,0.0029773767545535623,0.0029773767545535623
2012-06-19,-0.008979104492547352,0.007486048770777298,-0.008979104492547352,-0.008979104492547352,-0.008979104492547352
2012-06-20,-0.0012945017933475578,-0.0008571046345598798,-0.0012945017933475578,-0.0012945017933475578,-0.0012945017933475578
2012-06-21,-0.010043777271448895,-0.021173009685643694,-0.010043777271448895,-0.010043777271448895,-0.010043777271448895
2012-06-22,-0.004640960840829433,0.00639725247575017,-0.004640960840829433,-0.004640960840829433,-0.004640960840829433
2012-06-25,0.010938386282842272,-0.011661997922631274,0.010938386282842272,0.010938386282842272,0.010938386282842272
2012-06-26,-0.005678791088557844,0.002913172830900834,-0.005678791088557844,-0.005678791088557844,-0.005678791088557844
2012-06-27,0.0014833798605842219,0.009140713913279485,0.0014833798605842219,0.0014833798605842219,0.0014833798605842219
2012-06-28,-0.004602032635869446,-0.003304786287830641,-0.004602032635869446,-0.004602032635869446,-0.004602032635869446
2012-06-29,0.007202837752921631,0.022398882164758115,0.007202837752921631,0.007202837752921631,0.007202837752921631
2012-07-02,0.004832162386943173,0.00418348911139087,0.004832162386943173,0.004832162386943173,0.004832162386943173
2012-07-03,0.003786237326276254,0.007885847340858464,0.003786237326276254,0.003786237326276254,0.003786237326276254
2012-07-05,-0.0030933386386622352,-0.004829915053295298,-0.0030933386386622352,-0.0030933386386622352,-0.0030933386386622352
2012-07-06,-0.001692998824749492,-0.00875716597557078,-0.001692998824749492,-0.001692998824749492,-0.001692998824749492
2012-07-09,0.005477106251243313,-0.00012866134448925594,0.005477106251243313,0.005477106251243313,0.005477106251243313
2012-07-10,-0.00508322775611203,-0.008604781679077434,-0.00508322775611203,-0.00508322775611203,-0.00508322775611203
2012-07-11,0.0033812656686642573,0.0011032125017382487,0.0033812656686642573,0.0033812656686642573,0.0033812656686642573
2012-07-12,0.0022521999348597,-0.003712154880905827,0.0022521999348597,0.0022521999348597,0.0022521999348597
2012-07-13,0.0037600007407910807,0.013816971020321155,0.0037600007407910807,0.0037600007407910807,0.0037600007407910807
2012-07-16,0.0025594529381400832,-0.0005996140435243103,0.0025594529381400832,0.0025594529381400832,0.0025594529381400832
2012-07-17,-0.006335084006788394,0.0043169308434320205,-0.006335084006788394,-0.006335084006788394,-0.006335084006788394
2012-07-18,-0.0010893976018062634,0.005660653449198605,-0.0010893976018062634,-0.0010893976018062634,-0.0010893976018062634
2012-07-19,-0.00020007589187642782,0.0018279174661308462,-0.00020007589187642782,-0.00020007589187642782,-0.00020007589187642782
2012-07-20,0.00704999063032008,-0.006627921543628701,0.00704999063032008,0.00704999063032008,0.00704999063032008
2012-07-23,0.0007400918052316019,-0.008503486485462642,0.0007400918052316019,0.0007400918052316019,0.0007400918052316019
2012-07-24,0.0055489558913359716,-0.0066892635221438845,0.0055489558913359716,0.0055489558913359716,0.0055489558913359716
2012-07-25,0.008287018552815661,0.002269551975105133,0.008287018552815661,0.008287018552815661,0.008287018552815661
2012-07-26,-0.001050600568582638,0.012141681228471191,-0.001050600568582638,-0.001050600568582638,-0.001050600568582638
2012-07-27,-0.006996639877882016,0.014920408393375694,-0.006996639877882016,-0.006996639877882016,-0.006996639877882016
2012-07-30,0.0033924589578142594,-0.00024656362350672367,0.0033924589578142594,0.0033924589578142594,0.0033924589578142594
2012-07-31,-0.0019784061525349728,-0.004334506252635484,-0.0019784061525349728,-0.0019784061525349728,-0.0019784061525349728
2012-08-01,-0.00681020428193424,-0.0038535754604583916,-0.00681020428193424,-0.00681020428193424,-0.00681020428193424
2012-08-02,-0.00042236851962884625,-0.00623729127073116,-0.00042236851962884625,-0.00042236851962884625,-0.00042236851962884625
2012-08-03,-0.003477793358450998,0.015125573724059527,-0.003477793358450998,-0.003477793358450998,-0.003477793358450998
2012-08-06,0.002606178834421824,0.003794780331762859,0.002606178834421824,0.002606178834421824,0.002606178834421824
2012-08-07,-0.006499465270190519,0.003652192409233912,-0.006499465270190519,-0.006499465270190519,-0.006499465270190519
2012-08-08,-0.002017528427589954,0.0001323340902884773,-0.002017528427589954,-0.002017528427589954,-0.002017528427589954
2012-08-09,0.001272826698199614,0.0020289614389945474,0.001272826698199614,0.001272826698199614,0.001272826698199614
2012-08-10,0.003132990029907079,0.0016677000328326863,0.003132990029907079,0.003132990029907079,0.003132990029907079
2012-08-13,-0.004618396181591988,-0.0013980879859641694,-0.004618396181591988,-0.004618396181591988,-0.004618396181591988
2012-08-14,-0.00953350772343009,-0.0023083689932700824,-0.00953350772343009,-0.00953350772343009,-0.00953350772343009
2012-08-15,-0.005429096652025622,0.0007957818762163282,-0.005429096652025622,-0.005429096652025622,-0.005429096652025622
2012-08-16,-0.0012713034011549995,0.0060228643748659995,-0.0012713034011549995,-0.0012713034011549995,-0.0012713034011549995
2012-08-17,0.0029489818585453076,0.0023465507128753948,0.0029489818585453076,0.0029489818585453076,0.0029489818585453076
2012-08-20,0.0027527976998469317,0.0006784962478613265,0.0027527976998469317,0.0027527976998469317,0.0027527976998469317
2012-08-21,0.007213062269781023,-0.0007530013520536394,0.007213062269781023,0.007213062269781023,0.007213062269781023
2012-08-22,0.013614009515370507,0.002958639137636532,0.013614009515370507,0.013614009515370507,0.013614009515370507
2012-08-23,0.0062891820215138505,-0.004948094567850525,0.0062891820215138505,0.0062891820215138505,0.0062891820215138505
2012-08-24,-0.00022728450264930533,0.00481978901730139,-0.00022728450264930533,-0.00022728450264930533,-0.00022728450264930533
2012-08-27,0.0010389416097582593,0.0006213125862868374,0.0010389416097582593,0.0010389416097582593,0.0010389416097582593
2012-08-28,0.002062080274880307,0.00017154545963110612,0.002062080274880307,0.002062080274880307,0.002062080274880307
2012-08-29,-0.005434734058930135,-0.000590950770364429,-0.005434734058930135,-0.005434734058930135,-0.005434734058930135
2012-08-30,0.002385748368056051,-0.006047391203385688,0.002385748368056051,0.002385748368056051,0.002385748368056051
2012-08-31,0.018578498276426103,0.008843932065259774,0.018578498276426103,0.018578498276426103,0.018578498276426103
2012-09-04,0.00029290341707000067,2.400970998659435e-05,0.00029290341707000067,0.00029290341707000067,0.00029290341707000067
2012-09-05,-0.0028731542848563496,-0.0010837337766732348,-0.0028731542848563496,-0.0028731542848563496,-0.0028731542848563496
2012-09-06,-0.006575388381328318,0.01496225744976969,-0.006575388381328318,-0.006575388381328318,-0.006575388381328318
2012-09-07,0.008471363626777029,0.005315951196939006,0.008471363626777029,0.008471363626777029,0.008471363626777029
2012-09-10,-0.0022038668710193665,-0.0057683630713469495,-0.0022038668710193665,-0.0022038668710193665,-0.0022038668710193665
2012-09-11,-0.0013131421731057413,0.0027440476895808975,-0.0013131421731057413,-0.0013131421731057413,-0.0013131421731057413
2012-09-12,-0.006169835206842111,0.001706624517586508,-0.006169835206842111,-0.006169835206842111,-0.006169835206842111
2012-09-13,0.008134069173882041,0.013933480044474556,0.008134069173882041,0.008134069173882041,0.008134069173882041
2012-09-14,-0.011902214081101037,0.002448581475736489,-0.011902214081101037,-0.011902214081101037,-0.011902214081101037
2012-09-17,0.001917643842293426,-0.0016216146603630134,0.001917643842293426,0.001917643842293426,0.001917643842293426
2012-09-18,0.006382787872512008,0.00019565473376927933,0.006382787872512008,0.006382787872512008,0.006382787872512008
2012-09-19,0.0033451827499817455,-1.378486550449587e-05,0.0033451827499817455,0.0033451827499817455,0.0033451827499817455
2012-09-20,0.0004679737548927143,-0.00032932256057678356,0.0004679737548927143,0.0004679737548927143,0.0004679737548927143
2012-09-21,0.002026358975914855,0.0008768981893605976,0.002026358975914855,0.002026358975914855,0.002026358975914855
2012-09-24,0.0012636905783660612,-0.0017268617229163174,0.0012636905783660612,0.0012636905783660612,0.0012636905783660612
2012-09-25,0.004121626575914972,-0.007891832679631738,0.004121626575914972,0.004121626575914972,0.004121626575914972
2012-09-26,0.002562473159855805,-0.004652185428820588,0.002562473159855805,0.002562473159855805,0.002562473159855805
2012-09-27,0.0038732552781998164,0.008846332020644276,0.0038732552781998164,0.0038732552781998164,0.0038732552781998164
2012-09-28,-0.0010187425377573556,-0.004539472016212509,-0.0010187425377573556,-0.0010187425377573556,-0.0010187425377573556
2012-10-01,0.003023035162162069,0.0029261311965364965,0.003023035162162069,0.003023035162162069,0.003023035162162069
2012-10-02,-0.0012310131384873912,0.001061370757193425,-0.0012310131384873912,-0.0012310131384873912,-0.0012310131384873912
2012-10-03,0.0010647239315169088,0.002143514171359784,0.0010647239315169088,0.0010647239315169088,0.0010647239315169088
2012-10-04,-0.0027680707604144095,0.005236305229244798,-0.0027680707604144095,-0.0027680707604144095,-0.0027680707604144095
2012-10-05,-0.009337762687586348,-0.002897232587769083,-0.009337762687586348,-0.009337762687586348,-0.009337762687586348
2012-10-08,0.0025577662045297433,-0.0026099084261617667,0.0025577662045297433,0.0025577662045297433,0.0025577662045297433
2012-10-09,-0.0039762422100919625,-0.008311993663289153,-0.0039762422100919625,-0.0039762422100919625,-0.0039762422100919625
2012-10-10,0.0030996587926771513,-0.004725248492997447,0.0030996587926771513,0.0030996587926771513,0.0030996587926771513
2012-10-11,0.0048894399968033575,0.0019518291257051069,0.0048894399968033575,0.0048894399968033575,0.0048894399968033575
2012-10-12,-0.0024249139922957186,-0.003803203399591071,-0.0024249139922957186,-0.0024249139922957186,-0.0024249139922957186
2012-10-15,-0.006163077461890598,0.005251203007098648,-0.006163077461890598,-0.006163077461890598,-0.006163077461890598
2012-10-16,-0.00374912369791347,0.008029413492724003,-0.00374912369791347,-0.00374912369791347,-0.00374912369791347
2012-10-17,-0.004281639404738691,0.0025715832808775097,-0.004281639404738691,-0.004281639404738691,-0.004281639404738691
2012-10-18,-0.00526864953016426,-0.004033629084598233,-0.00526864953016426,-0.00526864953016426,-0.00526864953016426
2012-10-19,0.0013835187055781795,-0.014308842521855825,0.0013835187055781795,0.0013835187055781795,0.0013835187055781795
2012-10-22,-0.0013795249585051295,0.00047999061805317214,-0.0013795249585051295,-0.0013795249585051295,-0.0013795249585051295
2012-10-23,0.0007160836123577541,-0.010886856579354499,0.0007160836123577541,0.0007160836123577541,0.0007160836123577541
2012-10-24,-0.006655693911710836,-0.0035937211337231157,-0.006655693911710836,-0.006655693911710836,-0.006655693911710836
2012-10-25,0.0009740388504931863,0.0028883437832538327,0.0009740388504931863,0.0009740388504931863,0.0009740388504931863
2012-10-26,0.007081511966347542,0.0005818658014717481,0.007081511966347542,0.007081511966347542,0.007081511966347542
2012-10-31,0.005645250246183009,0.00044785569075599384,0.005645250246183009,0.005645250246183009,0.005645250246183009
2012-11-01,-0.006373939102786608,0.0074405667159555215,-0.006373939102786608,-0.006373939102786608,-0.006373939102786608
2012-11-02,-0.01559013212442358,-0.010791801928409428,-0.025120976477057133,-0.010824709948106803,-0.010824709948106803
2012-11-05,0.004363361002215497,0.003809415331587629,0.0035754833964705135,0.004757299805087989,0.004757299805087989
2012-11-06,0.005148162682224844,0.006830103977633317,0.006112120039828972,0.00466618400342278,0.00466618400342278
2012-11-07,0.005060891009266433,-0.01736317031590433,-0.004106146561347002,0.00964440979457315,0.00964440979457315
2012-11-08,0.012507441772124261,-0.008038969647383144,0.013648188926054017,0.011937068195159384,0.011937068195159384
2012-11-09,5.213420315286488e-05,0.0015289314382487041,5.213420315286488e-05,5.213420315286488e-05,5.213420315286488e-05
2012-11-12,-0.000266413695130141,0.0005780751270526352,-0.000266413695130141,-0.000266413695130141,-0.000266413695130141
2012-11-13,0.000623894048719098,-0.0038859133978581205,0.000623894048719098,0.000623894048719098,0.000623894048719098
2012-11-14,-0.006235883445704434,-0.010806778547375318,-0.019925673957077228,0.000609011809981963,0.000609011809981963
2012-11-15,-0.003575092022159813,-0.002579295132170978,-0.002474782747852955,-0.004125246659313242,-0.004125246659313242
2012-11-16,-0.0010664134714494233,0.0038258679204809854,-0.0010664134714494233,-0.0010664134714494233,-0.0010664134714494233
2012-11-19,0.003189892124894733,0.01677589858305052,0.003189892124894733,0.003189892124894733,0.003189892124894733
2012-11-20,-0.004205407325714876,-0.0007208292551848961,0.0002772304307754325,-0.006446726203960029,-0.006446726203960029
2012-11-21,0.0010048507008369272,0.002093573765980261,0.0025592800360009216,0.00022763603325492987,0.00022763603325492987
2012-11-23,0.008206599734268627,0.01184611217534165,0.013362632280952136,0.0056285834609268726,0.0056285834609268726
2012-11-26,0.000778047095257491,-0.0007292420451834536,-0.0013655506649656868,0.00184984597536908,0.00184984597536908
2012-11-27,-0.0019403633089976058,-0.0044228544156790115,-0.005494242259975302,-0.0001634238335087579,-0.0001634238335087579
2012-11-28,-0.002230365225204626,0.004498578587783364,0.007464074714065738,-0.007077585194839808,-0.007077585194839808
2012-11-29,0.0031937917356548162,0.004904600350761346,0.0056371374569992305,0.001972118874982609,0.001972118874982609
2012-11-30,-0.0033908118968349887,-0.001508415537028518,-0.0006998571801849485,-0.004736289255160009,-0.004736289255160009
2012-12-03,-0.0005548165897244495,-0.0023723497715029684,-0.003094725480988547,0.0007151378559075994,0.0007151378559075994
2012-12-04,-0.0018251817581721823,-0.0012260964330826573,-0.0009676519528769578,-0.0022539466608197944,-0.0022539466608197944
2012-12-05,-0.000422539055019322,0.0006032234537765024,0.0010357178504530884,-0.0011516675077555272,-0.0011516675077555272
2012-12-06,0.0026249851074886164,0.0031573036155682745,0.003395103082923012,0.002239926119771418,0.002239926119771418
2012-12-07,-0.001059290828947142,0.0011094830680770996,0.002049919022746982,-0.0026138957547942043,-0.0026138957547942043
2012-12-10,0.0032729045028773904,0.0020409896724778998,0.0015191728052873499,0.0041497703516724105,0.0041497703516724105
2012-12-11,0.00012179759682181175,0.006264402108487954,0.008875449483485287,-0.004255028346509926,-0.004255028346509926
2012-12-12,-0.003724788191943625,-0.0013277603802682946,-0.0002851082588650744,-0.0054446281584829,-0.0054446281584829
2012-12-13,-0.004881110473929732,-0.006331007123830601,-0.006953894577231057,-0.00384471842227907,-0.00384471842227907
2012-12-14,0.0004404488445331663,-0.003161959507675416,-0.00471016517546663,0.0030157558545330643,0.0030157558545330643
2012-12-17,-0.0003507833994984555,0.008335804125461376,0.012031913801440641,-0.006542131999968004,-0.006542131999968004
2012-12-18,-0.0038530801956179563,0.00795856432773635,0.012992006589926719,-0.012275623588390294,-0.012275623588390294
2012-12-19,-0.0015723071408335991,-0.00442596797567274,-0.005636347793609997,0.00045971318555459995,0.00045971318555459995
2012-12-20,-0.0023641154648419427,0.002697085144089062,0.0048647757923385715,-0.0059785610934322,-0.0059785610934322
2012-12-21,0.00198793781385224,-0.005549430314373938,-0.008709938150444518,0.007336875796000619,0.007336875796000619
2012-12-24,-0.0013450204132627874,-0.0032360708583377027,-0.00404745508904214,6.196924626888922e-06,6.196924626888922e-06
2012-12-26,8.480073209674958e-05,-0.003027621823864879,-0.004345280385335437,0.002299841290812843,0.002299841290812843
2012-12-27,0.0037709933758464467,-0.0007537472843368364,0.005576234411449388,0.0028683728580449763,0.0028683728580449763
2012-12-28,0.0009286762523512682,-0.008375121965220177,0.0009286762523512682,0.0009286762523512682,0.0009286762523512682
2012-12-31,-0.004043593428563308,0.012716755333945484,-0.004043593428563308,-0.004043593428563308,-0.004043593428563308
2013-01-02,-0.003135724557685182,0.02094771185322768,-0.003135724557685182,-0.003135724557685182,-0.003135724557685182
2013-01-03,-0.010467746327084249,-0.004304640556615502,-0.005754761202777403,-0.012824238889237671,-0.012824238889237671
2013-01-04,0.0011993526902424427,0.003423303246854692,0.004374769882259377,-0.00038835590576602463,-0.00038835590576602463
2013-01-07,-0.0027302259590145463,-0.002443805813656874,-0.0023192460170758933,-0.002935715929983873,-0.002935715929983873
2013-01-08,0.0037805079695187502,-0.0004923821691613761,-0.002325548294768276,0.006833536101662263,0.006833536101662263
2013-01-09,0.000624505354463493,0.002450683506323914,0.003231189796566447,-0.000678836866587984,-0.000678836866587984
2013-01-10,0.004500491359816339,0.006250029724595818,0.006993048352356368,0.003254212863546324,0.003254212863546324
2013-01-11,0.0011319934252210784,0.00043729769649824,0.00014150949633340293,0.001627235389664916,0.001627235389664916
2013-01-14,-0.0004025465329901001,-0.0011328314237854299,-0.001443157097496317,0.00011775874926300833,0.00011775874926300833
2013-01-15,0.0037559570759390835,0.0013351737030843024,0.00032572230966609883,0.0054710744590755755,0.0054710744590755755
2013-01-16,0.001125404497027101,0.0008498116468526829,0.0007342765808948659,0.0013209684550932188,0.0013209684550932188
2013-01-17,3.6265819280734135e-05,0.004051611006054589,0.005766076684533994,-0.0028286396133458958,-0.0028286396133458958
2013-01-18,0.002829926183978926,0.002498227245995721,0.002356576041513958,0.0030666012552114097,0.0030666012552114097
2013-01-22,0.00364050593620191,0.0048943632444476085,0.005438027100368226,0.002741745354118752,0.002741745354118752
2013-01-23,-0.0007697330212208531,0.0011663102359940835,0.0019940894597294534,-0.0021516442616960063,-0.0021516442616960063
2013-01-24,-0.0051944229358851235,-0.00232605501057932,-0.00110405090596144,-0.007239608950846965,-0.007239608950846965
2013-01-25,-0.004282185125687565,0.0026715037264501197,0.005643378518366715,-0.009244966947714706,-0.009244966947714706
2013-01-28,-0.002113926117523183,-0.0009744625422851483,-0.00047871522297449065,-0.0029315315647975293,-0.0029315315647975293
2013-01-29,0.0013273402013517603,0.003996984928222924,0.005140541980334534,-0.0005792606881396267,-0.0005792606881396267
2013-01-30,0.0003779013507654305,-0.003127483442688217,-0.004626448278525874,0.002880076165411083,0.002880076165411083
2013-01-31,-0.0006335716213307455,-0.0006601233582196775,-0.0006710446506439371,-0.0006148351066741498,-0.0006148351066741498
2013-02-01,-0.00036393081268400646,0.007078431065817581,0.010255522718796817,-0.005673657578424418,-0.005673657578424418
2013-02-04,-0.0022542873517502247,-0.007794959007154179,-0.011798077517518601,-0.003066883505528306,0.008102098967796234
2013-02-05,0.0051910112937938084,0.0071587184366710965,0.010069460580452994,0.010069460580452994,-0.004565887279524561
2013-02-06,0.0022209737667185556,0.0015674201304050172,0.0006221942193441743,0.0006221942193441743,0.005418532861467318
2013-02-07,-0.0021757051610156917,-0.0020536856146915806,-0.001864317644320601,-0.001864317644320601,-0.0027984801944058724
2013-02-08,0.004851832609363875,0.005611020179377235,0.006730909690139342,0.006730909690139342,0.0010936784478129402
2013-02-11,-0.00230730423369511,-0.0015338966403996568,-0.0003746376085577152,-0.0003746376085577152,-0.0061726374839699005
2013-02-12,0.0007726918791776857,0.0010567970668468596,0.0014800326147277332,0.0014800326147277332,-0.0006419895919224095
2013-02-13,-0.0015994849373790105,-0.000580755781001041,0.0009494021452037815,0.0009494021452037815,-0.006697259102544595
2013-02-14,0.001994179016459189,0.00191561716998363,0.001825826851500123,0.001825826851500123,0.0023308833463773215
2013-02-15,-0.004756145741734515,-0.0037757263564490496,-0.002310895212000119,-0.002310895212000119,-0.009646646801203307
2013-02-19,0.0038233387628588966,0.005365437913479576,0.007666551968871671,0.007666551968871671,-0.003863087649166652
2013-02-20,-0.012873668993653128,-0.013230722579660893,-0.01378752307417519,-0.01378752307417519,-0.011045960832609003
2013-02-21,-0.0024634143918634463,-0.004310988450766262,-0.007102955596115068,-0.007102955596115068,0.006815668016639798
2013-02-22,0.007229353490039688,0.008394918104900718,0.010098493593888147,0.010098493593888147,0.0014910732823427697
2013-02-25,-0.007417631944417173,-0.011866918371342638,-0.01829505683249877,-0.01829505683249877,0.014337217831746019
2013-02-26,0.005911937180299994,0.005254567720352288,0.00877544451958634,0.00576308271726278,0.0031972843040508625
2013-02-27,-0.0004644958896961408,0.008317120799991562,-0.006745134601732317,0.01209678153437621,-0.006745134601732317
2013-02-28,-0.002902571090146392,-0.00194462068649236,-0.003159752200006638,-0.0013937374664528823,-0.0041542236039796565
2013-03-01,0.0027100532063658958,0.003047976997099455,0.003618284724694165,0.003618284724694165,0.0008935901697093573
2013-03-04,0.0014397924280817136,0.00233783759913081,0.0037144497107211016,0.0037144497107211016,-0.0031095221371970627
2013-03-05,0.006399376048653409,0.007929600993272112,0.010183716710183255,0.010183716710183255,-0.0011693052744062848
2013-03-06,0.0006055146412372222,0.0010713421938512325,0.0017826992123285423,0.0017826992123285423,-0.0017488545009454182
2013-03-07,0.0002311514540150513,0.0014032274582334247,0.0031553216405496576,0.0031553216405496576,-0.005617188919054161
2013-03-08,0.0008213641549809821,0.002008468200729363,0.003802762890900757,0.003802762890900757,-0.005141433316858568
2013-03-11,0.00265274364819749,0.002900509603370094,0.0032804102955874548,0.0032804102955874548,0.0013974103534175608
2013-03-12,0.0015861679145438383,0.0003994454274032888,-0.0013859717025445084,-0.0013859717025445084,0.0075304471487205316
2013-03-13,-0.00038789546828899013,-1.9205272641853453e-05,0.0005351963773502222,0.0005351963773502222,-0.0022340791595674148
2013-03-14,0.003939381585692477,0.005021053983888279,0.0066306965256999195,0.0066306965256999195,-0.0014432482943224079
2013-03-15,0.0003136607240762738,-0.00030082181029031927,-0.0012215672267256172,-0.0012215672267256172,0.003384116625680056
2013-03-18,-0.000680480012503315,-0.0025071175169273595,-0.00516614146650618,-0.00516614146650618,0.008290842895502415
2013-03-19,0.0031931060361653683,-0.0013430523291323548,0.007016571900192892,-0.003075901522395008,0.005638647730698221
2013-03-20,-0.003060257400617846,0.003665290582976222,-0.007860944772782097,0.006541117343710656,-0.007860944772782097
2013-03-21,0.0004196362089831096,-0.005361303922690885,0.002237787451267237,-0.008627655631988418,0.00764877680767051
2013-03-22,0.002715010010104842,0.00521299299189647,0.0030298073677114123,0.00697069608162626,-0.0018554734190231459
2013-03-25,-0.001956170887180512,-0.0026713672942054512,-0.0014559617390518254,-0.0029565891834378855,-0.0014559617390518254
2013-03-26,0.0016041566577251014,0.005699294412573552,-0.0014980967288321656,0.007383297445123782,-0.0010727307431163124
2013-03-27,0.0021732993906689777,0.001318243819402798,9.591364285721493e-05,9.591364285721493e-05,0.006328070886292503
2013-03-28,-0.0001610683201318519,0.0009003739149152423,0.0024909522473451906,0.0024909522473451906,-0.005465109455085937
2013-04-01,-0.0014054019099465354,-0.002580869697269672,-0.0043469536131076625,-0.0043469536131076625,0.004477701496375719
2013-04-02,-0.0004569384427834204,0.0013096649594245724,0.003954835835384141,0.003954835835384141,-0.009280486999118542
2013-04-03,-0.007998711451227769,-0.009388913865500347,-0.011452184676819188,-0.011452184676819188,-0.0010917650000449308
2013-04-04,0.003978098222049642,0.003874887925199222,0.003713578813351215,0.003713578813351215,0.004507137039446496
2013-04-05,0.0035367906269695806,0.00046566708872886053,-0.003925524382759393,-0.003925524382759393,0.01846142064642753
2013-04-08,0.0019052673951066208,0.003480018894823922,0.005836165766692103,0.005836165766692103,-0.005956529348064343
2013-04-09,0.0035966590955181696,0.0037899685679798623,0.004071989823550948,0.004071989823550948,0.002645997639452613
2013-04-10,0.004194926351887636,0.0081317062800903,0.013961559901670029,0.013961559901670029,-0.015338340747677148
2013-04-11,0.0024294339409407506,0.002524845533942344,0.0026671475811020917,0.0026671475811020917,0.0019540066606180684
2013-04-12,-0.007849387410277483,-0.00615183352190225,-0.003679082052332139,-0.003679082052332139,-0.01618999812616817
2013-04-15,-0.029629148786964727,-0.027380325043008545,-0.024425382255438333,-0.024425382255438333,-0.04003668185001752
2013-04-16,0.004984597378977125,0.011373373803102127,-0.0005071214212359898,0.013785827485657931,0.0016750860725094352
2013-04-17,-0.0054216592144806786,-0.011948294132201642,-0.003968370376332131,-0.015890951781494134,0.003594344514384229
2013-04-18,0.0006466792992432616,-0.004238455392154827,0.0022782771609193286,-0.006937902416291997,0.006599663153102453
2013-04-19,0.0047910488560537106,0.006862268794466908,0.0033119785388656675,0.0077491894904297975,0.0033119785388656675
2013-04-22,0.008084363303079378,0.0063263317128237516,0.009343743934886017,0.0055656020394661,0.009343743934886017
2013-04-23,0.00022555556210823724,0.00819001724672711,-0.0054456910613852605,0.011568048809095233,-0.0054456910613852605
2013-04-24,0.004077097365893197,0.0020230518732268442,0.004675973762616525,0.0008517684750822818,0.006703549859980784
2013-04-25,0.00587232588619017,0.005137804537609048,0.004014597171374534,0.004014597171374534,0.009587783315821441
2013-04-26,-0.0006480362839186293,-0.0011890847200684118,-0.001995536356491079,-0.001995536356491079,0.0020469638612262697
2013-04-29,0.006167073097689009,0.006788251571508475,0.007696534077672457,0.007696534077672457,0.003108151137722115
2013-04-30,0.0028379728989164446,0.0030208136851992418,0.0032881649312057615,0.0032881649312057615,0.0019375888343378112
2013-05-01,-0.007942642374478578,-0.009381369499693658,-0.011579280256121205,-0.011579280256121205,-0.0006693666111933227
2013-05-02,0.008376700872623063,0.00962373294468547,0.011451194689815036,0.011451194689815036,0.002227713238239115
2013-05-03,0.003930163900031684,0.006979742753525997,0.01150667882076295,0.01150667882076295,-0.011222865941430848
2013-05-06,0.002074739909446399,0.0026978892005814934,0.003625580608144663,0.003625580608144663,-0.0010269414879501282
2013-05-07,8.714334771768122e-05,0.0017429862132855578,0.0042177627853822175,0.0042177627853822175,-0.008174095527611391
2013-05-08,0.0058749206467757125,0.005411454346363342,0.0047188093364900485,0.0047188093364900485,0.008187143267347041
2013-05-09,-0.003859998962340535,-0.003214014900387574,-0.0022473862609431183,-0.0022473862609431183,-0.0070852243651353675
2013-05-10,-0.0007192361973749062,0.0010571775322777976,0.0037353986191310806,0.0037353986191310806,-0.00962850583038688
2013-05-13,-0.003221749699968135,-0.0007169125524150056,0.001112741175952059,-0.0027547012502456836,-0.00802328902561078
2013-05-14,-0.001717678330948195,0.006597670796329902,0.010156681086572306,-0.007654858039708445,-0.007654858039708445
2013-05-15,-0.00428935207043694,0.001215622626364099,0.003573094528310339,-0.008220575369810579,-0.008220575369810579
2013-05-16,0.0010120491820869344,-0.002056519615675223,-0.003373982284433641,0.003205064915347222,0.003205064915347222
2013-05-17,-0.008273427290545957,0.004843465661283919,0.010427342600807687,-0.01762381223622278,-0.01762381223622278
2013-05-20,0.01027468662285791,0.0038330769366132556,0.0010823270328063073,0.01487086641788371,0.01487086641788371
2013-05-21,-0.0023002793128521493,0.0005304039368774993,0.0017498668584756683,-0.004325352398516058,-0.004325352398516058
2013-05-22,-0.010108174963100902,-0.009000490594977761,-0.008493499357621559,-0.010915512765840574,-0.010915512765840574
2013-05-23,0.007910530514419886,0.0014257305000967891,-0.0012561106087882745,0.012493851076023965,0.012493851076023965
2013-05-24,-0.0021007209938771108,-0.001598326020317975,-0.0013560158821357415,-0.002473073549747795,-0.002473073549747795
2013-05-28,-0.006282154806090438,0.004098096285545782,0.008573664455197472,-0.013710064436734393,-0.013710064436734393
2013-05-29,0.00509775850471017,-0.0026398612230689733,-0.005960942724660856,0.010627109119395683,0.010627109119395683
2013-05-30,0.005503609239882357,0.005205404265572267,0.005072401452106412,0.005719213133770329,0.005719213133770329
2013-05-31,-0.012772076862009726,-0.013975580673217414,-0.014537557483151886,-0.011889336551438645,-0.011889336551438645
2013-06-03,0.010117254911142792,0.007059380598554044,0.005738066623953264,0.012306849054737556,0.012306849054737556
2013-06-04,-0.008395626286126482,-0.00711710669896809,-0.00656794719518794,-0.009309465831595753,-0.009309465831595753
2013-06-05,0.0008252274902020851,-0.009149016175933666,-0.013452588513269692,0.007964135491937974,0.007964135491937974
2013-06-06,0.003864685618478562,0.007590382877516355,0.0047384474631709805,0.0034278046961323527,0.0034278046961323527
2013-06-07,-0.02088943354118944,0.005446055703005192,-0.02088943354118944,-0.02088943354118944,-0.02088943354118944
2013-06-10,8.914569989149079e-05,0.0007297812951941429,8.914569989149079e-05,8.914569989149079e-05,8.914569989149079e-05
2013-06-11,0.00340687748862345,-0.00771594874167284,0.00340687748862345,0.00340687748862345,0.00340687748862345
2013-06-12,-0.003406531980942762,-0.007904664812122486,-0.003406531980942762,-0.003406531980942762,-0.003406531980942762
2013-06-13,0.00592561914360068,0.013285980733705405,0.00592561914360068,0.00592561914360068,0.00592561914360068
2013-06-14,0.0013947516592570652,-0.005707091891235449,0.0013947516592570652,0.0013947516592570652,0.0013947516592570652
2013-06-17,-0.0050884807464739445,0.0056827381083254915,-0.0050884807464739445,-0.0050884807464739445,-0.0050884807464739445
2013-06-18,-0.00587060446748755,0.0053469497078147635,-0.00587060446748755,-0.00587060446748755,-0.00587060446748755
2013-06-19,-0.010964338302463017,-0.012261314669243984,-0.010964338302463017,-0.010964338302463017,-0.010964338302463017
2013-06-20,-0.03511567821199901,-0.02666932440310409,-0.03511567821199901,-0.03511567821199901,-0.03511567821199901
2013-06-21,-0.0026148170009479,0.0005126393772967641,-0.0026148170009479,-0.0026148170009479,-0.0026148170009479
2013-06-24,-0.0023949976033303955,-0.010353243282124924,-0.0023949976033303955,-0.0023949976033303955,-0.0023949976033303955
2013-06-25,-0.006311105262012395,0.006579109003814532,-0.006311105262012395,-0.006311105262012395,-0.006311105262012395
2013-06-26,-0.017859875726972008,0.0034583981819482634,-0.017859875726972008,-0.017859875726972008,-0.017859875726972008
2013-06-27,-0.004737486211198516,0.004682553911313459,-0.004737486211198516,-0.004737486211198516,-0.004737486211198516
2013-06-28,0.017162328798867366,-0.0005531455425980103,0.017162328798867366,0.017162328798867366,0.017162328798867366
2013-07-01,0.009476415508757663,0.007135144351465272,0.009476415508757663,0.009476415508757663,0.009476415508757663
2013-07-02,-0.0047703379067560725,-0.0011342686534384638,-0.0047703379067560725,-0.0047703379067560725,-0.0047703379067560725
2013-07-03,0.0013778146720269113,0.001403949006259575,0.0013778146720269113,0.0013778146720269113,0.0013778146720269113
2013-07-05,-0.028075948658253913,0.0036933465215291173,-0.028075948658253913,-0.028075948658253913,-0.028075948658253913
2013-07-08,0.010847125068219388,0.005805068078255982,0.010847125068219388,0.010847125068219388,0.010847125068219388
2013-07-09,0.005162120319461838,0.006336612165453825,0.005162120319461838,0.005162120319461838,0.005162120319461838
2013-07-10,-0.0025410425406907633,9.416721138801875e-05,-0.0025410425406907633,-0.0025410425406907633,-0.0025410425406907633
2013-07-11,0.019460140857046282,0.014239445188760903,0.019460140857046282,0.019460140857046282,0.019460140857046282
2013-07-12,-0.0008463244108403156,0.0023039878701841656,-0.0008463244108403156,-0.0008463244108403156,-0.0008463244108403156
2013-07-15,0.0028464043945219952,0.0030975143749212065,0.0028464043945219952,0.0028464043945219952,0.0028464043945219952
2013-07-16,0.004565458159444091,-0.0018362904704596894,0.004565458159444091,0.004565458159444091,0.004565458159444091
2013-07-17,-0.005357438942718007,0.0011548411289036165,-0.005357438942718007,-0.005357438942718007,-0.005357438942718007
2013-07-18,-0.0034534655219147226,0.003273158537732379,-0.0034534655219147226,-0.0034534655219147226,-0.0034534655219147226
2013-07-19,0.012323240660279788,0.0028311260808422055,0.012323240660279788,0.012323240660279788,0.012323240660279788
2013-07-22,0.01559240257777983,0.004955739476352372,0.01559240257777983,0.01559240257777983,0.01559240257777983
2013-07-23,0.0012785092526079733,-0.0015807308218609094,0.0012785092526079733,0.0012785092526079733,0.0012785092526079733
2013-07-24,-0.01494913734837211,-0.005353386254310566,-0.01494913734837211,-0.01494913734837211,-0.01494913734837211
2013-07-25,0.0044839043745789064,0.004020311169346457,0.0044839043745789064,0.0044839043745789064,0.0044839043745789064
2013-07-26,0.003502132639876976,0.0015484567389306592,0.003502132639876976,0.003502132639876976,0.003502132639876976
2013-07-29,-0.004859059595969661,-0.004322759257627318,-0.004859059595969661,-0.004859059595969661,-0.004859059595969661
2013-07-30,-0.0015439287665661716,0.0005777771220387585,-0.0015439287665661716,-0.0015439287665661716,-0.0015439287665661716
2013-07-31,0.0012388361920961932,0.0006947113211952516,0.0012388361920961932,0.0012388361920961932,0.0012388361920961932
2013-08-01,-0.010660492196326365,0.006163594062395261,-0.014934751913198374,-0.002111972762582348,-0.014934751913198374
2013-08-02,0.0034264390266205793,0.0019054459304401416,0.0045107344179613484,0.0012578482439390415,0.0045107344179613484
2013-08-05,-0.00445422625213517,-0.0016445047600324504,-0.0064620540503959045,-0.00043857065561370145,-0.0064620540503959045
2013-08-06,-0.005823172921521051,-0.006378718849825804,-0.005421070941996953,-0.006627376880569247,-0.005421070941996953
2013-08-07,0.0018753029516339985,-0.0017271268938721662,0.004449596982794679,-0.003273285110687363,0.004449596982794679
2013-08-08,0.00920220391404114,0.0049328288186695655,0.012250502977881217,0.0031056057863609876,0.012250502977881217
2013-08-09,-0.0005766511593675583,-0.0025078183167236423,0.0008025865658856102,-0.003335126609873895,0.0008025865658856102
2013-08-12,0.0037313176099203296,0.0011315838306895309,0.0055702519978808596,5.344883399927003e-05,0.0055702519978808596
2013-08-13,-0.00728453201250534,0.0001992338612465616,-0.01262654947920061,0.0033995029208852,-0.01262654947920061
2013-08-14,0.0022387498527410474,-0.002599140120215859,0.005696161500677421,-0.004676073443131701,0.005696161500677421
2013-08-15,-0.0024099730400908292,-0.010958399704025845,0.003716769120327701,-0.01466345736092789,0.003716769120327701
2013-08-16,0.00021779520454675202,-0.0017814152198821654,0.0016464118232893954,-0.0026394380329385347,0.0016464118232893954
2013-08-19,-0.006570058072160823,-0.006648885752644251,-0.006508795823437885,-0.006692582569606698,-0.006508795823437885
2013-08-20,0.005506767786599938,0.005495975813961352,0.005517550392813764,0.005485202574172288,0.005517550392813764
2013-08-21,-0.00643436301608898,-0.0057626301065119125,-0.006910085262598509,-0.005482918523069924,-0.006910085262598509
2013-08-22,0.00839746949975225,0.009130630783299388,0.00788553100165923,0.009421346495938288,0.00788553100165923
2013-08-23,0.01026654258115182,0.006004977078462925,0.013308778663294385,0.00418207041686669,0.013308778663294385
2013-08-26,0.0022419678166502774,-0.000964116448900465,0.004530286619345292,-0.0023346697887397516,0.004530286619345292
2013-08-27,0.0017217395949792325,-0.011339619273093982,0.011090701533973402,-0.017016184283009106,0.011090701533973402
2013-08-28,-0.0012918049394092062,0.002776725360669319,-0.004197014803780097,0.004518614789332576,-0.004197014803780097
2013-08-29,0.001477694787554329,0.002246857867781937,0.0009261530609898649,0.002580778240683257,0.0009261530609898649
2013-08-30,-0.005170054107835849,-0.00518151158205773,-0.005166008657388033,-0.005178145008731483,-0.005166008657388033
2013-09-03,0.0014958648058205348,0.004106216051865297,-0.0003870202763598396,0.005261634970181284,-0.0003870202763598396
2013-09-04,-0.002158360029739829,0.005392577528286457,-0.007550240314779022,0.008625400540338557,-0.007550240314779022
2013-09-05,-0.010251275170260218,-0.00201341255514178,-0.016131613556485846,0.0015094016021910406,-0.016131613556485846
2013-09-06,0.006785080036917579,0.002482626731081972,0.009852608527731732,0.0006500230552892727,0.009852608527731732
2013-09-09,0.0031760406682101263,0.008533871310355,-0.0006397118549972269,0.010807545714624833,-0.0006397118549972269
2013-09-10,-0.005412547349462764,0.00325726665697198,-0.011599481537408862,0.0069613210264294345,-0.011599481537408862
2013-09-11,0.0037499569675556454,0.0029914462172527024,0.004288183484788988,0.002673503933088961,0.004288183484788988
2013-09-12,-0.011731801826491842,-0.0057311778049285,-0.016011908783230777,-0.0031715879130139735,-0.016011908783230777
2013-09-13,0.0024610217722463115,0.002362552772324211,0.0025314650440761977,0.0023201352285865395,0.0025314650440761977
2013-09-16,-0.0044511943873966064,0.0014130093400588795,-0.00866976832974653,0.003985953497303241,-0.00866976832974653
2013-09-17,0.0030171975884697075,0.0046932908510147085,0.004326953201535977,0.0003976863623371685,0.004326953201535977
2013-09-18,0.02807665952320826,0.013773037600787453,0.02807665952320826,0.02807665952320826,0.02807665952320826
2013-09-19,-0.003936347781665628,-0.001952589974667407,-0.003936347781665628,-0.003936347781665628,-0.003936347781665628
2013-09-20,-0.011794224534748543,-0.0070967129998593895,-0.011794224534748543,-0.011794224534748543,-0.011794224534748543
2013-09-23,0.002064961609881566,-0.0029219920873929327,0.002064961609881566,0.002064961609881566,0.002064961609881566
2013-09-24,0.005840894028348975,-0.0006499106596839166,0.005840894028348975,0.005840894028348975,0.005840894028348975
2013-09-25,0.0054601867346701916,-0.0005602851182844426,0.0054601867346701916,0.0054601867346701916,0.0054601867346701916
2013-09-26,-0.007389905970110355,0.0014924897160764061,-0.007389905970110355,-0.007389905970110355,-0.007389905970110355
2013-09-27,0.0058383839806692706,-0.0016603589418869968,0.0058383839806692706,0.0058383839806692706,0.0058383839806692706
2013-09-30,-0.003809508325821387,-0.004604185166405217,-0.003809508325821387,-0.003809508325821387,-0.003809508325821387
2013-10-01,-0.015551222437316436,0.003756651992827653,-0.015551222437316436,-0.015551222437316436,-0.015551222437316436
2013-10-02,0.01064738793779152,0.0011461745024411662,0.01064738793779152,0.01064738793779152,0.01064738793779152
2013-10-03,-0.0003281026873489523,-0.007415528288681994,-0.0003281026873489523,-0.0003281026873489523,-0.0003281026873489523
2013-10-04,-0.002934155882462486,0.005539282794726219,-0.002934155882462486,-0.002934155882462486,-0.002934155882462486
2013-10-07,0.006415823687151878,-0.0060494265943401345,0.006415823687151878,0.006415823687151878,0.006415823687151878
2013-10-08,-0.0007967631081360338,-0.011224068333609505,-0.0007967631081360338,-0.0007967631081360338,-0.0007967631081360338
2013-10-09,-0.009071584345187511,-0.002080662220062235,-0.009071584345187511,-0.009071584345187511,-0.009071584345187511
2013-10-10,-0.006493054465007475,0.01625009465956989,-0.006493054465007475,-0.006493054465007475,-0.006493054465007475
2013-10-11,-0.006843785407266378,0.0052465683988809795,-0.006843785407266378,-0.006843785407266378,-0.006843785407266378
2013-10-14,-0.0030700616356315047,0.0036332730128525335,-0.0030700616356315047,-0.0030700616356315047,-0.0030700616356315047
2013-10-15,0.003349761365675441,-0.004737110787905141,0.003349761365675441,0.003349761365675441,0.003349761365675441
2013-10-16,0.005499940532362468,0.01294061914296447,0.005499940532362468,0.005499940532362468,0.005499940532362468
2013-10-17,0.020211188416569215,0.008089111177370767,0.020211188416569215,0.020211188416569215,0.020211188416569215
2013-10-18,-0.001159633654286174,0.0059955384505268935,-0.001159633654286174,-0.001159633654286174,-0.001159633654286174
2013-10-21,-0.0010755855346650245,-0.0008468162206421659,-0.0010755855346650245,-0.0010755855346650245,-0.0010755855346650245
2013-10-22,0.014841893140833395,0.0060836663964349055,0.014841893140833395,0.014841893140833395,0.014841893140833395
2013-10-23,-0.0005654474545697674,-0.004855291739596446,-0.0005654474545697674,-0.0005654474545697674,-0.0005654474545697674
2013-10-24,0.002761479957443802,0.003359211331160894,0.002761479957443802,0.002761479957443802,0.002761479957443802
2013-10-25,0.004013595902069511,0.0041659281820706886,0.004013595902069511,0.004013595902069511,0.004013595902069511
2013-10-28,-0.001325529422403493,0.00033243861795686505,-0.001325529422403493,-0.001325529422403493,-0.001325529422403493
2013-10-29,-0.0023761707382347064,0.003550641082883743,-0.0023761707382347064,-0.0023761707382347064,-0.0023761707382347064
2013-10-30,-0.0036449521389649853,-0.0049039546424233475,-0.0036449521389649853,-0.0036449521389649853,-0.0036449521389649853
2013-10-31,-0.006109336813080457,-0.004814908507179305,-0.006109336813080457,-0.006109336813080457,-0.006109336813080457
2013-11-01,-0.008032919101853553,-0.0009239329292805909,-0.007080372189851802,-0.008509192557854428,-0.008509192557854428
2013-11-04,0.0014153163829892328,0.003511690119364219,0.004402852786050904,-7.845181854160277e-05,-7.845181854160277e-05
2013-11-05,-0.005773339592707723,-0.004099278444340615,-0.0033819246313989693,-0.0069690470733621,-0.0069690470733621
2013-11-06,0.0028813365304439045,0.003034931500049076,0.003111863147228555,0.0027660732220515794,0.0027660732220515794
2013-11-07,-0.004283943859286099,-0.010516075527603386,-0.013148718423565686,0.0001484434228536946,0.0001484434228536946
2013-11-08,-0.008126384494908953,0.007829769771363616,0.014648950727327303,-0.01951405210602708,-0.01951405210602708
2013-11-11,-0.002077181051903576,-3.874678410663579e-05,0.0008367442177565909,-0.0035341436867336595,-0.0035341436867336595
2013-11-12,-0.0030171124999334165,-0.0024678056474722763,-0.002231205823920668,-0.003410065837939791,-0.003410065837939791
2013-11-13,0.005072370930038354,0.007264702334317863,0.008276403528116427,0.003470354630999317,0.003470354630999317
2013-11-14,0.007225137247313662,0.004947790612259117,0.003972255229199528,0.008851578256370729,0.008851578256370729
2013-11-15,0.0022027065209949312,0.0036000670322312357,0.004196083799298478,0.0012060178818431577,0.0012060178818431577
2013-11-18,-0.0032911355721652416,-0.004115568846045736,-0.0044531273111435565,-0.0027101397026760843,-0.0027101397026760843
2013-11-19,-0.002863127775527996,-0.001837210762934649,-0.00139619436944316,-0.003596594478570414,-0.003596594478570414
2013-11-20,-0.013991641557222434,-0.00549833290652788,-0.0018569004152780844,-0.02005901212819461,-0.02005901212819461
2013-11-21,0.003358982370689582,0.00796324907005116,0.009914732231493195,8.110744028777539e-05,8.110744028777539e-05
2013-11-22,0.004718398311255423,0.004924205482151977,0.005004044328119295,0.004575575302823487,0.004575575302823487
2013-11-25,0.0024863321857015266,0.0007648455489295714,3.4839913811701706e-05,0.0037120783216464392,0.0037120783216464392
2013-11-26,-0.00013202913422638574,0.0007840471500696999,0.0011760808451679594,-0.0007860841239235583,-0.0007860841239235583
2013-11-27,-0.0007050460854006735,0.0015986600994806089,0.002585204174981537,-0.0023501712155917787,-0.0023501712155917787
2013-11-29,0.003673777928906478,0.0013431196691877645,0.00035022037249932136,0.005335556707110056,0.005335556707110056
2013-12-02,-0.010763240433651178,-0.005674149974175457,-0.0028856205073883867,-0.012544734649384548,-0.0168593661441806
2013-12-03,-0.0013459868217878441,-0.0023040095812048578,-0.003746220778517717,-0.003746220778517717,0.0034544810916719015
2013-12-04,0.000672369663690553,6.268833767765214e-05,-0.0008379972947194503,-0.0008379972947194503,0.0036931035805105594
2013-12-05,-0.005005512744980289,-0.004340264126160798,-0.003344566930033155,-0.003344566930033155,-0.008327404374874559
2013-12-06,0.007478705122644813,0.008287593589202747,0.009492921794224563,0.009492921794224563,0.0034502717794853144
2013-12-09,0.003493090443126882,0.0029730713181874368,0.0021920800056295375,0.0021920800056295375,0.006095111318121571
2013-12-10,0.001645051839547329,-0.00045256091472519746,-0.003657542657415025,-0.003776917086944054,0.012369615263001066
2013-12-11,-0.009506585877084564,-0.01190369412642942,-0.012924766184411407,-0.007797495723421144,-0.007797495723421144
2013-12-12,-0.009134057565355383,-0.004367404709513157,-0.0023288083919746905,-0.01253668215204573,-0.01253668215204573
2013-12-13,0.00461912110643888,0.0012300966776542465,-0.00021375937494871877,0.0070355613471326794,0.0070355613471326794
2013-12-16,0.002066062255774437,0.0057149847383545895,0.007268510220305391,-0.0005351617264910402,-0.0005351617264910402
2013-12-17,-0.002437188350339977,-0.002898419762921034,-0.0030951195325609193,-0.0021082227592295055,-0.0021082227592295055
2013-12-18,0.0009015447265349567,0.011832750209017117,0.016488647604540718,-0.006892006712467924,-0.006892006712467924
2013-12-19,-0.008653953715143733,-0.0034299237334483148,-0.0011980911933872074,-0.012381884976021995,-0.012381884976021995
2013-12-20,0.010734279535777436,0.008197563909736316,0.007097684647805913,0.012552576979763197,0.012552576979763197
2013-12-23,-0.000720127110901044,0.004476759718088008,0.006694319023230699,-0.0044273501779669155,-0.0044273501779669155
2013-12-24,-0.0003863289451851622,0.0014765594673417093,0.002272296597816137,-0.0017156417166858118,-0.0017156417166858118
2013-12-26,0.002051809230867896,0.003750509155307169,0.004478229285491908,0.0008385992035558898,0.0008385992035558898
2013-12-27,0.00012306600980952856,-2.778986516460691e-07,-4.886947384974416e-05,0.00020903375163916493,0.00020903375163916493
2013-12-30,-0.003094021711270637,-0.0018735833531251078,-0.001354066927087727,-0.0039639991033620925,-0.0039639991033620925
2013-12-31,0.0008588254153776657,0.003962256632860784,0.004949003178841727,-0.0023852585532881942,1.2731620579464753e-05
2014-01-02,-0.0027723347845722093,-0.005235789366052734,-0.008966288851994908,-0.008966288851994908,0.009615573350273188
2014-01-03,0.0018374694579008644,0.0011123477324133878,2.530840899872544e-05,2.530840899872544e-05,0.005461791555705142
2014-01-06,-0.0007697006379066007,-0.0015342923335051385,-0.002647650810401969,-0.002647650810401969,0.002986199707084136
2014-01-07,0.004305266926326971,0.0054873204847543655,0.007243950407931132,0.007243950407931132,-0.001572100036881352
2014-01-08,-0.0010192925050919177,-0.00036157717199659657,0.0006228098904658141,0.0006228098904658141,-0.004303497296207381
2014-01-09,0.0013081566721726556,0.0006890383875759798,-0.0002186058473946373,-0.0002186058473946373,0.0043616817113072415
2014-01-10,0.005865120782403273,0.004334988882233759,0.0020290294023530553,0.0020290294023530553,0.01353730354250371
2014-01-13,-0.007071071749599127,-0.009602811302248437,-0.013431287498171351,-0.013431287498171351,0.005649359747545324
2014-01-14,0.00603960863733873,0.008662880230618685,0.012540697045852589,0.012540697045852589,-0.006962568179688988
2014-01-15,0.0035103928148878896,0.004515059950301437,0.0060042858882941585,0.0060042858882941585,-0.001477393331924648
2014-01-16,0.0007724047677696669,0.0001482021389786259,-0.000789109757508677,-0.000789109757508677,0.003895433818326355
2014-01-17,0.00033219385027420206,-0.0009704578112478934,-0.0029266364821071145,-0.0029266364821071145,0.006849854515036835
2014-01-21,0.0013071598708591277,0.0024959481023078323,0.0043069310021690566,0.0043069310021690566,-0.00469238239176073
2014-01-22,-0.0013541469138082702,0.0004821904027648372,0.00144287234109719,-0.0021425241602518463,-0.0033627889222701546
2014-01-23,0.009218219227573673,-0.002979058078822905,-0.00823496998515405,0.017944813833937534,0.017944813833937534
2014-01-24,-0.003708287438618507,-0.016227490863200356,-0.02168459291148417,0.0052798652978143235,0.0052798652978143235
2014-01-27,-0.007599169840140936,-0.0077187044067528856,-0.004923163567732147,-0.008937172976345331,-0.008937172976345331
2014-01-28,0.0011787899319314343,0.005243599962084422,0.0011787899319314343,0.0011787899319314343,0.0011787899319314343
2014-01-29,0.00842082178694481,-0.005976664142001509,0.004490374607769798,0.010386045376532316,0.010386045376532316
2014-01-30,-0.005241086766373915,0.007382826638005757,0.009185882680942559,-0.012454571490032151,-0.012454571490032151
2014-01-31,0.004690112703747973,-0.004657685530027667,0.004690112703747973,0.004690112703747973,0.004690112703747973
2014-02-03,0.011215118129162205,-0.01585226710014055,0.011215118129162205,0.011215118129162205,0.011215118129162205
2014-02-04,-0.0066627958753928684,0.00458135443916261,-0.0066627958753928684,-0.0066627958753928684,-0.0066627958753928684
2014-02-05,-0.003381778584667039,-0.0032927626102506767,-0.003381778584667039,-0.003381778584667039,-0.003381778584667039
2014-02-06,-0.002353584176410961,0.008892959903337484,-0.002353584176410961,-0.002353584176410961,-0.002353584176410961
2014-02-07,0.004258864620057645,0.011448078953855734,0.004258864620057645,0.004258864620057645,0.004258864620057645
2014-02-10,0.003819654688386039,0.002533855045137223,0.0025090180960161135,0.004474972984571002,0.004474972984571002
2014-02-11,0.005844461046720835,0.009905143255133064,0.011626125658829034,0.002953628740666736,0.002953628740666736
2014-02-12,-0.0012179988357464329,0.0002992571280050926,0.000952218959705764,-0.0023031077334725314,-0.0023031077334725314
2014-02-13,0.006911423936030096,0.00659528789652355,0.006555740255757669,0.007089265776166309,0.007089265776166309
2014-02-14,0.006140057945829576,0.00508579624637302,0.00463633227380944,0.006891920781839644,0.006891920781839644
2014-02-18,0.002721826160844006,0.0035845099929547207,0.003947577177392025,0.0021089506525699964,0.0021089506525699964
2014-02-19,-0.0064967975135790485,-0.0064345022822434265,-0.006415919782984392,-0.0065372363788763765,-0.0065372363788763765
2014-02-20,0.0046947995656957025,0.005618770230630543,0.006009006980022935,0.004037695858532087,0.004037695858532087
2014-02-21,0.0012295636063891873,-0.0006436613763340815,-0.0014372961866686573,0.0025629935029181095,0.0025629935029181095
2014-02-24,0.005224260905297706,0.006590828412383953,0.007165106775433472,0.0042538379702298235,0.0042538379702298235
2014-02-25,0.002993675620048486,-0.0002575326248349108,-0.0016498991973340482,0.005315463028739753,0.005315463028739753
2014-02-26,-0.0010436517303178405,-0.0002590910628387788,7.94264709351733e-05,-0.0016051908309443474,-0.0016051908309443474
2014-02-27,0.003788444837389271,0.00477032534661419,0.005197916079601406,0.0030837092162832036,0.0030837092162832036
2014-02-28,-0.0008401735714947215,0.0007602538345493736,0.0014462035600489864,-0.0019833621372665755,-0.0019833621372665755
2014-03-03,0.006632068114383216,-0.0033952936271229974,-0.007675754413062119,0.013785979378105884,0.013785979378105884
2014-03-04,-0.007334061441427638,0.010117196088618007,0.005416367752965612,-0.013709276038624263,-0.013709276038624263
2014-03-05,0.000745397495572305,0.0005170389893218053,-0.0015377611905138533,0.001886976838615384,0.001886976838615384
2014-03-06,0.0004964603498091025,0.0011433639227957815,0.0014265605347029142,3.14102573621966e-05,3.14102573621966e-05
2014-03-07,-0.004937461622240106,-0.0017019580433312975,-0.00028664793967725366,-0.007262868463521532,-0.007262868463521532
2014-03-10,0.0005544082006035215,0.00012035832168538763,-6.442463341171933e-05,0.0008638246176111419,0.0008638246176111419
2014-03-11,0.0008785887181587126,-0.0037078056514157297,-0.005662919126816823,0.004149342640646481,0.004149342640646481
2014-03-12,0.007440294823330122,0.0027314117176933327,0.0007432131747814319,0.010788835647604467,0.010788835647604467
2014-03-13,0.0015370866984784441,-0.00817330865889455,-0.012283710030447148,0.00844748506294124,0.00844748506294124
2014-03-14,-0.000215332714757821,-0.0018059494264798803,-0.007594871336412012,0.0034744365960692747,0.0034744365960692747
2014-03-17,-0.00922573393477144,0.005195443437999425,-0.00922573393477144,-0.00922573393477144,-0.00922573393477144
2014-03-18,-0.0008011643022003042,0.007237061410113876,0.0017149733776914422,-0.0020592331421461774,-0.0020592331421461774
2014-03-19,-0.010690321571983649,-0.006618136249860606,-0.004880038835926248,-0.013595462940012348,-0.013595462940012348
2014-03-20,0.0006594564466630241,0.004066321264563311,0.005545080652517909,-0.0017833556562644182,-0.0017833556562644182
2014-03-21,0.0034183361727092576,-0.0027595343942834693,-0.005358459763325052,0.007806734140726412,0.007806734140726412
2014-03-24,-0.005235874428092886,-0.005067364781509587,-0.004970068448777343,-0.005368777417750659,-0.005368777417750659
2014-03-25,0.0008833033870866425,0.003471652766273703,0.004583608861559951,-0.0009668493501500119,-0.0009668493501500119
2014-03-26,-0.003024646388258686,-0.007246735135177085,-0.008988591887147512,-4.267363881427233e-05,-4.267363881427233e-05
2014-03-27,-0.0010777033773561318,-0.0015193013761704566,-0.0017117820787015958,-0.0007606640266833997,-0.0007606640266833997
2014-03-28,-0.0008708813070263574,0.0020252001540172703,0.0032642008622000285,-0.00293842239163955,-0.00293842239163955
2014-03-31,-0.0003061959557562795,0.0063374488452880295,0.009167483287504163,-0.005043035577386501,-0.005043035577386501
2014-04-01,-0.0006343189372626235,0.00572398417868869,0.00843134700057302,-0.005167151906180445,-0.005167151906180445
2014-04-02,0.0015864077109622639,0.002552678438917677,0.0029682956711798436,0.0008954637308534741,0.0008954637308534741
2014-04-03,-0.0005274168026619582,-0.002083715763815741,-0.0027471860889483057,0.0005824678404812156,0.0005824678404812156
2014-04-04,0.0017126785589932636,-0.009957549626488782,-0.014841130101279076,0.009989582889129434,0.009989582889129434
2014-04-07,-0.0037426560462492375,-0.009476964266320364,-0.011959231829339556,0.00036563184529592174,0.00036563184529592174
2014-04-08,0.005346793793498191,0.00454458300263808,0.004198648987302711,0.005920866196595931,0.005920866196595931
2014-04-09,0.003178652809385859,0.009815783068943196,0.01263310165095799,-0.0015485716114002068,-0.0015485716114002068
2014-04-10,-0.003004264863170736,-0.017523199153024294,-0.023751394240673296,0.007369299825580544,0.007369299825580544
2014-04-11,-0.0008091704277956024,-0.007154354633067373,-0.009894210899652811,0.003733349808133002,0.003733349808133002
2014-04-14,0.004238112225639412,0.00692758416747995,0.008086690489332637,0.0023138230937927995,0.0023138230937927995
2014-04-15,-0.0016267599854253116,0.004597945482798937,0.007267675505034488,-0.006073977730655211,-0.006073977730655211
2014-04-16,0.0038663557207809784,0.008112366678505057,0.009915975904106533,0.0008415456291182011,0.0008415456291182011
2014-04-17,-0.005117436448358344,-0.00020811445497029846,0.001902833424106798,-0.008627571384590915,-0.008627571384590915
2014-04-21,-7.712938789613174e-06,0.0034124064550587916,0.004873793479177935,-0.002448466147773387,-0.002448466147773387
2014-04-22,0.0018811557055644634,0.00475130015211298,0.005973506537022999,-0.00016501971016480432,-0.00016501971016480432
2014-04-23,0.0007403416013385122,-0.0021035587367871033,-0.003323599381707343,0.0027723120928614398,0.0027723120928614398
2014-04-24,0.0034652244372103125,0.002381303436427096,0.0019742664625367334,0.004210703424547102,0.004210703424547102
2014-04-25,-0.0007095136923181977,-0.007578179458244749,-0.010549012857008377,0.004210235890026892,0.004210235890026892
2014-04-28,-0.0023778731646746007,0.0007577398227991416,0.0021070186854877937,-0.004620319089755798,-0.004620319089755798
2014-04-29,0.0014684455518861512,0.004578871769160042,0.0059069871724108935,-0.0007508252583762198,-0.0007508252583762198
2014-04-30,0.0004893512694851276,0.001843662229513221,0.0024364391230221605,-0.0004841926572833888,-0.0004841926572833888
2014-05-01,0.0026350616454839195,0.0011658746139400656,0.000538901410779502,0.0036831417628361285,0.0036831417628361285
2014-05-02,0.004826635435082697,0.00012291970927861274,-0.0018846913938543874,0.00818229884955124,0.00818229884955124
2014-05-05,0.0019055907902760794,0.0022660023963716027,0.0024617536301931864,0.0016275093703175258,0.0016275093703175258
2014-05-06,-0.002545004487768695,-0.00757426612798674,-0.009748759266176243,0.0010568729014350797,0.0010568729014350797
2014-05-07,-0.004440650305816381,0.001911941763198044,0.004622299226130666,-0.008972125071789905,-0.008972125071789905
2014-05-08,-0.00243707235439683,-0.002856810578839708,-0.0030359022045211015,-0.002137657429334694,-0.002137657429334694
2014-05-09,-0.0003289656282188247,0.0018589091623849696,0.0028018541449963408,-0.0018943755148264074,-0.0018943755148264074
2014-05-12,0.0049119424077290015,0.00989416972518572,0.011994731703691919,0.0013705477597475424,0.0013705477597475424
2014-05-13,0.001902624262148452,0.0004135181521319864,-0.0002270983013775707,0.0029674855439114634,0.0029674855439114634
2014-05-14,0.005066599774832629,-0.0022019811737442386,-0.005325966096157986,0.010262882710327936,0.010262882710327936
2014-05-15,-0.0030888931488699165,-0.007193604919692609,-0.008965613512391779,-0.000150532967108985,-0.000150532967108985
2014-05-16,-0.0004973363986840637,0.002288402671694867,0.0034807623487724815,-0.002486385772412336,-0.002486385772412336
2014-05-19,-0.0004465438185962493,0.0036141376475293473,0.005379721255672099,-0.0033596763557304232,-0.0033596763557304232
2014-05-20,-0.0012340868406454837,-0.005136643568828592,-0.006812493463099201,0.0015551164705813747,0.0015551164705813747
2014-05-21,-0.00010121528453010953,0.005724522013871081,0.008207557804831067,-0.004255601829210698,-0.004255601829210698
2014-05-22,0.0015243568698916077,0.003074424805680187,0.0037361719863616694,0.00041844931165657684,0.00041844931165657684
2014-05-23,0.0028631775326358744,0.004027419774199537,0.004523260801962636,0.0020331358979724934,0.0020331358979724934
2014-05-27,-0.002601234145647613,0.004671188165412532,0.0077638436384817044,-0.007783773037712272,-0.007783773037712272
2014-05-28,0.0016264793463125111,-0.0009894088696833392,-0.00211428009852066,0.003496859068729097,0.003496859068729097
2014-05-29,-0.0006663086280894367,0.003624296682834893,0.005456810806821588,-0.003727868345544949,-0.003727868345544949
2014-05-30,-0.0014103331608349052,-0.0001276945723921674,0.0004253531890261453,-0.0023281763357654306,-0.0023281763357654306
2014-06-02,-0.0046017053106754595,-0.001594253572102966,-0.0003032071527323543,-0.0067509543896470126,-0.0067509543896470126
2014-06-03,-0.003216303685051288,-0.000909693850047233,8.438757266371333e-05,-0.0048666493139087885,-0.0048666493139087885
2014-06-04,-6.37989365255276e-05,0.001483612345945662,0.0021583916567136097,-0.0011748942331450962,-0.0011748942331450962
2014-06-05,0.0053559559412924935,0.007283759550536328,0.00809970938393545,0.003984079219971015,0.003984079219971015
2014-06-06,0.001697899527769146,0.0043611116566675155,0.00549641102654852,-0.00020135622162054112,-0.00020135622162054112
2014-06-09,0.00021374797156274253,0.0012839866106951203,0.001741795465515561,-0.0005502757754136667,-0.0005502757754136667
2014-06-10,0.0009127980372499364,0.0004740548830477698,0.0002869989569429521,0.0012256975774034284,0.0012256975774034284
2014-06-11,-0.00020665818815227924,-0.0018761543375782064,-0.0025868765197112342,0.0009834509776271982,0.0009834509776271982
2014-06-12,0.004461616058959931,-0.0025996587016773208,-0.005632128206229381,0.009508488191554587,0.009508488191554587
2014-06-13,0.0017228893276575175,0.002670949908886755,0.0030789487002054194,0.0010448596413835665,0.0010448596413835665
2014-06-16,-0.00021101424287535883,0.0008200351225565283,0.0012635464289942888,-0.0009482945788101826,-0.0009482945788101826
2014-06-17,-0.0020349554805704586,0.0014542012096080525,0.0029547088918129294,-0.004529787666762153,-0.004529787666762153
2014-06-18,0.0057912077098439445,0.006272490169126654,0.006478072313497618,0.005447775408017108,0.005447775408017108
2014-06-19,0.00768719422239698,0.003157961030455425,0.001199526780635063,0.010931027943277938,0.010931027943277938
2014-06-20,0.0025553213588963932,0.003260452403387537,0.0035588965130750605,0.00205353378180706,0.00205353378180706
2014-06-23,-4.323325937701424e-05,0.00014498405125425994,0.00022829402158719425,-0.00017899689985911849,-0.00017899689985911849
2014-06-24,0.001383470399127229,-0.00448228389954447,-0.007003924568307673,0.00557716788284468,0.00557716788284468
2014-06-25,0.0027745353609084735,0.0047761811240119465,0.005663030139499314,0.0013302879716130533,0.0013302879716130533
2014-06-26,0.0006949197422416731,-0.000248585375579069,-0.0006525418074501133,0.0013686505170875662,0.0013686505170875662
2014-06-27,0.00019637698378305313,0.0018935331338491902,0.0026343967011884795,-0.00102263287491966,-0.00102263287491966
2014-06-30,0.0044483929033260665,0.0013121882717520906,-2.8900301960788077e-05,0.006687039505969494,0.006687039505969494
2014-07-01,-0.0009651173011756183,0.005420305050613283,0.00813902874393313,-0.005517190323729992,-0.005517190323729992
2014-07-02,-0.003303931869151825,-0.0004369454601183431,0.000790003271598394,-0.005350899439526935,-0.005350899439526935
2014-07-03,-0.0007854400044622345,0.003584399844826913,0.005454683791273451,-0.0039055019023300774,-0.0039055019023300774
2014-07-07,0.00016506536354036575,-0.0039506591479026906,-0.005723721803426174,0.0031094589470236356,0.0031094589470236356
2014-07-08,0.0011420856764260041,-0.00536451770798887,-0.008165684311950638,0.0057959706706143255,0.0057959706706143255
2014-07-09,0.0037816118257298172,0.004281521511351127,0.00449060950229363,0.003427112987447911,0.003427112987447911
2014-07-10,0.00024364449785641007,-0.0035326073483755937,-0.005051177756092651,0.0028910556248309405,0.0028910556248309405
2014-07-11,0.003135704889709564,0.0017567264110060932,0.0011631280330027804,0.004121993318062955,0.004121993318062955
2014-07-14,-0.007355816895770806,0.0019758628878635554,0.005988001927385245,-0.014027726307348831,-0.014027726307348831
2014-07-15,-0.004760677649557306,-0.0033822807197229853,-0.0027901709729465374,-0.005745930987862691,-0.005745930987862691
2014-07-16,0.0041340498276073445,0.003725002987414028,0.0035538879209401353,0.004424130780940949,0.004424130780940949
2014-07-17,0.00559666246070815,-0.00720870384180583,-0.01273027819523187,0.01476013278867816,0.01476013278867816
2014-07-18,0.00020884448766889108,0.008051600381515367,0.01138700129559056,-0.005380233916291943,-0.005380233916291943
2014-07-21,0.0015519820359832053,-0.0009291249677831126,-0.001987109086562855,0.0033215275972562353,0.0033215275972562353
2014-07-22,0.001180486074079982,0.004704236628395331,0.006205212458459508,-0.001331877118109781,-0.001331877118109781
2014-07-23,0.00038422606713720925,0.002500816727457056,0.0034055071447863794,-0.0011264144716873759,-0.0011264144716873759
2014-07-24,-0.006011277233110198,-0.002113635265607061,-0.0004400227094204512,-0.008796904494955071,-0.008796904494955071
2014-07-25,0.005991060648879813,-0.0019754435346677757,-0.005397616547759498,0.011685399247199468,0.011685399247199468
2014-07-28,-0.0011021800420443577,-0.000511134936081481,-0.0002556619721286735,-0.0015254390770021997,-0.0015254390770021997
2014-07-29,-0.0004573280776328052,-0.0015374439160192543,-0.001984726545326443,0.0003063711562140137,0.0003063711562140137
2014-07-30,-0.005667142166250898,-0.0007068688325297168,-0.00013371389604766026,-0.008433856301352516,-0.008433856301352516
2014-07-31,-0.007255589688747732,-0.017781188814078343,-0.007255589688747732,-0.007255589688747732,-0.007255589688747732
2014-08-01,0.007887203019518063,-0.002103136579233411,0.007887203019518063,0.007887203019518063,0.007887203019518063
2014-08-04,-0.002877199792535201,0.00581867088830258,-0.002877199792535201,-0.002877199792535201,-0.002877199792535201
2014-08-05,0.0011377832733313609,-0.007735021059333669,0.0011377832733313609,0.0011377832733313609,0.0011377832733313609
2014-08-06,0.007584399490621285,0.0022966876503888066,0.007584399490621285,0.007584399490621285,0.007584399490621285
2014-08-07,0.006693415573407968,-0.003177960779184641,0.006693415573407968,0.006693415573407968,0.006693415573407968
2014-08-08,-0.0010388512368446623,0.008240095436507977,-0.0010388512368446623,-0.0010388512368446623,-0.0010388512368446623
2014-08-11,-0.0009535003037050016,0.0023106568605963606,-0.0009535003037050016,-0.0009535003037050016,-0.0009535003037050016
2014-08-12,-0.003125781588802501,-0.002177086562324648,-0.003125781588802501,-0.003125781588802501,-0.003125781588802501
2014-08-13,0.0041008764110304075,0.006896530987359428,0.0041008764110304075,0.0041008764110304075,0.0041008764110304075
2014-08-14,0.004457313866543577,0.003803719583089793,0.004457313866543577,0.004457313866543577,0.004457313866543577
2014-08-15,0.0021900964913843524,0.0007863870292892927,0.0021900964913843524,0.0021900964913843524,0.0021900964913843524
2014-08-18,-0.007045824552423308,0.005776139571028294,-0.007045824552423308,-0.007045824552423308,-0.007045824552423308
2014-08-19,-0.002655930362778003,0.003618799187200683,-0.002655930362778003,-0.002655930362778003,-0.002655930362778003
2014-08-20,-0.002661178066848846,0.00019278693901294552,-0.002661178066848846,-0.002661178066848846,-0.002661178066848846
2014-08-21,-0.002588596472862803,0.002414077242715418,-0.002588596472862803,-0.002588596472862803,-0.002588596472862803
2014-08-22,0.0040466123936302445,-0.00025765380068418773,0.0040466123936302445,0.0040466123936302445,0.0040466123936302445
2014-08-25,4.733528103029183e-05,0.004393545486495254,4.733528103029183e-05,4.733528103029183e-05,4.733528103029183e-05
2014-08-26,0.0008846621969843538,0.002566217731873088,0.0008846621969843538,0.0008846621969843538,0.0008846621969843538
2014-08-27,0.004135928220548868,8.579486477694465e-05,0.004135928220548868,0.004135928220548868,0.004135928220548868
2014-08-28,0.005380610633549443,-0.00020612032307218975,0.005380610633549443,0.005380610633549443,0.005380610633549443
2014-08-29,-0.00022761362478440628,0.0030802318796804397,-0.00022761362478440628,-0.00022761362478440628,-0.00022761362478440628
2014-09-02,-0.017571608954724538,-0.0037979691639823954,-0.017571608954724538,-0.017571608954724538,-0.017571608954724538
2014-09-03,0.004845155436355997,-0.0002213405193921103,0.004845155436355997,0.004845155436355997,0.004845155436355997
2014-09-04,-0.008837704161595794,-0.004237449865301146,-0.008837704161595794,-0.008837704161595794,-0.008837704161595794
2014-09-05,0.0014437358060651606,0.003886286048387455,0.0014437358060651606,0.0014437358060651606,0.0014437358060651606
2014-09-08,-0.005231038808290345,-0.0024193667890379687,-0.005231038808290345,-0.005231038808290345,-0.005231038808290345
2014-09-09,0.0001929125097022144,-0.005603287699483828,0.0001929125097022144,0.0001929125097022144,0.0001929125097022144
2014-09-10,-0.005676617949844198,0.002557460384399579,-0.005676617949844198,-0.005676617949844198,-0.005676617949844198
2014-09-11,-0.004935365030680705,-0.0001345815777839543,-0.004935365030680705,-0.004935365030680705,-0.004935365030680705
2014-09-12,-0.009807078443773043,-0.0072075380570181145,-0.009807078443773043,-0.009807078443773043,-0.009807078443773043
2014-09-15,0.001851372569698695,-0.0017162056920488667,0.001851372569698695,0.001851372569698695,0.001851372569698695
2014-09-16,-0.0012239041998814981,0.006039803750991046,-0.0012239041998814981,-0.0012239041998814981,-0.0012239041998814981
2014-09-17,-0.006700902328776848,-0.0005209056122414512,-0.006700902328776848,-0.006700902328776848,-0.006700902328776848
2014-09-18,0.00261789593729711,0.0048171102465982,0.00261789593729711,0.00261789593729711,0.00261789593729711
2014-09-19,0.003422987958626833,-0.0010298639338859107,0.003422987958626833,0.003422987958626833,0.003422987958626833
2014-09-22,-0.0004134926715277931,-0.007149026684917048,-0.0004134926715277931,-0.0004134926715277931,-0.0004134926715277931
2014-09-23,0.006309591182680929,-0.0030055354443798143,0.006309591182680929,0.006309591182680929,0.006309591182680929
2014-09-24,-0.005112156653316879,0.005707517130303685,-0.005112156653316879,-0.005112156653316879,-0.005112156653316879
2014-09-25,0.007381906981088093,-0.012471685178664482,0.007381906981088093,0.007381906981088093,0.007381906981088093
2014-09-26,-0.0021368872609174305,0.00688056024662288,-0.0021368872609174305,-0.0021368872609174305,-0.0021368872609174305
2014-09-29,0.0038826764410547776,-0.0006495273628374321,0.0038826764410547776,0.0038826764410547776,0.0038826764410547776
2014-09-30,-0.006330561592431505,-0.004720679958026564,-0.006330561592431505,-0.006330561592431505,-0.006330561592431505
2014-10-01,0.012081560109987732,-0.009208451838067932,0.012081560109987732,0.012081560109987732,0.012081560109987732
2014-10-02,-0.0044887891869100915,-0.0004564627358955353,-0.0044887891869100915,-0.0044887891869100915,-0.0044887891869100915
2014-10-03,-0.007003737097209917,0.00683301701663831,-0.007003737097209917,-0.007003737097209917,-0.007003737097209917
2014-10-06,0.006483563141009618,-0.0006058440068241522,0.006483563141009618,0.006483563141009618,0.006483563141009618
2014-10-07,0.008162209268352871,-0.010712888567550382,0.008162209268352871,0.008162209268352871,0.008162209268352871
2014-10-08,0.004889854980062669,0.01555669942515856,0.004889854980062669,0.004889854980062669,0.004889854980062669
2014-10-09,-0.0014534078693911878,-0.018033228248823318,-0.0014534078693911878,-0.0014534078693911878,-0.0014534078693911878
2014-10-10,0.004745066098870709,-0.009957105574827462,0.004745066098870709,0.004745066098870709,0.004745066098870709
2014-10-13,0.006989729315318494,-0.011035714268787356,0.006989729315318494,0.006989729315318494,0.006989729315318494
2014-10-14,0.0035633367433303142,0.0006632046574339579,0.0035633367433303142,0.0035633367433303142,0.0035633367433303142
2014-10-15,0.005739328502861518,-0.002924084966145324,0.005739328502861518,0.005739328502861518,0.005739328502861518
2014-10-16,-0.002154513267695446,0.0004702781577849313,-0.002154513267695446,-0.002154513267695446,-0.002154513267695446
2014-10-17,-0.0037585082863498265,0.007886309286687898,-0.0037585082863498265,-0.0037585082863498265,-0.0037585082863498265
2014-10-20,0.005222298214808463,0.008184226782191106,0.005222298214808463,0.005222298214808463,0.005222298214808463
2014-10-21,-0.0030742740434821503,0.01647002090849038,-0.0030742740434821503,-0.0030742740434821503,-0.0030742740434821503
2014-10-22,-0.0022955781916651485,-0.007755590537494505,-0.0022955781916651485,-0.0022955781916651485,-0.0022955781916651485
2014-10-23,-0.007875953398898794,0.009782075478825647,-0.007875953398898794,-0.007875953398898794,-0.007875953398898794
2014-10-24,-0.00021337496993012461,0.005376422146437776,-0.00021337496993012461,-0.00021337496993012461,-0.00021337496993012461
2014-10-27,-0.00030725913453066855,-0.001862093581558244,-0.00030725913453066855,-0.00030725913453066855,-0.00030725913453066855
2014-10-28,-0.0029567465712334595,0.011442001897134579,-0.0029567465712334595,-0.0029567465712334595,-0.0029567465712334595
2014-10-29,-0.00603000796899178,-0.0015861764126322785,-0.00603000796899178,-0.00603000796899178,-0.00603000796899178
2014-10-30,-0.004817363313297518,0.004397409201223235,-0.004817363313297518,-0.004817363313297518,-0.004817363313297518
2014-10-31,-0.012224336246942635,0.00774928455977727,-0.012224336246942635,-0.012224336246942635,-0.012224336246942635
2014-11-03,-0.0022647173589608327,-0.0009884561642425128,-0.0022647173589608327,-0.0022647173589608327,-0.0022647173589608327
2014-11-04,0.0018677701390337198,-0.002739366151323619,0.0018677701390337198,0.0018677701390337198,0.0018677701390337198
2014-11-05,-0.011543279557642894,0.0017343576905681445,-0.011543279557642894,-0.011543279557642894,-0.011543279557642894
2014-11-06,-0.0010542198515360868,0.0029923761068976094,0.0024834877855431925,-0.0028230736700757264,-0.0028230736700757264
2014-11-07,0.013423579803578037,0.0045657853630509,0.0007548079278231201,0.019757965741455497,0.019757965741455497
2014-11-10,-0.009524088249603158,-0.0008414013248446816,0.0028884253583855157,-0.015730345053597494,-0.015730345053597494
2014-11-11,0.005363009200410255,0.002405015126792376,0.0011339026623039539,0.007477562469463406,0.007477562469463406
2014-11-12,-0.0020407384328263722,-0.0009538322271266497,-0.0004701240747407853,-0.0028260456118691657,-0.0028260456118691657
2014-11-13,0.0008823867265997931,-0.0005997135059036651,-0.0012405349167358137,0.0019438475482675965,0.0019438475482675965
2014-11-14,0.010307511531801872,0.0036640724068462637,0.0008329852537944937,0.01504477467080556,0.01504477467080556
2014-11-17,-0.0025611713702263783,-0.0018300513538260343,-0.0015115781766247283,-0.0030859679670272033,-0.0030859679670272033
2014-11-18,0.005732052380272116,0.005688630640131298,0.005666280826560177,0.0057649381571280855,0.0057649381571280855
2014-11-19,-0.007167632966217881,-0.0044069234660405795,-0.0032281783146468346,-0.009137360292003405,-0.009137360292003405
2014-11-20,0.006568095426313536,0.004816597054933725,0.004093035812719692,0.007805625233110458,0.007805625233110458
2014-11-21,0.005142414786300546,0.004838462933331811,0.00478035801423915,0.005323443172331244,0.005323443172331244
2014-11-24,0.0008197090137740393,0.0030824592642620607,0.004045647805603014,-0.0007932603821404483,-0.0007932603821404483
2014-11-25,0.0030231703370448004,-0.0002183289793516563,-0.0015913633916003755,0.005330437201367388,0.005330437201367388
2014-11-26,0.0009545565126839092,0.001723521778523285,0.002046314654682302,0.00040867744168471276,0.00040867744168471276
2014-11-28,-0.008943000052297237,-0.008289234750782715,-0.008146898782455003,-0.009341050687218355,-0.009341050687218355
2014-12-01,0.009044199906628525,-0.001983352567810348,-0.006739568382907346,0.01693608405139646,0.01693608405139646
2014-12-02,-0.004872744657503425,0.0037506839232459123,0.007456417339085197,-0.011037325655797736,-0.011037325655797736
2014-12-03,0.006382764434571235,0.0053643716250631355,0.0049201383052688286,0.007114077499222438,0.007114077499222438
2014-12-04,0.000839799718740449,-0.0011306464424911567,-0.001973776528038318,0.0022465878421298324,0.0022465878421298324
2014-12-05,-0.0054215196417515266,-0.00014799545679532454,0.002101216663163763,-0.009182887794209171,-0.009182887794209171
2014-12-08,0.004897004039419062,-0.005000079215001152,-0.009299898604047008,0.011995455361152096,0.011995455361152096
2014-12-09,0.005946132086564655,0.004599885858875797,-0.008077108082809703,0.012957752171251835,0.012957752171251835
2014-12-10,0.0026794792873473527,-0.013684384425130525,0.0026794792873473527,0.0026794792873473527,0.0026794792873473527
2014-12-11,0.0009281981665215655,0.0028870513344853464,0.0009281981665215655,0.0009281981665215655,0.0009281981665215655
2014-12-12,0.005580402122104089,-0.011339280157956988,0.005580402122104089,0.005580402122104089,0.005580402122104089
2014-12-15,-0.013925984158734361,-0.009542500130225484,-0.013925984158734361,-0.013925984158734361,-0.013925984158734361
2014-12-16,0.008678347896965866,-0.0039393757291480425,0.008678347896965866,0.008678347896965866,0.008678347896965866
2014-12-17,-0.007466659926122721,0.01715971112941165,-0.007466659926122721,-0.007466659926122721,-0.007466659926122721
2014-12-18,-0.005052681358438171,0.01760775595935251,-0.005052681358438171,-0.005052681358438171,-0.005052681358438171
2014-12-19,0.005064471147090188,0.005858057429215446,0.005064471147090188,0.005064471147090188,0.005064471147090188
2014-12-22,-0.008990322923033256,0.0004760882526195553,-0.008990322923033256,-0.008990322923033256,-0.008990322923033256
2014-12-23,-0.009090501417920782,-0.0017878072054315687,-0.009090501417920782,-0.009090501417920782,-0.009090501417920782
2014-12-24,0.0028578122650972926,0.0007038003106828117,0.0028578122650972926,0.0028578122650972926,0.0028578122650972926
2014-12-26,0.010990147170386377,0.005086062717717388,0.010990147170386377,0.010990147170386377,0.010990147170386377
2014-12-29,-0.0013206788560977678,0.0008049591597444339,-0.0013206788560977678,-0.0013206788560977678,-0.0013206788560977678
2014-12-30,0.008084004277318035,-0.0025940285018140165,0.008084004277318035,0.008084004277318035,0.008084004277318035
2014-12-31,-0.006083939634987656,-0.008683035881394319,-0.006083939634987656,-0.006083939634987656,-0.006083939634987656
2015-01-02,0.007787875660900445,0.0012946605405444456,0.007787875660900445,0.007787875660900445,0.007787875660900445
2015-01-05,0.015365306332471018,-0.011549471590524297,0.015365306332471018,0.015365306332471018,0.015365306332471018
2015-01-06,0.014681948185912619,-0.006440207125109521,0.014681948185912619,0.014681948185912619,0.014681948185912619
2015-01-07,-0.0039243836747304695,0.008708611001686906,-0.0039243836747304695,-0.0039243836747304695,-0.0039243836747304695
2015-01-08,-0.00873619946712445,0.013090791939992385,-0.00873619946712445,-0.00873619946712445,-0.00873619946712445
2015-01-09,0.011173522355938603,-0.004393325715971941,0.011173522355938603,0.011173522355938603,0.011173522355938603
2015-01-12,0.00840115310675249,-0.005860909716406293,0.00840115310675249,0.00840115310675249,0.00840115310675249
2015-01-13,-0.0016785426914220913,-0.0023641763344866007,-0.0016785426914220913,-0.0016785426914220913,-0.0016785426914220913
2015-01-14,0.0030316251060973354,-0.003884625959498722,0.0030316251060973354,0.0030316251060973354,0.0030316251060973354
2015-01-15,0.020432066540831073,-0.005249079841129678,0.020432066540831073,0.020432066540831073,0.020432066540831073
2015-01-16,0.0001376649006493702,0.012478805033021567,0.0001376649006493702,0.0001376649006493702,0.0001376649006493702
2015-01-20,0.013479160433641058,0.003954499796540034,0.013479160433641058,0.013479160433641058,0.013479160433641058
2015-01-21,-0.005637867856080558,0.0024823365536358554,-0.005637867856080558,-0.005637867856080558,-0.005637867856080558
2015-01-22,0.002233042661047735,0.013061325459884587,0.002233042661047735,0.002233042661047735,0.002233042661047735
2015-01-23,0.0029546362212828914,-0.003043414545348444,0.0029546362212828914,0.0029546362212828914,0.0029546362212828914
2015-01-26,-0.006516474971884567,0.0018840313800610464,-0.006516474971884567,-0.006516474971884567,-0.006516474971884567
2015-01-27,0.006527487089986073,-0.009486222195817861,0.006527487089986073,0.006527487089986073,0.006527487089986073
2015-01-28,0.004228904996144811,-0.01108296479293711,0.004228904996144811,0.004228904996144811,0.004228904996144811
2015-01-29,-0.014097661517398552,0.004670282342099508,-0.014097661517398552,-0.014097661517398552,-0.014097661517398552
2015-01-30,0.019972628968806916,-0.005195670216678161,0.019972628968806916,0.019972628968806916,0.019972628968806916
2015-02-02,-0.006030329252624034,0.009130759959946045,-0.006030329252624034,-0.006030329252624034,-0.006030329252624034
2015-02-03,-0.01621337423081648,0.00894693228041028,-0.01621337423081648,-0.01621337423081648,-0.01621337423081648
2015-02-04,0.0030639974537958192,-0.0030774117037713155,0.0030639974537958192,0.0030639974537958192,0.0030639974537958192
2015-02-05,-0.004625061108719408,0.008454310668547748,-0.004625061108719408,-0.004625061108719408,-0.004625061108719408
2015-02-06,-0.02182597493131111,-0.006012249689558246,-0.02182597493131111,-0.02182597493131111,-0.02182597493131111
2015-02-09,0.0014485711681703206,-0.003553332289301303,0.0014485711681703206,0.0014485711681703206,0.0014485711681703206
2015-02-10,-0.006919353665145067,0.006589564590350927,-0.006919353665145067,-0.006919353665145067,-0.006919353665145067
2015-02-11,-0.004983097423154392,-0.0008277167904026772,-0.004983097423154392,-0.004983097423154392,-0.004983097423154392
2015-02-12,-0.0004984064290773915,0.007824452687583461,-0.0004984064290773915,-0.0004984064290773915,-0.0004984064290773915
2015-02-13,-0.0024062653757183083,0.004731679761466346,-0.0024062653757183083,-0.0024062653757183083,-0.0024062653757183083
2015-02-17,-0.015897349313098053,-0.0010840862697999777,-0.015897349313098053,-0.015897349313098053,-0.015897349313098053
2015-02-18,0.004390845044718317,-0.0005175035050372534,0.004390845044718317,0.004390845044718317,0.004390845044718317
2015-02-19,-0.002494059136199267,-0.001142721145566883,0.002572702773915525,-0.005027440091256663,-0.005027440091256663
2015-02-20,0.0008477545884553184,0.003943912738816313,0.0052842413897429275,-0.0013704888121884862,-0.0013704888121884862
2015-02-23,0.004223938559861769,0.0012113613897100084,-7.376941475945031e-05,0.006372792547172379,0.006372792547172379
2015-02-24,0.004718442087642012,0.0031449160337983727,0.00247690511459997,0.005839210574163034,0.005839210574163034
2015-02-25,0.0025846245027464354,0.0005028832584471731,-0.00038969853863590753,0.004071786023437607,0.004071786023437607
2015-02-26,-0.0036661130800996755,-0.001458645906630396,-0.0005234132796674285,-0.005237462980315799,-0.005237462980315799
2015-02-27,0.0016410710592698052,-0.002495603859965623,-0.004265750617266306,0.004594481897537861,0.004594481897537861
2015-03-02,-0.005584759084109825,0.0025399665898797274,0.006012305467585577,-0.011383291359957526,-0.011383291359957526
2015-03-03,-0.0032289101695343416,-0.00394435846395208,-0.004254108658417577,-0.002716310925092724,-0.002716310925092724
2015-03-04,-0.001920444245670357,-0.002658872439855242,-0.0029730835516000864,-0.0013941245927054924,-0.0013941245927054924
2015-03-05,-0.0003842984620756236,0.0006280824839442923,0.0010621527908359907,-0.0011075240885314308,-0.0011075240885314308
2015-03-06,-0.02113288418333466,-0.015996431741096162,-0.0138500694251108,-0.024774291562446593,-0.024774291562446593
2015-03-09,0.004553205918376861,0.003772377765248158,0.003434140623226223,0.00511273856595218,0.00511273856595218
2015-03-10,-0.0027074949516645574,-0.012217491981845085,-0.01635831783296049,0.0041179164889834086,0.0041179164889834086
2015-03-11,0.0013815345060621913,-4.242507764370407e-05,0.002875813605356492,0.0006343949564150408,0.0006343949564150408
2015-03-12,-0.00046888588059923464,0.008484218465020232,-0.00046888588059923464,-0.00046888588059923464,-0.00046888588059923464
2015-03-13,-0.0016606154664881763,-0.004169726541614927,-0.003361574688073632,-0.0008101358556954485,-0.0008101358556954485
2015-03-16,0.003433576756279866,0.011346418624611188,0.0013019803287639409,0.004499374970037828,0.004499374970037828
2015-03-17,0.0007469644912196927,-0.0011846880065415678,-0.0006318363639816749,0.0014363649188203764,0.0014363649188203764
2015-03-18,0.01728510802289973,0.014256538814232899,0.013007508957830094,0.01942390755543455,0.01942390755543455
2015-03-19,-0.003155088934511515,-0.0035074473373847615,-0.0036641670982461294,-0.0029005498526442075,-0.0029005498526442075
2015-03-20,0.008678899537557738,0.009174614062978436,0.009380417937413954,0.00832814033762963,0.00832814033762963
2015-03-23,0.0009847833488055475,-0.0012222467627131639,-0.002167540260132661,0.002560945153274652,0.002560945153274652
2015-03-24,0.0022913253629854116,-0.0029767837038645493,-0.005233107653121349,0.006053541871038792,0.006053541871038792
2015-03-25,-0.007531794857727703,-0.013159496249899405,-0.015558418099302584,-0.003518483236940262,-0.003518483236940262
2015-03-26,-0.0035582022275108724,-0.0022173830157098174,-0.0016102589061567363,-0.00453217388818794,-0.00453217388818794
2015-03-27,0.0034678960685733764,0.002179784855097533,0.0016217207010158496,0.00439098375235214,0.00439098375235214
2015-03-30,-0.0008762432507630388,0.009379010005829792,0.013725301464710293,-0.008177015608499705,-0.008177015608499705
2015-03-31,-0.0025995656976769053,-0.00717817827839623,-0.009157086272690518,0.0006791945898299012,0.0006791945898299012
2015-04-01,0.008979760571728742,0.00045262976771291984,-0.003207281341815471,0.015073281528500848,0.015073281528500848
2015-04-02,-0.0036503416924084098,0.000595416629289669,0.0024207748027350595,-0.006685899939980144,-0.006685899939980144
2015-04-06,0.004644989963910495,0.006394281094311127,0.007211209238343397,0.0033618803266940445,0.0033618803266940445
2015-04-07,0.0004599692558657405,-0.001279878521138822,-0.0020254262463857975,0.0017026670069915095,0.0017026670069915095
2015-04-08,-0.0005276076809518729,0.0023767098006356015,0.003625871909503031,-0.002604347476179325,-0.002604347476179325
2015-04-09,-0.005027044998239916,0.0018737753418578307,0.0048262247890049625,-0.009953679891862355,-0.009953679891862355
2015-04-10,0.005779762308669796,0.004894050145395579,0.004513681685549553,0.006412802620229918,0.006412802620229918
2015-04-13,-0.002961330366848055,-0.003072978696460826,-0.003111360076187064,-0.00288631551217855,-0.00288631551217855
2015-04-14,0.0011053585513346824,0.0019359038035429044,0.002286227997364776,0.0005149238283196356,0.0005149238283196356
2015-04-15,0.00512351701731147,0.006845010603039436,0.007565462216586605,0.0039025444176739033,0.0039025444176739033
2015-04-16,-0.0030947050763394657,-0.0015259530362595974,-0.0008502291522531902,-0.004216943038382603,-0.004216943038382603
2015-04-17,0.0012010763397023079,-0.008587998797099705,-0.012823289411398764,0.008213259215252844,0.008213259215252844
2015-04-20,-0.0022870784765962604,0.006043718807781417,0.009588278643057668,-0.008224757036423225,-0.008224757036423225
2015-04-21,-6.896082442013156e-05,-0.0010366233895459432,-0.0014306524360752082,0.0006118849814074068,0.0006118849814074068
2015-04-22,-0.007834737110543536,0.001315609634480619,0.005226911409176749,-0.014365561370403679,-0.014365561370403679
2015-04-23,0.005067624357376177,0.004038724898240776,0.003607678639872214,0.005797597216128159,0.005797597216128159
2015-04-24,-0.002129655008574686,0.0003795249942172063,0.001445044620255631,-0.003917004822989845,-0.003917004822989845
2015-04-27,0.005049778758782393,-0.001978650901018597,-0.004972219242440734,0.010060777759393957,0.010060777759393957
2015-04-28,-0.0004898021331937915,0.0024285445103128687,0.0036759914396179427,-0.0025726989195996586,-0.0025726989195996586
2015-04-29,-0.007774595677108735,-0.005141610616768632,-0.004010083199374015,-0.009656851915976095,-0.009656851915976095
2015-04-30,-0.013233571144582679,-0.011218574397352622,-0.01206321200151772,-0.019679379670244357,-0.007958121761985959
2015-05-01,0.0035820903249963823,0.006004808463774314,0.00959660596288403,0.00959660596288403,-0.008446940950778914
2015-05-04,0.002073334408884353,0.0025275821787749788,0.0032093769387976367,0.0032093769387976367,-0.00019875065094221434
2015-05-05,-0.007912409383810918,-0.009639729384969231,-0.012227369602775928,-0.012227369602775928,0.0007175110541191021
2015-05-06,-0.00560744195752505,-0.004983582372295525,-0.003992245165727937,-0.003992245165727937,-0.008837835541119277
2015-05-07,0.0031219735867087373,0.003226620833197147,0.0033862547045574454,0.0033862547045574454,0.002593411351011321
2015-05-08,0.010309778439691053,0.011632561278419006,0.013565137617336465,0.013565137617336465,0.00379906008440023
2015-05-11,-0.00798391809467891,-0.006752564070451095,-0.004914520139533529,-0.004914520139533529,-0.014122714004969672
2015-05-12,1.8846250063727272e-05,-0.00109637089821214,-0.0027564621245220744,-0.0027564621245220744,0.005569462999235331
2015-05-13,0.0021200683803310008,0.0015415446344135054,0.0007039624765464714,0.0007039624765464714,0.00495228018790006
2015-05-14,0.008339992209785244,0.009219708661192528,0.010485056635985202,0.010485056635985202,0.00404986335738533
2015-05-15,0.0038524455808339,0.0023223940222123264,2.9321242085655896e-05,2.9321242085655896e-05,0.011498694258330389
2015-05-18,0.0002898986677352851,0.0020352953911068395,0.004658257976429381,0.004658257976429381,-0.008446819949652906
2015-05-19,-0.004450690544774945,-0.0030596995689809448,-0.0009884158687361033,-0.0009884158687361033,-0.01137523989685263
2015-05-20,0.0006962873426716124,0.0005006514066692724,0.00021226700989041003,0.00021226700989041003,0.0016643280082340173
2015-05-21,0.003344088691601669,0.0029543086450047108,0.0023647382474208944,0.0023647382474208944,0.0053027895799632185
2015-05-22,-0.0014652711315825313,-0.0017250510833068723,-0.0021079701501508508,-0.0021079701501508508,-0.0001798730944458926
2015-05-26,-0.0074260150229920425,-0.009137472121082369,-0.011756643923877985,-0.011756643923877985,0.0012352427787798437
2015-05-27,0.007329854076828439,0.008599817139239286,0.010465583616779406,0.010465583616779406,0.0010583949969265039
2015-05-28,-0.0012215890927578243,-0.0013365843354134377,-0.0015066712740430255,-0.0015066712740430255,-0.0006514247301874221
2015-05-29,-0.0032280372557709214,-0.004165934010262795,-0.005572077378056428,-0.005572077378056428,0.001460042988800092
2015-06-01,-0.0006587086838208226,0.0003566202344681857,0.0019117122507574802,0.0019117122507574802,-0.005799550552977428
2015-06-02,-0.0019616724736032745,-0.0013585178593004232,-0.00045688623775197446,-0.00045688623775197446,-0.004971244945305875
2015-06-03,-0.001776884048971102,0.00020226567054839605,0.003154115880621644,0.003154115880621644,-0.011638883908156594
2015-06-04,-0.005174099536252068,-0.006787203075498083,-0.00924983464096496,-0.00924983464096496,0.002977370673173718
2015-06-05,-0.0022227465108128897,-0.0009287347456941375,0.001034884063548125,0.001034884063548125,-0.008738007659534919
2015-06-08,-0.004082661390783837,-0.005083146317761888,-0.006584071985318629,-0.006584071985318629,0.0009201597982857468
2015-06-09,-0.00142379757048335,-0.0011429637207937104,-0.0007116249297295374,-0.0007116249297295374,-0.0028481428519909757
2015-06-10,0.008754475542073425,0.010548804983503569,0.013190268155600426,0.013190268155600426,-0.00011710968498057639
2015-06-11,0.004174311930537781,0.0033703512748311736,0.0021585301276012547,0.0021585301276012547,0.008205875536410834
2015-06-12,-0.005382551618339819,-0.006421614338965787,-0.008009110735158975,-0.008009110735158975,-0.000129433384701505
2015-06-15,-0.0014628104136200637,-0.002376725375088995,-0.0037068312857927443,-0.0037068312857927443,0.0030252313307252976
2015-06-16,0.0033448196028853516,0.005349279631377013,0.0017466705705916352,0.006154971932209596,0.0021328163058548233
2015-06-17,-0.0009253600264786203,-9.223429848965736e-05,-0.001524625609847452,0.0002731711402590431,-0.001524625609847452
2015-06-18,0.006005074338678733,0.00882478193686682,0.00400089889694577,0.010013425222144656,0.00400089889694577
2015-06-19,0.0015707269447345535,-0.00398451001623692,0.005545020583932692,-0.006377860333661722,0.005545020583932692
2015-06-22,-0.008215130779962795,0.003619777658204759,-0.016661391192365205,0.008677390044842026,-0.016661391192365205
2015-06-23,-0.003671505518086038,3.392181682471129e-06,-0.006297657252234301,0.0015807979502104885,-0.006297657252234301
2015-06-24,-0.0004997061556677821,-0.005363338813796981,0.0029799830769176028,-0.007459084620838552,0.0029799830769176028
2015-06-25,-0.0025579919139442353,-0.0027640105063923117,-0.0024193125881781796,-0.0028353505654763467,-0.0024193125881781796
2015-06-26,-0.003821003362727985,-0.002042148530389565,-0.005092214572175124,-0.001278580943833707,-0.005092214572175124
2015-06-29,0.0028477890741300063,-0.014712676035617923,0.015456395223021335,-0.02236942322365265,0.015456395223021335
2015-06-30,-0.0032553965011651678,0.0013369526710322543,-0.006559084669492399,0.003351979835489294,-0.006559084669492399
2015-07-01,-0.0036627626451093778,0.003085718184723929,-0.008489841908496776,0.005991395881665418,-0.008489841908496776
2015-07-02,-0.00010484786900029815,-0.0011887831985019416,0.0006657544935390058,-0.0016460525940789061,0.0006657544935390058
2015-07-06,0.005864184336746181,-0.0008037092900241461,0.010605981319226077,-0.00361940962821361,0.010605981319226077
2015-07-07,0.0006318937862838473,0.0030501063364238522,-0.0010986294581860623,0.0040929402752236665,-0.0010986294581860623
2015-07-08,-0.0017914189380043484,-0.012383018902108144,0.005808028425580147,-0.01699031366517334,0.005808028425580147
2015-07-09,-0.004866039884933948,0.00035240003388697927,-0.00865123486648589,0.002704350078169937,-0.00865123486648589
2015-07-10,-0.0006994229064969382,0.008611231150836063,-0.007344108823808093,0.012589948928125372,-0.007344108823808093
2015-07-13,0.0014368697152823777,0.008758546565535642,-0.003777782691238407,0.011866174528323947,-0.003777782691238407
2015-07-14,0.0021761033494399986,0.004496512120870444,0.000516069241370043,0.00549617156557991,0.000516069241370043
2015-07-15,0.0012797036222412423,-0.0006769184054617571,0.0026814218551621805,-0.0015237328436006337,0.0026814218551621805
2015-07-16,0.0036331853705265558,0.0064207194036623675,0.0016468455496837509,0.007605865012212165,0.0016468455496837509
2015-07-17,-0.0013427548828511455,0.0002644252718296047,-0.0024818456576994885,0.0009354266668455402,-0.0024818456576994885
2015-07-20,-0.010653436311451991,-0.0035516874368401565,-0.015721894501293687,-0.0005165199317685998,-0.015721894501293687
2015-07-21,-0.000503947033180463,-0.002831382932455695,0.0011585312649929902,-0.0038289036295273693,0.0011585312649929902
2015-07-22,-0.0008724980754349169,-0.002690519531570701,0.0004154076919167249,-0.0034483096101382005,0.0004154076919167249
2015-07-23,0.0009120077665813279,-0.0034011719754967864,0.0039895337933409936,-0.005243044286938003,0.0039895337933409936
2015-07-24,-0.00025495972917640347,-0.009234668820783953,0.006156834335356187,-0.013078547858241585,0.006156834335356187
2015-07-27,-0.002318067366782565,-0.006051184769973949,0.0003527157505515133,-0.007659633601450722,0.0003527157505515133
2015-07-28,0.002236114822159537,0.009419657077040278,-0.0028828937381729647,0.01247413194282454,-0.0028828937381729647
2015-07-29,0.0014014168705695311,0.004962210568546177,-0.0011436061387481988,0.006491462889204991,-0.0011436061387481988
2015-07-30,-0.00023576773064285886,2.1447225967474726e-05,-0.000423503786034618,0.00013970438014065945,-0.000423503786034618
2015-07-31,0.0036324943020624723,-0.000903164363522746,0.006875970007331533,-0.00285445710847565,0.006875970007331533
2015-08-03,-0.001015737312194842,-0.004252541024662271,0.0013034976115778862,-0.005654207159740299,0.0013034976115778862
2015-08-04,-0.002806003204083233,-0.0025969354681137703,-0.002958851222607084,-0.0025003071670355315,-0.002958851222607084
2015-08-05,-0.0025419176187588453,0.0016938421565978912,-0.005574754644828039,0.0035237564333795435,-0.005574754644828039
2015-08-06,0.0017919731889626627,-0.005020620871031301,0.006646389063690306,-0.007916858560492623,0.006646389063690306
2015-08-07,0.00398693009681661,-0.0013368735117964103,0.007794596074345961,-0.003628401858242092,0.007794596074345961
2015-08-10,0.00402020237377491,0.011210845771329348,-0.001095606426145146,0.01425181997361502,-0.001095606426145146
2015-08-11,0.003970181304593219,-0.005178577178278032,0.010486447643011099,-0.009062351372242539,0.010486447643011099
2015-08-12,0.003597311724754526,0.0026112210744150934,0.004275909090714847,0.002240116992833885,0.004275909090714847
2015-08-13,-0.004759604349862149,-0.003376954955206746,-0.005744014360263727,-0.002790784329058993,-0.005744014360263727
2015-08-14,0.001913223996477087,0.0030047699661892914,0.001128256785213111,0.003483158419005039,0.001128256785213111
2015-08-17,0.004430634495773115,0.0056057867814473415,0.00357377741319187,0.006144348660935606,0.00357377741319187
2015-08-18,-0.003903356869659147,-0.003728197022580271,-0.0040270603574488195,-0.003655949894079802,-0.0040270603574488195
2015-08-19,0.004380879645922153,-0.005796055812568557,0.011663106414294244,-0.010183573890822029,0.011663106414294244
2015-08-20,0.0013889265450025186,-0.01580281282620033,0.013732075727183268,-0.02329737181935898,0.013732075727183268
2015-08-21,-0.007653426757951665,-0.024680255404032292,0.004629162515709329,-0.03221860530527365,0.004629162515709329
2015-08-24,-0.01545047381897661,-0.0340407131813514,-0.002792014363272477,-0.04076739273038488,-0.002792014363272477
2015-08-25,-0.0124100130076192,-0.010928895139883644,-0.014245438115343179,-0.00873916279217124,-0.014245438115343179
2015-08-26,0.0021555106391114944,0.028535928744902093,-0.01650142859206838,0.03946938910147124,-0.01650142859206838
2015-08-27,0.008993185193778341,0.02091477241049642,0.0005691135311056694,0.025841328519123685,0.0005691135311056694
2015-08-28,0.004972584195865511,0.0035336766509334815,0.005987507243648826,0.0029427381002988806,0.005987507243648826
2015-08-31,-0.004521321898953008,-0.006308732977788123,-0.0032502102527005583,-0.0070635451914579095,-0.0032502102527005583
2015-09-01,-0.006658531469893407,-0.023359680384405036,0.005352754100026891,-0.030681102609734,0.005352754100026891
2015-09-02,0.0016482235435189008,0.013748984665845032,-0.006963979979874857,0.018872630590306416,-0.006963979979874857
2015-09-03,-0.0008623748987631,-0.00047373858446854157,-0.001152042308785517,-0.0002830400787182663,-0.001152042308785517
2015-09-04,-0.0028442169228078593,-0.010940271779367572,0.0029444735135996103,-0.014421597795622798,0.0029444735135996103
2015-09-08,0.0033749629578385676,0.0183413050950053,-0.007248324882345392,0.024621538638206486,-0.007248324882345392
2015-09-09,-0.007287794905383375,-0.011991167747111542,-0.004035595027361838,-0.013792194661426449,-0.004035595027361838
2015-09-10,0.0008915697683432958,0.005212869550185917,-0.0021986510237013146,0.007072011352432517,-0.0021986510237013146
2015-09-11,0.0025725538131939896,0.0031690191779505383,0.0021258931858841867,0.0034658750678135952,0.0021258931858841867
2015-09-14,-0.0005975901187257326,-0.002941253680252298,0.0010711991001810528,-0.0039351685565393035,0.0010711991001810528
2015-09-15,-0.0031431590107224108,0.008032065428870338,-0.011107189104185067,0.0127849011762029,-0.011107189104185067
2015-09-16,0.006209439908417676,0.008259962411807865,0.004758242590521822,0.009111834544209385,0.004758242590521822
2015-09-17,0.006863578747055306,0.0007455163350602257,0.011233682741026874,-0.0018766292408878282,0.011233682741026874
2015-09-18,0.0019033034473698123,-0.011313453651800143,0.011365259745069078,-0.01702060914802872,0.011365259745069078
2015-09-21,-0.006314982172931212,0.000618494966983596,-0.011278255351730548,0.0036115641846674595,-0.011278255351730548
2015-09-22,-0.0018322668730524534,-0.00936806773922988,0.003539217326962718,-0.012575235273082797,0.003539217326962718
2015-09-23,0.0005895650158435813,-0.0013376672126317434,0.0019594157057990502,-0.0021501363640673565,0.0019594157057990502
2015-09-24,0.008175121030262597,0.00014928116999277652,0.013883913183196928,-0.0032424632756060667,0.013883913183196928
2015-09-25,-0.006071243890939308,-0.004294796455234606,-0.0074025135635154005,-0.0034087045457871223,-0.0074025135635154005
2015-09-28,-0.007950341029815807,-0.022082616655181186,0.002213480317016847,-0.028277983723481115,0.002213480317016847
2015-09-29,-0.0005690214831321668,-0.000509999643446657,-0.0006139759979234549,-0.00047911245354959053,-0.0006139759979234549
2015-09-30,0.0016830681017972655,0.013778935741799303,-0.006917509318087656,0.018884222941567108,-0.006917509318087656
2015-10-01,0.0017580499081294072,0.0020665161763755214,0.0015293176870552205,0.0022155143502777808,0.0015293176870552205
2015-10-02,0.014940783704563643,0.016493562333206202,0.013628439823357263,0.0175654714669764,0.013628439823357263
2015-10-05,0.0009362446056247661,0.013234438482605193,-0.007803583834565475,0.01841590148600525,-0.007803583834565475
2015-10-06,0.0039741801859353165,-0.0004901185632867122,0.0071706943905534,-0.0024188482233008513,0.0071706943905534
2015-10-07,0.0017558999124627217,0.007570553931799307,-0.002387924149590992,0.010043548036570149,-0.002387924149590992
2015-10-08,-0.0018514674401607738,0.004960594945615027,-0.0067333262115141235,0.007912250102545926,-0.0067333262115141235
2015-10-09,0.006378357515802957,0.0023888640237585855,0.009227825174365156,0.0006794221986785587,0.009227825174365156
2015-10-12,0.003699967005256729,0.0007676140052183866,0.005790455149682794,-0.0004810092835954016,0.005790455149682794
2015-10-13,-0.000388445472479404,-0.005575821833154448,0.0033227736960270704,-0.007810883809492353,0.0033227736960270704
2015-10-14,0.007511905974378859,-0.0002706336320020597,0.013069897199639247,-0.0036040764761419153,0.013069897199639247
2015-10-15,0.0028765238654810212,0.013536217204193512,-0.004734442180950982,0.018098455958345028,-0.004734442180950982
2015-10-16,-0.0010244580630303461,0.002258642477670625,-0.003368283458577759,0.0036631927280644794,-0.003368283458577759
2015-10-19,-0.0024593758855620353,-0.0010635241616638313,-0.0034593341569567615,-0.0004594593427725835,-0.0034593341569567615
2015-10-20,-0.000690039267998562,-0.0017834557620055812,9.24866885368969e-05,-0.0022550911810694796,9.24866885368969e-05
2015-10-21,-0.002426056543791688,-0.006570434525824243,0.000520484097896956,-0.008319137827168976,0.000520484097896956
2015-10-22,0.0052672969654120605,0.01174626161551241,0.0006680847047549898,0.014465721486726202,0.0006680847047549898
2015-10-23,0.0013977590889141522,0.010536204816021933,-0.0051133213590799365,0.01441991998490233,-0.0051133213590799365
2015-10-26,0.0003730090952141681,-0.0033203980363603726,0.0030137993808478925,-0.004908571476053281,0.0030137993808478925
2015-10-27,0.0008312493627021059,-0.0013262951220958219,0.002373895429268691,-0.002254042770431064,0.002373895429268691
2015-10-28,0.0013713302704581782,0.011714369552986858,-0.0060026917043638495,0.016119374220102234,-0.0060026917043638495
2015-10-29,-0.008875685971897992,-0.003440850071507973,-0.012758742938941858,-0.001109572037810258,-0.012758742938941858
2015-10-30,-0.00038935227753100765,-0.0035344327974892844,0.001856596711464542,-0.004881250255522107,0.001856596711464542
2015-11-02,0.0013229724960798588,0.010939473695643498,-0.00554446056397484,0.015057838616189256,-0.00554446056397484
2015-11-03,-0.0057826134107306455,0.00227374722942193,-0.011530421742383501,0.005713003252575066,-0.011530421742383501
2015-11-04,-0.0036287106477276287,-0.00291872552565261,-0.004141049644508121,-0.0026040326541666436,-0.004141049644508121
2015-11-05,-0.0024807041813644792,-0.001923850002677263,-0.002878036808351636,-0.0016860389273901655,-0.002878036808351636
2015-11-06,-0.00914506874294374,-0.0014852928151100175,-0.014630154171195842,0.0018251021135604617,-0.014630154171195842
2015-11-09,-0.00422945633314357,-0.008221916565681497,-0.0013710068443597567,-0.009946355310711197,-0.0013710068443597567
2015-11-10,0.0007690122783404011,0.00124082008915003,0.00042529262593948847,0.0014564515831422264,0.00042529262593948847
2015-11-11,-0.003981116320524373,-0.005739962683212807,-0.002733022975686894,-0.006477303010199331,-0.002733022975686894
2015-11-12,-0.0033811011391997603,-0.011600542970685945,0.0025145082051485357,-0.015172319827896352,0.0025145082051485357
2015-11-13,-0.002549357018583868,-0.008142985845259321,0.0014591329371422823,-0.010566336930036169,0.0014591329371422823
2015-11-16,0.005413169137009843,0.012598628519092037,0.00026756979453623764,0.015704367821957055,0.00026756979453623764
2015-11-17,-0.0043325560635059475,-0.0023236464350278817,-0.005768792967059122,-0.0014600822563995974,-0.005768792967059122
2015-11-18,0.006623702267834523,0.013849983613739325,0.001484689286447738,0.016901728230608093,0.001484689286447738
2015-11-19,0.004692904061209961,-0.0011053854294759025,0.00884235156264035,-0.0036059909416508162,0.00884235156264035
2015-11-20,-0.0013158957376029345,0.0021641267125582565,-0.003799470869807142,0.003651254526805481,-0.003799470869807142
2015-11-23,-0.002393057220239414,-0.0011116338382943236,-0.003920566357994315,-0.0007655344582599977,-0.0024930708444639293
2015-11-24,0.003693693079465691,0.0037540276560606768,0.0038968282371379948,0.0038968282371379948,0.003287422764121084
2015-11-25,-0.00012670513429768882,8.29271437998047e-05,0.0003962915754295304,0.0003962915754295304,-0.0011726985537521273
2015-11-27,-0.001658711542356121,-0.0007146149007388081,0.0007073585621898415,0.0007073585621898415,-0.006390851751448046
2015-11-30,-0.00026226283346616103,-0.0013798013454919377,-0.0030378191096976925,-0.0030378191096976925,0.005288849718996902
2015-12-01,0.009472679419004907,0.009680211279424955,0.009949662691817851,0.009949662691817851,0.00851871287337902
2015-12-02,-0.010298902508423987,-0.010820002440903542,-0.011636142588345999,-0.011636142588345999,-0.007624422348579962
2015-12-03,-0.009306508793822962,-0.014939971974296352,-0.0030337420421202577,-0.016554166656163605,-0.008331617683185022
2015-12-04,0.01620988479348388,0.017286768228628447,0.015466815659935351,0.017696023060580934,0.015466815659935351
2015-12-07,-0.007766943913415296,-0.009274166563619669,-0.010423313594485673,-0.01122573304508423,-0.0016517851006759843
2015-12-08,-0.006524543574462083,-0.004200426804341173,-0.015195455808396208,-0.0054598496145046305,0.0010816746995145898
2015-12-09,-0.0035710577442699862,-0.006474862137853088,-0.0014853557456948607,-0.007742461741420237,-0.0014853557456948607
2015-12-10,0.00152067699036366,0.003343465874019802,0.00021894768747765525,0.00412413559613567,0.00021894768747765525
2015-12-11,-0.0003632783934474452,-0.015641693917413747,0.010613649607449593,-0.022317134395241522,0.010613649607449593
2015-12-14,-0.007175394583250931,0.000820770693928996,-0.012885114847748791,0.00424404594574479,-0.012885114847748791
2015-12-15,0.001558179377459723,0.009739670870375161,-0.004265711792088567,0.013205961716556303,-0.004265711792088567
2015-12-16,0.00720194758308527,0.010339191670937786,0.004984101193953427,0.011637640361348955,0.004984101193953427
2015-12-17,-0.00853680775253999,-0.01306876505912603,-0.005322459563295023,-0.014965504131029927,-0.005322459563295023
2015-12-18,0.0006163954872497138,-0.013067901390238034,0.01042059054040645,-0.018991994619063757,0.01042059054040645
2015-12-21,0.00622144271531444,0.00750047438285556,0.005313325074321695,0.00803767799729993,0.005313325074321695
2015-12-22,-0.0012384088013421835,0.005767569033603736,-0.006233127518097903,0.008751028632169255,-0.006233127518097903
2015-12-23,0.001379402317552773,0.010675525382108919,-0.0052203779259496486,0.014578962804557616,-0.0052203779259496486
2015-12-24,0.0037920542262898835,3.263812084527418e-05,0.006476307148581162,-0.0015764516182926736,0.006476307148581162
2015-12-28,-0.002923760968924438,-0.003784035400443386,-0.002310554737669057,-0.0041501734314352,-0.002310554737669057
2015-12-29,-0.0019488881278800403,0.0074549492174978745,-0.008659948959591546,0.01147323353554297,-0.008659948959591546
2015-12-30,-0.005629606129493962,-0.007464543983642635,-0.0043157960096904535,-0.008257226369100978,-0.0043157960096904535
2015-12-31,-0.0014427909727443566,-0.006876477061656916,0.0024464670652577514,-0.009221307048748573,0.0024464670652577514
2016-01-04,-0.006812129801303153,-0.010321883932000042,0.01067533952565869,-0.015555864464784075,-0.015555864464784075
2016-01-05,0.0008506123089825716,0.0011374863066243358,-0.0006076941776624878,0.0015797655523051013,0.0015797655523051013
2016-01-06,-0.005865980738621361,-0.00981693749680478,0.01394344330198205,-0.015770692758923066,-0.015770692758923066
2016-01-07,-0.014753452902660872,-0.019200409056488586,0.007958466046060542,-0.02610941237702158,-0.02610941237702158
2016-01-08,-0.008102827028124593,-0.009820099386009307,3.441551358707162e-05,-0.012171448298980425,-0.012171448298980425
2016-01-11,-0.005130254136670935,-0.00419656740264387,-0.009923507999168524,-0.00273362720542214,-0.00273362720542214
2016-01-12,0.006928191863349105,0.007360852015727582,0.004676375949862921,0.008054099820092198,0.008054099820092198
2016-01-13,-0.01577615903107706,-0.020524712127913645,0.007387189942117844,-0.027357833517674512,-0.027357833517674512
2016-01-14,0.0016180198372301262,0.013732116017685281,-0.012818818160121426,0.020291010930385767,-0.0026181332585739625
2016-01-15,0.004125902611936683,-0.015970526388722827,0.012966173540321702,-0.0229818430994988,0.022393377394987146
2016-01-19,-0.0030056559139661396,-0.0033030932484385154,-0.0020286474898244533,-0.0034941601260369826,-0.0034941601260369826
2016-01-20,-0.002519209336136955,-0.0054953274138167755,0.011950894182952254,-0.00975426109568156,-0.00975426109568156
2016-01-21,0.0004719983254937536,0.0034364210486612532,-0.0028161701607045675,0.005008552446671977,-0.0007763873094861484
2016-01-22,0.005952642460543389,0.018528110810191956,-0.004222975420602126,0.024121894504868235,-0.0020409917026359414
2016-01-25,-0.0101902662560062,-0.013721809821025666,0.00784959740381086,-0.01921019808591473,-0.01921019808591473
2016-01-26,0.010613324513709887,0.014436686310962843,0.005936013458632816,0.016493288673131934,0.009410671409364912
2016-01-27,-0.007855685760945344,-0.010037545024858962,0.0017543632919133634,-0.013019742660136835,-0.012301677914612563
2016-01-28,0.002443103024562965,0.003799313729135645,-0.004619770887076213,0.005974539980382554,0.005974539980382554
2016-01-29,0.019263842317737662,0.02194066097652949,0.0061638943274640035,0.025813816312874494,0.025813816312874494
2016-02-01,0.0003743064280231634,-0.0010862127112443941,0.00559525827748486,-0.002236169496707685,-0.002236169496707685
2016-02-02,-0.01678348656578484,-0.015354425271343697,-0.021653578637147897,-0.021653578637147897,-0.007043302423058728
2016-02-03,0.004351745630390906,0.0057902198385930805,0.011011306018622213,0.006918003695861152,-0.004874072823310649
2016-02-04,0.0040551084911283715,0.0031603294033957672,0.008459836499161932,0.0018527444871115906,0.0018527444871115906
2016-02-05,-0.012069512653596718,-0.01615202303248283,0.008545873185739516,-0.022377205573264836,-0.022377205573264836
2016-02-08,-0.0036363526597475992,-0.007860278920057018,0.0174509758001542,-0.014180016889698499,-0.014180016889698499
2016-02-09,-0.002879880048058392,-0.0034381661813704945,-0.0005525838253851445,-0.004043528159395016,-0.004043528159395016
2016-02-10,0.002718179803607853,0.0015767028460046072,0.008275416353774823,-6.0438471475632305e-05,-6.0438471475632305e-05
2016-02-11,2.452184023053287e-05,-0.004736000805998231,0.023576979119624975,-0.011751706799466688,-0.011751706799466688
2016-02-12,0.0057342613255515484,0.014853647924132485,-0.01125396117618871,0.021265039657906604,0.007191705494936751
2016-02-16,-0.007866747758156434,0.009878700576033472,-0.020510276787495285,0.01742031030052127,-0.020510276787495285
2016-02-17,0.009927197442563021,0.01509247862700469,1.6065110038043784e-05,0.01878315939982822,0.010982367817822802
2016-02-18,-0.007847007283773078,-0.0014416404995280408,-0.010849053675711984,-0.0063459840878036244,-0.0063459840878036244
2016-02-19,0.0004924600628916087,-0.00015357795428084798,0.0004924600628916087,0.0004924600628916087,0.0004924600628916087
2016-02-22,0.015496674576068958,0.01060303408379092,0.015496674576068958,0.015496674576068958,0.015496674576068958
2016-02-23,-0.015589134235706403,-0.010524877896100593,-0.015589134235706403,-0.015589134235706403,-0.015589134235706403
2016-02-24,0.005886471159093465,0.004698006682051803,0.005886471159093465,0.005886471159093465,0.005886471159093465
2016-02-25,0.01048608014168928,0.009022331739707522,0.01048608014168928,0.01048608014168928,0.01048608014168928
2016-02-26,0.0024333818859574308,-0.000846453556373028,0.0010502115035709858,0.0010502115035709858,0.005199722650730321
2016-02-29,-0.008736019401916964,-0.005686708703954868,-0.009288459743029165,-0.009288459743029165,-0.007631138719692565
2016-03-01,0.026093870723961077,0.018479694792000335,0.026093870723961077,0.026093870723961077,0.026093870723961077
2016-03-02,0.004990968427534141,0.0069148222036931935,0.0005923883491942838,0.007190258466704069,0.007190258466704069
2016-03-03,0.006353561132465435,0.005527340312348883,0.010452241442234333,0.004304220977580986,0.004304220977580986
2016-03-04,0.0009174225291903962,0.0019002902693360467,-0.003990844459568321,0.003371556023569755,0.003371556023569755
2016-03-07,0.006234581714882448,0.003859523155245814,0.010160668501478676,0.004271538321584334,0.004271538321584334
2016-03-08,-0.01577756922689122,-0.011933383365241357,-0.01577756922689122,-0.01577756922689122,-0.01577756922689122
2016-03-09,0.005844363003864261,0.003241985041040685,0.005844363003864261,0.005844363003864261,0.005844363003864261
2016-03-10,0.0002677014243945841,0.00028782967956046955,0.0030314089569141167,-0.0011141523418651822,-0.0011141523418651822
2016-03-11,0.008268746025680174,0.0127201633724495,-0.013658947493898066,0.019232592785469294,0.019232592785469294
2016-03-14,-0.002761577708234597,-0.002363819269837786,-0.004841601513920546,-0.0017215658053916227,-0.0017215658053916227
2016-03-15,-0.0011360811603688588,-0.002871073234631527,0.004155819166716923,-0.00378203132391175,-0.00378203132391175
2016-03-16,0.006374752595516231,0.007613227169396197,0.006374752595516231,0.006374752595516231,0.006374752595516231
2016-03-17,0.0059189882463007715,0.004769903767396144,0.0059189882463007715,0.0059189882463007715,0.0059189882463007715
2016-03-18,0.005759538371988171,0.00454341914769707,0.005759538371988171,0.005759538371988171,0.005759538371988171
2016-03-21,0.0011069000437218257,-0.0005852345789890467,0.0011069000437218257,0.0011069000437218257,0.0011069000437218257
2016-03-22,0.00017274493880359287,0.0003858858666372922,0.00017274493880359287,0.00017274493880359287,0.00017274493880359287
2016-03-23,-0.01009920199887171,-0.00919196465069252,-0.01009920199887171,-0.01009920199887171,-0.01009920199887171
2016-03-24,0.0006185748859044438,0.0002512868729932061,0.0006185748859044438,0.0006185748859044438,0.0006185748859044438
2016-03-28,-0.0007593309171014528,-0.00024731612088416675,-0.0007593309171014528,-0.0007593309171014528,-0.0007593309171014528
2016-03-29,0.01157717945050063,0.012124576937511233,0.01157717945050063,0.01157717945050063,0.01157717945050063
2016-03-30,0.0034864167585531014,0.0003270199942035923,0.0034864167585531014,0.0034864167585531014,0.0034864167585531014
2016-03-31,-0.0012878605347110827,0.00013951521923546428,-0.0012878605347110827,-0.0012878605347110827,-0.0012878605347110827
2016-04-01,0.005382792193082242,0.0039055189860451867,0.005382792193082242,0.005382792193082242,0.005382792193082242
2016-04-04,-0.0028617021482096883,-0.002890422992438679,-0.0028617021482096883,-0.0028617021482096883,-0.0028617021482096883
2016-04-05,-0.010249288046264682,-0.005793666823512922,-0.010249288046264682,-0.010249288046264682,-0.010249288046264682
2016-04-06,0.013636324407414913,0.00958154585817963,0.013636324407414913,0.013636324407414913,0.013636324407414913
2016-04-07,-0.012492584817823005,-0.007305331249684288,-0.012492584817823005,-0.012492584817823005,-0.012492584817823005
2016-04-08,0.005082143508202057,0.0021216850468360193,0.007936513425277014,0.0036549585496645776,0.0036549585496645776
2016-04-11,-0.003686478249005106,-0.0008625781032915225,-0.005900596852683404,-0.0025794189471659568,-0.0025794189471659568
2016-04-12,0.007590915259964803,0.008854201785448912,-0.0010135726927434918,0.011893159236318951,0.011893159236318951
2016-04-13,0.009260258504709573,0.009464417431723415,0.0024098364042258735,0.012685469554951423,0.012685469554951423
2016-04-14,0.0006066829806345986,-0.0013955357855366946,0.0006066829806345986,0.0006066829806345986,0.0006066829806345986
2016-04-15,-0.0030429476672807487,-0.000885009028469641,-0.0030429476672807487,-0.0030429476672807487,-0.0030429476672807487
2016-04-18,0.008058093377707243,0.005774249080679461,0.008058093377707243,0.008058093377707243,0.008058093377707243
2016-04-19,0.003903524641812983,0.004380930327960664,0.003903524641812983,0.003903524641812983,0.003903524641812983
2016-04-20,0.003722158631514816,0.0013601574097584558,0.003722158631514816,0.003722158631514816,0.003722158631514816
2016-04-21,-0.003578163859212613,-0.0030785512812745775,-0.003578163859212613,-0.003578163859212613,-0.003578163859212613
2016-04-22,0.0005612984251593955,-0.0010811869798766805,0.0005612984251593955,0.0005612984251593955,0.0005612984251593955
2016-04-25,-0.003474681879379271,-0.002904206741493787,-0.003474681879379271,-0.003474681879379271,-0.003474681879379271
2016-04-26,0.002587887036221481,0.0020183690781664155,0.002587887036221481,0.002587887036221481,0.002587887036221481
2016-04-27,0.0019939128285683116,0.002872179297986499,0.0019939128285683116,0.0019939128285683116,0.0019939128285683116
2016-04-28,-0.01084626857624904,-0.00636529087992147,-0.01084626857624904,-0.01084626857624904,-0.01084626857624904
2016-04-29,-0.006836556163775209,-0.003259736948209724,-0.006836556163775209,-0.006836556163775209,-0.006836556163775209
2016-05-02,0.002911678357573592,0.00402254025999278,-0.0046490911520457034,0.00669206311238324,0.00669206311238324
2016-05-03,-0.0058678983306865344,-0.008053984125466573,0.0051712073016833005,-0.011387451146871452,-0.011387451146871452
2016-05-04,-0.005153960762253014,-0.006124133739164895,-0.0003099051832545774,-0.007575988551752233,-0.007575988551752233
2016-05-05,0.0016592592265698425,0.0014159751495701257,0.0027748284236017717,0.0011014746280538779,0.0011014746280538779
2016-05-06,0.002786460277214483,0.002835583683786258,0.002403891638851685,0.0029777445963958815,0.0029777445963958815
2016-05-09,-0.0030096486699097516,-0.0018601584050913279,-0.008716017831432499,-0.00015646408914837817,-0.00015646408914837817
2016-05-10,0.008952815826373639,0.010487408376658337,0.001405115001324786,0.012726666238898066,0.012726666238898066
2016-05-11,-0.0031866997137621755,-0.005320688444580468,0.00753548648169633,-0.008547792811491428,-0.008547792811491428
2016-05-12,-0.0032490158815302226,-0.002672045723850358,-0.0062068008777693695,-0.001770123383410649,-0.001770123383410649
2016-05-13,-0.0027106793628815704,-0.004664719524253758,0.007112009646785378,-0.007622023867715044,-0.007622023867715044
2016-05-16,0.006595762437902867,0.008706369634001732,-0.003920698649670706,0.011853992981689654,0.011853992981689654
2016-05-17,-0.0048812317121889786,-0.00636191569343435,0.0025648208749107226,-0.00860425800573883,-0.00860425800573883
2016-05-18,-0.0033097983480811313,-0.0008148649806400399,-0.015820167859557532,0.002945386407657069,0.002945386407657069
2016-05-19,-0.0033628468435579206,-0.004286549042627574,0.0012206182425565926,-0.005654579386615177,-0.005654579386615177
2016-05-20,0.005923261401556375,0.007175744742433543,-0.00027720539326159255,0.009023494798965359,0.009023494798965359
2016-05-23,-0.000511176386735627,-0.001367045537542,-0.0002989259747540052,-0.00162993543220058,0.00039533224674770384
2016-05-24,-0.002341525798513988,0.009697055323805503,-0.010912722423243815,0.014800867450945665,-0.010912722423243815
2016-05-25,0.0006407936115689535,0.00609509671082018,-0.003246137182184139,0.008414655199075138,-0.003246137182184139
2016-05-26,0.0003545486868740122,-0.000399007478717095,0.0008890846976142841,-0.0007145233346065316,0.0008890846976142841
2016-05-27,-0.0016310776772759568,0.0028784436779887733,-0.004851444862850385,0.004809656693872899,-0.004851444862850385
2016-05-31,0.0019412967098314897,0.00029624257841822656,0.003109719969750069,-0.0003955498100056687,0.003109719969750069
2016-06-01,0.0015578122179933744,0.0015955514787315938,0.001513768152295869,0.001645900349388385,0.001513768152295869
2016-06-02,0.002820988506576897,0.00334831120228819,0.0024358781825787323,0.003591209154573227,0.0024358781825787323
2016-06-03,0.012358780848932419,0.00033363876761783874,0.02095590231730715,-0.004835462087817044,0.02095590231730715
2016-06-06,0.0001713794392307714,0.005395985608090603,-0.003550542056637185,0.007615222430966684,-0.003550542056637185
2016-06-07,0.0014201856288731756,0.0023049806864487874,0.000792228889638702,0.0026760991073421225,0.000792228889638702
2016-06-08,0.007560905880029852,0.004038658656860217,0.01007511562454888,0.002532486390991795,0.01007511562454888
2016-06-09,0.00289634451913671,-0.00146679311771174,0.006007590022845788,-0.003326146488281445,0.006007590022845788
2016-06-10,-0.000821809304017281,-0.008173079728279454,0.00444271963131726,-0.011350867174686363,0.00444271963131726
2016-06-13,0.0013019667483170256,-0.005159543541935286,0.0059236255813617245,-0.007941350917772372,0.0059236255813617245
2016-06-14,-0.000696690058266188,-0.0019153612733245784,0.00017212712238312555,-0.002434324419564815,0.00017212712238312555
2016-06-15,0.0031165211568433917,-0.0004121557584910396,0.005631886554682053,-0.0019142096388339302,0.005631886554682053
2016-06-16,-0.0012249654328012245,0.0008724241560796097,-0.002754726325043033,0.0018345563516823926,-0.002754726325043033
2016-06-17,0.0009119473852637153,-0.0024106843048308235,0.0032877410690869135,-0.003839639982382681,0.0032877410690869135
2016-06-20,-0.003196257414138204,0.003907533090922966,-0.008306142421440343,0.007023512600466075,-0.008306142421440343
2016-06-21,-0.0068527742200624004,0.00028182404882666213,-0.011948176465975124,0.0033380302717630483,-0.011948176465975124
2016-06-22,-2.2688430173019764e-05,-0.0015609130655773406,0.0010720591250712452,-0.0022121835406615498,0.0010720591250712452
2016-06-23,-0.0008817579803311512,0.010519862594648932,-0.008995275459261709,0.015345276977529965,-0.008995275459261709
2016-06-24,0.012745982426106658,-0.02269728185204072,0.03805953888681102,-0.03788113049530206,0.03805953888681102
2016-06-27,0.0026210491605544264,-0.014826797547740533,0.015154412439503107,-0.022445677397342934,0.015154412439503107
2016-06-28,0.003894286793113914,0.015478812889982606,-0.00433012364139207,0.02034310766212588,-0.00433012364139207
2016-06-29,0.005047696202419442,0.014633578049240203,-0.0017573345347496883,0.018657757676757702,-0.0017573345347496883
2016-06-30,0.007122530103181053,0.011023492678280932,0.004344348728039682,0.012678892853463797,0.004344348728039682
2016-07-01,0.010612420763085365,0.005024919792910832,0.014604725323908996,0.0026278116414381048,0.014604725323908996
2016-07-05,0.00367879599179984,-0.0056790014040296825,0.010376206100003227,-0.009716024224606934,0.010376206100003227
2016-07-06,0.004635525386850414,0.005843811314195047,0.0037482192389037827,0.006410137682743677,0.0037482192389037827
2016-07-07,-0.0015627380151214492,-0.0010845057459545671,-0.0019140622545047448,-0.0008600895363548577,-0.0019140622545047448
2016-07-08,0.009778711315099256,0.014153466710832618,0.0066850158562195006,0.01596610223285877,0.0066850158562195006
2016-07-11,-0.004568532079507581,0.0017890114617047704,-0.009107066289868126,0.004508536341213509,-0.009107066289868126
2016-07-12,-0.007564937390372561,0.005002252329665791,-0.016521844595072555,0.010348877019027425,-0.016521844595072555
2016-07-13,0.006402479546181376,0.0006831698009282849,0.010484876542331767,-0.0017623144461194062,0.010484876542331767
2016-07-14,-0.005457936047288022,0.002389046590007593,-0.01108817646427751,0.005802544786690955,-0.01108817646427751
2016-07-15,-0.004303742218716026,-0.0016304120450345793,-0.006220082410923533,-0.000471061834301012,-0.006220082410923533
2016-07-18,0.0011859126093993755,0.0023888953566570392,0.00032556780907289085,0.0029066022100523448,0.00032556780907289085
2016-07-19,0.0016020935210478982,-0.0010417387228100817,0.0034895023600958197,-0.002172724157047945,0.0034895023600958197
2016-07-20,-0.004650835979257935,0.0026904852410877256,-0.009889047981248678,0.005825588024723549,-0.009889047981248678
2016-07-21,0.004414441902263959,-0.0015115023239420488,0.008646553694718229,-0.004049781682644582,0.008646553694718229
2016-07-22,-0.0003925220616158113,0.0030607667998735154,-0.0028592121551356264,0.004540858125423819,-0.0028592121551356264
2016-07-25,-0.003910706393398559,-0.003997513154540078,-0.0038429659336132183,-0.0040461873129692405,-0.0038429659336132183
2016-07-26,0.0024618913525750186,0.0018222847274241617,0.0029123544699576343,0.0015609651178097872,0.0029123544699576343
2016-07-27,0.009974915052963662,0.003976092642881968,0.014257999960344048,0.0014087452382028909,0.014257999960344048
2016-07-28,-0.0014500201007103068,-0.00017529067259799413,-0.002362427192051042,0.0003747940819711637,-0.002362427192051042
2016-07-29,0.007008417179539113,0.0037271064245732455,0.009329317707764906,0.0023666161230875282,0.009329317707764906
2016-08-01,-0.003968996553821398,-0.0032266610199420008,-0.004486323043909168,-0.002934343573645859,-0.004486323043909168
2016-08-02,-0.0025389321428178993,-0.004579776244564515,-0.001078949514145,-0.005458897400163698,-0.001078949514145
2016-08-03,0.0005533945258622645,0.00425503533385887,-0.0020913933656219186,0.005842970308830631,-0.0020913933656219186
2016-08-04,0.0032889648949565218,0.0014438580724806971,0.0046062541173204075,0.00065438645022875,0.0046062541173204075
2016-08-05,-0.006013760745191332,0.005407552041994812,-0.014155557683229847,0.010269833130885697,-0.014155557683229847
2016-08-08,0.000498739258209128,0.00047900664482449786,0.0005147272966937733,0.0004667631812398376,0.0005147272966937733
2016-08-09,0.004822574829416615,0.001837711216106952,0.0069530854826200805,0.0005615535230096835,0.0069530854826200805
2016-08-10,0.0012440734674240561,-0.003020618992197188,0.004287403230173625,-0.004842586058075082,0.004287403230173625
2016-08-11,-0.003356263202899242,0.0030418528791875898,-0.007921625529651921,0.0057744614506061165,-0.007921625529651921
2016-08-12,0.0020116809986471993,0.000400094785153593,0.0031602658628111513,-0.00028548872968070516,0.0031602658628111513
2016-08-15,-0.00025756775393219006,0.0035750284389946653,-0.002990928065009335,0.0052091528682221,-0.002990928065009335
2016-08-16,-0.0009187764068725457,-0.0037842772194017437,0.0011309906327070518,-0.005018310486031741,0.0011309906327070518
2016-08-17,0.002517232456588562,0.0016755880799101841,0.0031154112977220816,0.0013208747743215232,0.0031154112977220816
2016-08-18,0.003427488959800199,0.003804287720614774,0.0031620656644000267,0.003958335550600545,0.0031620656644000267
2016-08-19,-0.00521218298723473,-0.0026635958809432926,-0.00703310177746419,-0.0015703454067758083,-0.00703310177746419
2016-08-22,0.0020000008954916084,-6.173784567888862e-05,0.0034729010830338858,-0.0009457994795929459,0.0034729010830338858
2016-08-23,0.0013332205687034786,0.002551434803352237,0.00046112740184300893,0.0030774069024244177,0.00046112740184300893
2016-08-24,-0.0065283959006304055,-0.006225271591293047,-0.006742815713190353,-0.006099556275510509,-0.006742815713190353
2016-08-25,-0.0019238547928287868,-0.0013555610754387604,-0.002331166125235762,-0.0011092321280148365,-0.002331166125235762
2016-08-26,-0.0025425719786345002,-0.0010611340470228047,-0.0036048148659456603,-0.0004180862040121802,-0.0036048148659456603
2016-08-29,0.006714713264693195,0.0053842913408122415,0.0076662925426029815,0.004811554708873622,0.0076662925426029815
2016-08-30,-0.004888261575589747,-0.001986795473602021,-0.006959865571762314,-0.0007450535832446148,-0.006959865571762314
2016-08-31,-0.0015380557701591229,-0.00328809368070091,-0.0002837370567574382,-0.004046693196962492,-0.0002837370567574382
2016-09-01,0.001650620074261977,0.0003003710428224893,0.002611321877734385,-0.00027078353268283895,0.002611321877734385
2016-09-02,0.002466539385732084,0.0044927575369531625,0.001021981192159127,0.0053556557728779985,0.001021981192159127
2016-09-06,0.009500281710180655,0.005897573374659459,0.012078861633550764,0.004343121863440436,0.012078861633550764
2016-09-07,-0.0007648751572496929,0.0010443584462319967,-0.0020591909983647128,0.0018237565249803467,-0.0020591909983647128
2016-09-08,-0.006052416831178446,-0.002011641978817413,-0.008931585818879872,-0.00029407885577559245,-0.008931585818879872
2016-09-09,-0.015841382271932214,-0.02176402822391793,-0.011544067987497408,-0.024436010840801825,-0.011544067987497408
2016-09-12,0.0044516160983642345,0.011132489114705556,-0.0003703725243979772,0.014095593343888657,-0.0003703725243979772
2016-09-13,-0.011138554682697385,-0.014099879695294526,-0.008990995554463588,-0.015433672939164977,-0.008990995554463588
2016-09-14,0.0013395380378565431,-0.00022103250731959624,0.0024551862263995083,-0.0008917583392293871,0.0024551862263995083
2016-09-15,0.0002808024612181992,0.008196882269693773,-0.005371786731967365,0.011585980847589328,-0.005371786731967365
2016-09-16,0.0005587533488387401,-0.0025899249712219353,0.00280349339727326,-0.0039307267480303,0.00280349339727326
2016-09-19,-0.000271766068320541,0.00016267902732516326,-0.0005913267404733524,0.0003673552759850818,-0.0005913267404733524
2016-09-20,0.0012335328119798723,-0.00017908732221921797,0.0022329311763853443,-0.0007652639168310715,0.0022329311763853443
2016-09-21,0.011502712246198143,0.01177520656426354,0.011327707059130221,0.011852722620333989,0.011327707059130221
2016-09-22,0.005558326199403292,0.006127412980636682,0.005150024221021621,0.006374930156166636,0.005150024221021621
2016-09-23,-0.0024434626547425267,-0.005632667001107516,-0.0001607307376800815,-0.007008926488867417,-0.0001607307376800815
2016-09-26,-0.0012098440179567997,-0.006793127095583695,0.002787499465489285,-0.009204530984848969,0.002787499465489285
2016-09-27,0.0019457851701146038,0.004636602185409256,1.8295901767495515e-05,0.00580076370680882,1.8295901767495515e-05
2016-09-28,0.0010767033896527851,0.006331409908603614,-0.00266154286094078,0.008553195890839915,-0.00266154286094078
2016-09-29,-0.0029020537349914535,-0.007919989760477041,0.0006846411026845134,-0.010075443410343388,0.0006846411026845134
2016-09-30,-0.0008957957466991425,0.006504208721397642,-0.006170308826723869,0.009653230413350311,-0.006170308826723869
2016-10-03,-0.0027214390581745684,-0.0024473421403773286,-0.002918783662746338,-0.002326749849031029,-0.002918783662746338
2016-10-04,-0.016673997286009157,-0.0074106871646889335,-0.02328325297730338,-0.0034554859034207075,-0.02328325297730338
2016-10-05,0.0003927648262333309,0.005311833686019807,-0.0031130229421271194,0.0074043403629542315,-0.0031130229421271194
2016-10-06,-0.004948237398421281,-0.001482156392088796,-0.007424387018337364,4.061841410885059e-06,-0.007424387018337364
2016-10-07,-0.0005838079780661198,-0.0023616753781538933,0.0006813636737368345,-0.0031141512816720285,0.0006813636737368345
2016-10-10,0.0017376164439316295,0.005839333818211634,-0.0011915421475632293,0.007595933626921347,-0.0011915421475632293
2016-10-11,-0.0071412503935150235,-0.011985728143267904,-0.0036665667636984756,-0.014090617653148119,-0.0036665667636984756
2016-10-12,0.0005367026683312792,-0.0005108524121200442,0.0012844691654001483,-0.000958830325806459,0.0012844691654001483
2016-10-13,0.00043204048920897353,-0.003302353592980212,0.0030927483727667404,-0.00488937527790656,0.0030927483727667404
2016-10-14,-0.006693027820253532,-0.0023518294351857595,-0.00980845781156503,-0.0004621678376305338,-0.00980845781156503
2016-10-17,0.0019602204947951987,-0.0016367252435185997,0.004529754115547346,-0.0031788467467090964,0.004529754115547346
2016-10-18,0.005415548866486357,0.006369859545399148,0.004721089076112017,0.006804468447235035,0.004721089076112017
2016-10-19,0.0034940730947740084,0.003793805845216558,0.003283502639516156,0.003915214005289713,0.003283502639516156
2016-10-20,-0.0010605699348443058,-0.0011580150703500158,-0.0009932592456770584,-0.0011951913131788006,-0.0009932592456770584
2016-10-21,0.000354503157109239,-0.0007342942884176029,0.0011254456716756067,-0.0011873818720234963,0.0011254456716756067
2016-10-24,-0.0007494674765458805,0.0028003919181212255,-0.0032863485418100913,0.004324294653982541,-0.0032863485418100913
2016-10-25,0.002200947633149153,-0.0018453972056614366,0.005091008192043223,-0.0035791734846389867,0.005091008192043223
2016-10-26,-0.004967472716697323,-0.0032798438237578442,-0.006183947416046998,-0.002534523317997972,-0.006183947416046998
2016-10-27,-0.0037615465179750007,-0.0026885779108128728,-0.0045412223968192,-0.002202194760286602,-0.0045412223968192
2016-10-28,-0.0009621834426406517,-0.004043535935057607,0.0012453319854984768,-0.005377214298918909,0.0012453319854984768
2016-10-31,0.002326817478434958,-0.0007810449640697659,0.004544966733545097,-0.0021094810317853208,0.004544966733545097
2016-11-01,8.649558556102684e-05,-0.004414241690112475,0.003288927793220431,-0.006318368829757781,0.003288927793220431
2016-11-02,0.0014063893804188154,-0.004855938848398711,0.00588342783256679,-0.0075476875238771335,0.00588342783256679
2016-11-03,-0.0022198679704786097,-0.003699345198598614,-0.0011663050644673545,-0.004326993782501121,-0.0011663050644673545
2016-11-04,0.003071122375899016,0.0006016624690524996,0.004837213639898641,-0.00046106015210023443,0.004837213639898641
2016-11-07,-0.001185461895805003,0.01580900730007123,-0.013271108084305094,0.02298583048119518,-0.013271108084305094
2016-11-08,-0.0015391778811018793,0.002047307774222784,-0.004111273440319252,0.003605013237332866,-0.004111273440319252
2016-11-09,-0.007969778277407044,0.010978669405537789,-0.021539208541231147,0.019169082250241165,-0.021539208541231147
2016-11-10,-0.01163341956614409,0.0020523839971161363,-0.01484359611550834,-0.005213066467415595,-0.01484359611550834
2016-11-11,-0.013876616579594159,-0.0032248334503470534,-0.013876616579594159,-0.013876616579594159,-0.013876616579594159
2016-11-14,-0.0072176393572632724,0.0003650475784086948,-0.0072176393572632724,-0.0072176393572632724,-0.0072176393572632724
2016-11-15,0.0068226184840014525,0.008570747579418081,0.0068226184840014525,0.0068226184840014525,0.0068226184840014525
2016-11-16,0.003014161965614659,-0.000831785913852412,0.003014161965614659,0.003014161965614659,0.003014161965614659
2016-11-17,-0.00993766447710931,0.001747183587834833,-0.00993766447710931,-0.00993766447710931,-0.00993766447710931
2016-11-18,-0.005426876868210788,-0.002136842831982055,-0.004615043716493572,-0.005832793444069395,-0.005832793444069395
2016-11-21,0.004915153298949981,0.007458502965970215,0.008524625959466903,0.0031104169686915206,0.0031104169686915206
2016-11-22,3.998643393928377e-05,0.0005619216561419726,0.0007863787640384201,-0.0003332097311102844,-0.0003332097311102844
2016-11-23,-0.007236675292163393,-0.0008021033460270721,0.002005054446400978,-0.011857540161445579,-0.011857540161445579
2016-11-25,-0.0006143106529750882,0.0014283321264155547,0.002303424344236804,-0.0020731781515810344,-0.0020731781515810344
2016-11-28,0.0036886662140394044,-0.0036873201982013824,-0.006847370270700814,0.008956684456409514,0.008956684456409514
2016-11-29,4.745877516598718e-05,0.0004150708601844078,0.0005808414483547963,-0.0002192325614284174,-0.0002192325614284174
2016-11-30,-0.008861587476886368,-0.000497501320148952,0.0030356663383172,-0.014810214384488152,-0.014810214384488152
2016-12-01,-0.005435693704048099,-0.004380074937437561,-0.0038914268164619292,-0.006207827147841183,-0.006207827147841183
2016-12-02,0.004815091644220597,0.0011860578757253216,0.0017488553190330158,0.006348209806814387,0.006348209806814387
2016-12-05,-0.0032043765081750664,0.0055668082638824275,-0.0032043765081750664,-0.0032043765081750664,-0.0032043765081750664
2016-12-06,-0.0001035785502326488,0.0028671242510412307,0.0014273285537007574,-0.0008690321021993519,-0.0008690321021993519
2016-12-07,0.007586114287547112,0.009709819565602695,0.010624828433805855,0.0060667572144177395,0.0060667572144177395
2016-12-08,-0.0029094851874841656,0.002911583609476831,0.00539869244214497,-0.007063574002298734,-0.007063574002298734
2016-12-09,-0.009888155241865704,0.0024798662542568793,-0.006712597981044732,-0.01147593387227619,-0.01147593387227619
2016-12-12,0.0004126450495513338,-0.0011846782720796422,-0.004440974702921041,0.0028394549257875212,0.0028394549257875212
2016-12-13,0.0006092687769922259,0.005991862036576923,0.001593488674593413,0.00011715882819163248,0.00011715882819163248
2016-12-14,-0.01286078510568478,-0.008746838805815605,-0.01286078510568478,-0.01286078510568478,-0.01286078510568478
2016-12-15,-0.00432918270545013,0.0028887215910749276,-0.00432918270545013,-0.00432918270545013,-0.00432918270545013
2016-12-16,0.002157754840070525,-0.0012225923205383738,0.002157754840070525,0.002157754840070525,0.002157754840070525
2016-12-19,0.007871048549822124,0.0029535959552486448,0.007871048549822124,0.007871048549822124,0.007871048549822124
2016-12-20,-0.006955819655345641,0.0021078414180462413,-0.008537111386656804,-0.006165173789690059,-0.006165173789690059
2016-12-21,0.0008263703995581665,-0.0015011370051077999,-0.0024979206630594275,0.0024885159308669635,0.0024885159308669635
2016-12-22,-0.001953314717082747,-0.001752610263950982,-0.001665506622264279,-0.0020972187644919815,-0.0020972187644919815
2016-12-23,0.0011560792136645626,0.002239753543520395,-0.0017312628126916474,0.0025997502268426675,0.0025997502268426675
2016-12-27,0.0011613704039810842,0.002514322139922698,0.0008586174105491562,0.0013127469006970482,0.0013127469006970482
2016-12-28,0.00046419378998285854,-0.00594655236047067,-0.008677174707122703,0.0050348780385356395,0.0050348780385356395
2016-12-29,0.0051989849092487495,0.0008157563388838552,-0.001064675315605057,0.008330815021675653,0.008330815021675653
2016-12-30,-0.002894738644455367,-0.003701485596245746,-0.004037185344168859,-0.0023235152945986215,-0.0023235152945986215
2017-01-03,0.009676427725829809,0.008271453345046064,0.01687085490392448,0.006079214136782474,0.006079214136782474
2017-01-04,0.004617780710381473,0.005645845997416632,0.006474965738366922,0.0036891881963887485,0.0036891881963887485
2017-01-05,0.009768357157914687,0.0016605848220496932,-0.00182329124724101,0.015564181360492535,0.015564181360492535
2017-01-06,-0.005880205054778487,0.0010446534788172257,-0.0010764378950133269,-0.008282088634661067,-0.008282088634661067
2017-01-09,0.008126582884452116,-0.0011346133325507602,0.008126582884452116,0.008126582884452116,0.008126582884452116
2017-01-10,0.0018015922552888641,0.0010326887294274556,0.0018015922552888641,0.0018015922552888641,0.0018015922552888641
2017-01-11,0.00323293890979115,0.0030212098803437115,0.00323293890979115,0.00323293890979115,0.00323293890979115
2017-01-12,0.002057044390509429,-0.002731421735613515,0.004725230611212106,0.0007229512801580906,0.0007229512801580906
2017-01-13,9.887480278899148e-05,0.0017214149691444191,0.0024165777935719612,-0.0010599766926024934,-0.0010599766926024934
2017-01-17,0.006502221479285475,-0.002488319785172477,-0.005336790390218504,0.012421727414037464,0.012421727414037464
2017-01-18,-0.010645805623976656,-0.0007095338803775775,-0.010645805623976656,-0.010645805623976656,-0.010645805623976656
2017-01-19,-0.006072131842235244,-0.004107173394930996,-0.01049056443824481,-0.003862915544230461,-0.003862915544230461
2017-01-20,0.001269275338696733,0.002732649424445799,0.003361696315213325,0.00022306485043843693,0.00022306485043843693
2017-01-23,0.0043767429285404376,-0.0009852447255101926,-0.0032905867215006213,0.008210407753560967,0.008210407753560967
2017-01-24,-0.0014243883292522908,0.00453746033234842,0.007076326178654502,-0.005674745583205687,-0.005674745583205687
2017-01-25,-0.003730159569435898,0.005623931650464398,0.009611705022946282,-0.010401091865626988,-0.010401091865626988
2017-01-26,-0.002372516146183464,-0.0015598244480228396,-0.0012118160580423254,-0.002952866190254033,-0.002952866190254033
2017-01-27,0.0016491039700571308,9.921546675395465e-06,-0.0006963780181262758,0.002821844964148834,0.002821844964148834
2017-01-30,-0.002662592008667697,-0.007226451460224104,-0.009205075511861005,0.0006086497429289572,0.0006086497429289572
2017-01-31,0.007018018612873211,0.0025658159361205634,0.0002470286420976908,0.010403513598260972,0.010403513598260972
2017-02-01,-0.006633990438469499,0.0008974859811531122,-0.010707985120484986,-0.0045969930974617546,-0.0045969930974617546
2017-02-02,0.0015906279330176742,0.00018492042016919895,-0.0004065240511800239,0.0025892039251165233,0.0025892039251165233
2017-02-03,0.003763068685220139,0.007582406263899166,0.009198844816104002,0.0010451806197782076,0.0010451806197782076
2017-02-06,0.0056836453776623426,-4.209133014683175e-05,-0.0024978101116718276,0.009774373122329427,0.009774373122329427
2017-02-07,0.001313028282578621,-0.0005678815076275101,-0.0013730108291369891,0.002656047838436426,0.002656047838436426
2017-02-08,0.006457635863386657,0.001646870673684142,-0.0004154634536158719,0.009894185521887922,0.009894185521887922
2017-02-09,-0.008436084033513924,0.004224766765705346,-0.0061429263509334975,-0.009582662874804138,-0.009582662874804138
2017-02-10,-0.0013167884665192069,0.0037368710801666703,-0.0060500057308747746,0.001049820165658577,0.001049820165658577
2017-02-13,-0.0014506125043770208,0.003482633093970444,0.005592457691836694,-0.0049721476024838784,-0.0049721476024838784
2017-02-14,-0.0003026550673675595,0.0035406106580375797,0.005195218316487393,-0.003051591759295036,-0.003051591759295036
2017-02-15,0.0016695661037815501,0.0040858457457978005,0.005133512509812421,-6.240709923388543e-05,-6.240709923388543e-05
2017-02-16,0.0028331340484917624,-0.0007762678085919239,-0.0023226877356984366,0.005411044940586862,0.005411044940586862
2017-02-17,0.0010578255608488056,0.0007323752784925142,0.0006131989160391704,0.0012801388832536231,0.0012801388832536231
2017-02-21,0.001535839791525791,0.004471625793245537,0.005732062140005656,-0.0005622713827141412,-0.0005622713827141412
2017-02-22,0.0002692536348402423,-0.0014778504705438623,-0.002227850414857624,0.0015178056596891754,0.0015178056596891754
2017-02-23,0.004081132416034657,0.00158087785863964,0.0005225406541651267,0.005860428296969422,0.005860428296969422
2017-02-24,0.005545541236940917,0.0010547858082522899,-0.000844201559130453,0.008740412634976602,0.008740412634976602
2017-02-27,-0.002231693663822809,0.0021672732777336724,0.004054707213876019,-0.005374894102672223,-0.005374894102672223
2017-02-28,0.00017455481499021688,-0.0028277408930030834,-0.00411865055879157,0.0023211575018811104,0.0023211575018811104
2017-03-01,-0.0006257333646606522,0.011233027373931281,0.016255097302050103,-0.00906614869801603,-0.00906614869801603
2017-03-02,-0.007964012807700574,-0.00788639278314418,-0.007854171846596203,-0.00801893328825276,-0.00801893328825276
2017-03-03,0.0011372161215920846,0.0013122434117912695,0.0013909592969131301,0.001010344533931562,0.001010344533931562
2017-03-06,-0.004868648245070273,-0.003631591114714805,-0.0031009667153657494,-0.0057524890099225345,-0.0057524890099225345
2017-03-07,-0.005062463146971526,-0.0042483286192598335,-0.004094439903180036,-0.005546474768867271,-0.005546474768867271
2017-03-08,-0.005800872244524302,-0.0041441355542201404,-0.005800872244524302,-0.005800872244524302,-0.005800872244524302
2017-03-09,-0.006560062530311717,7.407148691693788e-05,-0.006560062530311717,-0.006560062530311717,-0.006560062530311717
2017-03-10,0.0028459993876783773,0.0027032523835429203,0.0028459993876783773,0.0028459993876783773,0.0028459993876783773
2017-03-13,-0.0030707733147005145,1.0708076921750465e-05,-0.0030707733147005145,-0.0030707733147005145,-0.0030707733147005145
2017-03-14,-0.0003014385388705465,-0.0033583431247608984,-0.0003014385388705465,-0.0003014385388705465,-0.0003014385388705465
2017-03-15,0.015424840077455038,0.01061502384318146,0.015424840077455038,0.015424840077455038,0.015424840077455038
2017-03-16,-0.0012631191575374068,-0.0017492296237871074,-0.002873925214857076,-0.0004577161288775722,-0.0004577161288775722
2017-03-17,0.0023015881468241295,-0.0004311329147148824,-0.0015956509054934065,0.0042502076729828975,0.0042502076729828975
2017-03-20,0.0022932113560213407,-0.0006153121527683325,-0.0018630910206528517,0.004371362544358437,0.004371362544358437
2017-03-21,0.0004795089361134079,-0.010847930752774192,-0.01563236575653948,0.008535446282439851,0.008535446282439851
2017-03-22,0.0011235686636168845,0.0019063791126286312,-0.00307353560562873,0.0032221207982396916,0.0032221207982396916
2017-03-23,-0.0003389533691326996,-0.0008669858190510915,0.0017307648762820982,-0.0013738124918400985,-0.0013738124918400985
2017-03-24,0.0015363761426332445,6.248203420323728e-05,-0.0005629841032890326,0.002586056265594383,0.002586056265594383
2017-03-27,0.0031930821274261945,0.00042995059628154754,-0.0006354619420854135,0.0051073541621819984,0.0051073541621819984
2017-03-28,-0.0008996760247114525,0.0053544712009004234,0.008051382788649919,-0.005375205431392138,-0.005375205431392138
2017-03-29,0.0034690499090972438,0.002446176764981667,0.0020067108054924176,0.004200219460899657,0.004200219460899657
2017-03-30,-0.003830483564321918,0.0015124625188324247,0.0038044522392082225,-0.0076479514660869885,-0.0076479514660869885
2017-03-31,0.0008026444635585994,-0.0015850400014018162,-0.0026110354828995375,0.002509484436787668,0.002509484436787668
2017-04-03,0.004413736002626585,-0.00018877910368120254,-0.002152835404818698,0.0076970217063492274,0.0076970217063492274
2017-04-04,-0.0006687045352272714,0.0006080983143767482,0.0011597964247461734,-0.0015829550152139937,-0.0015829550152139937
2017-04-05,-0.0005414640908636784,-0.00351731445049257,-0.004729665937031613,0.0015526368322202888,0.0015526368322202888
2017-04-06,-0.00047595826829619864,0.0024732992044982026,0.0037343900496222826,-0.0025811324272554392,-0.0025811324272554392
2017-04-07,-0.00092741539786656,-0.0010895965595529966,-0.0011463172831683854,-0.0008179644552156473,-0.0008179644552156473
2017-04-10,0.001733030824882853,0.0009090377621916446,0.0005554918088868099,0.0023218003328808745,0.0023218003328808745
2017-04-11,0.00907615680373867,0.001815170150112988,0.0033008104062364207,0.011963830002489795,0.011963830002489795
2017-04-12,0.006157657346645529,-0.00286432008681583,0.006157657346645529,0.006157657346645529,0.006157657346645529
2017-04-13,0.003919747178405819,-0.0056480104185146485,0.003919747178405819,0.003919747178405819,0.003919747178405819
2017-04-17,-0.0030074792005404527,0.006412282306191497,-0.0030074792005404527,-0.0030074792005404527,-0.0030074792005404527
2017-04-18,0.008900420452885527,-0.0021643783453084374,0.008900420452885527,0.008900420452885527,0.008900420452885527
2017-04-19,-0.007169227397752276,-0.003256212204081943,-0.007169227397752276,-0.007169227397752276,-0.007169227397752276
2017-04-20,-0.0009909080331155229,0.007349033315183773,-0.0009909080331155229,-0.0009909080331155229,-0.0009909080331155229
2017-04-21,0.0014356582022529984,-0.002734890318273964,0.0014356582022529984,0.0014356582022529984,0.0014356582022529984
2017-04-24,-0.005837042034235518,0.008429378826264766,-0.005837042034235518,-0.005837042034235518,-0.005837042034235518
2017-04-25,-0.009271604776836936,0.003857085332606902,-0.005623085163660502,-0.011095864583425152,-0.011095864583425152
2017-04-26,0.003569922274854901,0.0012715873476554784,0.00028721491025118784,0.005211275957156758,0.005211275957156758
2017-04-27,-0.0014482650037720424,-0.0006413663389031266,-0.00029690839010132475,-0.002023943310607401,-0.002023943310607401
2017-04-28,0.0009712912512932862,-0.0014448973959034993,-0.002466981664924539,0.002690427709402199,0.002690427709402199
2017-05-01,-0.004574441641944131,0.0012349834589745813,0.0037168197049144425,-0.008720072315373417,-0.008720072315373417
2017-05-02,0.001514955068550668,0.00016092303756329863,-0.0004161870791771216,0.002480526142414563,0.002480526142414563
2017-05-03,-0.004686174550415904,-0.0019307175544231447,-0.0007465051203711104,-0.006656009265438301,-0.006656009265438301
2017-05-04,-0.005454322587097031,-0.0025792707157035076,-0.0013529974749830753,-0.007504985143154008,-0.007504985143154008
2017-05-05,0.0023510975866222195,0.003689127574498063,0.004261749689769112,0.0013957715350487732,0.0013957715350487732
2017-05-08,-0.0024294239373328828,-0.0004635090076423376,0.0003776480601784815,-0.0038329599360885647,-0.0038329599360885647
2017-05-09,-0.002394887613626088,-0.0014955684879901844,-0.0011050995137518171,-0.0030397816635632235,-0.0030397816635632235
2017-05-10,0.0006461430928080825,0.002417304480165783,0.0031755840683388437,-0.0006185773949572981,-0.0006185773949572981
2017-05-11,0.0004970453438880215,-0.00158809712312451,-0.002479146637093921,0.0019851413343789925,0.0019851413343789925
2017-05-12,0.0029272114864183907,-0.00024227261295658442,-0.0016019673390853528,0.0051918008991702624,0.0051918008991702624
2017-05-15,0.0020015611790274632,0.004836688680502643,0.006060094703544738,-2.7705583231174558e-05,-2.7705583231174558e-05
2017-05-16,0.00279555642712385,0.0010579061247438348,0.0003183224434880616,0.004034173418941744,0.004034173418941744
2017-05-17,0.008882860435758625,-0.013570283064213106,-0.0060571318595594725,0.016352856583417674,0.016352856583417674
2017-05-18,-0.0035205552402018947,0.002563070020154179,-0.0035205552402018947,-0.0035205552402018947,-0.0035205552402018947
2017-05-19,0.003657956328389389,0.005933365981591688,0.003657956328389389,0.003657956328389389,0.003657956328389389
2017-05-22,0.0007183382908277913,0.003692744694403216,0.0007183382908277913,0.0007183382908277913,0.0007183382908277913
2017-05-23,-0.006527040792143168,0.0010856154440678557,-0.006527040792143168,-0.006527040792143168,-0.006527040792143168
2017-05-24,0.0032231381699593755,0.002144027393533354,0.004786718672090462,0.004786718672090462,9.597716569720305e-05
2017-05-25,0.00028607186956601066,0.0012241769713186579,-0.0003802419668373913,-0.0003802419668373913,0.0016186995423728145
2017-05-26,0.003522787805061952,0.0010519359455176125,0.005287331556020236,0.005287331556020236,-6.299696854616954e-06
2017-05-30,-0.0005779001876732673,-0.002514725855368172,0.0008096427401451667,0.0008096427401451667,-0.0033529860433101355
2017-05-31,0.0016229232100655928,-0.0006554387249630867,0.0032458422431296263,0.0032458422431296263,-0.001622914856062474
2017-06-01,0.0032308080999032818,0.007099378165148762,0.00047452248627188887,0.00047452248627188887,0.008743379327166068
2017-06-02,0.00739287441793642,0.004316391606764192,0.009596599735317346,0.009596599735317346,0.002985423783174568
2017-06-05,-0.001982677688614783,-0.0011043734760366353,-0.002611330290992142,-0.002611330290992142,-0.000725372483860065
2017-06-06,0.005268781096039492,0.0009450750836469291,0.008353012080462463,0.008353012080462463,-0.000899680872806452
2017-06-07,-0.003030896767932593,-0.00022200524304207824,-0.00503311030903919,-0.00503311030903919,0.0009735303142806018
2017-06-08,-0.0020673642657867233,0.0014648452099846776,-0.004590566785384831,-0.004590566785384831,0.0029790407734094915
2017-06-09,-0.0032397141220261716,-0.00032082589565344264,-0.005320692886239153,-0.005320692886239153,0.000922243406399792
2017-06-12,-0.0008720584157053309,-0.0008316995799010684,-0.0009065812642952142,-0.0009065812642952142,-0.0008030127185255642
2017-06-13,0.0022516352504986514,0.00458890702219319,0.0005848785792559319,0.0005848785792559319,0.0055851485929840905
2017-06-14,0.0022604478411581233,-0.0015877641097268636,0.00499937963489383,0.00499937963489383,-0.00321741574631329
2017-06-15,-0.0031290549182176144,-0.0035056896797910795,-0.002877036279737455,-0.002877036279737455,-0.003633092195177934
2017-06-16,0.0011295109288257388,0.0012109014212176583,0.0010751719767772006,0.0010751719767772006,0.0012381888329228152
2017-06-19,-0.00019065198086853918,0.00590071699357656,-0.004528160327283759,-0.004528160327283759,0.0084843647119619
2017-06-20,6.158224204085479e-05,-0.004629617828378752,0.003417428755753682,0.003417428755753682,-0.0066501107853848
2017-06-21,0.001583896230006765,0.00035995594185223023,0.0024613494504186484,0.0024613494504186484,-0.00017101021081700196
2017-06-22,0.0021175578472809966,0.0011806788998817153,0.0027869810910938764,0.0027869810910938764,0.0007787113596552375
2017-06-23,0.002088419201491424,0.0023280050762000126,0.0019141949106513678,0.0019141949106513678,0.002436867783171537
2017-06-26,-0.0019469481832464035,-0.0010459769795324926,-0.0026000382963285995,-0.0026000382963285995,-0.0006407679570820113
2017-06-27,-0.004861779038516034,-0.006832998717914529,-0.0034460484585296935,-0.0034460484585296935,-0.0076932401984887155
2017-06-28,0.0026337577118638045,0.008126904503892984,-0.0012762077553901685,-0.0012762077553901685,0.01045368864637175
2017-06-29,-0.006803715713613305,-0.007087092741269918,-0.006614547576847318,-0.006614547576847318,-0.007182051987145277
2017-06-30,-0.0014025631589672145,1.6342091753418496e-05,-0.0024245003368220663,-0.0024245003368220663,0.0006413111967424889
2017-07-03,-0.005112031534479293,0.0014493812142422845,-0.009797395746763082,-0.009797395746763082,0.004258696890088287
2017-07-05,0.0015704511768436606,0.0010132322347073063,0.001975856805939369,0.001975856805939369,0.000759639918652244
2017-07-06,-0.006181353584948572,-0.008732870279105676,-0.004352206148601545,-0.004352206148601545,-0.009839648457642625
2017-07-07,-0.003196470849640032,0.003696564248623546,-0.008113192291966165,-0.008113192291966165,0.006636972035012234
2017-07-10,0.0014751195899926166,0.0013560644852675385,0.0015595848159086767,0.0015595848159086767,0.0013061891381604962
2017-07-11,0.0011136890806442052,0.000564707147658583,0.001505636362057139,0.001505636362057139,0.00032979451781833813
2017-07-12,0.005930151627630886,0.006918801420268994,0.005226331157349495,0.005226331157349495,0.007337792568193668
2017-07-13,-0.0019242205860158605,0.001057888468135304,-0.004053808120714764,-0.004053808120714764,0.0023349544833819458
2017-07-14,0.004621212382007522,0.004462592488047967,0.00472774570178669,0.00472774570178669,0.004408145742449188
2017-07-17,0.002181303536934872,0.00018457580558248755,0.0036066631448439246,0.0036066631448439246,-0.0006694156788832339
2017-07-18,0.00529058401408955,0.0016893446061621575,0.007856512052604181,0.007856512052604181,0.00015872793706028787
2017-07-19,0.0022286688797328313,0.0052482226825465664,7.366794497676299e-05,7.366794497676299e-05,0.006538670749244968
2017-07-20,0.0017135650033713128,0.0011336874222020454,0.0021241634301003565,0.0021241634301003565,0.0008923681499132252
2017-07-21,0.0034515454479777663,-0.0007158119158317655,0.006427436421398092,0.006427436421398092,-0.0025002364988628845
2017-07-24,-0.000810979914135738,0.0004876001152138487,-0.0017396767665613933,-0.0017396767665613933,0.0010464137907155724
2017-07-25,-0.004246013650151315,0.0012262285653049543,-0.008154107265191834,-0.008154107265191834,0.003570173579929725
2017-07-26,0.003111406177834638,0.0006624171977480886,0.004856361447376001,0.004856361447376001,-0.00037850436124808873
2017-07-27,-0.0025289904457158987,-0.0021140698455324623,-0.0028378292871028554,-0.0028378292871028554,-0.0019113127629419857
2017-07-28,0.004457745172330403,0.0012923794159233949,0.006715467382922391,0.006715467382922391,-5.769924885357103e-05
2017-07-31,-0.0016523949766501511,5.8226939746441886e-05,0.000859070893636682,-0.005679027242888823,-0.000137228580698312
2017-08-01,0.002652931595542992,0.0025541545587666526,0.0031117565499761968,0.0024235191183263893,0.0024235191183263893
2017-08-02,-0.0008287270629225482,-0.0008514633105232927,-0.0007556465063521811,-0.0008652673412077316,-0.0008652673412077316
2017-08-03,-0.0003689073835590288,-0.001631972862281539,0.005955016896222576,-0.003530869523449831,-0.003530869523449831
2017-08-04,-0.000981426755307065,0.0004492933395301102,-0.008149956825402871,0.002602838279740838,0.002602838279740838
2017-08-07,0.0008337503839712657,0.001007521109264131,-2.4048896132500275e-05,0.0012626500240231486,0.0012626500240231486
2017-08-08,-0.001706526273024589,-0.0019806244883724066,-0.00033397208934593525,-0.0023928033648639158,-0.0023928033648639158
2017-08-09,0.002163766376425569,0.0008232608479558535,0.008784181249642309,-0.0011464410601828012,-0.0011464410601828012
2017-08-10,-0.007611152650901658,-0.010695664790365433,0.007973930492045422,-0.015403694222375197,-0.015403694222375197
2017-08-11,0.0017132928579155493,0.0015339767893700618,0.002616170044335897,0.0012618542647053754,0.0012618542647053754
2017-08-14,0.004380215400132263,0.0064996625130195555,-0.006115563221558262,0.009628104710977525,0.009628104710977525
2017-08-15,-0.0026577589607299132,-0.0020131175320557636,-0.005944608132916751,-0.0010143343746364941,-0.0010143343746364941
2017-08-16,0.0017857193049770625,0.0010317234588780532,0.0055272398217074414,-8.50409533881269e-05,-8.50409533881269e-05
2017-08-17,-0.008741468802847319,-0.011716211427160783,0.006281169108495188,-0.016252787758518572,-0.016252787758518572
2017-08-18,-0.0007917477058352699,-0.0007827498036727665,-0.0008764096546992617,-0.000749416731403274,-0.000749416731403274
2017-08-21,0.0006986586948333576,0.00021785581876535565,0.003103490030926581,-0.0005037569732132541,-0.0005037569732132541
2017-08-22,0.00610731287738379,0.00818190121244966,-0.004172436445105454,0.011247187538628411,0.011247187538628411
2017-08-23,2.1150650225306342e-06,-0.001059723036539617,0.005279957488623088,-0.002636806146777748,-0.002636806146777748
2017-08-24,-0.0011834752341124781,-0.000747488892973125,-0.0033957371209264453,-7.734429070549442e-05,-7.734429070549442e-05
2017-08-25,0.0022768264445234276,0.0019746837955070375,0.00377071945066465,0.0015298799414528164,0.0015298799414528164
2017-08-28,0.002811330647972269,0.0018511771388870612,0.007618401353815751,0.00040779529505052814,0.00040779529505052814
2017-08-29,0.0010562313031882893,0.0011026646925474171,0.0005682055426373678,0.0013002441834637501,0.0013002441834637501
2017-08-30,0.0033169521762008713,0.004058762777100766,-0.0003973599654054638,0.005174108247004039,0.005174108247004039
2017-08-31,0.007299497680212467,0.007297665494817496,0.007354564179304024,0.007271964430666689,0.007271964430666689
2017-09-01,0.0005795834208262388,0.001271425741197907,-0.0028745227511973725,0.0023066365068380446,0.0023066365068380446
2017-09-05,-0.0009457876216230806,-0.0038076157485801066,0.013458874484593153,-0.008148118674731197,-0.008148118674731197
2017-09-06,0.0010929907924595028,0.0024389847121957576,-0.005618997693397798,0.004448985035388153,0.004448985035388153
2017-09-07,0.0032845162120559803,0.0018782917550070667,0.01031106857441011,-0.00022875996912108398,-0.00022875996912108398
2017-09-08,-0.0016989306267811328,-0.0016949854506462469,-0.0017069293834156563,-0.0016949312484638712,-0.0016949312484638712
2017-09-11,0.0034166659999354345,0.0067144350991735656,-0.012941604575753107,0.011595801287779706,0.011595801287779706
2017-09-12,0.0027253232922514656,0.0035072501212678577,-0.0011621065930437213,0.004669038234899059,0.004669038234899059
2017-09-13,-0.0006238839134855567,0.00039741403636541774,-0.005725871092614021,0.0019271096760786754,0.0019271096760786754
2017-09-14,0.001096483114233049,0.00046619092565042264,0.004247177783519573,-0.00047886422041021337,-0.00047886422041021337
2017-09-15,0.0007123695206738093,0.0013123460478473125,-0.0023007017112393058,0.002218905136630367,0.002218905136630367
2017-09-18,-0.00023365337098409564,0.001231490436950622,-0.007544033125394534,0.0034215365062211234,0.0034215365062211234
2017-09-19,0.0010067953313656064,0.0012448610204671916,-0.00018285414053120785,0.0016016200673140135,0.0016016200673140135
2017-09-20,-0.0002571271175864827,0.0004235393122323239,-0.00365320313615336,0.001440910891696956,0.001440910891696956
2017-09-21,-0.0029973382759699665,-0.0027827460034843044,-0.004076558549051423,-0.0024577281394292383,-0.0024577281394292383
2017-09-22,0.0017984897185071198,0.0014113837395083983,0.0037146214377088427,0.0008404238589062585,0.0008404238589062585
2017-09-25,0.0015868104787084558,0.00023558415090775276,0.00837570284180189,-0.0018076357028382617,-0.0018076357028382617
2017-09-26,-0.0015783806545014434,-0.0005979669759717087,-0.006493432016525635,0.0008791450265106526,0.0008791450265106526
2017-09-27,0.0009649709013697105,0.0036180077077690442,-0.012245486950076545,0.007570199827092838,0.007570199827092838
2017-09-28,0.000668657008375706,0.0009060539556777991,-0.0005366819780222576,0.0012713265015746877,0.0012713265015746877
2017-09-29,0.0021244013173071417,0.0028400721874448642,-0.001451786814953615,0.00391249538343752,0.00391249538343752
2017-10-02,0.002237148569384987,0.003525861602398583,-0.004246963232853895,0.0054792044705044285,0.0054792044705044285
2017-10-03,0.0015328901541219093,0.0016922990738671984,0.0007339376530397512,0.0019323664046629885,0.0019323664046629885
2017-10-04,0.0003622900895649354,0.00014546785356190918,0.0014477126978351684,-0.00018042121457018112,-0.00018042121457018112
2017-10-05,0.0025648438828563083,0.003998165813373278,-0.004572090326172451,0.006133310987370688,0.006133310987370688
2017-10-06,-0.00040124776091698955,-0.0006799359110639336,0.0009597736074964391,-0.001081758445123704,-0.001081758445123704
2017-10-09,0.0008445044520759559,-0.00012017275663817051,0.005660912805881324,-0.0015636997248267281,-0.0015636997248267281
2017-10-10,0.0022292061605664326,0.0022460670381696745,0.002119336048803655,0.0022841412164478214,0.0022841412164478214
2017-10-11,0.0008510001064471195,0.0016180692696963206,0.0025595737610659697,-0.001391050324939691,0.00138447688321508
2017-10-12,0.0008554791763336622,-0.0015024318077602073,0.0025361941719181935,0.0025361941719181935,-0.0025059508148354004
2017-10-13,0.0052185814879982155,0.0021863969819548522,0.007380629120679938,0.007380629120679938,0.0008944862226347716
2017-10-16,-0.0019000052099621412,0.0007444778193572921,-0.0037885656026838133,-0.0037885656026838133,0.001877115575481203
2017-10-17,-0.0014376591097000253,0.00043315127591662115,-0.002775004923445512,-0.002775004923445512,0.001237032517790948
2017-10-18,-0.0028785070116785403,0.00034279245932800073,-0.005178699248308716,-0.005178699248308716,0.001721877461581811
2017-10-19,0.0024286045349716976,0.0004370456242544507,0.0038412593072234547,0.0038412593072234547,-0.000396705009531817
2017-10-20,-0.003947552728670238,0.0024201876273539534,-0.008494938420395393,-0.008494938420395393,0.0051472186547800725
2017-10-23,-0.0002589166242281671,-0.00297670635189855,0.0016771754779081327,0.0016771754779081327,-0.004131100828500767
2017-10-24,-0.002612494549204203,0.0007691485530777253,-0.005027759570725765,-0.005027759570725765,0.0022180354938389213
2017-10-25,-0.003125658309739654,-0.004278114126694421,-0.002303119680103771,-0.002303119680103771,-0.0047707355690114195
2017-10-26,-0.0037071441104246463,-0.0006753724895412705,-0.005871902811102947,-0.005871902811102947,0.0006223732909319546
2017-10-27,0.006824598933852973,0.008466951167745328,0.005673560510639719,0.005673560510639719,0.00912667578027948
2017-10-30,0.0028744456477534097,-0.001152005028038927,0.005739587101460719,0.005739587101460719,-0.002855837259661209
2017-10-31,-0.0004606539130604566,0.0013300250544547754,-0.001738512305572426,-0.001738512305572426,0.0020950628719634823
2017-11-01,0.0032134530686089104,0.00203224988931483,0.004047744294180866,0.004047744294180866,0.0015448706174649995
2017-11-02,0.001986515137807047,0.001220612667012244,0.0025335795991070498,0.0025335795991070498,0.0008923862152070416
2017-11-03,0.0005146049784695572,0.0026274593518132105,-0.0009932252473827674,-0.0009932252473827674,0.0035302654301742065
2017-11-06,0.005253428173249364,0.004022412939874953,0.006137753472229113,0.006137753472229113,0.0034847775752898658
2017-11-07,-0.0008293010823979818,-0.0023998431768785912,0.0002914304952436053,0.0002914304952436053,-0.003070764237681156
2017-11-08,0.0006421163618934486,0.0006568586137665755,0.0006307254195160317,0.0006307254195160317,0.0006648982466482822
2017-11-09,-0.0005675796868683802,-0.002254957554587167,0.0006310726698687263,0.0006310726698687263,-0.0029648844003425934
2017-11-10,-0.008482038392288152,-0.0040454745966150615,-0.011648704172052438,-0.011648704172052438,-0.0021487068327595837
2017-11-13,0.001197483674308275,0.00034631584764597265,0.0017964139269663892,0.0017964139269663892,-3.7683100795327107e-07
2017-11-14,0.0015651506960297306,-0.0024155457948747405,0.004409593005855417,0.004409593005855417,-0.004123733923621642
2017-11-15,0.0016212598562872864,-0.002855343031115942,0.004814180558645242,0.004814180558645242,-0.004764581548428626
2017-11-16,-0.00022022483680802138,0.00563472861251435,-0.0043916240110166704,-0.0043916240110166704,0.008122573511609277
2017-11-17,0.005938519265809128,0.000661461026261101,0.009707535166446402,0.009707535166446402,-0.0015995125354654194
2017-11-20,-0.0037888950992924406,2.6403803858066067e-05,-0.006511803281391448,-0.006511803281391448,0.0016569212649055753
2017-11-21,0.004069611956787271,0.006398101475962226,0.0024127290028070902,0.0024127290028070902,0.007383377864747631
2017-11-22,0.0016722402545999993,0.0005929074776247379,-0.0003922632294184325,0.006222161254375802,-0.0008131772611573718
2017-11-24,0.0006215512421291111,0.0012729436064627731,0.0022528345205682365,-0.00264101531474914,0.0022528345205682365
2017-11-27,-0.0006201206588583771,-0.0010211081983756754,-0.001621311502011391,0.001382261027447651,-0.001621311502011391
2017-11-28,0.007171165345099539,0.008498612080395495,0.010461451201984717,0.0005905936313291837,0.010461451201984717
2017-11-29,-0.0030918163676859254,-0.002085062546376304,-0.0006043805750673981,-0.00806668795292298,-0.0006043805750673981
2017-11-30,0.00407800576246764,0.006009957157687285,0.008881015497751665,-0.00552801370810041,0.008881015497751665
2017-12-01,0.0021988709910677104,0.0008874459925032107,-0.001082323729056811,0.008761260431316753,-0.001082323729056811
2017-12-04,0.0020889251161682423,-0.0030140221705683644,0.01102799062013804,-0.0014418713914708947,-0.0033193438801624175
2017-12-05,-0.0018883676899298745,-0.003060427763465956,-0.0010548191360133519,-0.0010548191360133519,-0.0035554647977629195
2017-12-06,-6.33224567143283e-05,-0.0011250727177772092,0.0006922735425388682,0.0006922735425388682,-0.0015745144552207213
2017-12-07,-0.0057833006793940695,0.0008209700971058331,-0.01050035770617963,-0.01050035770617963,0.003650813374177053
2017-12-08,0.0019658167885466447,0.004721710101778997,-2.719488129576675e-06,-2.719488129576675e-06,0.005902889341899087
2017-12-11,-0.0007476513445939803,0.0024193386098548706,-0.0030090496550222445,-0.0030090496550222445,0.003775145276262548
2017-12-12,0.0008266103434404481,0.0014250907202814078,0.00039940832668794446,0.00039940832668794446,0.0016810143769454555
2017-12-13,0.005431780866743156,0.0017370718611911529,0.008070879695237343,0.008070879695237343,0.0001535832097547818
2017-12-14,-0.0009296354659038922,-0.0038021742877188515,0.0011168358554707325,0.0011168358554707325,-0.005022578108653142
2017-12-15,0.0048457544734867115,0.00753647186364792,0.0029303992762537145,0.0029303992762537145,0.008676464867952705
2017-12-18,0.0010103354251134917,0.0055898676972282015,-0.0022557601169569397,-0.0022557601169569397,0.007542526509254355
2017-12-19,-0.006612206154476219,-0.004163565781471435,-0.010049951404400903,-0.006121274686989975,-0.003665392372037779
2017-12-20,-2.5085975319620126e-06,-5.7457531028970446e-05,0.003203564659324587,-0.004205158118935182,0.0009940676670147086
2017-12-21,0.0038491258539043263,0.004169825161879759,0.003620417022269118,0.003620417022269118,0.0043065435171747435
2017-12-22,0.001828922162323443,-0.0002297054749612948,0.003298754685610472,0.003298754685610472,-0.001110742884250615
2017-12-26,0.0029763008180427875,0.000269156452374808,0.0049112476061998755,0.0049112476061998755,-0.0008935927582713887
2017-12-27,0.005640377368966942,0.0017916170054975255,0.008391001267964882,0.008391001267964882,0.00013912957097106382
2017-12-28,0.0021696217050457545,0.0022627931001394596,0.002102809769545688,0.002102809769545688,0.002303245576045887
2017-12-29,0.0009243566203250841,-0.0034585062358667095,0.00404697963777001,0.00404697963777001,-0.005320889414564767
2018-01-02,0.0036428532678038916,0.007847748941066957,0.0006521223065785176,0.0006521223065785176,0.00962431519025464
2018-01-03,0.005144030932988837,0.006123403145208262,0.001071127679894479,0.006981186520817251,0.0073797785982547826
2018-01-04,0.003914300214457563,0.00419972166380399,0.00248662925724652,0.004628135693063085,0.004628135693063085
2018-01-05,0.003404517062504183,0.004480595830103096,-0.0019431728506955626,0.0060783620191040555,0.0060783620191040555
2018-01-08,0.0008252017064317071,0.0010688170326589419,-0.00039597932421009396,0.0014357922217526076,0.0014357922217526076
2018-01-09,-0.0013135007245183756,0.00022919460816618332,-0.009008786515768974,0.0025341421711069234,0.0025341421711069234
2018-01-10,-3.234906862196555e-06,-0.0001343535422896447,0.0006170631436451801,-0.0003133839321158849,-0.0003133839321158849
2018-01-11,0.007301262145229377,0.00803102503097992,0.0037029561372579067,0.009100415149215113,0.009100415149215113
2018-01-12,0.007229763498097637,0.007301916609875891,0.006895832960657877,0.0073967287668175175,0.0073967287668175175
2018-01-16,-0.0018065687848278038,-0.002793716637482646,0.0029198543604818106,-0.004169780357482611,-0.004169780357482611
2018-01-17,0.005360577749735973,0.0073991956913181615,-0.0047334283230021645,0.010407580786105042,0.010407580786105042
2018-01-18,-0.0035367847498427953,-0.00309130086302587,-0.0057578711370898095,-0.0024262415562192885,-0.0024262415562192885
2018-01-19,0.0027285531390900766,0.003357477698411182,-0.00040259057397307174,0.004294124995621651,0.004294124995621651
2018-01-22,0.00677983709814504,0.007853210754562889,0.0013986343618759278,0.009470438466279596,0.009470438466279596
2018-01-23,0.002562854993469236,0.002146701697962361,0.004641176360667076,0.001523694309870316,0.001523694309870316
2018-01-24,0.00020226710136857692,-0.00043912832207069206,0.003376122982448604,-0.0013846608391714366,-0.0013846608391714366
2018-01-25,0.0004255578741796014,0.0003416261622743111,0.0007634441757692345,0.00025661472338478486,0.00025661472338478486
2018-01-26,0.00689909141466849,0.008593938282758284,-0.0014635896824648498,0.01108043196323516,0.01108043196323516
2018-01-29,-0.006655920401724913,-0.006719529161440851,-0.006294286425098328,-0.006836737390038206,-0.006836737390038206
2018-01-30,-0.010437047823590525,-0.011487770920884354,-0.005085086653341397,-0.013113028408715088,-0.013113028408715088
2018-01-31,0.002051674788126734,0.0011841695543436726,0.0063022522140072645,-7.361392481353146e-05,-7.361392481353146e-05
2018-02-01,-0.0005980926400225665,0.00039038650984287717,-0.005594582270135096,0.001900152175033698,0.001900152175033698
2018-02-02,-0.01998501783971122,-0.021641212728703042,-0.011212152091052974,-0.024371450714040344,-0.024371450714040344
2018-02-05,-0.02685406233782957,-0.03319127041162576,0.006002692665881604,-0.04328243983968516,-0.04328243983968516
2018-02-06,0.009882933368007643,0.013086858171125915,-0.008360246712252994,0.019004523408137963,0.019004523408137963
2018-02-07,-0.0063812843298649185,-0.0062398987942993474,-0.007099450086271886,-0.006022201451661435,-0.006022201451661435
2018-02-08,-0.024891480725345156,-0.029956166924951476,0.0002237917272740475,-0.03744911695165476,-0.03744911695165476
2018-02-09,0.008037622576789416,0.010462907124206566,-0.004000782612927467,0.014056825171647858,0.014056825171647858
2018-02-12,0.01123873098312004,0.012598587131056282,0.004608993159000985,0.01455359989517957,0.01455359989517957
2018-02-13,0.0029440210134241696,0.0024910858820303083,0.005065566121185805,0.0018832484595433518,0.0018832484595433518
2018-02-14,0.011832142773227713,0.013521548809408012,0.0029615550055185347,0.0162674366570823,0.0162674366570823
2018-02-15,0.008101324618226213,0.00928792886737594,0.0022857568253669136,0.011009108514655863,0.011009108514655863
2018-02-16,0.0005021868335904159,0.00037666820680596345,0.0010797911151977369,0.00021338469278675554,0.00021338469278675554
2018-02-20,-0.006432780690096118,-0.00593091384389075,-0.008922580069396613,-0.005187881000445871,-0.005187881000445871
2018-02-21,-0.0060789145150030865,-0.00561456296672983,-0.008428748299466049,-0.004903997622771605,-0.004903997622771605
2018-02-22,0.0021076679411691224,0.0017150278095779737,0.004045407693630043,0.001138798064938662,0.001138798064938662
2018-02-23,0.012619712925979262,0.014429145304860936,0.003804304702968442,0.01702741703748467,0.01702741703748467
2018-02-26,0.008505007017223676,0.009947802674181628,0.0014031713590174633,0.012055924846326782,0.012055924846326782
2018-02-27,-0.009787915534401911,-0.010564049283887522,-0.005941175049172687,-0.011711285777016522,-0.011711285777016522
2018-02-28,-0.008006255741427623,-0.010195594178283484,0.002656112854155346,-0.013337440039219106,-0.013337440039219106
2018-03-01,-0.007707216788391443,-0.009712783672351056,0.0023023234508572354,-0.012711986908015782,-0.012711986908015782
2018-03-02,0.004169374906432728,0.005183233820989697,-0.001378654185234307,0.0069433894522662465,0.0069433894522662465
2018-03-05,0.006801912410000647,0.008536789562452152,-0.00218439986022978,0.01129506854511586,0.01129506854511586
2018-03-06,0.0038813230902932094,0.0034804982297918065,0.005854368639759633,0.0028948003155599977,0.0028948003155599977
2018-03-07,-0.0004276588522558559,0.0001718125330936626,-0.0037492097494861154,0.0012331165963592738,0.0012331165963592738
2018-03-08,0.002756515142619024,0.002972797669740812,0.0016856769434799856,0.0032919342421885434,0.0032919342421885434
2018-03-09,0.011276419075916441,0.014148663004461303,-0.0028036966087111592,0.01831647691823024,0.01831647691823024
2018-03-12,0.0005206561633415152,4.6079978184299095e-05,0.002885362066693764,-0.0006616967883346092,-0.0006616967883346092
2018-03-13,-0.0038179736034356093,-0.00531437721179504,0.003489814668292679,-0.0074718677392997535,-0.0074718677392997535
2018-03-14,-0.002137099790575451,-0.003410831157404803,0.004084614750147764,-0.0052479570609370585,-0.0052479570609370585
2018-03-15,-0.0017507107929752113,-0.001471291348578141,-0.0031841051575698387,-0.0010340136106778974,-0.0010340136106778974
2018-03-16,0.00022934146072772776,0.0008721368810252428,-0.0029894644228904976,0.0018387444025368405,0.0018387444025368405
2018-03-19,-0.009861622033550269,-0.011701933369889606,-0.0004996887087027613,-0.014542588695974024,-0.014542588695974024
2018-03-20,0.0003702582131641652,0.0012952117142503105,-0.004252290547754889,0.0026815325936236922,0.0026815325936236922
2018-03-21,0.004173386244583706,0.0031704955619614285,0.009258084336198902,0.0016310371987761085,0.0016310371987761085
2018-03-22,-0.016853956815797082,-0.020699583625402262,0.002978280675986933,-0.02677007556168909,-0.02677007556168909
2018-03-23,-0.012179795341042335,-0.015856131128522376,0.006106053052685856,-0.02132271953790643,-0.02132271953790643
2018-03-26,0.018779185740238624,0.02253310829219616,0.0007086133485514345,0.02781447193608222,0.02781447193608222
2018-03-27,-0.012186381920204825,-0.015160261287360565,0.0022689489853895406,-0.019414047373002008,-0.019414047373002008
2018-03-28,-0.004677664917357771,-0.004491440635908584,-0.005590518615315232,-0.004221238068379041,-0.004221238068379041
2018-03-29,0.01055377269155818,0.012164402107708926,0.002670711879305232,0.014495303097684653,0.014495303097684653
2018-04-02,-0.013204857243251045,-0.017162031208893334,0.006823954109991037,-0.023219262919872086,-0.023219262919872086
2018-04-03,0.0070513078084344,0.010020795386353188,-0.007634465301297966,0.014394194363300583,0.014394194363300583
2018-04-04,0.007321847815179712,0.00853947622787563,-0.00041560833079057335,0.011190575888164855,0.011190575888164855
2018-04-05,0.0030113275984878416,0.004869624093973268,-0.006296400802658031,0.007665191799060778,0.007665191799060778
2018-04-06,-0.01260277421436736,-0.016596287334843675,0.007808517169242135,-0.022808419906172106,-0.022808419906172106
2018-04-09,0.004485622726143316,0.004868019062846752,0.0025317280585988033,0.005462570059915572,0.005462570059915572
2018-04-10,0.013729107902576606,0.016483329753199282,0.00027556455147514924,0.020455879578127334,0.020455879578127334
2018-04-11,-0.0008669532946361524,-0.002177203128501437,0.005673571896835705,-0.004137215890372081,-0.004137215890372081
2018-04-12,0.0031026059885102355,0.0056409364434801155,-0.009489361196454937,0.009398589580992822,0.009398589580992822
2018-04-13,-0.0006599200388304934,-0.0017308996540391197,0.0044361946821172005,-0.0032079773993043403,-0.0032079773993043403
2018-04-16,0.005594220570243132,0.006540912854929593,0.0008803766628511234,0.007951142523939136,0.007951142523939136
2018-04-17,0.007448879549051786,0.008583590544309783,0.0018415048600992634,0.010252566893528048,0.010252566893528048
2018-04-18,0.00131426696698278,0.0005776234169725836,0.000702708235949201,0.0016200463324995695,0.0016200463324995695
2018-04-19,-0.0037978499240998906,-0.0037971088053801337,-0.004402411091422254,-0.003495569340438709,-0.003495569340438709
2018-04-20,-0.007575109708271873,-0.007600898472664497,-0.007408966207207546,-0.0076581814588040364,-0.0076581814588040364
2018-04-23,-0.001224056929764498,-0.0007071041804344258,-0.003861000924616942,9.441506766172392e-05,9.441506766172392e-05
2018-04-24,-0.008237117821033682,-0.009965293850050294,0.00014662592490133353,-0.012428989694001191,-0.012428989694001191
2018-04-25,-0.0008099793282189497,0.0003433044912772076,-0.0065962831960466595,0.002083172605694905,0.002083172605694905
2018-04-26,0.00819733340697996,0.00951392145173292,0.001743787257300955,0.011424106481819463,0.011424106481819463
2018-04-27,-0.0007995673434800787,0.00045171525142306823,-0.0006116389429956515,-0.0008935315437222924,-0.0008935315437222924
2018-04-30,-0.004265302299634881,-0.0065938710864924975,0.002260495121593098,-0.0075282010102488695,-0.0075282010102488695
2018-05-01,-7.3408923939218456e-06,0.0010515004869903644,-0.005334914247505984,0.0026564457851621093,0.0026564457851621093
2018-05-02,-0.0034043296531469647,-0.0039286359349199,-0.0007894709610833939,-0.00471175899917875,-0.00471175899917875
2018-05-03,-0.0005077370537386697,-0.0015740349746454219,0.0047946815965407286,-0.003158946378878369,-0.003158946378878369
2018-05-04,0.009272966157325055,0.010716542919799909,0.001806776541106947,0.013006060965434108,0.013006060965434108
2018-05-07,0.0028836777239528524,0.00359493762289812,-0.000677976119830781,0.004664504645844669,0.004664504645844669
2018-05-08,0.0009874330882935212,0.0012602927509962724,-0.0003791759865250377,0.0016707376257028006,0.0016707376257028006
2018-05-09,0.005916959370274218,0.007928399332114667,-0.0040360456110004606,0.010893461860911557,0.010893461860911557
2018-05-10,0.008767863392838601,0.00904569651224627,0.007441313446140185,0.009431138366187808,0.009431138366187808
2018-05-11,0.0020666043111034296,0.002371105238832982,0.0005461813350717826,0.0028268157991192533,0.0028268157991192533
2018-05-14,-0.00039385106681566473,0.0004626191151180459,-0.004681658165376246,0.0017500524824646257,0.0017500524824646257
2018-05-15,-0.008726258044355154,-0.007704506150929757,-0.013779615914434773,-0.006199579109315345,-0.006199579109315345
2018-05-16,0.0023709488398146275,0.003384221336156601,-0.0026926212207374345,0.004902733870090659,0.004902733870090659
2018-05-17,-0.00015647228336782928,0.0002646790452215719,-0.00224055420147129,0.000885568675683901,0.000885568675683901
2018-05-18,-0.0005096381441652328,-0.0015103500469446974,0.004504905380828594,-0.0030169099066621463,-0.0030169099066621463
2018-05-21,0.0050711677653133185,0.005980015045659126,0.0005433475393308296,0.007335077878304563,0.007335077878304563
2018-05-22,-0.0027005245257062382,-0.003039464853655438,-0.0010522139730858582,-0.0035246798020164283,-0.0035246798020164283
2018-05-23,0.0029522235190415635,0.002674696019455658,0.00416018353422043,0.0023482435114521305,0.0023482435114521305
2018-05-24,-0.00010356441556462019,-0.0017686428693874713,0.008262339932873397,-0.004286516589783629,-0.004286516589783629
2018-05-25,-0.0025452700112624793,-0.00335684883292412,0.0015749256902566344,-0.004605367862022036,-0.004605367862022036
2018-05-29,-0.0035188959317607646,-0.006356136408004665,0.010842887596919537,-0.010699787696100915,-0.010699787696100915
2018-05-30,0.009135011383490562,0.011525868739539502,-0.002614517002914596,0.01500977557669314,0.01500977557669314
2018-05-31,-0.0049410224443767374,-0.0055404632769549215,-0.001917499801115552,-0.006452783766007331,-0.006452783766007331
2018-06-01,0.005393055146526733,0.007510424389345382,-0.005118376654437595,0.010648771047008898,0.010648771047008898
2018-06-04,0.0013753820244610433,0.002472047963088364,-0.004105142394736805,0.0041156442340599675,0.0041156442340599675
2018-06-05,0.0014244895543614373,0.0010810885154478923,0.003134711447397187,0.0005693786078435625,0.0005693786078435625
2018-06-06,0.00504699267978385,0.0068257672269603446,-0.0037695230136475244,0.009455250526499537,0.009455250526499537
2018-06-07,0.0016959010586382977,0.0011182192824715441,0.0045994925940218145,0.0002441052909465391,0.0002441052909465391
2018-06-08,0.0007565948517601617,0.0010777001873183312,-0.0008907655954669691,0.0015802750753737271,0.0015802750753737271
2018-06-11,0.0009984949641283307,0.0012009305770908974,-2.4546355994692348e-05,0.0015100156241898421,0.0015100156241898421
2018-06-12,-0.00010186096182366693,0.00018391965085897687,-0.0015354793587207816,0.0006149482366248904,0.0006149482366248904
2018-06-13,-0.0015690234998222419,-0.002135503661904803,0.0012550676309313058,-0.0029810690651990157,-0.0029810690651990157
2018-06-14,0.003199981290802567,0.0028564458444606975,0.004918487868599497,0.002340728001904102,0.002340728001904102
2018-06-15,-0.005219727910482197,-0.004694875299908896,-0.007822051914627925,-0.003918565908409333,-0.003918565908409333
2018-06-18,-0.0006386187431737985,-0.0005087738315774027,-0.001404387216833669,-0.0002557345063438632,-0.0002557345063438632
2018-06-19,-0.0015305139228451632,-0.0022134818791922696,0.0016303623342913687,-0.0031109520514134292,-0.0031109520514134292
2018-06-20,-0.00042704129002931374,0.0008017472580731932,-0.006619550255340445,0.002669213192626252,0.002669213192626252
2018-06-21,-0.005013913473058906,-0.006365079447137356,0.0017533471612429796,-0.00839754379020985,-0.00839754379020985
2018-06-22,0.001874374149943514,0.0019906613508375525,0.0011693877692527943,0.002226867340288874,0.002226867340288874
2018-06-25,-0.010865386921972439,-0.012848022071982278,-0.0007503687499919032,-0.015922896007962706,-0.015922896007962706
2018-06-26,0.0013415777894831467,0.001996939190378333,-0.0019240549922298067,0.0029743941803396234,0.0029743941803396234
2018-06-27,-0.004817498149075727,-0.0061633460600347915,0.001854170586713999,-0.00815333251697059,-0.00815333251697059
2018-06-28,0.0030671889083095927,0.003952971697789664,-0.0013950022642295057,0.005298284494579142,0.005298284494579142
2018-06-29,0.0012132367293267905,0.0014176243876145912,9.865677114584415e-05,0.0017705267084172638,0.0017705267084172638
2018-07-02,-0.00026624572962263837,0.0007106214645799635,-0.005409983682652331,0.0023056232468922078,0.0023056232468922078
2018-07-03,0.0002914151442445778,-0.0012192596831609003,0.007738154753035964,-0.0034319546601511153,-0.0034319546601511153
2018-07-05,0.006490396071265077,0.007174689183111038,0.003119337141580525,0.008175925536107354,0.008175925536107354
2018-07-06,0.006430824326693285,0.007552883393659127,0.0008366347462114287,0.009227919116934213,0.009227919116934213
2018-07-09,0.006840014619493314,0.008628057765540298,-0.001992617208792402,0.011256330533636172,0.011256330533636172
2018-07-10,0.0009558162903781087,0.001340379524086377,-0.0009638840100422152,0.0019156664405882706,0.0019156664405882706
2018-07-11,-0.006785222034557818,-0.007430926213277578,-0.003502918489441509,-0.008426373807115972,-0.008426373807115972
2018-07-12,0.006556991566349553,0.007471230840983412,0.002041913001670448,0.008814530848689106,0.008814530848689106
2018-07-13,8.025812689845443e-06,0.0001963426788120226,-0.0009350255361220139,0.0004795514870957751,0.0004795514870957751
2018-07-16,-0.0014014576992434173,-0.0012114464614505827,-0.00233293203056395,-0.0009357205335831509,-0.0009357205335831509
2018-07-17,0.0001642649374481812,0.0014412020263836367,-0.006349362535755576,0.00342107867405006,0.00342107867405006
2018-07-18,0.0011922632863683817,0.0018077026999283152,-0.0018777539400519627,0.002727271899578554,0.002727271899578554
2018-07-19,-0.002206506983068568,-0.0028518484828730095,0.0010322090729435462,-0.003825865011074625,-0.003825865011074625
2018-07-20,-0.0017079326490811269,-0.001468758979859841,-0.0029077333680951334,-0.0011080322895741235,-0.0011080322895741235
2018-07-23,-0.0010116758573004796,0.0004985122121103469,-0.008580033174211077,0.002772502801154819,0.002772502801154819
2018-07-24,0.0036652524542476104,0.004009923339779531,0.0018919435407824814,0.004551906910980175,0.004551906910980175
2018-07-25,0.006418844332248486,0.00730586994271828,0.00196847577125292,0.008644028612746268,0.008644028612746268
2018-07-26,-0.0029080875655344007,-0.0025154211105629766,-0.0048640615506369,-0.001930100572983151,-0.001930100572983151
2018-07-27,-0.005344691253757139,-0.0066568456558986685,0.001101861411479499,-0.008567967586375458,-0.008567967586375458
2018-07-30,-0.0039411194907378695,-0.004230885907328241,-0.002492596548577808,-0.0046653809618179,-0.0046653809618179
2018-07-31,0.0040750082509311,0.004051613595792314,0.00420280003647755,0.004011112358157876,0.004011112358157876
2018-08-01,-0.003191677745929137,-0.002280747785178128,-0.007737197721880196,-0.0009189177579536079,-0.0009189177579536079
2018-08-02,0.002505299737052972,0.0033487159244553143,-0.001974531030632609,0.004745215120895763,0.004745215120895763
2018-08-03,0.0029996584503895938,0.002752712544812719,0.004233389649554553,0.002382792850807114,0.002382792850807114
2018-08-06,0.0020052259323601516,0.0028604540262816445,-0.0022733219168878938,0.004144499856984174,0.004144499856984174
2018-08-07,0.002037375155537665,0.0027351660352694872,-0.0014608409631033936,0.003786483214858194,0.003786483214858194
2018-08-08,0.000422737829633979,0.0001263941817690295,0.001901348025505678,-0.00031656726830187054,-0.00031656726830187054
2018-08-09,-0.00027352173570568034,-0.0010206512579954198,0.0034656025338063445,-0.002143083870461693,-0.002143083870461693
2018-08-10,-0.002385161993440447,-0.0035461724874231047,0.003410786403394095,-0.005283136191857718,-0.005283136191857718
2018-08-13,-0.006122441502069161,-0.005626977284726775,-0.008591328082468985,-0.004887998211869249,-0.004887998211869249
2018-08-14,0.003941484998181292,0.0048590280947740875,-0.0006323677002353367,0.006228411347389606,0.006228411347389606
2018-08-15,-0.009446744786182274,-0.010219591683415375,-0.005419237083771122,-0.01146049863738785,-0.01146049863738785
2018-08-16,0.005845002760563545,0.00711215928861707,-0.0004439445582579138,0.008989476419974274,0.008989476419974274
2018-08-17,0.0035529546359357087,0.0032097878332428163,0.005251422603526068,0.002703720652140529,0.002703720652140529
2018-08-20,0.003561182797675514,0.0031050788935527486,0.005841410262560354,0.0024210690652330946,0.0024210690652330946
2018-08-21,0.0024772324625384292,0.0030155451657547516,-0.0002194256356026214,0.0038255615116089547,0.0038255615116089547
2018-08-22,0.002257763689524017,0.0020908859087278133,0.003085454927242326,0.0018439180706648628,0.0018439180706648628
2018-08-23,-0.002644310953391978,-0.0023824660865415016,-0.003949039116118658,-0.001991946872028638,-0.001991946872028638
2018-08-24,0.007544790447969667,0.007122228807301756,0.00970371995517949,0.006465325694364754,0.006465325694364754
2018-08-27,0.004972800262296777,0.006175421870947151,-0.0009801408964211777,0.007949270841655753,0.007949270841655753
2018-08-28,-0.0023143348519421383,-0.0013868855090885313,-0.0069704468144055065,1.3721129289545608e-05,1.3721129289545608e-05
2018-08-29,0.004632650489850769,0.004973274516449,0.002948597905081174,0.005474676782235566,0.005474676782235566
2018-08-30,-0.0026245578511726597,-0.002871297524631311,-0.0013789772223454788,-0.00324734816558625,-0.00324734816558625
2018-08-31,-0.000876801906520915,-0.0007126586002960012,-0.0017169596192592174,-0.00045672305015176384,-0.00045672305015176384
2018-09-04,-0.0034726866351673102,-0.003083059605942506,-0.005441811848617473,-0.002488124028442229,-0.002488124028442229
2018-09-05,-0.0020905348614851014,-0.0025862972692775265,0.00039368091376146275,-0.003332642749108383,-0.003332642749108383
2018-09-06,-0.0030300101849692527,-0.004195322630576537,0.0028122148995097795,-0.0059511227272087686,-0.0059511227272087686
2018-09-07,-0.0028867985084208847,-0.0023488833692233537,-0.005613002586622562,-0.001523696469320046,-0.001523696469320046
2018-09-10,0.0007629305819266315,0.0006074142749221579,0.0014932804963356805,0.000397755624722107,0.000397755624722107
2018-09-11,0.001767683316774978,0.0028070755896869026,-0.0034940813501248558,0.004398565650224895,0.004398565650224895
2018-09-12,0.0011736769593947798,0.00033107098909379573,0.00537806110965211,-0.0009285151157338856,-0.0009285151157338856
2018-09-13,0.0034710156744763485,0.004375559447177779,-0.0010270919367728615,0.005720069480100953,0.005720069480100953
2018-09-14,-0.0010316695266372837,-0.0001095989809149156,-0.005643123181265586,0.0012740573006768674,0.0012740573006768674
2018-09-17,-0.0035154899521297653,-0.004738432436233353,0.0026125050544860695,-0.0065794874554376825,-0.0065794874554376825
2018-09-18,0.002087526263390297,0.0037039308272937667,-0.005983192850751884,0.006122885820461388,0.006122885820461388
2018-09-19,0.0011959042386370984,0.001643777868176799,-0.0010455296551475923,0.002316621185529444,0.002316621185529444
2018-09-20,0.00707101585666899,0.007691625801689961,0.004027705227303002,0.008592671171351984,0.008592671171351984
2018-09-21,-0.0019193026997071188,-0.0015950884633511796,-0.003608337968198927,-0.0010747850654612146,-0.0010747850654612146
2018-09-24,-0.00046208170488126754,-0.0002853683975670984,-0.001367928959690845,-9.158077476478788e-06,-9.158077476478788e-06
2018-09-25,-9.805920106039275e-05,-0.00017876724374986662,0.00028100038438261254,-0.0002875889937818954,-0.0002875889937818954
2018-09-26,-0.002889547822955474,-0.0036434782503293574,0.0008710555609011683,-0.004769849514883795,-0.004769849514883795
2018-09-27,0.00034798800798814994,0.0012345098447084646,-0.004081608243701518,0.002562786133832984,0.002562786133832984
2018-09-28,0.0003803058214070602,8.08053335961234e-05,0.0018513665631831877,-0.00035522454948100357,-0.00035522454948100357
2018-10-01,0.0008941371045085115,0.001970425415664423,-0.0045151200841035966,0.0035987656988145655,0.0035987656988145655
2018-10-02,0.0020684152023245548,0.0007173500551215129,0.00882502997948209,-0.0013098921862542134,-0.0013098921862542134
2018-10-03,-0.0010247012107751363,0.0009083951802814405,-0.010677174231069841,0.0038015352993722162,0.0038015352993722162
2018-10-04,-0.007144529324855579,-0.00790534856159798,-0.00326127869900128,-0.009086154637782728,-0.009086154637782728
2018-10-05,-0.005377944005982386,-0.005876945286689616,-0.0028916819142441597,-0.006621075051851499,-0.006621075051851499
2018-10-08,-0.003394529862462692,-0.0026396136979744854,-0.007208130870477003,-0.0014877293584555362,-0.0014877293584555362
2018-10-09,0.0022676356818360777,0.001658920754014248,0.005320383318282884,0.0007412618636126744,0.0007412618636126744
2018-10-10,-0.02255734394914466,-0.026995331472235085,-0.00011317476868999421,-0.03377942853937199,-0.03377942853937199
2018-10-11,-0.008714068906584474,-0.014157251505573131,0.018876251666694044,-0.022509229193223734,-0.022509229193223734
2018-10-12,0.007442322350630988,0.00971150261044934,-0.004116773621681502,0.013221870336787234,0.013221870336787234
2018-10-15,-0.003463739312138947,-0.004774633560752972,0.00312564712886354,-0.006758432532640191,-0.006758432532640191
2018-10-16,0.015405277055578518,0.018518929775282487,0.00028046336991582876,0.022967683898409863,0.022967683898409863
2018-10-17,-0.0012432025570262943,-0.0008945245453763739,-0.0030078179764072566,-0.0003608948473358131,-0.0003608948473358131
2018-10-18,-0.010036138082635704,-0.01209569514868757,0.00038820173265352587,-0.015248307990280319,-0.015248307990280319
2018-10-19,-0.002185840194554034,-0.0024956762308737668,-0.0007076427746577352,-0.0029249389045021834,-0.0029249389045021834
2018-10-22,-0.003882965480928665,-0.0042762927745469085,-0.001949763268475846,-0.004849566587155074,-0.004849566587155074
2018-10-23,-0.003937395706859507,-0.005751289407196292,0.004563456454536263,-0.008187821787557392,-0.008187821787557392
2018-10-24,-0.02169615646628431,-0.02702027020744956,0.004930938402712304,-0.03500970390078262,-0.03500970390078262
2018-10-25,0.012704331905808145,0.015961795451907658,-0.0032067419693864174,0.020659868843405427,0.020659868843405427
2018-10-26,-0.008477030932491822,-0.011121428956960699,0.004607463745275098,-0.01501927827137528,-0.01501927827137528
2018-10-29,-0.006254304338736564,-0.00704852429232874,-0.0031013303208260457,-0.007830791347691823,-0.007830791347691823
2018-10-30,0.009425225431896648,0.012245488815658035,-0.004677582951939208,0.016476629623814576,0.016476629623814576
2018-10-31,0.005824086720590945,0.008067910544327872,-0.005343885834107609,0.011408072997940222,0.011408072997940222
2018-11-01,0.010143945006311808,0.010815477569020283,0.006888291090793253,0.011771771964071087,0.011771771964071087
2018-11-02,-0.006368355990234924,-0.006448534184050181,-0.006135882269576731,-0.006484592850564019,-0.006484592850564019
2018-11-05,0.004474043010755713,0.0052266777534774825,0.0007649151225577189,0.00632860695485471,0.00632860695485471
2018-11-06,0.003339980497806964,0.004351271650500488,-0.0017279849750674314,0.005873963234244162,0.005873963234244162
2018-11-07,0.015180241484270515,0.018173087011196232,0.0006360967346227264,0.022452313859094408,0.022452313859094408
2018-11-08,-0.0027630159785830464,-0.0030928276150772537,-0.0011178453757170193,-0.0035856012800160597,-0.0035856012800160597
2018-11-09,-0.00763082721995371,-0.008767480072022526,-0.0018866386221617626,-0.010502921518849684,-0.010502921518849684
2018-11-12,-0.01519341313777045,-0.018136317331697092,-0.00032198964905649774,-0.022629124882127427,-0.022629124882127427
2018-11-13,-0.002697711509192957,-0.003213845455687414,-0.00012851549202796964,-0.003982309517775451,-0.003982309517775451
2018-11-14,-0.003874121005059831,-0.005655831433261149,0.0044506458254847114,-0.008036504420332102,-0.008036504420332102
2018-11-15,0.009727662353813357,0.011545948980288833,0.0003507456731800529,0.014416120694130008,0.014416120694130008
2018-11-16,0.004609603351093616,0.004183229080452167,0.0065995021992786285,0.00361465392700111,0.00361465392700111
2018-11-19,-0.010957455649668843,-0.013443520964149658,0.0016151780039199704,-0.01724377247646325,-0.01724377247646325
2018-11-20,-0.013532041219397106,-0.01624182843888906,0.0001761609889547877,-0.020386142323573053,-0.020386142323573053
2018-11-21,0.00387121025247635,0.004501328707691821,0.0006481388906494079,0.005482745933389821,0.005482745933389821
2018-11-23,-0.005744676336559802,-0.006916787473573572,0.00013999022743182987,-0.008687009618555619,-0.008687009618555619
2018-11-26,0.010622275680994461,0.013134361524956006,-0.0016901731722862579,0.01677850010763482,0.01677850010763482
2018-11-27,0.00032073979845848033,0.000848160822966626,-0.0024184110696864325,0.0016903152325309367,0.0016903152325309367
2018-11-28,0.01650111800122389,0.01998507770179475,-0.0005633682560445274,0.0250333611298581,0.0250333611298581
2018-11-29,-0.0002816336582685726,-0.0010436746847117817,0.0035288045954557923,-0.002186852785130755,-0.002186852785130755
2018-11-30,0.005292576359881451,0.00613831262402611,0.0010076948505224337,0.00743501711456096,0.00743501711456096
2018-12-03,0.010703211100751306,0.011333647724538865,0.00732793144638566,0.012390850927934127,0.012390850927934127
2018-12-04,-0.031181661931644844,-0.025379731443998188,-0.02419302571258386,-0.034675980041175336,-0.034675980041175336
2018-12-06,-0.010037495738499361,-0.003115321879307009,-0.02197856291253797,-0.004066962151480058,-0.004066962151480058
2018-12-07,-0.013751185806162969,-0.01750232957372049,0.004985972122974358,-0.023119764770731632,-0.023119764770731632
2018-12-10,4.624928894436664e-05,-1.4790674791487213e-05,0.00033262957515378666,-9.694085416034337e-05,-9.694085416034337e-05
2018-12-11,-0.0004855989983476953,-0.000589969340136498,-0.000679017509165214,-0.00038888974293893597,-0.00038888974293893597
2018-12-12,0.0020923677814542,0.005381521374741493,-0.007919819442038567,0.0070984613932005836,0.0070984613932005836
2018-12-13,-0.0012106084304386682,-0.0018677791212106554,-0.00013600393089585605,-0.0017479106802100741,-0.0017479106802100741
2018-12-14,-0.014183453939743665,-0.016893554282914357,-0.00025541015189756155,-0.021147475833666718,-0.021147475833666718
2018-12-17,-0.010784852837203948,-0.014168873961377105,0.006367686197309874,-0.019361122354460858,-0.019361122354460858
2018-12-18,-0.00027095730361770265,-0.0011927673594236189,0.004180413629406354,-0.002496642770129731,-0.002496642770129731
2018-12-19,-0.009989700088724277,-0.012700135236846499,0.003550358102406559,-0.016759729184289696,-0.016759729184289696
2018-12-20,-0.00933973033780607,-0.012350269094688593,0.005904831860083837,-0.016962011436751023,-0.016962011436751023
2018-12-21,-0.014739948929621716,-0.017279551520054382,-0.0022606394338601232,-0.020979603677502512,-0.020979603677502512
2018-12-24,-0.014895737320097671,-0.019358332649868047,0.007951917415648602,-0.02631956468797081,-0.02631956468797081
2018-12-26,0.03264232771930061,0.04074641393587828,-0.006852906378408297,0.05238994476815506,0.05238994476815506
2018-12-27,0.006699150532952188,0.0070134492298954635,0.003911780591528968,0.008092835503663798,0.008092835503663798
2018-12-28,0.0011449224709524735,9.821016562954199e-05,0.006234090447688745,-0.0013996615174156624,-0.0013996615174156624
2018-12-31,0.007228697895000247,0.00814250480760872,0.00269050230089829,0.009497795692051225,0.009497795692051225
2019-01-02,0.003271457504255393,0.003095203848950934,0.0029626451816346933,0.0034258636655657426,0.0034258636655657426
2019-01-03,-0.013864089211933939,-0.018561122417062703,0.010214928379412846,-0.02590359800760733,-0.02590359800760733
2019-01-04,0.020570540797990478,0.026871277524243276,-0.009833250248976966,0.0357724363214742,0.0357724363214742
2019-01-07,0.005980158693438227,0.007128949705634513,0.0002665268097571394,0.008836974635278771,0.008836974635278771
2019-01-08,0.0040003884418720785,0.006401459920844188,-0.005363185532268888,0.008682175428942562,0.008682175428942562
2019-01-09,0.007923335560846567,0.006834298361415891,0.007923335560846567,0.007923335560846567,0.007923335560846567
2019-01-10,-0.0019381345480908863,0.0013433819777236345,-0.01236397875786377,0.0032747875567955553,0.0032747875567955553
2019-01-11,0.0004883929557345882,8.68638051280124e-06,0.0028133909365415377,-0.0006741060346688865,-0.0006741060346688865
2019-01-14,-0.0027426714112816684,-0.004596075074393913,0.0028783215095568027,-0.005553167871700904,-0.005553167871700904
2019-01-15,0.011497745565453243,0.008669466417686122,0.011497745565453243,0.011497745565453243,0.011497745565453243
2019-01-16,0.004224132374377021,0.003809793275002904,0.004224132374377021,0.004224132374377021,0.004224132374377021
2019-01-17,0.007855609044138845,0.006144850475183039,0.007855609044138845,0.007855609044138845,0.007855609044138845
2019-01-18,0.013981407140325253,0.00980260052173263,0.013981407140325253,0.013981407140325253,0.013981407140325253
2019-01-22,-0.014890448926348498,-0.010839999376846677,-0.014890448926348498,-0.014890448926348498,-0.014890448926348498
2019-01-23,0.0024075449951565333,0.00013258164862742783,0.006411280137635922,0.00040567742391683925,0.00040567742391683925
2019-01-24,0.002893272919699282,0.0024677377069112437,0.0037579761219620478,0.002460921318567899,0.002460921318567899
2019-01-25,0.009650277739277513,0.008716109814641281,0.009650277739277513,0.009650277739277513,0.009650277739277513
2019-01-28,-0.009026881268321296,-0.006986081004921885,-0.009026881268321296,-0.009026881268321296,-0.009026881268321296
2019-01-29,-0.0021146340700567423,-0.0006297403371600563,-0.0021146340700567423,-0.0021146340700567423,-0.0021146340700567423
2019-01-30,0.016812141799149583,0.014005442981624205,0.016812141799149583,0.016812141799149583,0.016812141799149583
2019-01-31,0.006060224997465058,0.0057500627211475195,0.006060224997465058,0.006060224997465058,0.006060224997465058
2019-02-01,0.003356723059989686,0.001887033405226879,0.003356723059989686,0.003356723059989686,0.003356723059989686
2019-02-04,0.007309217672974877,0.004965178864299702,0.007309217672974877,0.007309217672974877,0.007309217672974877
2019-02-05,0.003301955954076674,0.003358728285110313,0.003301955954076674,0.003301955954076674,0.003301955954076674
2019-02-06,-0.0008153516038913455,-0.0012788750140230952,-0.0008153516038913455,-0.0008153516038913455,-0.0008153516038913455
2019-02-07,-0.012000308615597866,-0.008672230791950553,-0.012000308615597866,-0.012000308615597866,-0.012000308615597866
2019-02-08,3.3704014387736514e-05,0.0008054630100611471,3.3704014387736514e-05,3.3704014387736514e-05,3.3704014387736514e-05
2019-02-11,0.0015910109053504096,0.0003819152328704889,0.0015910109053504096,0.0015910109053504096,0.0015910109053504096
2019-02-12,0.013566283120443279,0.010836285146972857,0.013566283120443279,0.013566283120443279,0.013566283120443279
2019-02-13,0.003803485143292429,0.002268336639649504,0.003803485143292429,0.003803485143292429,0.003803485143292429
2019-02-14,-0.0007179617864617738,0.00054557943839596,-0.0007179617864617738,-0.0007179617864617738,-0.0007179617864617738
2019-02-15,0.013453041249396502,0.011545633820189938,0.013453041249396502,0.013453041249396502,0.013453041249396502
2019-02-19,0.001209473997916266,0.0027300672177470787,0.001209473997916266,0.001209473997916266,0.001209473997916266
2019-02-20,0.0024812819342888703,0.0015239306881867144,0.0024812819342888703,0.0024812819342888703,0.0024812819342888703
2019-02-21,-0.005483719711344981,-0.006405475352318768,-0.005483719711344981,-0.005483719711344981,-0.005483719711344981
2019-02-22,0.00648358482466338,0.006148209801681103,0.00648358482466338,0.00648358482466338,0.00648358482466338
2019-02-25,0.002527314581203699,0.0016075025148091782,0.002527314581203699,0.002527314581203699,0.002527314581203699
2019-02-26,-0.0019384781041703603,-0.000893152864646607,-0.0019384781041703603,-0.0019384781041703603,-0.0019384781041703603
2019-02-27,-2.893792369984549e-05,-0.0018707807646307305,-2.893792369984549e-05,-2.893792369984549e-05,-2.893792369984549e-05
2019-02-28,-0.003533185848210274,-0.0037285700673383216,-0.003533185848210274,-0.003533185848210274,-0.003533185848210274
2019-03-01,0.009071242511207611,0.004638052888916377,0.009071242511207611,0.009071242511207611,0.009071242511207611
2019-03-04,-0.005298372355647452,-0.003741188801385109,-0.005298372355647452,-0.005298372355647452,-0.005298372355647452
2019-03-05,-0.002021855062323774,-0.0012786979975371927,-0.002021855062323774,-0.002021855062323774,-0.002021855062323774
2019-03-06,-0.009427102475046412,-0.00726175245081746,-0.009427102475046412,-0.009427102475046412,-0.009427102475046412
2019-03-07,-0.008888251274449033,-0.006535874913391393,-0.008888251274449033,-0.008888251274449033,-0.008888251274449033
2019-03-08,-0.0031422693805635005,-0.001039711743398264,-0.0031422693805635005,-0.0031422693805635005,-0.0031422693805635005
2019-03-11,0.01494783164139668,0.011191970274855911,0.01494783164139668,0.01494783164139668,0.01494783164139668
2019-03-12,0.003523304334958288,0.004129089446442647,0.003523304334958288,0.003523304334958288,0.003523304334958288
2019-03-13,0.007260148118099385,0.006327741103955675,0.007260148118099385,0.007260148118099385,0.007260148118099385
2019-03-14,-4.620051852299856e-05,-0.0019145927107259708,-4.620051852299856e-05,-4.620051852299856e-05,-4.620051852299856e-05
2019-03-15,0.003926682074036791,0.005660138818317328,0.00044257175733919407,0.00566873723238559,0.00566873723238559
2019-03-18,0.0034701851169561815,0.004167088565156074,-1.0213317075402628e-06,0.005205788341288042,0.005205788341288042
2019-03-19,-9.386600493825152e-05,-0.0001865293593755757,0.00027918447630903565,-0.0002803912455618951,-0.0002803912455618951
2019-03-20,-9.945399073359636e-05,-0.0018062701784146928,0.008464582577238922,-0.004381472274719855,-0.004381472274719855
2019-03-21,0.006551986379192039,0.008012467935462253,-0.0009107952996750823,0.0102833772186256,0.0102833772186256
2019-03-22,-0.013080211508912884,-0.017396583826367017,0.00892615339506908,-0.024083393960903865,-0.024083393960903865
2019-03-25,0.000994272790678874,0.00026522298659028556,0.00462925981599116,-0.0008232207219772691,-0.0008232207219772691
2019-03-26,0.004604862735956616,0.006095917360534863,-0.0028410725540851667,0.008327830380977508,0.008327830380977508
2019-03-27,-0.0028675169604086928,-0.003836800862040046,0.0019820247529861446,-0.005292287817106112,-0.005292287817106112
2019-03-28,0.0013780152482203434,0.0027240753520713645,-0.005341243742183366,0.004737644743422198,0.004737644743422198
2019-03-29,0.003073870734831711,0.004795317130509546,-0.002804839472495879,0.006013225838495506,0.006013225838495506
2019-04-01,0.008386978618672658,0.008329301923289978,-0.00012987318002022352,0.012645404518019099,0.012645404518019099
2019-04-02,-0.0009311746623471562,-0.0001864909252103697,-0.0009447192189507847,-0.0009244023840453419,-0.0009244023840453419
2019-04-03,0.0017519619964464495,0.00037590150199048324,0.0017519619964464495,0.0017519619964464495,0.0017519619964464495
2019-04-04,0.002758587573807647,0.0027459434302620767,0.002758587573807647,0.002758587573807647,0.002758587573807647
2019-04-05,0.006440111187582254,0.005181732897696722,0.006440111187582254,0.006440111187582254,0.006440111187582254
2019-04-08,0.0009129721519046674,0.0008062356853735686,0.0009129721519046674,0.0009129721519046674,0.0009129721519046674
2019-04-09,-0.006906189915960592,-0.0046789256254013865,-0.006906189915960592,-0.006906189915960592,-0.006906189915960592
2019-04-10,0.004594531798923551,0.004229286141948152,0.004594531798923551,0.004594531798923551,0.004594531798923551
2019-04-11,-0.0014354763202705234,-0.003019000983906428,-0.0014354763202705234,-0.0014354763202705234,-0.0014354763202705234
2019-04-12,0.0054904701422593405,0.0035673856547132734,0.0054904701422593405,0.0054904701422593405,0.0054904701422593405
2019-04-15,-0.001659683348051888,-0.001263958135614507,-0.001659683348051888,-0.001659683348051888,-0.001659683348051888
2019-04-16,0.0018227984107520578,-8.388112827837358e-05,0.0018227984107520578,0.0018227984107520578,0.0018227984107520578
2019-04-17,-0.003729069035547705,-0.003156047004343765,-0.003729069035547705,-0.003729069035547705,-0.003729069035547705
2019-04-18,0.00020296592678314962,0.0007590733909655922,0.00020296592678314962,0.00020296592678314962,0.00020296592678314962
2019-04-22,0.002536468754029575,0.0015513006417466556,0.002536468754029575,0.002536468754029575,0.002536468754029575
2019-04-23,0.009175272403637691,0.007350271181049228,0.009175272403637691,0.009175272403637691,0.009175272403637691
2019-04-24,-0.002964776220171661,-0.0012667819650593382,-0.002964776220171661,-0.002964776220171661,-0.002964776220171661
2019-04-25,-0.0001520164222927889,-0.00019310447001601448,-0.0001520164222927889,-0.0001520164222927889,-0.0001520164222927889
2019-04-26,0.0025735977558943857,0.0030668072084882535,0.0025735977558943857,0.0025735977558943857,0.0025735977558943857
2019-04-29,0.0020402115864565085,0.0005516609377340332,0.0020402115864565085,0.0020402115864565085,0.0020402115864565085
2019-04-30,-0.0004419709543117545,0.00045540520463739355,-0.0004419709543117545,-0.0004419709543117545,-0.0004419709543117545
2019-05-01,-0.007330314983169495,-0.006136537947601728,-0.007330314983169495,-0.007330314983169495,-0.007330314983169495
2019-05-02,-0.002965613228411379,-0.0032552440315103625,-0.002889801846577611,-0.003003518919328263,-0.003003518919328263
2019-05-03,0.008786798678745175,0.009688226243013043,0.0043782197188522165,0.010991088158691653,0.010991088158691653
2019-05-06,-0.0008621214095122139,-0.00161529669118744,0.0020410127166026193,-0.0023136884725696305,-0.0023136884725696305
2019-05-07,-0.009866927114111782,-0.012885171070331446,0.005481911341307377,-0.017541346341821362,-0.017541346341821362
2019-05-08,-0.0019205145539206159,-0.0016284296227328965,-0.0033925248872871405,-0.0011845093872373536,-0.0011845093872373536
2019-05-09,-0.0012073724303955924,-0.0021372651350260786,0.0032507519842690513,-0.0034364346377279142,-0.0034364346377279142
2019-05-10,0.0025693496306249397,0.0030081178869805327,0.00026826816446612334,0.003719890363704348,0.003719890363704348
2019-05-13,-0.01535303343097394,-0.020118331338001106,0.009029757820383733,-0.027544429056652775,-0.027544429056652775
2019-05-14,0.006133455258454397,0.00784341822515966,-0.0023282294115286595,0.010364297593445926,0.010364297593445926
2019-05-15,0.004550475174854407,0.004844783458388802,0.0027878277062218793,0.005431798909170671,0.005431798909170671
2019-05-16,0.0038061810807457444,0.00562948827535541,-0.005263679910374575,0.008341111576305904,0.008341111576305904
2019-05-17,-0.005943635627675747,-0.0066549440978147635,-0.002425790911954606,-0.007702557985536318,-0.007702557985536318
2019-05-20,-0.004497166556029127,-0.005181061320288593,-0.0010718546068498869,-0.006209822530618747,-0.006209822530618747
2019-05-21,0.006399372433859907,0.008085548110421647,-0.001953435072677423,0.010575776187128572,0.010575776187128572
2019-05-22,-0.002655767175389808,-0.0036565203573860395,0.002367512110001968,-0.005167406818085696,-0.005167406818085696
2019-05-23,-0.007527227636676903,-0.010875793723789717,0.009479654849215091,-0.0160306688796229,-0.0160306688796229
2019-05-24,0.0028145494511326863,0.0031761286876753393,0.0009677153405180938,0.0037379665064399825,0.0037379665064399825
2019-05-28,-0.005313498294761095,-0.0067125708553574135,0.001659715681444296,-0.00880010528286379,-0.00880010528286379
2019-05-29,-0.004077503445430268,-0.005240102004420289,0.0016901419355324077,-0.006961326135911605,-0.006961326135911605
2019-05-30,0.0027397857379006427,0.0017520083515175865,0.007687361852375396,0.0002659976806632658,0.0002659976806632658
2019-05-31,-0.005235036429391752,-0.008846937476966844,0.012976914116558103,-0.01434101170236668,-0.01434101170236668
2019-06-03,0.00219794839348079,0.0005362976114893225,0.010545751224281252,-0.001975953021919441,-0.001975953021919441
2019-06-04,0.013974948518616323,0.017981047830687713,-0.00554701222092846,0.023735928888388713,0.023735928888388713
2019-06-05,0.002847866551831705,0.003720599197824359,-0.001537605178206003,0.005040602416850559,0.005040602416850559
2019-06-06,0.005962910766873793,0.006512321447924241,0.003251314042542086,0.007318709129039647,0.007318709129039647
2019-06-07,0.008895720159269352,0.009264101848695116,0.007149668450867175,0.009768746013470442,0.009768746013470442
2019-06-10,0.0009022428004175446,0.003024338290533157,-0.009688048243706837,0.0061973883224797355,0.0061973883224797355
2019-06-11,-0.00019366901224312136,-0.00021711859865822803,-0.0002899819752628652,-0.00014551253073324943,-0.00014551253073324943
2019-06-12,-0.0017480698328931805,-0.0026868590940413496,0.002978251484780259,-0.0041112304917299,-0.0041112304917299
2019-06-13,0.0050650063508400995,0.0051259667298144355,0.004779043335635169,0.005207987858442564,0.005207987858442564
2019-06-14,-0.0020989311731570703,-0.002743208918265072,0.0011065994699347437,-0.0037016964947029773,-0.0037016964947029773
2019-06-17,0.0017209209623057313,0.0019532940959185894,0.000559676530944464,0.002301543177986365,0.002301543177986365
2019-06-18,0.010362147479119344,0.01144330900496986,0.005049681264443162,0.013018380586457434,0.013018380586457434
2019-06-19,0.002926074403171164,0.002758077883958765,0.003757173128669189,0.0025105250404221513,0.0025105250404221513
2019-06-20,0.011186796796789059,0.01064780119988118,0.013883040361621912,0.009838675014372633,0.009838675014372633
2019-06-21,-0.0013773458834573926,-0.0012133631533646771,-0.002183407341096233,-0.0009743151546379725,-0.0009743151546379725
2019-06-24,0.001265120353869979,-0.0007091647933390677,0.011137803360759646,-0.003671221149574855,-0.003671221149574855
2019-06-25,-0.005317828977629076,-0.006888714326364997,0.0025280697430605237,-0.009240778337973876,-0.009240778337973876
2019-06-26,-0.0015198772567619478,-0.0002689693015043182,-0.007784297839819265,0.0016123330347667109,0.0016123330347667109
2019-06-27,0.004082148923558959,0.004297969884429165,0.0030355451742158923,0.004605450798230493,0.004605450798230493
2019-06-28,0.004533970604502631,0.00524300531163151,0.0010169884171634669,0.006292461698172214,0.006292461698172214
2019-07-01,0.0017879469791369784,0.004269005178138119,-0.01087579214687684,0.008119816542143887,0.008119816542143887
2019-07-02,0.004216651410073584,0.002165800152909403,0.014512920587387956,-0.0009314831785836031,-0.0009314831785836031
2019-07-03,0.00525278763706601,0.0066652885127574946,0.0043864609439614455,0.00722385416175797,0.004148047805478616
2019-07-05,-0.00837159854902029,-0.0030456189714957007,-0.012188035087516869,-0.0007387254720271352,-0.012188035087516869
2019-07-08,-0.0035708244821675375,-0.005022782820257321,-0.002532499946059197,-0.005647473554384219,-0.002532499946059197
2019-07-09,0.0016311569626756839,0.0017060150500264105,0.0015627877675812307,0.0017678953528645902,0.0015627877675812307
2019-07-10,0.005087371817473356,0.005045591298639962,0.005123490187151747,0.005015135078116573,0.005123490187151747
2019-07-11,-0.00657422926028121,-0.0005056229048313599,-0.010909400642109546,0.002096113503375463,-0.010909400642109546
2019-07-12,0.0034238382674392684,0.004167773553102383,0.0037029793898573082,0.004274363117185986,0.0022941722952745103
2019-07-15,0.00012077483603759968,-0.00043464600827439746,0.002879945983485843,-0.001258810737686522,-0.001258810737686522
2019-07-16,-0.004423649884913949,-0.0048232730378823365,-0.00571928570375857,-0.004602111175448398,-0.0029495527755348805
2019-07-17,0.007183484972871135,-0.0018105465800662857,0.0136116427016586,-0.005672830484703795,0.0136116427016586
2019-07-18,0.005978202467092057,0.004352517925699828,0.007128407514860324,0.0036777923715555216,0.007128407514860324
2019-07-19,-0.007151838772734879,-0.005221438171463933,-0.008551079771634496,-0.004353356774935646,-0.008551079771634496
2019-07-22,0.0016891827802484327,0.0028214823375664723,0.0008810059111291624,0.0033055365184869734,0.0008810059111291624
2019-07-23,-0.001566120992817055,0.004027104094981237,-0.005557077584376513,0.006415792190301861,-0.005557077584376513
2019-07-24,0.005188543266744265,0.005833885616977863,0.004716822273789001,0.0061319852526547924,0.004716822273789001
2019-07-25,-0.0063738895792424905,-0.006999340795411491,-0.005927504021625896,-0.0072666606944756795,-0.005927504021625896
2019-07-26,0.0030982463781923375,0.004618918492940205,0.002015230222576214,0.005264278689424584,0.002015230222576214
2019-07-29,0.0015244047858641678,-0.0012123353705695728,0.0034804931202010447,-0.002387771882809586,0.0034804931202010447
2019-07-30,0.0037181374309845547,0.0006717910197295507,0.002889619281499778,0.0001508861446106735,0.008113906866843212
2019-07-31,-0.0048094704289372014,-0.008353637392072266,-0.0025325395911706128,-0.009789280936815636,-0.002106590758825355
2019-08-01,0.010994584522118064,-0.004363716488060753,0.021965685933458934,-0.010947618300563677,0.021965685933458934
2019-08-02,-0.0011185489614081352,-0.006480781661715118,0.002717107391313367,-0.00878986166685114,0.002717107391313367
2019-08-05,-0.000195753498513788,-0.022165448109281716,0.015622932913455845,-0.031833126322453054,0.015622932913455845
2019-08-06,0.009292338468276262,0.011023064781142688,0.00807215092310809,0.011732713558612606,0.00807215092310809
2019-08-07,0.004914719775028368,0.0006848815961930544,0.007853103181450605,-0.000962047037816105,0.007853103181450605
2019-08-08,0.009191721389653074,0.017072780985025494,0.003603558060155665,0.02036804804864789,0.003603558060155665
2019-08-09,-0.004141243781385954,-0.006218660377284535,-0.0026533733541570514,-0.007116984635843759,-0.0026533733541570514
2019-08-12,0.0057829603493906685,-0.0074251820914734475,0.015242967659997664,-0.013137054271823323,0.015242967659997664
2019-08-13,0.00199676551500542,0.011308721296835555,-0.004670629827410733,0.015331556199837726,-0.004670629827410733
2019-08-14,-0.0008326598346328762,-0.022357026910852708,0.014670466489077771,-0.03183891248205417,0.014670466489077771
2019-08-15,0.006048045147597751,0.0020796797987596483,0.008881331692991434,0.00038147205681038354,0.008881331692991434
2019-08-16,0.00046954269668253446,0.011253623014250369,-0.007204783568355522,0.015818195226758647,-0.007204783568355522
2019-08-19,-0.004300975473837972,0.007861700486223833,-0.012989042103434767,0.013075157785355618,-0.012989042103434767
2019-08-20,0.0033863336759220783,-0.00454991141423009,0.009062437617755714,-0.007965874207745194,0.009062437617755714
2019-08-21,-0.0005939004888941835,0.005453057753512824,-0.004915505001157228,0.008049308535631905,-0.004915505001157228
2019-08-22,-0.0034280147751779197,-0.0018033965591640277,-0.004592575570234958,-0.0010988931850638428,-0.004592575570234958
2019-08-23,0.0025046978543375267,-0.019093918463603123,0.018001605717372637,-0.028489117871732694,0.018001605717372637
2019-08-26,0.002292571502955735,0.008243656251385812,-0.0019517988683410703,0.010781312245549346,-0.0019517988683410703
2019-08-27,0.006434061983238,-0.002064150749176108,0.0124736394035605,-0.005645092857406997,0.0124736394035605
2019-08-28,0.0021736028753032155,0.006247975901238057,-0.0007519659777540655,0.008024740581417777,-0.0007519659777540655
2019-08-29,0.001082013091262768,0.010287650528411862,-0.005473338909247505,0.014192717092283313,-0.005473338909247505
2019-08-30,-0.0007317764587381944,-0.00017556455092017088,-0.0011435473479699532,9.17653197253232e-05,-0.0011435473479699532
2019-09-03,0.001988562825658883,-0.0058574944010068904,0.007591481268661715,-0.00921727406034678,0.007591481268661715
2019-09-04,0.006119072586303546,0.009263949048061803,0.0038786213276185144,0.010599975103673609,0.0038786213276185144
2019-09-05,-0.004396187024467757,0.00855093880284189,-0.021110275389224387,0.01590347978906026,-0.007981765473239144
2019-09-06,0.00013595693248021531,0.0002984672211895689,-0.0006967540350895085,0.0005523124162650772,0.0005523124162650772
2019-09-09,-0.0009083847510984455,0.0010723359306756054,-0.010759102057787517,0.00401697390224609,0.00401697390224609
2019-09-10,-0.002261126438003284,-0.0001044591664031147,-0.013054503476391921,0.0031355620811910345,0.0031355620811910345
2019-09-11,0.006754182118220727,0.007686841236996689,0.002142109285578009,0.009060218534542086,0.009060218534542086
2019-09-12,0.0004781136941846009,0.0009885782822561806,-0.002192990539508277,0.00181366581103104,0.00181366581103104
2019-09-13,-0.004418259264644823,-0.0023307171758413015,-0.014838950092208147,0.0007920861491368392,0.0007920861491368392
2019-09-16,0.00491148027985903,0.0037444336393537723,0.010543940339007962,0.002095250250284564,0.002095250250284564
2019-09-17,0.0011453666905835529,0.0006304806950304997,0.003703165262694652,-0.0001335325954719968,-0.0001335325954719968
2019-09-18,-0.0008332067450214087,-0.0008041970492387529,-0.001012120311525866,-0.0007437499617691801,-0.0007437499617691801
2019-09-19,0.000727181240701776,0.00015535581685757193,0.0035430787577768186,-0.0006807675178357453,-0.0006807675178357453
2019-09-20,0.0013243211207696337,-0.0009163784468727232,0.01249949611862089,-0.004263266378155994,-0.004263266378155994
2019-09-23,0.0008833610106284325,0.0005123490736407832,0.0026923968492039707,-2.1156908659336615e-05,-2.1156908659336615e-05
2019-09-24,-0.0042227807488660245,-0.006832984942652142,0.008671173015965206,-0.01066975763128164,-0.01066975763128164
2019-09-25,-0.001274403657343622,0.001790840647102976,-0.016604379084406595,0.006390584056187865,0.006390584056187865
2019-09-26,-0.0024473194250234087,-0.0035501539133176883,0.0030754845785727625,-0.005208721426821494,-0.005208721426821494
2019-09-27,-0.004028244726363465,-0.0045865428914866665,-0.0013315738450094816,-0.005376580167040457,-0.005376580167040457
2019-09-30,0.00028020900241036245,0.0016504103080633881,-0.006538840413316538,0.0036897337102738126,0.0036897337102738126
2019-10-01,-0.008247034831432817,-0.010815309925537697,0.004296775268723518,-0.014518939881510984,-0.014518939881510984
2019-10-02,-0.009252672043525386,-0.012464794852049866,0.007051093004358799,-0.01740455456746748,-0.01740455456746748
2019-10-03,0.007585855848621111,0.007725332801787643,0.0068215995878306845,0.007967983979016324,0.007967983979016324
2019-10-04,0.010271255361731532,0.011610197529969812,0.003690316983306907,0.013561724550943843,0.013561724550943843
2019-10-07,-0.005644278143948263,-0.00508906750909246,-0.008415576944113767,-0.004258628743865511,-0.004258628743865511
2019-10-08,-0.009204013916137491,-0.012144498580419483,0.005728060055111284,-0.01667005090176188,-0.01667005090176188
2019-10-09,0.005162267301275854,0.006675273681851568,-0.00236769781217816,0.008927249858002861,0.008927249858002861
2019-10-10,0.000997210785744033,0.003567875398661413,-0.011829948251374844,0.007410790304303472,0.007410790304303472
2019-10-11,0.005346797260712632,0.00821608038954732,-0.008965754444346219,0.012503073113242058,0.012503073113242058
2019-10-14,0.0013709581246629614,0.0005133828521977745,0.005630551909897141,-0.0007588387679541286,-0.0007588387679541286
2019-10-15,0.004368222375079907,0.007173730517717825,-0.009541154370922289,0.011322910748081005,0.011322910748081005
2019-10-16,-0.00119607676014503,-0.0021261313415308013,0.0034717899662048968,-0.003530010123319993,-0.003530010123319993
2019-10-17,0.0019527056903506275,0.002440366278289985,-0.0005026306342887921,0.0031803738526703373,0.0031803738526703373
2019-10-18,-0.0038663883411764,-0.004529169401578881,-0.0005327465235753781,-0.0055332092499769114,-0.0055332092499769114
2019-10-21,0.0036587601837395622,0.005627735249333965,-0.006143571952801685,0.008559926252010186,0.008559926252010186
2019-10-22,0.000409148383030411,-0.00039565765842329846,0.0043899645583087565,-0.0015812597046087618,-0.0015812597046087618
2019-10-23,0.002837058350373104,0.0030625363097945392,0.0016844253227876749,0.003413374864165819,0.003413374864165819
2019-10-24,0.001927380933095561,0.0017987112675193929,0.0025525104290841094,0.0016148161851012865,0.0016148161851012865
2019-10-25,0.0037271034693498275,0.004710437790263189,-0.001258049992311272,0.0062196802001803775,0.0062196802001803775
2019-10-28,0.0013039915178688632,0.0033445878883338167,-0.008856627549228668,0.006384301051417629,0.006384301051417629
2019-10-29,0.00023796952479230674,0.0004953604838657255,-0.0010555462032072471,0.0008847273887920837,0.0008847273887920837
2019-10-30,0.0032280755120387785,0.001862513504780261,0.010051635879548604,-0.00018370467171613392,-0.00018370467171613392
2019-10-31,0.0019609949556633754,1.103704376290704e-05,0.011728139815338157,-0.002922577474174015,-0.002922577474174015
2019-11-01,0.009382069637141019,0.009442925850930118,0.004059683826535876,0.012043262542443589,0.012043262542443589
2019-11-04,0.007895031742455427,0.004725084079199382,0.007895031742455427,0.007895031742455427,0.007895031742455427
2019-11-05,-0.000190968112229295,-0.0028984736439427337,-0.000190968112229295,-0.000190968112229295,-0.000190968112229295
2019-11-06,-0.002529289785399347,-0.0009864313953437454,-0.002529289785399347,-0.002529289785399347,-0.002529289785399347
2019-11-07,0.0062811572527134985,0.00166003401225574,0.0062811572527134985,0.0062811572527134985,0.0062811572527134985
2019-11-08,0.0022214749750305574,0.0007143272887097484,0.0022214749750305574,0.0022214749750305574,0.0022214749750305574
2019-11-11,-0.002071893148198889,-0.0018466192356876743,-0.002071893148198889,-0.002071893148198889,-0.002071893148198889
2019-11-12,0.001422359740883672,0.0018660260070012201,0.001422359740883672,0.001422359740883672,0.001422359740883672
2019-11-13,-0.0010278416171201066,0.00021675101192463185,-0.0010278416171201066,-0.0010278416171201066,-0.0010278416171201066
2019-11-14,-0.0006326388242866946,0.0013826956837463046,-0.0017299772017720372,-8.396963554402337e-05,-8.396963554402337e-05
2019-11-15,0.005020535981484812,0.006393831158892238,-0.0018038563161347776,0.008432732130294607,0.008432732130294607
2019-11-18,-6.80602678467442e-05,-0.0005570781105178723,0.0023910799936115446,-0.0012976303985758886,-0.0012976303985758886
2019-11-19,0.0012618112866149556,0.0006318040348621045,0.004418710116281588,-0.00031663812821836057,-0.00031663812821836057
2019-11-20,0.0001795664224629364,-0.0008652086657501057,0.00542024155930898,-0.0024407711459600856,-0.0024407711459600856
2019-11-21,-0.0017549763810859413,-0.0009292819384247641,-0.005868907375985666,0.000301989116363921,0.000301989116363921
2019-11-22,0.0012745004305521057,0.0015866685995635454,-0.00029373155552692154,0.0020586164235916193,0.0020586164235916193
2019-11-25,0.006455993991236346,0.00795320667834989,-0.000932020133792899,0.010150001053750968,0.010150001053750968
2019-11-26,-0.00022801558128042002,0.0007434931642939846,0.00011925707803295271,-0.0004016519109371064,-0.0004016519109371064
2019-11-27,0.004704404789432903,0.0029471701205462273,0.004704404789432903,0.004704404789432903,0.004704404789432903
2019-11-29,-0.004551089162839639,-0.0032302779579383213,-0.004551089162839639,-0.004551089162839639,-0.004551089162839639
2019-12-02,-0.004301414733026736,-0.00771443099622654,0.002899429865353409,-0.007901837032216807,-0.007901837032216807
2019-12-03,-0.0005209082028973336,-0.0036889152162389973,0.015246250442181086,-0.008404487525436544,-0.008404487525436544
2019-12-04,0.003230044420195514,0.005021056771474797,-0.005681226619551616,0.007685679940069079,0.007685679940069079
2019-12-05,8.607633905233225e-05,0.0005238900245222555,-0.0021371612884150126,0.0011976951527860047,0.0011976951527860047
2019-12-06,0.005216254805186504,0.007823316465168706,-0.0077291021772171176,0.011688933296388315,0.011688933296388315
2019-12-09,-0.0020686520728062283,-0.0026746723149497333,0.0009420529907229191,-0.003574004604570802,-0.003574004604570802
2019-12-10,0.0007331884932779698,0.0005853412826466898,0.0014597649117331635,0.0003699002840503729,0.0003699002840503729
2019-12-11,0.003490314983364051,0.002717392948801378,0.007367329741944095,0.0015518076040740292,0.0015518076040740292
2019-12-12,0.004219636552755997,0.007061931387354869,-0.00999014440396706,0.011324527031117526,0.011324527031117526
2019-12-13,0.002292963528756964,0.0011466429736292194,0.0080143565870201,-0.000567733000374604,-0.000567733000374604
2019-12-16,0.0038264211230311096,0.0055057003799832025,-0.004535843190598299,0.008007553279845814,0.008007553279845814
2019-12-17,0.0004122661589337125,0.0006510724084398789,-0.0007938862388388035,0.0010153423578199705,0.0010153423578199705
2019-12-18,-0.0011115995619185675,-0.0005218553006090199,-0.0040730685610539386,0.0003691349376491182,0.0003691349376491182
2019-12-19,0.003160067572622216,0.003374402678690924,0.0020962372192487866,0.0036919827493089308,0.0036919827493089308
2019-12-20,0.0034352393936850265,0.0038893589691544107,0.0011639836151793315,0.004570867282937874,0.004570867282937874
2019-12-23,0.002276397876455394,0.00256703116949718,0.0008101145723978798,0.003009539528484151,0.003009539528484151
2019-12-24,0.0022650707870768283,0.0014876230771630472,0.006146538196692974,0.00032433708226875524,0.00032433708226875524
2019-12-26,0.004194691435757421,0.004009103316226614,0.005130883259786501,0.0037265955237428816,0.0037265955237428816
2019-12-27,-0.0008413699626503105,-0.0010931344930224297,0.0003717998393075739,-0.0014479548636292527,-0.0014479548636292527
2019-12-30,-0.0034732825499574536,-0.00402694114098393,-0.0007490515300822009,-0.00483539805989508,-0.00483539805989508
2019-12-31,0.000508569781780784,0.0013901856063334717,-0.003953113096296534,0.002739411220819443,0.002739411220819443
2020-01-02,0.009878487674018777,0.009785483308654298,0.009878487674018777,0.009878487674018777,0.009878487674018777
2020-01-03,-0.00772048410440751,-0.0033499793475194385,-0.00772048410440751,-0.00772048410440751,-0.00772048410440751
2020-01-06,0.003763652027324871,0.0034442588424298147,0.003763652027324871,0.003763652027324871,0.003763652027324871
2020-01-07,-0.0027672566818167654,-0.0023109163477834094,-0.0027672566818167654,-0.0027672566818167654,-0.0027672566818167654
2020-01-08,0.003624715764297348,0.0014907235365121951,0.003624715764297348,0.003624715764297348,0.003624715764297348
2020-01-09,0.0066441148712999,0.005102559683147512,0.0066441148712999,0.0066441148712999,0.0066441148712999
2020-01-10,-0.00035625242005417795,-0.0013948025637401163,0.006128112512729156,-0.003598434886445845,-0.003598434886445845
2020-01-13,0.0019004002169928924,0.0033337352783355477,-0.005229303272204611,0.005465251961591644,0.005465251961591644
2020-01-14,0.0005875934939759316,0.00027257869629501166,0.002126782089374002,-0.00018200080372310357,-0.00018200080372310357
2020-01-15,0.002682280465708805,0.0020771281423062615,0.005970909462778673,0.0010379659671738706,0.0010379659671738706
2020-01-16,0.00858704902933316,0.006410174575701033,0.00858704902933316,0.00858704902933316,0.00858704902933316
2020-01-17,0.0012856477110932962,0.0003538003597446604,0.0012856477110932962,0.0012856477110932962,0.0012856477110932962
2020-01-21,-0.0051671180438682685,-0.002966659510625047,-0.0051671180438682685,-0.0051671180438682685,-0.0051671180438682685
2020-01-22,0.0010586067317441088,0.00040206506758624363,0.0031250073237800713,2.540643572612744e-05,2.540643572612744e-05
2020-01-23,0.0012169986486501767,0.0005272778712228754,0.004623795667073161,-0.0004863998605613151,-0.0004863998605613151
2020-01-24,-0.004423993415092697,-0.006723548331847651,0.006965591642107416,-0.010118785943692754,-0.010118785943692754
2020-01-27,-0.007760822597153938,-0.01156119606607473,0.011185880445777396,-0.017234174118619605,-0.017234174118619605
2020-01-28,0.003954896145630123,0.006445455293014402,-0.008387317222198098,0.010126002829544234,0.010126002829544234
2020-01-29,0.001115810271584472,-0.00020065814653437154,0.007594280966897404,-0.002123425076071994,-0.002123425076071994
2020-01-30,0.0028437152244096264,0.003336047628562677,0.00010474137091387448,0.004213202151157502,0.004213202151157502
2020-01-31,-0.005601093213494853,-0.016055240038875075,0.007453813000929399,-0.022004567463285163,-0.0022525251781287947
2020-02-03,-0.000129317142515147,0.00481123860993935,-0.003649919279613001,0.006911887131680561,-0.003649919279613001
2020-02-04,-0.003655768151772006,0.009804536892117955,-0.01325432073252053,0.015541337009725043,-0.01325432073252053
2020-02-05,0.0021537270260147956,0.012001654506232163,-0.004857368314776012,0.01617591770759641,-0.004857368314776012
2020-02-06,0.0037696617495257545,0.0021135652897407596,0.004945890493694094,0.0014172042611890756,0.004945890493694094
2020-02-07,0.002616781538468523,-0.00429470806408323,0.00755794594080994,-0.007265547266214312,0.00755794594080994
2020-02-10,0.00379393660208834,0.0053366183854047676,0.0026731717341457184,0.006035466337973583,0.0026731717341457184
2020-02-11,-0.0017335498958027291,0.0017662039686020092,-0.004243238979085517,0.0032858282707628472,-0.004243238979085517
2020-02-12,0.0004861705564888445,0.005283858950001663,-0.0029390132816617953,0.007336538232790124,-0.0029390132816617953
2020-02-13,0.0026171565165618027,-0.00040028563569285416,0.0047632728696067606,-0.001675076189528113,0.0047632728696067606
2020-02-14,0.002885802302127131,0.0009320580261173328,0.004279270936602186,9.886503317702022e-05,0.004279270936602186
2020-02-18,0.005135757955275988,-0.0014261756838084394,0.009821559281482317,-0.00423584469713667,0.009821559281482317
2020-02-19,0.0044465648684072585,0.006647818075813794,0.0028823625415261844,0.007574969522169406,0.0028823625415261844
2020-02-20,0.00249738315814881,-0.0023397802139268563,0.005954480681102048,-0.004416811887757666,0.005954480681102048
2020-02-21,0.004329603724179232,-0.006628254087271324,0.012173805186979525,-0.011358799201421355,0.012173805186979525
2020-02-24,-0.003988979088640006,-0.02645781687276356,0.0120679141363087,-0.03610276553853742,0.0120679141363087
2020-02-25,-0.015193476139249448,-0.027769748809281236,-0.006292431882089944,-0.032995564653568454,-0.006292431882089944
2020-02-26,-0.0022375052101101614,-0.004761675126614828,-0.0004603844253563416,-0.005791746779617801,-0.0004603844253563416
2020-02-27,-0.011424394909416788,-0.03486550916522074,0.0055703742074662,-0.04541393314318276,0.0055703742074662
2020-02-28,-0.007227350888970456,-0.008028183579523007,-0.007037342949110292,-0.007607366768690782,-0.007037342949110292
2020-03-02,0.014819371344988156,0.037044327863942274,-0.0008982099149491551,0.04625453386486278,-0.0008982099149491551
2020-03-03,0.0056002765545445365,-0.019405578486323495,0.023427728656961744,-0.030054627650289878,0.023427728656961744
2020-03-04,0.010026611497811885,0.030535359719310862,-0.004429284523599808,0.03893840354063527,-0.004429284523599808
2020-03-05,0.004149493855157911,-0.02233182212860537,0.023182943789565202,-0.03391740601365667,0.023182943789565202
2020-03-06,0.010114697421494992,-0.012745516002376178,0.02626273410400848,-0.022181375943531978,0.02626273410400848
2020-03-09,-0.021809807957091493,-0.07303562354227397,0.015191129324514163,-0.09581168252030281,0.015191129324514163
2020-03-10,-0.00782187962496376,0.032147149352679094,-0.036309065988464395,0.04915249310203751,-0.036309065988464395
2020-03-11,-0.030411435765440215,-0.04472517861893267,-0.019894803839354047,-0.051444699617612555,-0.019894803839354047
2020-03-12,-0.04517831007046206,-0.08373256330337121,-0.016532179981917694,-0.1024705702475508,-0.016532179981917694
2020-03-13,0.029729272987430628,0.06888842069135157,-0.026473431260434444,0.09120275503758268,0.024458495185143647
2020-03-16,-0.06339616485881698,-0.0946083901648416,0.026725585768770932,-0.12545577731889013,-0.09145830302633173
2020-03-17,0.01629212383316477,0.03687585650555708,-0.026541960427338918,0.05210774856352951,0.023310583363303716
2020-03-18,-0.056576746742795635,-0.06001448065085474,-0.03820343057892184,-0.06576340482473253,-0.06576340482473253
2020-03-19,0.012211544372808877,0.013808410164118911,0.004097917240265758,0.016268357939080436,0.016268357939080436
2020-03-20,-0.0062858755306350505,-0.01699217590402021,0.044777885306951815,-0.03181775594942848,-0.03181775594942848
2020-03-23,-0.00729416913713458,-0.017173343969737964,0.042741395098018,-0.03231195125471087,-0.03231195125471087
2020-03-24,0.07293404589617199,0.08634943584191938,0.015039502074286504,0.10188131780711474,0.10188131780711474
2020-03-25,0.008338598633414573,0.011665647625411635,-0.007985183232172677,0.0165004895662082,0.0165004895662082
2020-03-26,0.04320916777786943,0.050457977375958654,0.008882732366328305,0.06037238548363999,0.06037238548363999
2020-03-27,-0.0220792265338637,-0.02839261728423904,0.010070709899159258,-0.03815419475037518,-0.03815419475037518
2020-03-30,0.019297426703713854,0.023647454220184973,-0.0019049628068398272,0.029898621458990693,0.029898621458990693
2020-03-31,-0.014670561604942659,-0.012104533482464408,-0.0200413363820241,-0.01013391001524111,-0.013836438417562769
2020-04-01,-0.008809376802065838,-0.03733561172091297,0.011779398477099745,-0.049986927360397004,0.011779398477099745
2020-04-02,0.01764616904227852,0.02652016248317086,0.011368031109851406,0.030202444907132753,0.011368031109851406
2020-04-03,-0.0028542955901848335,-0.01204038436778524,0.0036571478526463697,-0.01587718247584724,0.0036571478526463697
2020-04-06,0.031071264565033507,0.057847586219825366,0.012519988304595109,0.0681738170859103,0.012519988304595109
2020-04-07,-0.004115226849814357,0.00018038332441789874,-0.0078644575969683,0.003383234644493527,-0.0078644575969683
2020-04-08,0.007540925227460082,0.02968524638283383,-0.008094116411549779,0.038811008505479805,-0.008094116411549779
2020-04-09,0.014619780558033812,0.015476538395230499,0.013957384011297425,0.01594457365150659,0.013957384011297425
2020-04-13,-0.0008408331067210432,-0.007692555088059261,0.0039894999496337125,-0.010501499219430555,0.0039894999496337125
2020-04-14,0.010539474152706804,0.020014966163764768,0.0038126792798236497,0.02399306389847311,0.0038126792798236497
2020-04-15,-0.0016520046285639263,-0.01885448307127352,0.010656319230393008,-0.026268652346477794,0.010656319230393008
2020-04-16,0.0030797404466640366,8.409136254066141e-05,0.005238137357108874,-0.0012370533742256384,0.005238137357108874
2020-04-17,0.0016354558067402565,0.02714319012169949,-0.016437535235463985,0.03778143789114874,-0.016437535235463985
2020-04-20,-0.0006220048068478571,-0.012257222916186694,0.007580716967357848,-0.017027448355259267,0.007580716967357848
2020-04-21,-0.008106267718637391,-0.023471543008945606,0.002919371242462665,-0.030157545640837502,0.002919371242462665
2020-04-22,0.01080485789519899,0.01933977461390657,0.004699241596701431,0.023016090492194108,0.004699241596701431
2020-04-23,0.006567384571774267,0.00508707768732154,0.007624251783489244,0.0044536501483443125,0.007624251783489244
2020-04-24,0.003945823720099846,0.010813518926479826,-0.0009614033713126746,0.013760277902924889,-0.0009614033713126746
2020-04-27,-0.002037610504463642,0.012864314620225104,-0.012649799962338948,0.01918676841128697,-0.012649799962338948
2020-04-28,0.0020167250227591436,-0.0002710740365173825,0.0035188468959452823,-0.0009875187236131344,0.0035188468959452823
2020-04-29,0.011857913681340962,0.028419708855273028,0.00018369726094424887,0.03520634652213439,0.00018369726094424887
2020-04-30,-0.014841388209208994,-0.014706282903508039,-0.014916815368978042,-0.014690533889670898,-0.014916815368978042
2020-05-01,-0.0057334041619139615,-0.023914127941323284,0.007377517205365169,-0.03195524689647222,0.007377517205365169
2020-05-04,0.0020582941510757604,0.005640717053591493,-0.0006008862773423385,0.007376655007911959,-0.0006008862773423385
2020-05-05,0.0021550576551743195,0.006499999761229036,-0.001071318731206583,0.008607810427936124,-0.001071318731206583
2020-05-06,-0.01237842077419408,-0.009491672762238324,-0.014491591194928155,-0.00815207993272593,-0.014491591194928155
2020-05-07,0.01532861595573746,0.014368619646418779,0.016014814553581447,0.013956218760049488,0.016014814553581447
2020-05-08,0.0009294814648107182,0.015648821914472855,-0.009515496311667149,0.021819437017766452,-0.009515496311667149
2020-05-11,-0.005218148524694044,-0.0027211291616187515,-0.007023275194304901,-0.00160789518547233,-0.007023275194304901
2020-05-12,-0.002527718343266039,-0.016063573023418355,0.007073587169851514,-0.021730329369501145,0.007073587169851514
2020-05-13,-0.0023626521904616484,-0.01722347665675078,0.00830125683924976,-0.023690470249884465,0.00830125683924976
2020-05-14,0.010652667861277573,0.012265084304521334,0.009322214983701338,0.013313573616430041,0.009322214983701338
2020-05-15,0.002436889992303922,0.003571802297829274,0.0015527748139200215,0.004205120349071723,0.0015527748139200215
2020-05-18,0.0031157913290542627,0.028416924197390427,-0.014783404200866768,0.03891418238889632,-0.014783404200866768
2020-05-19,-0.0003647310263017826,-0.01023230341843262,0.006695661335847758,-0.014485515750600864,0.006695661335847758
2020-05-20,0.008717099380115112,0.017235181167473135,0.0026885334011306217,0.020774231338084093,0.0026885334011306217
2020-05-21,-0.006508445157663356,-0.007149149328082594,-0.006050985644150519,-0.00742336418468903,-0.006050985644150519
2020-05-22,0.0033417329084903433,0.001747257072568753,0.005963267963116969,0.0006955089872801024,0.003366421775073958
2020-05-26,0.006925976136675782,0.010973397842898214,-0.013828957936148578,0.017303443173087962,0.017303443173087962
2020-05-27,0.01212954579053301,0.014574098516746736,9.484811905546842e-06,0.018189576279846742,0.018189576279846742
2020-05-28,-0.0054087360576611605,-0.006539313500375898,-0.00015635219005416534,-0.008034927991464658,-0.008034927991464658
2020-05-29,0.004234879195777068,0.0036314796113492533,0.0072446086867759,0.0027300144502776513,0.0027300144502776513
2020-06-01,0.0012998956800879629,0.0037211922038686953,-0.0010624128278190481,0.004921221440152834,4.087842793010221e-05
2020-06-02,0.00014070317098828036,0.007434615329217575,-0.005053566118141561,0.010529241749247964,-0.005053566118141561
2020-06-03,-0.0016689032210107275,0.010328856846818136,-0.01589867168604897,0.016789723904391596,-0.005897761881374808
2020-06-04,-0.0010383400652957953,-0.0008529016194951278,-0.0019888046571978624,-0.0005631077693447617,-0.0005631077693447617
2020-06-05,0.017851735587671058,0.024178130587987023,-0.01367660585624142,0.0336159063096273,0.0336159063096273
2020-06-08,0.013472831068018406,0.014735691715214938,0.00734300458082604,0.01653774431161459,0.01653774431161459
2020-06-09,-0.00431588207021516,-0.0072751832282980655,0.010511448673963253,-0.011729547442304367,-0.011729547442304367
2020-06-10,-0.003776199913430626,-0.007378871106198015,0.014552040730788196,-0.012940320235540037,-0.012940320235540037
2020-06-11,-0.043741839022382344,-0.05288784642533306,0.005826808200531275,-0.06852616263383915,-0.06852616263383915
2020-06-12,0.010331755356602653,0.012931535567752384,-0.0041059786775611284,0.017550622373684543,0.017550622373684543
2020-06-15,0.00705567387642958,0.007843736459592332,-0.0005557921408816391,0.01086140688508519,0.01086140688508519
2020-06-16,0.011940846798962087,0.01562917487066571,-0.007897191397587044,0.021859865897236652,0.021859865897236652
2020-06-17,-0.00540132243003888,-0.007094574449372037,0.0030195092829479186,-0.009611738286532279,-0.009611738286532279
2020-06-18,0.00259970450675188,0.0022144841316423802,0.004306577553665147,0.0017462679832952466,0.0017462679832952466
2020-06-19,-0.0009095113639176292,-0.0025557443365312625,0.005926956105203107,-0.0043277450984779975,-0.0043277450984779975
2020-06-22,0.005192570467302445,0.0055551205784506895,0.003298451872048691,0.006139629764929322,0.006139629764929322
2020-06-23,0.0035594648012086485,0.0040626427416747156,0.0007864855861885456,0.0049459544087187,0.0049459544087187
2020-06-24,-0.01927541793452799,-0.023700998256816607,0.003616959149417176,-0.030721606476500574,-0.030721606476500574
2020-06-25,0.009981478130445143,0.01169686351385132,0.0011481008455486164,0.014398166772893406,0.014398166772893406
2020-06-26,-0.015132597449558268,-0.01958413785565468,0.007590256124082151,-0.026494024236378477,-0.026494024236378477
2020-06-29,0.009937178164762731,0.012223943861919473,-0.0013034420923239143,0.015557488293306054,0.015557488293306054
2020-06-30,0.010474300733106437,0.012565929573663804,-0.00019855388350142888,0.01581072804141037,0.01581072804141037
2020-07-01,-0.0024392898048657776,-0.00230430899296562,-0.00320752843399974,-0.0020551704902987966,-0.0020551704902987966
2020-07-02,0.004499961775387214,0.004967264199884381,0.0016093763391458182,0.005945254493507912,0.005945254493507912
2020-07-06,0.009898823903978227,0.01165889431692756,0.0009519188603842599,0.01437227642577521,0.01437227642577521
2020-07-07,-0.006759390842459689,-0.010101065285013689,0.010183167218461575,-0.015230669872920322,-0.015230669872920322
2020-07-08,0.005431271354559526,0.006303463783044827,0.00111246425187983,0.007590674905899375,0.007590674905899375
2020-07-09,-0.006610722882083124,-0.009241654248296437,0.00660888900366563,-0.0132205288249575,-0.0132205288249575
2020-07-10,0.007980857085306456,0.010312068185164036,-0.0037953030697184253,0.013868937162818895,0.013868937162818895
2020-07-13,-0.0039094269415303655,-0.005265512986970655,0.0022924739211023226,-0.00701037737284671,-0.00701037737284671
2020-07-14,0.01186653177424953,0.01355014827296137,0.003063127475267491,0.01626823392374055,0.01626823392374055
2020-07-15,0.00907534504576546,0.011263200994030664,-0.0018849857805385284,0.014555510458917453,0.014555510458917453
2020-07-16,-0.004100080912296559,-0.004461911377147343,-0.002353584037370071,-0.004973329349759803,-0.004973329349759803
2020-07-17,0.0011426291789198666,0.0007524982166127847,0.00307033835044479,0.00017877459315740474,0.00017877459315740474
2020-07-20,0.004252082605065747,0.004388060848118935,0.003640623407239252,0.004557812203978995,0.004557812203978995
2020-07-21,0.008815535370302182,0.009366941610205858,0.006318334036740536,0.010064136037083005,0.010064136037083005
2020-07-22,0.004747286173502359,0.00387749068471569,0.009085964005497882,0.002577947257504598,0.002577947257504598
2020-07-23,-0.0033239929882572885,-0.006022223143695294,0.010240366856546723,-0.010106172910659295,-0.010106172910659295
2020-07-24,-0.0043440579599303515,-0.006077576172952537,0.004271438140629136,-0.008651806010210095,-0.008651806010210095
2020-07-27,0.007362398171230744,0.007246540237325694,0.008017360059605627,0.0070349172270433025,0.0070349172270433025
2020-07-28,-0.0032179165205831564,-0.00537303945016947,0.007629548873943959,-0.008641649217846714,-0.008641649217846714
2020-07-29,0.010649495555211552,0.01222012832597511,0.00290116360171655,0.014523661531959053,0.014523661531959053
2020-07-30,-0.005892869638244165,-0.007004589227037139,-0.0004022615285881326,-0.008638173693072182,-0.008638173693072182
2020-07-31,0.00435180729659775,0.004378491960000242,0.0042242615960695895,0.0044155801468618305,0.0044155801468618305
2020-08-03,0.006597557164706225,0.008329021473790332,-0.0019397302550842044,0.01086620087460144,0.01086620087460144
2020-08-04,0.008406273568536996,0.0069941554542160885,0.015400276068078034,0.004909272318766478,0.004909272318766478
2020-08-05,0.006303181901168149,0.007509615575557504,0.0002744083642429729,0.009317568669630738,0.009317568669630738
2020-08-06,0.005380688489147782,0.004566595402332729,0.009431735649924278,0.0033551649087595337,0.0033551649087595337
2020-08-07,-0.0021869056761876227,-0.00038372069044033673,-0.011287399133623532,0.0023633410525303322,0.0023633410525303322
2020-08-10,0.003154118316927468,0.004595386094704057,-0.003960396172930869,0.006711375561856636,0.006711375561856636
2020-08-11,-0.015299397330637713,-0.011806301991338919,-0.03296193456849339,-0.006468128711709875,-0.006468128711709875
2020-08-12,0.006085813655204812,0.008638503791439111,-0.006812107345354423,0.01253477415548443,0.01253477415548443
2020-08-13,-0.00040301147166558565,-0.0017554346616919236,0.006427413698488871,-0.003818224056742814,-0.003818224056742814
2020-08-14,-0.00048289839423594955,0.00022031598109117922,-0.0041072035821742015,0.0013292541997331764,0.0013292541997331764
2020-08-17,0.004605559921644205,0.0031243721599971686,0.012077202400065268,0.0008697386824336739,0.0008697386824336739
2020-08-18,0.001353471475817436,6.16607543594272e-06,0.008096074805062692,-0.002017830188805192,-0.002017830188805192
2020-08-19,-0.008803421004252576,-0.006776309511005318,-0.01893342422568589,-0.003738419393535919,-0.003738419393535919
2020-08-20,0.002152423693818554,0.0009628338584567353,0.007997742157999088,-0.000770235538271713,-0.000770235538271713
2020-08-21,0.000972166826173293,0.001371917960591007,-0.0010128841902854457,0.0019646923344026623,0.0019646923344026623
2020-08-24,0.0067967280682091165,0.008889762155150771,-0.0036284207294016158,0.012009302467014482,0.012009302467014482
2020-08-25,-0.00013460297672881114,0.000461473623440678,-0.003214572843163066,0.0014053819564883163,0.0014053819564883163
2020-08-26,0.003086335510161279,0.002915443037480825,0.004014153724398506,0.002622426403042666,0.002622426403042666
2020-08-27,-0.0018408616209822926,0.0006166886667648086,-0.01421672616321723,0.004347070650135176,0.004347070650135176
2020-08-28,0.007653647485557598,0.007530342588130412,0.008313217286273433,0.007323862585199681,0.007323862585199681
2020-08-31,-0.002055294098759708,-0.0033693696476259083,0.004510573655442718,-0.005338227975860921,-0.005338227975860921
2020-09-01,0.006524025896562424,0.0065623447577143005,0.006349550412240612,0.00661126363872333,0.00661126363872333
2020-09-02,0.006540530418970773,0.008214386817210229,-0.0018101896156655917,0.010715890436288955,0.010715890436288955
2020-09-03,-0.021687738031754722,-0.025383954589207103,-0.0026348876362337625,-0.0312141632295152,-0.0312141632295152
2020-09-04,-0.006841083911681478,-0.006628738477794449,-0.008135845727593294,-0.00619370300372557,-0.00619370300372557
2020-09-08,-0.019475756501948476,-0.023673918884128942,0.0021479922260294604,-0.030287630865937443,-0.030287630865937443
2020-09-09,0.01343171008359656,0.01546973270164943,0.0035067568561015783,0.01839418669734405,0.01839418669734405
2020-09-10,-0.01236754625522211,-0.015157383656367785,0.000958414003021435,-0.019030526384343882,-0.019030526384343882
2020-09-11,1.8550499654823582e-05,-0.00021601924340033384,0.001041903985101289,-0.0004931262430684091,-0.0004931262430684091
2020-09-14,0.011780347042508965,0.013392972603042596,0.0039144958166169586,0.01571327265545497,0.01571327265545497
2020-09-15,0.00019129070298791925,0.0006803296030446715,-0.0024086426661812377,0.0014912573875724977,0.0014912573875724977
2020-09-16,0.0020967746143301103,0.002532112650090901,-5.6473152695302176e-05,0.0031733984978428165,0.0031733984978428165
2020-09-17,-0.005088236038812329,-0.005986102134509219,-0.0011909992995293717,-0.007036854408453808,-0.007036854408453808
2020-09-18,-0.0059009643309532915,-0.006917029291436161,-0.0008979801101721696,-0.008402456441343853,-0.008402456441343853
2020-09-21,-0.013363928089522026,-0.014550963656578675,-0.0075086093852624325,-0.016291587441651822,-0.016291587441651822
2020-09-22,0.00031623709051886717,0.003089871841984293,-0.0028175443793426735,-0.0007801602871593261,0.004546415938058601
2020-09-23,-0.015579757280541099,-0.02319496481855471,-0.01016290070095105,-0.01016290070095105,-0.0264134704397212
2020-09-24,0.0030182905324534306,0.0019236165968855245,0.003777850084424106,0.003777850084424106,0.0014991714285120805
2020-09-25,0.0040174325284271966,0.011587665002143777,-0.0014205274926314404,-0.0014205274926314404,0.014893352570544471
2020-09-28,0.008756755601527407,0.016023279616094288,0.003600293843045499,0.003600293843045499,0.019069679118491223
2020-09-29,0.0005031263651643636,-0.00548660585198395,0.004789202332516895,0.004789202332516895,-0.0080690255695407
2020-09-30,-0.002557134524721801,0.0047926787131366,-0.00780286650111639,-0.00780286650111639,0.007934329428067377
2020-10-01,0.00429644396007219,0.002919464994030019,0.0052897557647095805,0.0052897557647095805,0.002309820350797409
2020-10-02,-0.003768008918076863,-0.005962985550529543,-0.0023128648961465714,-0.0023128648961465714,-0.006678296961937447
2020-10-05,0.002255725964175707,0.01579717415338868,-0.007358354093887742,-0.007358354093887742,0.021483886080302605
2020-10-06,-0.006341639908606404,-0.01085485813262107,-0.003166427685877715,-0.003166427685877715,-0.012692064354063781
2020-10-07,0.0033678337756843924,0.013562304355237687,-0.0038742625845090695,-0.0038742625845090695,0.017852026496071316
2020-10-08,0.006793431514679223,0.010054384070589385,0.004478888381053814,0.004478888381053814,0.011422517781930042
2020-10-09,0.007849826009283448,0.006267765769123445,0.008973494924488512,0.008973494924488512,0.005602488178873322
2020-10-12,0.004683175314731243,0.011063735835459377,0.00015631370039637105,0.00015631370039637105,0.013736898543400988
2020-10-13,-0.005697597482192636,-0.00765098334900356,-0.004300484348453537,-0.004300484348453537,-0.008491823749670835
2020-10-14,-0.00013651004627054006,-0.004119702836817019,0.0027008956330798473,0.0027008956330798473,-0.005811321404971315
2020-10-15,0.0011283744106111993,0.0011998928146479515,0.0009755662617525473,0.0009755662617525473,0.001433990708328503
2020-10-16,-0.0028979165099500825,-0.002593623404286849,-0.0031212520841216174,-0.0031212520841216174,-0.002451245361607013
2020-10-19,-0.006387150660761638,-0.013110975156741433,-0.0016261703026020369,-0.0016261703026020369,-0.015909111377080842
2020-10-20,-5.499487291982241e-05,0.0031641410484647193,-0.0023537816756655783,-0.0023537816756655783,0.004542578732571689
2020-10-21,-0.0005408069087440293,-0.004143143696823237,0.0020372659352433375,0.0020372659352433375,-0.005696952596718763
2020-10-22,-0.002566640319910607,0.007999314111248356,-0.010104674650002088,-0.010104674650002088,0.012509428340272355
2020-10-23,0.002146280239645989,0.0016014059839892015,0.002528927627896582,0.002528927627896582,0.0013809854631448015
2020-10-26,-0.00413374167119666,-0.01599080817084686,0.0043966597767471916,0.0043966597767471916,-0.02119454456708436
2020-10-27,0.0012054034860215686,-0.003637506561646864,0.004668058664788477,0.004668058664788477,-0.005719906871512248
2020-10-28,-0.01678020846981665,-0.029416558047701057,-0.0076054045865618924,-0.0076054045865618924,-0.03512981623632616
2020-10-29,-0.0008221737204281802,0.007670081867013723,-0.006922301412176091,-0.006922301412176091,0.01137808166306764
2020-10-30,-0.0046259127177965915,-0.007393561834478768,-0.002639805102315429,-0.002639805102315429,-0.008598127948758916
2020-11-02,0.01098603627819846,0.013759143058650425,0.009351948141657518,0.00859435886778881,0.015011801825149051
2020-11-03,0.010985479636375825,0.01321559872997603,0.016509914074969934,-6.338924081239483e-05,0.016509914074969934
2020-11-04,0.016395087429373196,0.017626912953433337,0.019298282797801214,0.010588696692517163,0.019298282797801214
2020-11-05,0.016613675943501383,0.017517326234342857,0.01875546595101607,0.012330095928472007,0.01875546595101607
2020-11-06,-0.0047194194595890915,-0.004607702213894838,-0.004411904847358317,-0.005334448684050641,-0.004411904847358317
2020-11-09,0.01324541378144232,0.02201228168904502,0.03622309092780984,-0.03270994051129272,0.03622309092780984
2020-11-10,0.0021055157555311954,0.0028098890581165215,0.003763346635399567,-0.0012101460042055479,0.003763346635399567
2020-11-11,0.0029075626811968145,0.003547475389267607,0.004539503254059385,-0.00035631846452832683,0.004539503254059385
2020-11-12,-0.004659571385794277,-0.00785762266634631,-0.012750418685546716,0.0115221232137106,-0.012750418685546716
2020-11-13,0.011836289613383197,0.01369896984767055,0.016377645923193906,0.002753576993761775,0.016377645923193906
2020-11-16,0.012555127144380599,0.015397098135378994,0.019447347110148283,-0.0012293127871547682,0.019447347110148283
2020-11-17,-0.0005418361991131141,-0.0009865863422610643,-0.001527601854457994,0.0014296951115766454,-0.001527601854457994
2020-11-18,-0.009860773850335014,-0.01159396329541601,-0.014084423424529646,-0.0014134747019457494,-0.014084423424529646
2020-11-19,0.0046209919141579165,0.005190127948960543,0.0061105713336944145,0.0016418330750849197,0.0061105713336944145
2020-11-20,-0.0018961168093708884,-0.003463331593854668,-0.0058176514982618555,0.005946952568411046,-0.0058176514982618555
2020-11-23,0.006111875305409835,0.00985355257812467,0.015243793083923651,-0.0121519602516178,0.015243793083923651
2020-11-24,0.009669648847320503,0.01422977222326528,0.020824046291711307,-0.012639146041461102,0.020824046291711307
2020-11-25,-0.0033306932392530575,-0.003633781620564769,-0.0041095431329042365,-0.0017729934519506996,-0.0041095431329042365
2020-11-27,0.0013957295745344138,0.0017193217779834847,0.002196725086561324,-0.00020626144951940706,0.002196725086561324
2020-11-30,-0.009356778816470679,-0.010378921039089462,-0.01205436527847048,-0.003961605892471076,-0.01205436527847048
2020-12-01,0.00779676656943921,0.008671381763392227,0.010128915808567118,0.0031324680911833935,0.010128915808567118
2020-12-02,0.004639893532739266,0.005591821113335627,0.007067023090250313,-0.0002143655822828272,0.007067023090250313
2020-12-03,0.004206721542338625,0.0034596114489150232,0.0023285362161692413,0.00796309219467739,0.0023285362161692413
2020-12-04,0.008005156541887715,0.011432655676489812,0.016387635436488912,-0.00875980124731468,0.016387635436488912
2020-12-07,0.0011483299028027065,-0.0009984233695257139,-0.004257372940246529,0.011959735588901177,-0.004257372940246529
2020-12-08,0.005431234771375711,0.005638829197371298,0.00609241082593337,0.0041088826622603936,0.00609241082593337
2020-12-09,-0.008893112382992322,-0.008648170635152918,-0.008231901426446808,-0.01021553429608335,-0.008231901426446808
2020-12-10,0.004886185283709617,0.00513917449475595,0.005592494067850451,0.00347356771542795,0.005592494067850451
2020-12-11,-0.001982193980996897,-0.0029244224904754644,-0.004322449867918632,0.002698317792846572,-0.004322449867918632
2020-12-14,-0.005656931658467738,-0.006092849317250293,-0.00642018090159624,-0.004130433172210735,-0.00642018090159624
2020-12-15,0.01216969078957005,0.013585181026732618,0.015597713871755126,0.005313644625199898,0.015597713871755126
2020-12-16,0.0006937234427997577,0.0005417963403005377,0.00032180656587532663,0.00143755719664862,0.00032180656587532663
2020-12-17,0.005089359966802635,0.005307074388186639,0.005655662548210483,0.003956754803986939,0.005655662548210483
2020-12-18,-0.004387056819214252,-0.004797663954105169,-0.005408064267765633,-0.0023450419221114904,-0.005408064267765633
2020-12-21,-0.0014195168246338892,-0.001918645100450589,-0.0023282736129955905,0.00039799675208951335,-0.0023282736129955905
2020-12-22,-0.0017419237112682822,-0.0018108253709594679,-0.0019288489284141619,-0.0013680732769765225,-0.0019288489284141619
2020-12-23,0.003293606449272568,0.003994108675368613,0.005006866011783684,-0.00013291267574966348,0.005006866011783684
2020-12-24,0.002639508143677416,0.0023722900781267485,0.001973652118271052,0.003971220194490144,0.001973652118271052
2020-12-28,0.0023118094241943257,0.0030687210615306104,0.004253622785205247,-0.0015718172978275158,0.004253622785205247
2020-12-29,-0.0022657218412211653,-0.0029829670806689633,-0.003995091085116642,0.001193016646569789,-0.003995091085116642
2020-12-30,0.004411379992605251,0.004311476962422889,0.0041617564528368955,0.00491062707214196,0.0041617564528368955
2020-12-31,0.0031279862424894076,0.003235650455000205,0.003398878876930689,0.0025862009736068448,0.003398878876930689
2021-01-04,-0.0035058586513755374,-0.006369584319367516,-0.010521867218625691,0.01052615848312477,-0.010521867218625691
2021-01-05,0.007456209292988218,0.00941504365961604,0.012302240155627864,-0.0022358524322910744,0.012302240155627864
2021-01-06,0.003694423941807745,0.008179629421194568,0.014750917270439978,-0.01841856271545672,0.014750917270439978
2021-01-07,0.009217589056411199,0.012219559218424525,0.016613597913777145,-0.005574428658320696,0.016613597913777145
2021-01-08,-0.0039555150092289715,-0.000989801318907868,0.0034629881007527397,-0.018792521229192394,0.0034629881007527397
2021-01-11,-0.0013078663007511555,-0.0013114158113256336,-0.0010630011108884174,-0.001797596680476632,-0.0010630011108884174
2021-01-12,0.004918922939117072,0.005368496969433423,0.005958819352550493,0.002839130112250232,0.005958819352550493
2021-01-13,0.0013751474660494238,0.000954979916129084,0.00032845682881321725,0.003468528740521837,0.00032845682881321725
2021-01-14,0.0009577861950797276,0.002153141673056913,0.003908908711402148,-0.004944458837565113,0.003908908711402148
2021-01-15,-0.009649171463965267,-0.010696774147914912,-0.012362736592269385,-0.00422204120735703,-0.012362736592269385
2021-01-19,0.008806184215478,0.009410244084423614,0.010282667422178093,0.005853217802077815,0.010282667422178093
2021-01-20,0.009044061721233584,0.009151774979974492,0.009255855615222242,0.008620473933256267,0.009255855615222242
2021-01-21,-0.0042676819958826035,-0.004339812310870772,-0.004489920818449011,-0.003823204350749787,-0.004489920818449011
2021-01-22,-0.0023940513294862984,-0.002471974983515257,-0.0024418080256741748,-0.002298537937110545,-0.0024418080256741748
2021-01-25,0.0027499990524180173,0.002028203458453781,0.0009642803912867093,0.0063214363746806335,0.0009642803912867093
2021-01-26,-0.004047127523661875,-0.004461958727326054,-0.00498200020905637,-0.0021773821528728865,-0.00498200020905637
2021-01-27,-0.0159148241336875,-0.018643904203027827,-0.022923829778547233,-0.001896812843968032,-0.022923829778547233
2021-01-28,0.005032008518590277,0.006500751749801315,0.008687336934877554,-0.0022786483139842773,0.008687336934877554
2021-01-29,-0.014581040313364194,-0.01682403648343389,-0.02029135833586071,-0.003160404268371164,-0.02029135833586071
2021-02-01,0.01195526946898795,0.013323968164547595,0.015288595657326765,0.0052886170923103215,0.015288595657326765
2021-02-02,0.006232926607847615,0.009344536169179175,0.014003948594190518,-0.009309117364838193,0.014003948594190518
2021-02-03,0.0015203716384279975,0.002872728647692968,0.004878417642411703,-0.005195720369539414,0.004878417642411703
2021-02-04,0.004945615601972819,0.008381354109501572,0.013470937934434213,-0.012105029062949968,0.013470937934434213
2021-02-05,0.0032542811704871313,0.0033948057015930067,0.004944615639761896,0.0007408908464171526,0.004077337025282346
2021-02-08,0.009530755074349676,0.012793744188403244,0.0072381745070861925,0.0072381745070861925,0.014115916208876644
2021-02-09,0.002366003651258423,-0.00020498160104022168,0.005844033063619802,0.0020092726910698744,-0.0007552948009144078
2021-02-10,0.002737998797532152,0.002237364970820832,0.0015276351241493291,0.005158726144297798,0.0015276351241493291
2021-02-11,-0.003944297883158236,-0.0013354325345629526,-0.00485066711407367,-0.007080832711095386,9.860617569434904e-05
2021-02-12,5.402539615373403e-05,0.003668644870099069,0.0013491033562404997,-0.0077336413023637585,0.006546614134584461
2021-02-16,-0.002272217503170119,-0.0008663157407786337,0.0053514665615918,-0.014795646877255764,0.0026275278061536067
2021-02-17,-0.0014395981591858915,4.500668373643713e-05,-0.002505957682841342,-0.002505957682841342,0.0006931208881250095
2021-02-18,-0.004861441878968272,-0.0071156727223481205,-0.004164936319888013,-0.0020416228925952407,-0.008377766424421562
2021-02-19,0.0009382558400991003,0.0020499231325105784,0.0036990517519887023,-0.0045833359836801035,0.0036990517519887023
2021-02-22,-0.0004454554538012208,-0.0012321336050377552,-0.0025006041391181233,0.003664841916832584,-0.0025006041391181233
2021-02-23,-0.0001419065794657041,0.00030216804032304754,0.0010821896755696114,-0.002590099089536335,0.0010821896755696114
2021-02-24,0.009908801760609154,0.012584098486278894,0.016649103531979126,-0.00357180178213079,0.016649103531979126
2021-02-25,-0.02218593575786017,-0.023089074262317842,-0.024473934818253884,-0.017609937637072748,-0.024473934818253884
2021-02-26,-0.0037901065927658704,-0.005405675661197318,-0.007858561462789404,0.004346803147281197,-0.007858561462789404
2021-03-01,0.015112056695053258,0.019725918772678763,0.026388312603267128,-0.0074404551213744785,0.026388312603267128
2021-03-02,-0.005351236012131055,-0.006982494980322285,-0.009408564585612678,0.002763421134832189,-0.009408564585612678
2021-03-03,-0.009683296205492761,-0.009410882706674617,-0.0090598330023971,-0.010930222611684082,-0.0090598330023971
2021-03-04,-0.010290645700642828,-0.010690073745286166,-0.011364815793874272,-0.008142305514179937,-0.011364815793874272
2021-03-05,0.014405951441611128,0.017090430492911902,0.02096096165059369,0.001295931023646002,0.02096096165059369
2021-03-08,-0.005613727294538573,-0.0049184370247535745,-0.0038812615864279865,-0.009078658710759746,-0.0038812615864279865
2021-03-09,0.013223754668381474,0.012426535739763867,0.01105927007528884,0.017552723854566743,0.01105927007528884
2021-03-10,0.007828071124097965,0.008667714974456831,0.00996735947515981,0.0035494944219742752,0.00996735947515981
2021-03-11,0.005817753578804615,0.007820553281003062,0.01074730462825113,-0.004041348520088417,0.01074730462825113
2021-03-12,-0.002252972301797551,-0.0005877750293308837,0.0019594409778900257,-0.010677798861172705,0.0019594409778900257
2021-03-15,0.003881884359434743,0.0036305049775520624,0.0032543835503182628,0.0051368859776677045,0.0032543835503182628
2021-03-16,-0.004551102997083094,-0.005131786186667153,-0.006053917829929922,-0.0015454733313894353,-0.006053917829929922
2021-03-17,0.0025720241377392705,0.003088324806470366,0.003940968587461735,-0.00016586476170565856,0.003940968587461735
2021-03-18,-0.015158247529442429,-0.0165360666383239,-0.018777401832514196,-0.007919938923298897,-0.018777401832514196
2021-03-19,0.0009201922101958656,6.761913710874312e-05,-0.0012141642456745538,0.005188905121936704,-0.0012141642456745538
2021-03-22,0.004014837403792011,0.003860238111113057,0.0035886784814450623,0.00486715524848591,0.0035886784814450623
2021-03-23,-0.008324014603482902,-0.010143378641270129,-0.012914053837591033,0.0008560638647333585,-0.012914053837591033
2021-03-24,-0.000945836371183173,-0.0020732531607127068,-0.003632445324533662,0.004427381535517805,-0.003632445324533662
2021-03-25,0.0029970029484812275,0.004667254914138319,0.007369780105204615,-0.005748551364965548,0.007369780105204615
2021-03-26,0.012172076007450183,0.014701714266112397,0.018420912248709564,-0.00032559647506857914,0.018420912248709564
2021-03-29,-0.007309194242335522,-0.0067274229151375485,-0.005864908124673218,-0.01019776647766013,-0.005864908124673218
2021-03-30,-0.003099699742403317,-0.0025305440179127503,-0.0016834136740465633,-0.005932271879116824,-0.0016834136740465633
2021-03-31,0.004439088462194245,0.004387446840245968,0.004265365018507716,0.0047865353495673,0.004265365018507716
2021-04-01,0.013115349136763857,0.01285098202649072,0.012378321666531411,0.014589404077228751,0.012378321666531411
2021-04-05,0.004425995457862745,0.005800170486223855,0.007819291016150753,-0.0023605956587132715,0.007819291016150753
2021-04-06,0.0008493827595827952,-0.0004640914672678131,-0.0024284340813351957,0.007405016441418777,-0.0024284340813351957
2021-04-07,-0.0028085078164068467,-0.0010896636554783789,-0.0033914766267583163,-0.004894638240210192,-0.0001394085822520319
2021-04-08,0.006543892181536355,0.004819281973097889,0.006500166248003758,0.009494790865992142,0.0036367194306131667
2021-04-09,0.00022322573105389618,0.0033046438662413745,0.0007083028684089498,-0.005571336544781924,0.005532710869534663
2021-04-12,-0.0027110571924623406,-0.0019664394277864373,-0.003252139941722021,-0.003252139941722021,-0.0016288916939429798
2021-04-13,0.00548531583394037,0.002962459910564386,0.007290256771983694,0.007290256771983694,0.0018754339578537227
2021-04-14,-0.0016906894006106787,0.0012217592145672307,-0.003761221367237333,-0.003761221367237333,0.0024503745326426296
2021-04-15,0.01361150821200885,0.009707296653102094,0.01641613424623478,0.01641613424623478,0.008002256143556985
2021-04-16,0.00014121533211408632,0.0015274758808659806,-0.0008574501125550027,-0.0008574501125550027,0.0021385462214522644
2021-04-19,-0.0036408664594198927,-0.004786232076622298,-0.0028182431235863614,-0.0028182431235863614,-0.005286113131086956
2021-04-20,-0.0011559309479718023,-0.008480747602936201,0.004090101850625194,0.004090101850625194,-0.011647996545165795
2021-04-21,0.008168491296458505,0.01122854331575589,0.0059532407284585975,0.0059532407284585975,0.012598992432458322
2021-04-22,-0.007671721036986064,-0.007580484514994856,-0.012748909419278753,-0.0010612262756960478,-0.009205027415983391
2021-04-23,0.007169640125752423,0.009231790750369262,0.012298617880812435,-0.0030883153843676014,0.012298617880812435
2021-04-26,0.002684414898518339,0.0030986969997381817,0.003722650741503908,0.0006079432125472017,0.003722650741503908
2021-04-27,-0.0031602067305343353,-0.00026144226174243943,-0.004932261923560888,-0.005622913064766033,0.0010745547967239144
2021-04-28,0.0012335722613813587,0.002340740543378306,-0.0005552911833656138,0.0018036098984519633,0.0024523980690577263
2021-04-29,0.0019152251797827462,0.00297961247081755,0.004633953000551361,-0.003522230461754483,0.004633953000551361
2021-04-30,-0.007035893917951674,-0.00831583161734748,-0.01028949389932099,-0.0005286939552130443,-0.01028949389932099
2021-05-03,0.006359549718011707,0.006278543105372658,0.0061462854410409,0.006786078271953322,0.0061462854410409
2021-05-04,-0.0037114807584724963,-0.00438809951942819,-0.005430785060244414,-0.00027287215492866057,-0.005430785060244414
2021-05-05,0.0038889220023696027,0.004091270494329113,0.004383739610321236,0.0028992867864663374,0.004383739610321236
2021-05-06,0.00781380720010009,0.007548176339328183,0.007143797863150114,0.009153825874000043,0.007143797863150114
2021-05-07,0.00683438862801089,0.00775167731096178,0.009234644118667035,0.002033877646698601,0.009234644118667035
2021-05-10,-0.008294534658419894,-0.009245586272056827,-0.010668762482022753,-0.003546079011214176,-0.010668762482022753
2021-05-11,-0.007903485968954849,-0.009014966978143035,-0.01049350481409217,-0.0027234482786802072,-0.01049350481409217
2021-05-12,-0.015353911605667606,-0.016322269128247392,-0.017914903591301656,-0.010231927634399507,-0.017914903591301656
2021-05-13,0.007402592860945208,0.008323099814326685,0.009689353379602528,0.002829071823630569,0.009689353379602528
2021-05-14,0.01526809948116988,0.016544164261560135,0.01829048967224134,0.009223319099026961,0.01829048967224134
2021-05-17,0.002160654447445287,0.0016310265162383208,0.0008637475600923317,0.004754468222151198,0.0008637475600923317
2021-05-18,-0.006365719556962153,-0.007580750533685465,-0.009395882396015298,-0.0003053938788558641,-0.009395882396015298
2021-05-19,-0.003822401618823671,-0.004501564889379495,-0.0053005709695646,-0.0008660629173418144,-0.0053005709695646
2021-05-20,0.008077576056848187,0.008429158314958895,0.008919903879035629,0.006392920412473302,0.008919903879035629
2021-05-21,0.0011766989501824643,0.001023527775718147,0.0008483846370826997,0.0018333275763819934,0.0008483846370826997
2021-05-24,0.006948648743019111,0.007808546131485117,0.009057186388105043,0.002731573452847247,0.009057186388105043
2021-05-25,-0.0007576957605057721,-0.0027491268533546775,-0.005719583154599195,0.009166079027681073,-0.005719583154599195
2021-05-26,0.0019496952847436837,0.002690369212897259,0.0037887654405577287,-0.0017284450268844065,0.0037887654405577287
2021-05-27,0.0007070462305129496,0.0012111734451771717,0.001966600980973787,-0.0018120632704087258,0.001966600980973787
2021-05-28,0.001915057359377359,0.0020697691581099686,0.002325738624265883,0.0010936948296003113,0.002325738624265883
2021-06-01,0.0020906126563558316,0.002811299636687958,0.003862369621631778,-0.0014529012741960612,0.003862369621631778
2021-06-02,0.003799563949821468,0.0038453231421333943,0.0038986894578342257,0.0036013129337959526,0.0038986894578342257
2021-06-03,-0.005942248748856775,-0.004798218462435178,-0.0030737714074480227,-0.011679203431674279,-0.0030737714074480227
2021-06-04,0.009695228744659964,0.009206393981108719,0.00843078711721601,0.01222411199954787,0.00843078711721601
2021-06-07,0.0005096903576248627,0.000517652238033639,0.0005305972269668002,0.00046787661894098775,0.0005305972269668002
2021-06-08,0.0017940248498723073,0.001749117026838043,0.0017054271643148766,0.0019712202209871688,0.0017054271643148766
2021-06-09,-0.0003188285617166849,-0.0010794457865673456,-0.002206669427531782,0.0034568531699135097,-0.002206669427531782
2021-06-10,0.003394685846827672,0.0030047036270760773,0.002508369892620488,0.00516731775524204,0.002508369892620488
2021-06-11,-0.0007230707483143103,0.00042305487051320646,0.002135150603956304,-0.006439513452855539,0.002135150603956304
2021-06-14,-0.002007767834240689,-0.0010700604003022085,0.00035322122792191823,-0.0067297459585659025,0.00035322122792191823
2021-06-15,-0.0012091048929749142,-0.0003678085195724434,-0.00129202250172622,-0.0024888318068665427,0.00015353962966802026
2021-06-16,-0.007361539380627891,-0.00524869369505101,-0.008872493079081778,-0.008872493079081778,-0.004339631983720116
2021-06-17,-0.007344956254985176,-0.006516669352431137,-0.007939781762861808,-0.007939781762861808,-0.006155305239231912
2021-06-18,-0.0011855085570324404,-0.012044419792161675,0.006610881810543812,0.006610881810543812,-0.016778289292184945
2021-06-21,0.004631065868768196,0.014358516774012264,-0.0022715008327564012,-0.0022715008327564012,0.01843619927181739
2021-06-22,0.001129505114514225,0.003899694292504241,-0.0008553972708417179,-0.0008553972708417179,0.005099309885226111
2021-06-23,-0.0010715931346882608,-0.00032007550957855455,-0.0016127011590560958,-0.0016127011590560958,1.0622914047409004e-05
2021-06-24,0.0031766013698183806,0.006920927298715562,0.0005090232338439415,0.0005090232338439415,0.008511757641767259
2021-06-25,-0.0010228506483235626,0.002487023758491713,-0.0035279452720919924,-0.0035279452720919924,0.003987338599213297
2021-06-28,0.002242796723770516,-0.001743845185456072,0.005103855356618392,0.005103855356618392,-0.003479320541925235
2021-06-29,-0.002948848384626057,-0.0009279079823144354,-0.004403421391797835,-0.004403421391797835,-3.9702370282501676e-05
2021-06-30,0.003960658864145687,0.0029863175515821407,0.004655280776617365,0.004655280776617365,0.0025714150392023294
2021-07-01,0.0034532242652651757,0.005826141638345939,0.001752719396454383,0.001752719396454383,0.006854234002886761
2021-07-02,0.005599383941199743,0.004628379539900862,0.006296805480993983,0.006296805480993983,0.004204540861611261
2021-07-06,0.002918190321890853,-0.0046820045767081205,0.008352854348905314,0.008352854348905314,-0.00795113773213807
2021-07-07,0.004071248316109462,0.0009084590770244372,0.00632844597312876,0.00632844597312876,-0.0004431469979291336
2021-07-08,-0.0018535036983088338,-0.00682209419923221,0.0016463760594416232,0.0016463760594416232,-0.008853263213809748
2021-07-09,0.001123448570814256,0.010268205009790999,-0.005378621075122214,-0.005378621075122214,0.014127587862687196
2021-07-12,0.00012908915836040702,0.0020545561514973996,-0.0012627633092784363,-0.0012627633092784363,0.0029127940936380936
2021-07-13,-0.0037976258199832933,-0.004675287336037792,-0.003165430729476726,-0.003165430729476726,-0.005062016000996428
2021-07-14,0.005753709790637977,-0.001683677876495937,0.011048596743610695,0.011048596743610695,-0.004836064115307459
2021-07-15,0.0021934648922533606,-0.0025795737277868437,0.0055963838593915405,0.0055963838593915405,-0.004612373042022999
2021-07-16,-0.007414542159107973,-0.009755412812796793,-0.005787478278627467,-0.005787478278627467,-0.010668669920068985
2021-07-19,0.0016294274329678264,-0.012218034766281194,0.011538543733011997,0.011538543733011997,-0.018188805167120514
2021-07-20,0.0021021421111460104,0.012655507509158948,-0.005430180374405902,-0.005430180374405902,0.017166787082249835
2021-07-21,-0.0011072960623985661,0.008847014033657664,-0.008190626427224013,-0.008190626427224013,0.013059364667252327
2021-07-22,0.0032262315695817576,-0.00023680576931957021,0.0057053885195796905,0.0057053885195796905,-0.0017320823304141086
2021-07-23,-0.0010721627605660977,0.004287865296069182,-0.004901555890107434,-0.004901555890107434,0.006586623498516575
2021-07-26,-0.00043855012652926906,0.0026759440454693804,-0.0026624354141997486,-0.0026624354141997486,0.00400922044881169
2021-07-27,0.002285013574126656,-0.003146952464667363,0.006165139854942048,0.006165139854942048,-0.005475238987504127
2021-07-28,0.002738117775314075,0.002975872027477211,0.002568916827363932,0.002568916827363932,0.0030765196712143617
2021-07-29,0.0037473768145588338,0.005107994300737273,0.0027741203845342843,0.0027741203845342843,0.005693889674607933
2021-07-30,-0.0028977286825131454,-0.0047237679251495805,-0.0015964060324364926,-0.0015964060324364926,-0.005500373982666451
2021-08-02,0.0017498874217021603,-0.0011983320341651615,0.003841223561851681,0.003841223561851681,-0.0024327848585968814
2021-08-03,0.00306070447636575,0.007469831672188398,-8.805451638638218e-05,-8.805451638638218e-05,0.009358222461870014
2021-08-04,-0.0018257575875316363,-0.006016300423939058,0.0011766083539255234,0.0011766083539255234,-0.007830489470445956
2021-08-05,-0.000356800142769879,0.005496800951069247,-0.004526659271242517,-0.004526659271242517,0.007982918114175397
2021-08-06,-0.012458194840296052,-0.0006359051366519819,-0.020890615060565665,-0.020890615060565665,0.004406645600243175
2021-08-09,-0.007869720916961179,-0.003935366380260541,-0.010676860169329228,-0.010676860169329228,-0.002255442412225084
2021-08-10,-0.0005496770161047548,0.001693293970253984,-0.002150363906911257,-0.002150363906911257,0.002651696765508249
2021-08-11,0.005278664077561131,0.0034638493425032226,0.006574285520013934,0.006574285520013934,0.002687421192655526
2021-08-12,0.0003485548411613637,0.001809034719396907,-0.0006954522723331413,-0.0006954522723331413,0.0024365690681503738
2021-08-13,0.009570828241872683,0.001924309387579115,0.015036484217769264,0.015036484217769264,-0.0013604837099204792
2021-08-16,0.0021242219782523497,-9.138196845499546e-05,0.003706686213291732,0.003706686213291732,-0.0010407064918264153
2021-08-17,-0.0026750777862388406,-0.005091017183856317,-0.0009488736877150128,-0.0009488736877150128,-0.006127485983286496
2021-08-18,-0.0028719284345721796,-0.009777963001207424,0.002070124319540678,0.002070124319540678,-0.012756033942797895
2021-08-19,0.00038027864621825724,-0.0022053657663639757,0.002215871064497832,0.002215871064497832,-0.003290906190340892
2021-08-20,0.0032636888562244484,0.006986896206647076,0.0006027136356987484,0.0006027136356987484,0.008585639297275849
2021-08-23,0.008333661592517657,0.011979098481528661,0.005759262071106219,0.005759262071106219,0.013482460635340532
2021-08-24,-0.0013688233251235582,0.002502622937839827,-0.004127851736146826,-0.004127851736146826,0.004149233496922977
2021-08-25,-0.004078665450463907,0.000888017442887179,-0.0076257979279081844,-0.0076257979279081844,0.0030155995044246486
2021-08-26,-0.0011512345907518002,-0.005494412037312435,0.001953400985232001,0.001953400985232001,-0.007360505742719403
2021-08-27,0.011524133635486803,0.012397572951275814,0.010917554127635176,0.010917554127635176,0.012737292651190057
2021-08-30,-0.0007432833790742924,-0.00016563106756444234,-0.0011599519508326273,-0.0011599519508326273,9.005376444237712e-05
2021-08-31,-0.0022447494533289016,-0.0020257659996213207,-0.002400909842238952,-0.002400909842238952,-0.0019324286755088016
2021-09-01,8.098792921122182e-05,-0.0010245943863603335,0.0008701673324260639,0.0008701673324260639,-0.0014973708772184624
2021-09-02,0.0027192732981690115,0.0053426151373214045,0.0008553742301604661,0.0008553742301604661,0.006447071434186102
2021-09-03,8.040477127061833e-05,-0.000917658128719101,0.0007931131022445026,0.0007931131022445026,-0.0013450118906771502
2021-09-07,-0.010786031378409056,-0.0062292354874725845,-0.0140370967201624,-0.0140370967201624,-0.004283900694902365
2021-09-08,-0.0001095264819636806,-0.0032802766532761705,0.002150501963583018,0.002150501963583018,-0.004629583373057078
2021-09-09,0.00456758474594902,-0.0006048989798346116,0.008259231685395552,0.008259231685395552,-0.0028157091329440442
2021-09-10,-0.007084357542642657,-0.00734337857712839,-0.006943788710536913,-0.006943788710536913,-0.007365495206854145
2021-09-13,0.005190417662908138,0.005873944494587413,0.004704778813326538,0.004704778813326538,0.00616169536207134
2021-09-14,0.0037660033507834387,-0.00398092524193322,0.009271491450785874,0.009271491450785874,-0.007244972849221432
2021-09-15,0.0007725043194389455,0.008445443084718219,-0.004686727733858809,-0.004686727733858809,0.011690968426034454
2021-09-16,-0.009838795097484162,-0.004546485290040625,-0.013620876304895613,-0.013620876304895613,-0.0022746326826612595
2021-09-17,-0.004299739476273268,-0.005840574689965317,-0.003194549129610813,-0.003194549129610813,-0.006510120169598177
2021-09-20,-0.00023708895764603297,-0.014200570146616309,0.009762896870721072,0.009762896870721072,-0.020237060614380242
2021-09-21,0.0021074543495628317,0.0009637413955256968,0.0029028411780712693,0.0029028411780712693,0.0005166806925459566
2021-09-22,0.005209337484650985,0.010979316504430426,0.0011157096391113397,0.0011157096391113397,0.013396593175730276
2021-09-23,-0.005841646601660718,0.009987924034227925,-0.017109648434856073,-0.017109648434856073,0.016694357064729992
2021-09-24,-0.0033456722524207727,-0.0002992995682913113,-0.005533011897256301,-0.005533011897256301,0.0010290070372502846
2021-09-27,0.0007775980065391671,0.0030109839991357633,-0.0007927742267874738,-0.0007927742267874738,0.003918342473192449
2021-09-28,-0.014604653123025169,-0.017269571213833934,-0.012658488630752252,-0.012658488630752252,-0.018496982107571003
2021-09-29,-0.0005901420695732332,0.0005052820439150341,-0.001377907496006081,-0.001377907496006081,0.0009853887832924624
2021-09-30,0.002137553917367326,-0.0073674592335159494,0.008899814184105015,0.008899814184105015,-0.011386966616108052
2021-10-01,0.008292479927879551,0.012476799258192362,0.005330134921999186,0.005330134921999186,0.014217169939640284
2021-10-04,-0.002745284561159004,-0.008077821795762163,0.001082530211507171,0.001082530211507171,-0.010400914106491355
2021-10-05,-0.001347161073850689,0.006786470024351621,-0.007152404757798325,-0.007152404757798325,0.010263326294044584
2021-10-06,0.0029461490425941594,0.001176235277755,0.004158874039779326,0.004158874039779326,0.0005206990482238272
2021-10-07,-0.0019363233213377147,0.0063773924449722075,-0.007867917913459532,-0.007867917913459532,0.00992686586290592
2021-10-08,-0.0016574749796814208,0.0005738864265667498,-0.003248041327657214,-0.003248041327657214,0.0015236577162701659
2021-10-11,-0.0037570423692085964,-0.0059437196293698705,-0.0022126876029205933,-0.0022126876029205933,-0.0068457519017846025
2021-10-12,0.006522820665656459,0.0005454680196860462,0.010788383737551532,0.010788383737551532,-0.0020083054781336873
2021-10-13,0.009902562859507044,0.00453026894560149,0.013741326952912303,0.013741326952912303,0.0022250346726965242
2021-10-14,0.007500815101807297,0.013730220614930944,0.003081817474745785,0.003081817474745785,0.016338810355930322
2021-10-15,-0.004965732452838008,0.0032817679621373053,-0.010861206789815725,-0.010861206789815725,0.006825216221117425
2021-10-18,0.0013334684933872243,0.0016276041077052717,0.0011055146883111044,0.0011055146883111044,0.001789376103539464
2021-10-19,-0.0006623063715843388,0.005825319472665879,-0.005287488361127024,-0.005287488361127024,0.008588057607501032
2021-10-20,0.0023914776878201094,0.004334405591993884,0.0009992655125988792,0.0009992655125988792,0.00517590203826257
2021-10-21,-0.0008516075621741725,-0.0005801486456082139,-0.001043335816986457,-0.001043335816986457,-0.00046815105254960354
2021-10-22,0.006310416930146038,0.003148048849349072,0.008573081649957182,0.008573081649957182,0.0017850874905237513
2021-10-25,0.003680501038767492,0.00506915525749585,0.0026927415942396005,0.0026927415942396005,0.005656019927823275
2021-10-26,0.000732748787826106,0.0011527253787869008,0.00042916175641105614,0.00042916175641105614,0.0013399228506562055
2021-10-27,0.003516900754453619,-0.006078225033830908,0.01038835668506155,0.01038835668506155,-0.010226011106762245
2021-10-28,0.0023364719272217136,0.008143626294852647,-0.0018039173106817463,-0.0018039173106817463,0.010617250403028633
2021-10-29,-0.0012598476341825575,0.0007332439504782573,-0.002709397390407209,-0.002709397390407209,0.0016392518782667453
2021-11-01,0.0013687978153493763,0.004662938143275874,-0.000977606056762892,-0.000977606056762892,0.006061605559573913
2021-11-02,0.001698444880799288,0.0024780993749909165,0.0011438118776138095,0.0011438118776138095,0.002807710887170245
2021-11-03,-0.004341753443786289,0.0025827353550796905,-0.009298246152360634,-0.009298246152360634,0.0055712319733624005
2021-11-04,0.007851305332455852,0.003550885633525169,0.010918766558486892,0.010918766558486892,0.0017163828803937742
2021-11-05,0.010620142633257798,0.005905616422624304,0.01398733250376405,0.01398733250376405,0.0038857628922452925
2021-11-08,0.0018790040040109757,0.0033050721864608334,0.0008580544989175154,0.0008580544989175154,0.003920903014197896
2021-11-09,0.004812909732297088,-0.0010067292874485934,0.008968828262206463,0.008968828262206463,-0.0034989273275216615
2021-11-10,-0.006081103610551401,-0.009382868495037545,-0.0037054071029725133,-0.0037054071029725133,-0.010832496625709176
2021-11-11,0.002001004930054432,0.0019142381219119265,0.002059791011127632,0.002059791011127632,0.0018834327679080332
2021-11-12,0.0008802001075543334,0.003857469740862529,-0.0012439370915484638,-0.0012439370915484638,0.005128474505759928
2021-11-15,-0.004674981731273416,-0.001694564331551507,-0.006624119817791652,-0.00705927411566476,-0.0003415512603638371
2021-11-16,0.0008854602884765805,0.002035257123935941,0.003772540826007198,-0.004888700786584654,0.003772540826007198
2021-11-17,-0.0012556480324673232,-0.0032061396951687305,-0.006152944559299711,0.008538945021197453,-0.006152944559299711
2021-11-18,0.0017449564899061354,0.0008046372250527622,0.004021371295953369,0.00027826255799456856,0.0009352356157704689
2021-11-19,-0.0016197264491959833,-0.005873643901363401,0.001446628442313691,0.001446628442313691,-0.007752436232215332
2021-11-22,-0.011467413504838486,-0.003583647973471116,-0.017109875958598364,-0.017109875958598364,-0.00018248859731873068
2021-11-23,-0.0058330175420233665,0.0022197792270056693,-0.011567168681321238,-0.011567168681321238,0.005635284736572377
2021-11-24,0.0059347177860979245,0.003652298085736927,0.0075430397492664,0.0075430397492664,0.002718073859760972
2021-11-26,-0.003028791916170707,-0.018253773853683784,0.004903320687089985,0.01181038751421637,-0.025800083949818475
2021-11-29,0.006466324770141492,0.006672431382563371,0.014514944212014047,-0.004683065647070439,0.00956709574548087
2021-11-30,-0.003346403473919272,-0.013930208959927248,0.004250618747796309,0.004250618747796309,-0.018540447917350433
2021-12-01,-0.0006656516339951235,-0.009049448098296997,0.005105299424299492,0.005105299424299492,-0.012207553750584355
2021-12-02,0.004458149714650157,0.01371597569984836,-0.0021437304400445667,-0.0021437304400445667,0.017661910024039607
2021-12-03,0.003203955411315721,-0.006644261072851787,0.010193734297573975,0.010193734297573975,-0.010775602361200787
2021-12-06,0.002268121039255407,0.008804564026607054,0.001903743835299787,-0.008103201474669919,0.013003820757136353
2021-12-07,0.013920674046010903,0.017249006165455383,0.022015492074675125,-0.0022689620113175435,0.022015492074675125
2021-12-08,-0.0035520728545933578,0.0004493892565813673,-0.004927971498074224,-0.008383814750832719,0.0026555676851268695
2021-12-09,-0.002761693708969578,-0.006249975323104995,-0.00025986815743372915,-0.00025986815743372915,-0.007765344812041275
2021-12-10,0.0029188179856252847,0.005723277203686206,0.0009131582972156105,0.0009131582972156105,0.006930137362444633
2021-12-13,0.0019701065377799587,-0.007343815631343631,0.008638360434986891,0.008638360434986891,-0.011366401256633907
2021-12-14,-0.005860932769760814,-0.0058655189457395675,-0.005858187391358904,-0.005858187391358904,-0.005866423526564635
2021-12-15,0.0027798871171857233,0.010411560149348664,-0.0026681434470392507,-0.0026681434470392507,0.013675948245635672
2021-12-16,0.0017067285855680847,-0.004678088699279004,0.0062359403386933465,0.0062359403386933465,-0.007351694920682439
2021-12-17,-0.00014532972464664784,-0.006767452953983566,0.004593530791505374,0.004593530791505374,-0.00962305075695069
2021-12-20,-0.007911537895568976,-0.01081860124089673,-0.005862101137240283,-0.005862101137240283,-0.012010411412226363
2021-12-21,0.008526323699618144,0.015930645604234815,0.0073270246057103305,-0.0020920943629703093,0.02034404085611441
2021-12-22,0.00856105543708141,0.008866446748233248,0.00933760996148525,0.007007946388273734,0.00933760996148525
2021-12-23,0.002482974673790883,0.0036256054992779953,0.005331884762017403,-0.003214845502662156,0.005331884762017403
2021-12-27,0.010298682302672354,0.011891244625808572,0.0142499937648215,0.0023960593783740602,0.0142499937648215
2021-12-28,-0.002760632646709227,-0.0024929129028843033,-0.002077870109280955,-0.004126157721565771,-0.002077870109280955
2021-12-29,-0.0015830452921654636,-0.000782205316154605,0.0004254911905079428,-0.0056001182575122765,0.0004254911905079428
2021-12-30,0.0008816073308457462,-0.0005002020806067264,-0.0025671388118646554,0.007779099616266549,-0.0025671388118646554
2021-12-31,-0.00031433749286069457,-0.001255123708616035,-0.002668474116905073,0.004393935755228062,-0.002668474116905073
2022-01-03,-0.000529496464929872,0.0035661693422431085,0.00964070307753373,-0.020869895549857076,0.00964070307753373
2022-01-04,0.0036656714639779673,0.0031501989569021394,0.005904228743710993,0.0016016099688399565,0.003491175679382952
2022-01-05,-0.012301018115466614,-0.015212973896157379,-0.014728974670811024,-0.004197352300025492,-0.01797672737556333
2022-01-06,3.926364026692516e-05,0.0010138238337382254,0.002472645529192352,-0.004827500137583929,0.002472645529192352
2022-01-07,-0.0017266686571725993,-0.0018010542517953754,-0.0019291888339371122,-0.0013216283036435739,-0.0019291888339371122
2022-01-10,0.00060650535485444,0.00012027219898999019,-0.0004705006655887356,0.0027605173957407914,-0.0004705006655887356
2022-01-11,0.011635949540844015,0.012107870330974824,0.012774966955355627,0.009357914711820792,0.012774966955355627
2022-01-12,0.00021618208674438014,0.0003642987432154188,0.0006191789390522784,-0.0005898116178714163,0.0006191789390522784
2022-01-13,-0.007655237794210697,-0.009765129127979411,-0.01285188660071479,0.002738059818797489,-0.01285188660071479
2022-01-14,-0.0011257586499214083,0.0004143325194950198,0.002815471033484118,-0.009008218016732461,0.002815471033484118
2022-01-18,-0.014663185247252741,-0.01595852051097705,-0.018057378555947468,-0.007874798629863289,-0.018057378555947468
2022-01-19,-0.00362845768485102,-0.006681239547739137,-0.011134933405885117,0.011384493757217173,-0.011134933405885117
2022-01-20,-0.006490152087876992,-0.008209649949580611,-0.010651843321462295,0.0018332303792936155,-0.010651843321462295
2022-01-21,-0.011086031703815094,-0.014131029984456844,-0.018789639231288402,0.004321183351131519,-0.018789639231288402
2022-01-24,0.003726594738581279,0.004488135792589221,0.006263546965842415,-0.001347309715940992,0.006263546965842415
2022-01-25,-0.0028519100894543272,-0.003621560125033385,-0.004677277421172521,0.0007988245739820599,-0.004677277421172521
2022-01-26,-0.006337738746850692,-0.004957920521258841,-0.0024338974988769024,-0.014145421242798273,-0.0024338974988769024
2022-01-27,-0.002313973949137238,-0.0034472619830688057,-0.004825932784618847,0.0027099437218259803,-0.004825932784618847
2022-01-28,0.013272882785224316,0.01623012095169444,0.020558888282861343,-0.001299128210049738,0.020558888282861343
2022-01-31,0.011493858336912077,0.013693485855830934,0.017051895662752115,0.0003777836852320027,0.017051895662752115
2022-02-01,0.006847584664894583,0.00844880158563006,0.01089204166666935,-0.0012413293386549507,0.01089204166666935
2022-02-02,0.004960535074411003,0.005244646783556284,0.005688079385406941,0.0035054464524191253,0.005688079385406941
2022-02-03,-0.01417729616624667,-0.016020034324338128,-0.018966886812880168,-0.004598114872979675,-0.018966886812880168
2022-02-04,0.0023279601634874267,0.004113536572743093,0.006796618466489379,-0.006609356442516479,0.006796618466489379
2022-02-07,0.001445315717858812,0.0009206232877642217,0.00015700361469006552,0.004021939924196305,0.00015700361469006552
2022-02-08,0.004386864902406584,0.005622930276367488,0.007487841768075709,-0.0018150888289316658,0.007487841768075709
2022-02-09,0.00987513560299084,0.011356436271116266,0.013491485388261726,0.002642436032449069,0.013491485388261726
2022-02-10,-0.013899260336140121,-0.014676176589713985,-0.01591957180274961,-0.009858637402921144,-0.01591957180274961
2022-02-11,-0.0031876823208936145,-0.0071929391271999266,-0.013243748854191328,0.016924450745701813,-0.013243748854191328
2022-02-14,-0.005765582786269485,-0.006195759637602394,-0.00687142745813385,-0.0035538934425407565,-0.00687142745813385
2022-02-15,0.006586313745296464,0.010014152030587743,0.015096637924389644,-0.010434334612889895,0.015096637924389644
2022-02-16,0.0036111101037776816,0.002695371007790748,0.0013651172030085812,0.008103095905315882,0.0013651172030085812
2022-02-17,-0.010412810938459138,-0.014521407316590051,-0.020890166068351368,0.010541899321325321,-0.020890166068351368
2022-02-18,-0.0030914974534932784,-0.004703070001907972,-0.007082378540184453,0.00489026471988907,-0.007082378540184453
2022-02-22,-0.005996726571751543,-0.0077768538464678795,-0.010171986349857498,0.0023537929844603678,-0.010171986349857498
2022-02-23,-0.010829842876114585,-0.012188491949633617,-0.013920469964704973,-0.004648588698933809,-0.013920469964704973
2022-02-24,0.007784420365550419,0.008991249654647171,0.012997376172719566,-0.002641491248787875,0.012997376172719566
2022-02-25,0.015153420440848886,0.0184955799041031,0.023379709564415707,-0.0012991578062847564,0.023379709564415707
2022-02-28,0.005580514041472935,0.003370287492009583,0.00031017011875966727,0.016121201886899472,0.00031017011875966727
2022-03-01,-0.005086523380088377,-0.009020233585539638,-0.015050169698200166,0.0148407692561352,-0.015050169698200166
2022-03-02,0.005993806853378951,0.011741357158207077,0.02017118702200138,-0.02236095348386591,0.02017118702200138
2022-03-03,-0.0006732024165299055,-0.002477117209140256,-0.00504122608919344,0.008062844928797164,-0.00504122608919344
2022-03-04,0.0017337039137708121,-0.0012359922698365721,-0.005691694122976432,0.0165844999872653,-0.005691694122976432
2022-03-07,-0.014730096636612325,-0.018356963702372064,-0.023898347261712027,0.0036064046135870775,-0.023898347261712027
2022-03-08,0.0005415276373645176,-0.001072989053266815,-0.003493448351200912,0.008611479614495376,-0.003493448351200912
2022-03-09,0.008072512667933185,0.013715086628661544,0.021993361768021913,-0.01976918553224427,0.021993361768021913
2022-03-10,-0.0032555052405886706,-0.002819280173839389,-0.002069493052193061,-0.0056275296173798894,-0.002069493052193061
2022-03-11,-0.008514268086229793,-0.009954094701633675,-0.01186468085202741,-0.001813442554634559,-0.01186468085202741
2022-03-14,-0.012725914736764246,-0.011398549023575334,-0.009463118770930534,-0.019251506668431673,-0.009463118770930534
2022-03-15,0.006453065023745023,0.009840703525799332,0.014784454677089776,-0.010209714282944482,0.014784454677089776
2022-03-16,0.017103356244801082,0.019017482719280963,0.021640858428823906,0.008028351876755435,0.021640858428823906
2022-03-17,0.009771589546955487,0.011954152138500295,0.015297450065055784,-0.0012801314892451066,0.015297450065055784
2022-03-18,0.007029780838825069,0.008066369761104131,0.00969593321983353,0.0016974760768081465,0.00969593321983353
2022-03-21,-0.0009779636357627834,0.00042151088177968534,0.0024264098371159504,-0.007786710581520251,0.0024264098371159504
2022-03-22,0.002696773851735279,0.005260086873791092,0.009064779960431757,-0.010039238365657677,0.009064779960431757
2022-03-23,0.004634073037886988,-0.005724613087152353,0.007791892881486406,0.01775429326097,-0.011643967028795443
2022-03-24,0.0051067614094666425,0.010726109998060817,0.002145511390181265,-0.0002669592828917766,0.013441732121110439
2022-03-25,0.0010534816813759784,0.0030526318058569204,0.0060755710628909165,-0.008990697081653898,0.0060755710628909165
2022-03-28,-0.0001785063462736991,0.0007598981368204472,0.0021577817648875675,-0.004851082568596232,0.0021577817648875675
2022-03-29,0.009120494731318818,0.01011266536303812,0.01166493824878767,0.004031607696381112,0.01166493824878767
2022-03-30,-0.0012445793508254106,-0.0030711011089840203,-0.005833209398469763,0.007932680744463294,-0.005833209398469763
2022-03-31,-0.009078147603893694,-0.011162086189835507,-0.01432151852043706,0.0014085942291930387,-0.01432151852043706
2022-04-01,0.0017617205696241662,0.0023406553887730386,0.0032503771900649348,-0.0012155926712573706,0.0032503771900649348
2022-04-04,0.0031301055252649,0.003974035378254681,0.005222769445245579,-0.0010552223146964579,0.005222769445245579
2022-04-05,-0.013803837283158593,-0.013658792109304064,-0.013483336959103864,-0.01444483793126805,-0.013483336959103864
2022-04-06,-0.0059470350916991,-0.0065620834418583015,-0.007499265388589249,-0.002842574497918804,-0.007499265388589249
2022-04-07,0.0027642952818770863,0.0036778730654914993,0.0050797573176574184,-0.0018666287896835776,0.0050797573176574184
2022-04-08,-1.9606680687937288e-05,0.00045192499682298324,0.001115181443198332,-0.002289182928460476,0.001115181443198332
2022-04-11,-0.013453562921830753,-0.014995824007495629,-0.017461568661886417,-0.005437551441719424,-0.017461568661886417
2022-04-12,-0.00023184449232349635,-0.0009766770314112217,-0.0019315891622144754,0.0031676448474584618,-0.0019315891622144754
2022-04-13,0.009225585058453204,0.010388092548148287,0.012133533313392508,0.0034096885485745965,0.012133533313392508
2022-04-14,-0.011055366668211572,-0.010934746178541888,-0.010739253736227528,-0.011687592532179658,-0.010739253736227528
2022-04-18,0.00026144066963040835,0.0004873260997217743,0.000850072186902362,-0.0009158223649134989,0.000850072186902362
2022-04-19,0.005140346580510546,0.00843280888818806,0.013367693849037465,-0.011314347956543291,0.013367693849037465
2022-04-20,0.00572976475544551,0.004368946305408172,0.0023506160621972194,0.012488062141942091,0.0023506160621972194
2022-04-21,-0.013744644315419033,-0.015544157834036176,-0.017878531484381344,-0.005476869977494414,-0.017878531484381344
2022-04-22,-0.02149768337751094,-0.024136553187144562,-0.028239797747441786,-0.008013454637649242,-0.028239797747441786
2022-04-25,0.0005280404057633007,0.0013863001729376046,0.0027837685622127406,-0.003983415907135579,0.0027837685622127406
2022-04-26,-0.014868130851095026,-0.018907011963265198,-0.02520266722971254,0.00580094190614,-0.02520266722971254
2022-04-27,-0.0012722438466817125,0.0005220864293423944,0.0031914544749900298,-0.010199640490025197,0.0031914544749900298
2022-04-28,0.017321819359802888,0.020202984597260644,0.024258120969018915,0.0034492161413708367,0.024258120969018915
2022-04-29,-0.024503529889472613,-0.027969882914669952,-0.0334911080717718,-0.006528373524874231,-0.0334911080717718
2022-05-02,-0.0008341629435628661,0.002575952832083117,0.0077254072021381015,-0.0179533032349648,0.0077254072021381015
2022-05-03,0.0067139557605860505,0.007111912600583081,0.007705503077293674,0.0047308611271708045,0.007705503077293674
2022-05-04,0.02321242554188648,0.026389718546860765,0.030986929850271405,0.007663416925116628,0.030986929850271405
2022-05-05,-0.027721697555215103,-0.029977674414659882,-0.03377716486193394,-0.015610762941777434,-0.03377716486193394
2022-05-06,-0.004420926027390193,-0.003974811108482523,-0.003355987521423076,-0.0065508030393244265,-0.003355987521423076
2022-05-09,-0.026514028360173508,-0.030976327870995433,-0.03835820910887411,-0.0028256668627723025,-0.03835820910887411
2022-05-10,0.0028325038719254256,0.0032012259629746187,0.004081483945570952,0.000334543724634373,0.004081483945570952
2022-05-11,-0.0050044205087037925,-0.008742716647148919,-0.014394307364740011,0.013775353203368645,-0.014394307364740011
2022-05-12,-0.002681769129168473,-0.0015354373772085816,0.0002829127651872154,-0.008611132917879849,0.0002829127651872154
2022-05-13,0.0071948408724985535,0.017676859284557422,0.024807841238537076,-0.011450943477249176,0.00822762485620776
2022-05-16,0.0019083770122655015,0.0006360145513014781,-0.00028171381745001334,0.0042597571503408815,0.0017470877039056365
2022-05-17,0.011175782529768882,0.015312335257681864,0.021356938963441596,-0.009186530337576548,0.021356938963441596
2022-05-18,-0.02020654030784515,-0.02626428399593871,-0.03576719718097965,0.010914773438423842,-0.03576719718097965
2022-05-19,-0.00012043965532463712,-0.001933176612835541,-0.004473388959620905,0.0085854589532679,-0.004473388959620905
2022-05-20,0.003031116100000878,0.0023643579535238433,0.0015331564691644095,0.006027035361673816,0.0015331564691644095
2022-05-23,0.011194174418507933,0.014684817976632958,0.019749179158486507,-0.005915835061449215,0.019749179158486507
2022-05-24,0.00020570200251361173,-0.0024841265755457644,-0.006491603375043398,0.01360031275762763,-0.006491603375043398
2022-05-25,0.006909844424885921,0.008463901806062735,0.010880288541742944,-0.0010310438088281249,0.010880288541742944
2022-05-26,0.011309455928316484,0.014217347233883005,0.018555851778616628,-0.003183335772283802,0.018555851778616628
2022-05-27,0.016021106524490774,0.018989753807051767,0.02328770402542424,0.0014879115226238415,0.02328770402542424
2022-05-31,-0.011347246736598223,-0.009569813823581241,-0.01046137128767577,-0.015550656523795392,-0.008029712398323507
2022-06-01,-6.30069375306593e-05,-0.0038641583966269157,0.002622953328137445,0.002622953328137445,-0.005434927468866868
2022-06-02,0.009573703254369717,0.013981236270344987,0.006407030300058292,0.006407030300058292,0.01590704916299257
2022-06-03,-0.008211600825805928,-0.01108260816563641,-0.006136381681859482,-0.006136381681859482,-0.01236203911369882
2022-06-06,-0.007063321731409962,-0.000986141200695012,-0.011442404687531438,-0.011442404687531438,0.0016948441808329884
2022-06-07,0.010186106352531107,0.012244854265003925,0.008649923105450208,0.008649923105450208,0.013258472846692904
2022-06-08,-0.006462086688101294,-0.008632845977664805,-0.004897560264092049,-0.004897560264092049,-0.009591139536119786
2022-06-09,-0.007775063725656654,-0.018706527295660934,7.622781551286373e-05,7.622781551286373e-05,-0.02347764680799569
2022-06-10,-0.007036657294908581,-0.021851563089088154,0.003645218296998931,0.003645218296998931,-0.028400408478723604
2022-06-13,-0.03260004403252995,-0.03738082339468775,-0.02898869179367536,-0.02898869179367536,-0.03982274851023915
2022-06-14,-0.00768326705198652,-0.004069972592194859,-0.0102996045842354,-0.0102996045842354,-0.0024505919874887594
2022-06-15,0.01402838993471959,0.011553269609022653,0.01582767711672184,0.01582767711672184,0.010429815570715095
2022-06-16,-0.005279732952854295,-0.026145195515262332,0.009757743718551204,0.009757743718551204,-0.035354686295665294
2022-06-17,-0.0026287032902098475,-0.0027689755579193066,-0.002504643672293305,-0.002504643672293305,-0.0028768225260429325
2022-06-21,0.0019925444465383655,0.019375853552110356,-0.010341670470345288,-0.010341670470345288,0.02666097428030567
2022-06-22,0.008854322812563894,-0.0008548654208022311,0.015718938862366194,0.015718938862366194,-0.004874909287040707
2022-06-23,0.001254691434609767,0.0042267243288148905,0.0010404831496242384,0.0010404831496242384,0.0016831080045808244
2022-06-24,-0.007432530278001281,0.021175690737718876,-0.007432530278001281,-0.007432530278001281,-0.007432530278001281
2022-06-27,-0.004809579228170824,0.00037241234169143044,-0.004809579228170824,-0.004809579228170824,-0.004809579228170824
2022-06-28,0.001511551054599769,-0.011293710275667524,0.001511551054599769,0.001511551054599769,0.001511551054599769
2022-06-29,0.007422397669613501,-0.0022567534393568957,0.007422397669613501,0.007422397669613501,0.007422397669613501
2022-06-30,0.001352341690041392,-0.007831855611826477,0.001352341690041392,0.001352341690041392,0.001352341690041392
2022-07-01,0.004733479905699056,0.00907054588920293,0.004733479905699056,0.004733479905699056,0.004733479905699056
2022-07-05,-0.006697664236609002,-0.0026083211384798854,-0.006697664236609002,-0.006697664236609002,-0.006697664236609002
2022-07-06,-0.016293761965756715,-0.0032230201516221246,-0.016293761965756715,-0.016293761965756715,-0.016293761965756715
2022-07-07,-0.004113668378589508,0.013868161756218944,-0.004113668378589508,-0.004113668378589508,-0.004113668378589508
2022-07-08,-0.00532714814057611,-0.0011043489176388644,-0.00532714814057611,-0.00532714814057611,-0.00532714814057611
2022-07-11,0.005923869158655837,-0.008060760683707258,0.005923869158655837,0.005923869158655837,0.005923869158655837
2022-07-12,0.001119766181630788,-0.00774615388767026,0.001119766181630788,0.001119766181630788,0.001119766181630788
2022-07-13,0.00820652188072235,-0.002188596984438673,0.00820652188072235,0.00820652188072235,0.00820652188072235
2022-07-14,-0.011084766358712472,-0.006751512973748553,-0.011084766358712472,-0.011084766358712472,-0.011084766358712472
2022-07-15,0.001807853634646528,0.01744228437858806,0.001807853634646528,0.001807853634646528,0.001807853634646528
2022-07-18,-0.004733170735600867,-0.004713136561663045,-0.004733170735600867,-0.004733170735600867,-0.004733170735600867
2022-07-19,-0.0015038606593091863,0.022239426164034216,-0.0015038606593091863,-0.0015038606593091863,-0.0015038606593091863
2022-07-20,-0.0033667649746748074,0.005220422105891287,-0.0033667649746748074,-0.0033667649746748074,-0.0033667649746748074
2022-07-21,0.015672384887470914,0.008505731907279102,0.015672384887470914,0.015672384887470914,0.015672384887470914
2022-07-22,0.009645023029054123,-0.00596048338659404,0.009645023029054123,0.009645023029054123,0.009645023029054123
2022-07-25,-0.006239209881460206,0.0032990236959200003,-0.006239209881460206,-0.006239209881460206,-0.006239209881460206
2022-07-26,-0.00017315760279890124,-0.007972880710639497,-0.00017315760279890124,-0.00017315760279890124,-0.00017315760279890124
2022-07-27,0.002295171169666599,0.019684743493055424,0.002295171169666599,0.002295171169666599,0.002295171169666599
2022-07-28,0.010074811436473041,0.010068546573239722,0.010074811436473041,0.010074811436473041,0.010074811436473041
2022-07-29,4.599007504957342e-05,0.012010479186907341,4.599007504957342e-05,4.599007504957342e-05,4.599007504957342e-05
2022-08-01,0.014841692350965108,-0.0014588748706218513,0.014841692350965108,0.014841692350965108,0.014841692350965108
2022-08-02,-0.013534829792191228,-0.0073907895330556864,-0.013534829792191228,-0.013534829792191228,-0.013534829792191228
2022-08-03,0.009106673868068516,0.011066383289523562,0.009106673868068516,0.009106673868068516,0.009106673868068516
2022-08-04,0.008088371357295565,-0.0025056853385179933,0.008088371357295565,0.008088371357295565,0.008088371357295565
2022-08-05,-0.017542964397681438,-0.001108284247348934,-0.017542964397681438,-0.017542964397681438,-0.017542964397681438
2022-08-08,0.012286057247438142,0.0030638921192239097,0.012286057247438142,0.012286057247438142,0.012286057247438142
2022-08-09,-0.00040978668235036597,-0.002175236461711072,-0.00040978668235036597,-0.00040978668235036597,-0.00040978668235036597
2022-08-10,-0.004522283565384866,0.01524262936308215,-0.004522283565384866,-0.004522283565384866,-0.004522283565384866
2022-08-11,-0.012982521191127416,0.0009500115094916994,-0.012982521191127416,-0.012982521191127416,-0.012982521191127416
2022-08-12,0.009658183224753758,0.014451240017225152,0.009658183224753758,0.009658183224753758,0.009658183224753758
2022-08-15,-0.006858241679421173,-0.00018863500855956783,-0.006858241679421173,-0.006858241679421173,-0.006858241679421173
2022-08-16,0.0012066604134119974,0.0008198122556324239,0.0012066604134119974,0.0012066604134119974,0.0012066604134119974
2022-08-17,-0.008459973386372166,-0.006638985715433932,-0.008459973386372166,-0.008459973386372166,-0.008459973386372166
2022-08-18,-0.0005652149039062637,0.004068540182507252,-0.0005652149039062637,-0.0005652149039062637,-0.0005652149039062637
2022-08-19,-0.011720025800716738,-0.012191331166144704,-0.011720025800716738,-0.011720025800716738,-0.011720025800716738
2022-08-22,-0.005000267446370166,-0.01612706827537679,-0.005000267446370166,-0.005000267446370166,-0.005000267446370166
2022-08-23,0.0007399719623552015,0.0010255823992880054,0.0007399719623552015,0.0007399719623552015,0.0007399719623552015
2022-08-24,-0.0021853809925995726,0.003109489813488486,-0.0021853809925995726,-0.0021853809925995726,-0.0021853809925995726
2022-08-25,0.008498117704687447,0.012544299602880015,0.008498117704687447,0.008498117704687447,0.008498117704687447
2022-08-26,-0.002303397418754183,-0.025517584693372432,-0.002303397418754183,-0.002303397418754183,-0.002303397418754183
2022-08-29,-0.0038309090471544405,-0.005124305009827268,-0.0038309090471544405,-0.0038309090471544405,-0.0038309090471544405
2022-08-30,-0.0029318337960092533,-0.010783969198658316,-0.0029318337960092533,-0.0029318337960092533,-0.0029318337960092533
2022-08-31,-0.008649711256393577,-0.007701400253164459,-0.008649711256393577,-0.008649711256393577,-0.008649711256393577
2022-09-01,-0.013562092886938881,-0.003997707868208522,-0.013562092886938881,-0.013562092886938881,-0.013562092886938881
2022-09-02,0.007231346096861158,-0.004524508902273972,0.007231346096861158,0.007231346096861158,0.007231346096861158
2022-09-06,-0.015343759223679698,-0.007377008947176644,-0.015343759223679698,-0.015343759223679698,-0.015343759223679698
2022-09-07,0.012979801559650284,0.013963015378578825,0.012979801559650284,0.012979801559650284,0.012979801559650284
2022-09-08,-0.008137712363787575,0.005262902408171089,-0.008137712363787575,-0.008137712363787575,-0.008137712363787575
2022-09-09,0.0037517939111868515,0.014029466847578508,0.0037517939111868515,0.0037517939111868515,0.0037517939111868515
2022-09-12,-0.0015613941070495851,0.008791660124266455,-0.0015613941070495851,-0.0015613941070495851,-0.0015613941070495851
2022-09-13,-0.013923217508518881,-0.03362647034173687,-0.005319799345021248,-0.005319799345021248,-0.03113005383551415
2022-09-14,0.0017832960396177249,0.0045727457852014815,-0.00019945707618018726,-0.00019945707618018726,0.005748802271213549
2022-09-15,-0.009829319706294007,-0.009994719704800214,-0.009684140736306857,-0.009684140736306857,-0.01011967764626831
2022-09-16,-0.003911248324011907,-0.007457719324948731,-0.0013886266504277156,-0.0013886266504277156,-0.008956491671180289
2022-09-19,0.0030132009804806716,0.0048714024180576574,0.0015644088565252012,0.0015644088565252012,0.005910785228391613
2022-09-20,-0.00865197426098252,-0.009812687479823367,-0.007817933109180664,-0.007817933109180664,-0.010320056564586233
2022-09-21,0.001542623074305564,-0.011381617531911603,0.01068630278305105,0.01068630278305105,-0.016744736343185407
2022-09-22,-0.0117445304925096,-0.009890339395811321,-0.01308568096268592,-0.01308568096268592,-0.009062229552156964
2022-09-23,-0.011774709568486622,-0.018853204098533603,-0.006613311486849738,-0.006613311486849738,-0.022097505731760392
2022-09-26,-0.014229277084506867,-0.012588967706564346,-0.01538020449382671,-0.01538020449382671,-0.011927422265867182
2022-09-27,-0.008014945318184363,-0.0022668501125160277,-0.012173012220359936,-0.012173012220359936,0.0003011884861667813
2022-09-28,0.025768712498677255,0.024055839931159072,0.027044984480231404,0.027044984480231404,0.02321616853556896
2022-09-29,-0.007391819535103002,-0.01397622777121541,-0.002652268236093991,-0.002652268236093991,-0.016870922133121025
2022-09-30,-0.008714688919087443,-0.01194001666916249,-0.0064020924111711786,-0.0064020924111711786,-0.013339881934919973
2022-10-03,0.023215093986628316,0.02776911023401789,0.020076386707456928,0.020076386707456928,0.029492508544971097
2022-10-04,0.014899650105614745,0.02788856544384557,0.005761044950742589,0.005761044950742589,0.033176860415359055
2022-10-05,-0.004656218886717227,-0.0006927636600386533,-0.007546984085459396,-0.007546984085459396,0.001125311510767113
2022-10-06,-0.004423953135621457,-0.00594418404911895,-0.003340821889540768,-0.003340821889540768,-0.006590215627782836
2022-10-07,-0.015699549735964213,-0.02307523088800919,-0.010336782887442664,-0.010336782887442664,-0.026425083433007313
2022-10-10,-0.013370732180650657,-0.010556064029642542,-0.015396010565266183,-0.015396010565266183,-0.009320175411419607
2022-10-11,-0.0012623319634251784,-0.004693958733319947,0.001182744687073134,0.001182744687073134,-0.006152485264421803
2022-10-12,0.0030558151346799325,0.00011978252890810781,0.005142079667344257,0.005142079667344257,-0.0011167139306487162
2022-10-13,0.00485800108163222,0.022329324691505437,-0.008155549418607633,-0.008155549418607633,0.030885102082111926
2022-10-14,-0.01438521287457654,-0.02017358346559317,-0.01033172900948709,-0.01033172900948709,-0.02249218060475544
2022-10-17,0.007356099972475327,0.019042207173428204,-0.0009439275219037535,-0.0009439275219037535,0.02395615496123349
2022-10-18,0.004972450547667891,0.008610628204368198,0.0022512696451875147,0.0022512696451875147,0.010414812352628644
2022-10-19,-0.012024091363182646,-0.006675681652296183,-0.015828413186182666,-0.015828413186182666,-0.004415447717182608
2022-10-20,-0.008428644070400226,-0.00713323621718398,-0.009353505891240843,-0.009353505891240843,-0.006578920428718993
2022-10-21,0.008384618537632171,0.020268784939094862,-0.0001022446747843686,-0.0001022446747843686,0.02535834496246525
2022-10-24,-8.7940442897357e-06,0.008061790999120211,-0.005756795552383176,-0.005756795552383176,0.011487208971897145
2022-10-25,0.015216928207672323,0.014593756498513155,0.0156632310978555,0.0156632310978555,0.014324322427305969
2022-10-26,0.006072823134967487,5.8718648941968876e-05,0.010371162176760373,0.010371162176760373,-0.002523854948618287
2022-10-27,0.002077876225078453,-0.0012732360820206679,0.004454215407649786,0.004454215407649786,-0.002674802140064214
2022-10-28,0.002244450208348366,0.017367091347694208,-0.008539545426820894,-0.008539545426820894,0.023812441478686885
2022-10-31,-0.006477733287986731,-0.004850577452528315,-0.007650280622626959,-0.007650280622626959,-0.004132638618706275
2022-11-01,0.0034968647403101163,0.0007784542934041516,0.0020450744000074517,0.009806397578713266,-0.0013608777577903686
2022-11-02,-0.023201894533341316,-0.02076101119132916,-0.02457469621947672,-0.020456291161070506,-0.02457469621947672
2022-11-03,-0.008305275079154684,-0.007560855509114417,-0.008305275079154684,-0.008305275079154684,-0.008305275079154684
2022-11-04,0.014055102224911353,0.012605950098705054,0.014055102224911353,0.014055102224911353,0.014055102224911353
2022-11-07,0.011594096206615445,0.007895685895434079,0.011594096206615445,0.011594096206615445,0.011594096206615445
2022-11-08,0.005557007303206518,0.007851598677770123,0.005557007303206518,0.005557007303206518,0.005557007303206518
2022-11-09,-0.024230450075284682,-0.01945575157195898,-0.024230450075284682,-0.024230450075284682,-0.024230450075284682
2022-11-10,0.05035197551158421,0.04761832398803234,0.05035197551158421,0.05035197551158421,0.05035197551158421
2022-11-11,0.009971078395325517,0.008289973374052417,0.009971078395325517,0.009971078395325517,0.009971078395325517
2022-11-14,-0.007087742648260842,-0.005688542432729804,-0.007087742648260842,-0.007087742648260842,-0.007087742648260842
2022-11-15,0.007850194944720834,0.00818346565755489,0.007850194944720834,0.007850194944720834,0.007850194944720834
2022-11-16,-0.009859695598349538,-0.00590705406836497,-0.009859695598349538,-0.009859695598349538,-0.009859695598349538
2022-11-17,-0.001973067210849222,-0.0034655473792449265,-0.001973067210849222,-0.001973067210849222,-0.001973067210849222
2022-11-18,0.003869165696854693,0.001669277423542559,0.003869165696854693,0.003869165696854693,0.003869165696854693
2022-11-21,-0.0050877772159043655,-0.004219769009898178,-0.0050877772159043655,-0.0050877772159043655,-0.0050877772159043655
2022-11-22,0.014902859532223811,0.013500243621532505,0.014902859532223811,0.014902859532223811,0.014902859532223811
2022-11-23,0.0035240322548777403,0.005170073232747896,0.0035240322548777403,0.0035240322548777403,0.0035240322548777403
2022-11-25,-4.04089062840951e-05,-0.0002853025085188587,-4.04089062840951e-05,-4.04089062840951e-05,-4.04089062840951e-05
2022-11-28,-0.017426168360687,-0.014402774863132128,-0.017426168360687,-0.017426168360687,-0.017426168360687
2022-11-29,0.0002877665831816367,-0.0004449029412921246,0.0002877665831816367,0.0002877665831816367,0.0002877665831816367
2022-11-30,0.02790674201185306,0.024341832658982487,0.02790674201185306,0.02790674201185306,0.02790674201185306
2022-12-01,-0.0014199146984079647,0.0038807064927590786,-0.0014199146984079647,-0.0014199146984079647,-0.0014199146984079647
2022-12-02,-0.0014000936532094777,-0.0003103000163430125,-0.0014000936532094777,-0.0014000936532094777,-0.0014000936532094777
2022-12-05,-0.019597492327550814,-0.018780120846914394,-0.019597492327550814,-0.019597492327550814,-0.019597492327550814
2022-12-06,-0.01566462771228394,-0.010953215116138892,-0.01566462771228394,-0.01566462771228394,-0.01566462771228394
2022-12-07,-0.0015009064815885154,0.002059875459656235,-0.0015009064815885154,-0.0015009064815885154,-0.0015009064815885154
2022-12-08,0.006888149042591496,0.005279909824676443,0.006888149042591496,0.006888149042591496,0.006888149042591496
2022-12-09,-0.010157677389508124,-0.01035879888970831,-0.010157677389508124,-0.010157677389508124,-0.010157677389508124
2022-12-12,0.015779724343893964,0.012138465855836634,0.015779724343893964,0.015779724343893964,0.015779724343893964
2022-12-13,0.008797238024527587,0.009327508962570197,0.008797238024527587,0.008797238024527587,0.008797238024527587
2022-12-14,-0.006313564477365197,-0.004870293031752737,-0.006313564477365197,-0.006313564477365197,-0.006313564477365197
2022-12-15,-0.02341822126755877,-0.019876509264346375,-0.02341822126755877,-0.02341822126755877,-0.02341822126755877
2022-12-16,-0.010720069286608291,-0.0088262990226044,-0.010720069286608291,-0.010720069286608291,-0.010720069286608291
2022-12-19,-0.007580710442166905,-0.008040059261430043,-0.007580710442166905,-0.007580710442166905,-0.007580710442166905
2022-12-20,0.00369248701382463,0.002834747941467075,0.00369248701382463,0.00369248701382463,0.00369248701382463
2022-12-21,0.015812808018153213,0.012767180704313052,0.015812808018153213,0.015812808018153213,0.015812808018153213
2022-12-22,-0.015077749301888543,-0.013256005781698754,-0.015077749301888543,-0.015077749301888543,-0.015077749301888543
2022-12-23,0.0070827489112264,0.004509089231378116,0.0070827489112264,0.0070827489112264,0.0070827489112264
2022-12-27,-0.00314704110513353,-0.0036462547327658747,-0.00314704110513353,-0.00314704110513353,-0.00314704110513353
2022-12-28,-0.012644084530952782,-0.011152199997828238,-0.012644084530952782,-0.012644084530952782,-0.012644084530952782
2022-12-29,0.01741187504426489,0.015672655096885802,0.01741187504426489,0.01741187504426489,0.01741187504426489
2022-12-30,-0.0011435258632459533,-0.001593557981278204,-0.0011435258632459533,-0.0011435258632459533,-0.0011435258632459533
2023-01-03,-0.007551371110180893,-0.0033295899363505075,-0.007551371110180893,-0.007551371110180893,-0.007551371110180893
2023-01-04,0.006287307087616156,0.007325942144075859,0.006287307087616156,0.006287307087616156,0.006287307087616156
2023-01-05,-0.008359676859929888,-0.0074952048982041995,-0.008359676859929888,-0.008359676859929888,-0.008359676859929888
2023-01-06,0.021675940587588816,0.02112731348668917,0.021675940587588816,0.021675940587588816,0.021675940587588816
2023-01-09,-0.0009126662206756508,-1.0094452043984959e-05,-0.0009126662206756508,-0.0009126662206756508,-0.0009126662206756508
2023-01-10,0.007939151859991833,0.005053284468666352,0.007939151859991833,0.007939151859991833,0.007939151859991833
2023-01-11,0.00904538826820278,0.010083828115943628,0.010642588779173678,0.005850987246260986,0.010642588779173678
2023-01-12,0.010001333116021952,0.008895770769558164,0.007196043025290089,0.01561191329748568,0.007196043025290089
2023-01-13,0.0035526425950950604,0.003926718883686675,0.004676521737170036,0.0013048843109451091,0.004676521737170036
2023-01-17,-0.003584509544502549,-0.0030014104755890616,-0.0021279747673411675,-0.006497579098825312,-0.0021279747673411675
2023-01-18,-0.007005749059986188,-0.010580950945446598,-0.015853671209593356,0.010690095239228148,-0.015853671209593356
2023-01-19,-0.0019169565881561972,-0.0032574266597713343,-0.005269044115563948,0.004787218466659304,-0.005269044115563948
2023-01-20,0.007569700532422045,0.01108022409790218,0.016248628792681297,-0.009788155988096459,0.016248628792681297
2023-01-23,0.007291062980100034,0.009039677165296878,0.011633858176897549,-0.0013945274134949948,0.011633858176897549
2023-01-24,0.0019315013987609337,0.0005140893724827844,-0.001597493594817756,0.008989491385918313,-0.001597493594817756
2023-01-25,0.00189200266261443,0.0014769737467570931,0.0010746150353604378,0.0035267779171224145,0.0010746150353604378
2023-01-26,0.005778294864564455,0.008343754526081493,0.012097404302237491,-0.006859924010781615,0.012097404302237491
2023-01-27,-0.001010811839259255,-0.0008325027984989353,-0.0005415370961184829,-0.0019493613255407993,-0.0005415370961184829
2023-01-30,-0.01025052386789734,-0.011642102386406205,-0.013820196242246507,-0.0031111791191990035,-0.013820196242246507
2023-01-31,0.011469207115678929,0.01260962107435697,0.01429763584856869,0.0058123496498994065,0.01429763584856869
2023-02-01,0.008812849738423742,0.008104570604464068,0.007071770803912081,0.012295007607447062,0.007071770803912081
2023-02-02,0.002482514735730986,0.004984163536536102,0.008590658092525905,-0.009733771977858852,0.008590658092525905
2023-02-03,-0.011197189147719722,-0.009465095742841734,-0.006798791407173876,-0.019993984628811412,-0.006798791407173876
2023-02-06,-0.005313316064961253,-0.0058431977032386674,-0.006640346016592913,-0.0026592561616979316,-0.006640346016592913
2023-02-07,0.00928842230676985,0.011849530205202019,0.0157106719433473,-0.0035560769663850467,0.0157106719433473
2023-02-08,-0.0054156326887078166,-0.0072133753319319595,-0.009933391129130276,0.0036198841921371017,-0.009933391129130276
2023-02-09,-0.008862622535723638,-0.009023884499094303,-0.008977736352880128,-0.008632394901410656,-0.008977736352880128
2023-02-10,0.0025965971649500505,0.004068874916308385,0.006216831420438496,-0.00464387134602684,0.006216831420438496
2023-02-13,0.007682398266098549,0.008897676271652433,0.010691620889208941,0.001663953019877762,0.010691620889208941
2023-02-14,-0.0006054487451292815,-0.0005930115788576717,-0.0005223637605079601,-0.0007716187143719244,-0.0005223637605079601
2023-02-15,-0.002658055238039451,-0.0012934548307197314,0.0008355132574157098,-0.009645192228949773,0.0008355132574157098
2023-02-16,-0.0109961063148493,-0.011682231880876148,-0.012742717237476553,-0.007502884469594795,-0.012742717237476553
2023-02-17,-0.0016607603291835342,-0.0030623780101311617,-0.005194812520712855,0.005407344053875107,-0.005194812520712855
2023-02-21,-0.016960207322218552,-0.017951659906611562,-0.01963626068989477,-0.011608100586866121,-0.01963626068989477
2023-02-22,-0.0004720816833744627,-0.0009200978647785907,-0.0015912079754144548,0.0017661709007055215,-0.0015912079754144548
2023-02-23,0.0065372352212319145,0.006911269066831749,0.007497341865018159,0.0046170219336594265,0.007497341865018159
2023-02-24,-0.009899065826429002,-0.009886371145450957,-0.009794448787158738,-0.010108299904969531,-0.009794448787158738
2023-02-27,0.0029705683056868715,0.0028647020453219764,0.002782699877651895,0.003346305161756824,0.002782699877651895
2023-02-28,-0.0013357945171657744,-0.00254156951465635,-0.004289100386014044,0.004570817220530765,-0.004289100386014044
2023-03-01,5.683824538219954e-05,-0.0006873956446198815,-0.00023765946002141103,0.0006458336561894207,-0.00023765946002141103
2023-03-02,0.006474561074175322,0.004198862705913386,0.006474561074175322,0.006474561074175322,0.006474561074175322
2023-03-03,0.015509504521684203,0.0159088795259541,0.015509504521684203,0.015509504521684203,0.015509504521684203
2023-03-06,-0.0007153427244622756,-0.0018576839899213438,-0.0007153427244622756,-0.0007153427244622756,-0.0007153427244622756
2023-03-07,-0.012727245985060068,-0.01396775297366063,-0.01605490560492895,-0.006071926745322309,-0.01605490560492895
2023-03-08,-0.0003405761479016907,-0.0004584069700287574,-0.0006426991770984714,0.0002636699104918705,-0.0006426991770984714
2023-03-09,-0.011210961844907516,-0.014697272059790989,-0.01989191092365261,0.006150936312582678,-0.01989191092365261
2023-03-10,-0.0010099097040616734,-0.006753228857547877,-0.015476791804776346,0.027923854497367673,-0.015476791804776346
2023-03-13,-0.0005745647957065003,-0.0032939572728637235,-0.007221262777366788,0.012718831167614075,-0.007221262777366788
2023-03-14,0.007234197479297729,0.010849900038503456,0.016418646631378042,-0.011134700824862898,0.016418646631378042
2023-03-15,-0.0043070392645117766,-0.00792523659094264,-0.01326498145130639,0.01360884510907745,-0.01326498145130639
2023-03-16,-0.0024745310919997987,0.013071925926033656,-0.02185543459278838,-0.0028326740731823286,0.017264515389971313
2023-03-17,0.00975013295997229,-0.007351445677330914,0.022006452332844928,0.022006452332844928,-0.014762505785772984
2023-03-20,0.0007171644575902913,0.0076160358095465844,-0.0042066038789306814,-0.0042066038789306814,0.010564701130632237
2023-03-21,-0.003759083201650082,0.010280875181865578,-0.01375536231372998,-0.01375536231372998,0.016233475022509714
2023-03-22,0.004076208483924352,-0.011484673980022652,0.0151897476782199,0.0151897476782199,-0.018150869904666744
2023-03-23,0.004448369214833307,0.0018500346653305133,0.006286835058258999,0.006286835058258999,0.0007714375279819219
2023-03-24,-0.0004908888073201038,0.003656712643030591,-0.0035096629721754757,-0.0035096629721754757,0.00554665952239064
2023-03-27,-0.009096686278730318,0.0011094360486428867,-0.016387216989436015,-0.016387216989436015,0.005484375142681075
2023-03-28,0.0030843503949585425,0.0003896589083915325,0.005002580416170188,0.005002580416170188,-0.0007521096474647493
2023-03-29,0.0021087922855833607,0.00994707054295756,-0.0034728157968832996,-0.0034728157968832996,0.013272008450516681
2023-03-30,0.0061116346718949055,0.005110773252650846,0.006817036744727112,0.006817036744727112,0.004700830526230493
2023-03-31,0.007600573088741551,0.011441674216757302,0.004871085168897227,0.004871085168897227,0.013059548928430198
2023-04-03,0.006819304732767299,0.008037787247082716,0.005953978383700154,0.005953978383700154,0.008549957430901589
2023-04-04,0.005177273597758103,-0.004150944341834273,0.011826693396848054,0.011826693396848054,-0.008121566000421798
2023-04-05,0.0032106623844000057,0.0009652169170695779,0.004823132918414408,0.004823132918414408,-1.4278683628798916e-05
2023-04-06,-0.0011323570857376304,0.0004559159670247004,-0.002276963028002177,-0.002276963028002177,0.0011568547987914624
2023-04-10,-0.006870079765445365,-2.2231429460617402e-05,-0.011779258035774842,-0.011779258035774842,0.0029482767752135874
2023-04-11,0.003486831070371288,0.0025105179950168145,0.00418873731732039,0.00418873731732039,0.0020830185764730835
2023-04-12,0.0001407856648782957,-0.002411632954009424,0.0019317609813142012,0.0019317609813142012,-0.0034411649679935152
2023-04-13,0.006217428721528344,0.010976592568740806,0.0028327672178567465,0.0028327672178567465,0.012986751728871537
2023-04-14,-0.009803852907512808,-0.004691265359078167,-0.013452969481551946,-0.013452969481551946,-0.0025056197594345297
2023-04-17,-0.004497908123336762,0.0006698139448401141,-0.008184666429059462,-0.008184666429059462,0.0028756084881086386
2023-04-18,0.0024598323737406633,0.0006747473548016746,0.0037244120261372693,0.0037244120261372693,-6.932693105254906e-05
2023-04-19,-0.0020027981092491562,-0.0008340800866851183,-0.0028537636139631672,-0.0028537636139631672,-0.0003008670998211338
2023-04-20,0.002342578551432828,-0.0031300017259211165,0.0062415435808287345,0.0062415435808287345,-0.005455351507358985
2023-04-21,-0.005242663515143538,-0.001731124346105828,-0.007753314964672575,-0.007753314964672575,-0.0002213606160854642
2023-04-24,0.004830471870845399,0.0026964416809473145,0.006352144483572131,0.006352144483572131,0.0017871266453919343
2023-04-25,0.0008391310264724838,-0.011771060109597564,0.009882202091205494,0.009882202091205494,-0.017247011102993537
2023-04-26,-0.008576953270887958,-0.00532356214070705,-0.008039376340813198,-0.008039376340813198,-0.00965210713103748
2023-04-27,-0.00493489410518555,0.011252588715296163,-0.00493489410518555,-0.00493489410518555,-0.00493489410518555
2023-04-28,0.008192352596351204,0.009575177891068654,0.008192352596351204,0.008192352596351204,0.008192352596351204
2023-05-01,-0.016688045560276366,-0.004510222664864549,-0.016688045560276366,-0.016688045560276366,-0.016688045560276366
2023-05-02,0.011961952871035039,-0.008635388470392025,0.02205939436901505,0.02205939436901505,-0.008232930124924986
2023-05-03,0.006161060339812785,-0.004396990001844681,0.007027520280969979,0.007027520280969979,0.004428140457498397
2023-05-04,-0.004787417008124757,-0.006967913579181561,-0.0014194826316162867,-0.0014194826316162867,-0.0115232857611417
2023-05-05,-0.0006847794919397169,0.014678793504347887,-0.009451275455075514,-0.009451275455075514,0.016848212434331877
2023-05-08,-0.0063968211432329225,-0.0015004077872829758,-0.0063968211432329225,-0.0063968211432329225,-0.0063968211432329225
2023-05-09,0.0017463049551345404,-0.002921829815338317,0.0017524647257557424,0.0017524647257557424,0.0017339854138921362
2023-05-10,0.0051978296553594205,0.0026144109746258693,0.004132223892211462,0.004132223892211462,0.007329041181655338
2023-05-11,0.000995930350780716,-0.003171425599575106,0.000995930350780716,0.000995930350780716,0.000995930350780716
2023-05-12,-0.005040083435159715,-0.002259915904453613,-0.005040083435159715,-0.005040083435159715,-0.005040083435159715
2023-05-15,-0.004111804218794646,0.0034361150921210725,-0.004111804218794646,-0.004111804218794646,-0.004111804218794646
2023-05-16,-0.0077508225056937,-0.0087081299506226,-0.0077508225056937,-0.0077508225056937,-0.0077508225056937
2023-05-17,-0.003186702485948656,0.010690984458784025,-0.003186702485948656,-0.003186702485948656,-0.003186702485948656
2023-05-18,-0.010198486711545884,0.0050908522303607096,-0.010198486711545884,-0.010198486711545884,-0.010198486711545884
2023-05-19,0.0014072378088592075,-0.00027226748066765393,0.0014072378088592075,0.0014072378088592075,0.0014072378088592075
2023-05-22,-0.002949332824772277,0.000680220542916965,-0.002949332824772277,-0.002949332824772277,-0.002949332824772277
2023-05-23,0.0020464570022373785,-0.005805205316252416,0.0020464570022373785,0.0020464570022373785,0.0020464570022373785
2023-05-24,-0.006502884580602553,-0.006667614306051917,-0.006502884580602553,-0.006502884580602553,-0.006502884580602553
2023-05-25,-0.00605633094361957,0.0022355753765142096,-0.00605633094361957,-0.00605633094361957,-0.00605633094361957
2023-05-26,0.006040801743915303,0.010197478758977484,0.006040801743915303,0.006040801743915303,0.006040801743915303
2023-05-30,0.008083657744749173,0.0004992316271310915,0.008083657744749173,0.008083657744749173,0.008083657744749173
2023-05-31,0.005130479725126147,-0.004175420404897134,0.005130479725126147,0.005130479725126147,0.005130479725126147
2023-06-01,0.0059092662482735925,0.00878476783129516,0.0059092662482735925,0.0059092662482735925,0.0059092662482735925
2023-06-02,-0.012859838034697368,0.012485635541992224,-0.012859838034697368,-0.012859838034697368,-0.012859838034697368
2023-06-05,0.002088313486272808,-0.003015870473200799,0.002088313486272808,0.002088313486272808,0.002088313486272808
2023-06-06,0.003495532170533666,0.004751217037656274,0.003495532170533666,0.003495532170533666,0.003495532170533666
2023-06-07,-0.013439694819686987,-0.0014041793096191356,-0.013439694819686987,-0.013439694819686987,-0.013439694819686987
2023-06-08,0.012447067973207604,0.00565848644155934,0.012447067973207604,0.012447067973207604,0.012447067973207604
2023-06-09,-0.0020249487843719827,-0.00023365542157522957,-0.0020249487843719827,-0.0020249487843719827,-0.0020249487843719827
2023-06-12,0.0010324695047384536,0.005325206019476303,0.0010324695047384536,0.0010324695047384536,0.0010324695047384536
2023-06-13,-0.005280489871245779,0.0034610334042260438,-0.008623807549502871,-0.008623807549502871,0.0014061454852684063
2023-06-14,0.0019130502434232162,-0.0014258185400847002,0.004283767368490787,0.004283767368490787,-0.002828384006711926
2023-06-15,0.00963929441680289,0.011458518690986574,0.008323543562974711,0.008323543562974711,0.012270796124459249
2023-06-16,-0.003150693010678829,-0.0038043446429365966,-0.00270920118523188,-0.00270920118523188,-0.004033676661572727
2023-06-20,-0.0034816106842470163,-0.00594097562180762,-0.0017214858403948874,-0.0017214858403948874,-0.007001860371951274
2023-06-21,-0.001004082813940747,-0.0031063400245513796,0.0004972741613534781,0.0004972741613534781,-0.004006796764529197
2023-06-22,-0.0072760043969748445,-0.0020526565170778887,-0.011008320171346342,-0.011008320171346342,0.00018862715176815037
2023-06-23,0.0015806458610917822,-0.005184262592561562,0.006402151686836444,0.006402151686836444,-0.008062365790397541
2023-06-26,0.0003701750500330799,-0.001077686817720902,0.001406805813877643,0.001406805813877643,-0.0017030864776560461
2023-06-27,0.000783489013968112,0.0069259996644203455,-0.003594217855727888,-0.003594217855727888,0.009538902753360112
2023-06-28,0.0011005225482844105,0.0012638205357275224,0.0009777032176515599,0.0009777032176515599,0.0013461612095501119
2023-06-29,-0.003956851879193739,0.0038952620161472164,-0.009560162567129216,-0.009560162567129216,0.007249769496677216
2023-06-30,0.009523701472537708,0.009963347439107938,0.00921958871528128,0.00921958871528128,0.010131926987050566
2023-07-03,-0.001354553335973378,-7.355766138490427e-05,-0.0022700911488662268,-0.0022700911488662268,0.00047652228981232003
2023-07-05,-0.005562103723400602,-0.00424691573639927,-0.006508192782389899,-0.006508192782389899,-0.0036699256054220086
2023-07-06,-0.00920965367785139,-0.010087586534157412,-0.008573805674534363,-0.008573805674534363,-0.010481349684485441
2023-07-07,0.0007613228656025983,0.0007867875541065605,0.0007375128655255914,0.0007375128655255914,0.0008089428657566122
2023-07-10,0.0027502068287171464,0.005123297708551289,0.0010506890814716563,0.0010506890814716563,0.006149242323208126
2023-07-11,0.0057400284116338645,0.007570824346487326,0.004442564114922831,0.004442564114922831,0.008334957005055932
2023-07-12,0.01066726938422687,0.008348486731125426,0.012319935391235326,0.012319935391235326,0.007361937370209959
2023-07-13,0.005689330580356107,0.005818108826721869,0.005607070075828391,0.005607070075828391,0.005853851589411541
2023-07-14,-0.004133334948348148,-0.003557963309588896,-0.004539969348924422,-0.004539969348924422,-0.0033200661471955994
2023-07-17,0.0021290663141413737,0.004259401884555103,0.0006072202505293944,0.0006072202505293944,0.005172758441365333
2023-07-18,0.008613793170033338,0.00948363078136789,0.007989889003521933,0.007989889003521933,0.00986160150305615
2023-07-19,0.004720171599863228,0.0033118024265749945,0.0057256463730031015,0.0057256463730031015,0.002709222053583482
2023-07-20,-0.006489140574819419,-0.0034905927912956434,-0.008611236703419012,-0.008611236703419012,-0.0022449483176202323
2023-07-21,-0.0005469543501431066,0.0006026626786854062,-0.0013794538272211554,-0.0013794538272211554,0.001118044604012991
2023-07-24,-0.0009993777567435986,0.0031429407849169365,-0.00395510686792,-0.00395510686792,0.004912080465609203
2023-07-25,0.002062779156762303,0.0023603706204246345,0.0018494992278239586,0.0018494992278239586,0.0024893390146389915
2023-07-26,0.0019423176434851808,0.0005395369710694431,0.002937638575738921,0.002937638575738921,-4.832422102230005e-05
2023-07-27,-0.014141941298427016,-0.009338232704385496,-0.01761697784300198,-0.01761697784300198,-0.007191868209277086
2023-07-28,0.007174405142698663,0.00805255570657828,0.006554477727395813,0.006554477727395813,0.008414259973304361
2023-07-31,0.0031295846775453162,0.003949810108154361,0.0025514510252939715,0.0025514510252939715,0.004285851982048006
2023-08-01,-0.009605576941253191,-0.004296349662011067,-0.013396805672172385,-0.013396805672172385,-0.0020231194794148033
2023-08-02,-0.009535457033018871,-0.012028365145622411,-0.007729951672325708,-0.007729951672325708,-0.0131464677544052
2023-08-03,-0.008135151154268069,-0.003121558933150137,-0.011719902832117102,-0.011719902832117102,-0.0009656477985700018
2023-08-04,0.005659111407626982,-0.0013433236105205083,0.010654970326895885,0.010654970326895885,-0.004332606430910824
2023-08-07,-0.0015996447923654067,0.004661605922797218,-0.00606460724870328,-0.00606460724870328,0.00733028012031034
2023-08-08,0.0006218227672880975,-0.0022467756455071706,0.002641924877694435,0.002641924877694435,-0.003418381453524577
2023-08-09,-0.001466622925960374,-0.003806317481560506,0.00020522055570049158,0.00020522055570049158,-0.004810309889282105
2023-08-10,-0.005850435855212425,-0.0017822781273216571,-0.00876927447418141,-0.00876927447418141,-1.2758617274455375e-05
2023-08-11,-0.0001870824898158411,0.0011533752912361028,-0.0011499797880302198,-0.0011499797880302198,0.0017387121066129163
2023-08-14,-0.0005631358037180659,0.0023094290901841006,-0.0026203114939824523,-0.0026203114939824523,0.0035512155768107068
2023-08-15,-0.007027514298047821,-0.01070847182560929,-0.004377533326131666,-0.004377533326131666,-0.012327476241880131
2023-08-16,-0.0071487157679099855,-0.007627326412722402,-0.0068033600337983335,-0.0068033600337983335,-0.00783942723613329
2023-08-17,-0.003941754483653785,-0.005438244461864394,-0.0028912249776984478,-0.0028912249776984478,-0.006042813495564459
2023-08-18,0.0019970799113814275,0.002151956588149506,0.0018535633461875811,0.0018535633461875811,0.0022841130417691202
2023-08-21,-0.0021820901226542086,0.0021919765433252914,-0.005300646326607761,-0.005300646326607761,0.004055022285252896
2023-08-22,0.0017035282038229866,-0.0024538517135728743,0.004659761661797823,0.004659761661797823,-0.004208938712126686
2023-08-23,0.014591657128956603,0.010631430372938422,0.017427881065271267,0.017427881065271267,0.008919209256327276
2023-08-24,-0.006505934145529728,-0.010904058407868743,-0.0034115481002230386,-0.0034115481002230386,-0.012694706236143105
2023-08-25,0.0030824052884645217,0.006018987864290115,0.0009904160030921316,0.0009904160030921316,0.007266383859209302
2023-08-28,0.0034765388204469616,0.005596631356114634,0.001964555186528383,0.001964555186528383,0.006500506088284119
2023-08-29,0.01087597341711044,0.01196312124355805,0.01009141098546018,0.01009141098546018,0.01244509828041096
2023-08-30,0.001659140168544922,0.0029533744760883995,0.000733360773738978,0.000733360773738978,0.0035106989581568104
2023-08-31,0.00031524193900656083,-0.0012127401600725563,0.0014022183251859444,0.0014022183251859444,-0.0018587108333522062
2023-09-01,-0.002895073693439184,0.003623000337137561,-0.0075492205923225475,-0.0075492205923225475,0.006413220104327544
2023-09-05,-0.009133279738514374,-0.006358472512620661,-0.011108257936332855,-0.011108257936332855,-0.005183323342877411
2023-09-06,-0.0024050031322154406,-0.004322476603527336,-0.0010332056757164088,-0.0010332056757164088,-0.005148598045213504
2023-09-07,-2.4503147567744854e-05,-0.002763147454211212,0.0019218127974236499,0.0019218127974236499,-0.003917135037550534
2023-09-08,0.0020903800834330597,0.002100294305509909,0.0020841567356784108,0.0020841567356784108,0.002102826778942357
2023-09-11,-0.0006557244395071216,0.002150046104498615,-0.0026725064842749724,-0.0026725064842749724,0.00337783965002858
2023-09-12,-0.00010492977817148456,-0.0006586453672396853,0.00030552795277438705,0.00030552795277438705,-0.0009258452400632278
2023-09-13,-0.0011851648421277543,-0.001087424477370591,-0.0012585967190735792,-0.0012585967190735792,-0.0010383010882361043
2023-09-14,0.0007599662385486076,0.006531585811881524,-0.003354853399703872,-0.003354853399703872,0.008989605515053567
2023-09-15,-0.003778155143534745,-0.009406302687784062,0.000256016201617304,0.000256016201617304,-0.011846497833838843
2023-09-18,0.004261650568737989,0.002110255506522074,0.005794271567733489,0.005794271567733489,0.0011964085707469874
2023-09-19,-0.0036640293917452236,-0.0029727688536345443,-0.004166908775787959,-0.004166908775787959,-0.002658270623659753
2023-09-20,-0.0015250306558303173,-0.006380867458973549,0.0019281413416736282,0.0019281413416736282,-0.008431374650838208
2023-09-21,-0.01581169684293123,-0.014838019306355121,-0.016490256155819782,-0.016490256155819782,-0.014454578217154124
2023-09-22,0.0032019154701951047,-0.00019732705990357368,0.005622976366245869,0.005622976366245869,-0.0016402063219064233
2023-09-25,-0.008339710019179844,0.0008441381004470783,-0.014906855253050577,-0.014906855253050577,0.004794580448561625
2023-09-26,-0.007988385701616862,-0.011119722348342253,-0.005733112344978197,-0.005733112344978197,-0.012498932414894193
2023-09-27,-0.0045828737583198205,0.0012678324697748544,-0.008756982833618254,-0.008756982833618254,0.003765344392277048
2023-09-28,0.0013292477484139198,0.004499868475597491,-0.0009456900526098044,-0.0009456900526098044,0.005879123350461368
2023-09-29,-0.005226903042874283,-0.005510329544280723,-0.005056312301369603,-0.005056312301369603,-0.005568084525883643
2023-10-02,-0.010295273113176054,-0.005598229603267046,-0.01364237109019828,-0.01364237109019828,-0.003601077159131605
2023-10-03,-0.012429272520278886,-0.012678434764532842,-0.012225764415913276,-0.012225764415913276,-0.012836288729010104
2023-10-04,0.0053582612669867595,0.003112154328674499,0.006982950390934883,0.006982950390934883,0.002108883019090513
2023-10-05,-0.002134868591895489,-0.0003614464232912784,-0.003410229153408162,-0.003410229153408162,0.00041585253112985665
2023-10-06,0.0015107575786661442,0.008387779810238916,-0.003450140247673983,-0.003450140247673983,0.011432553231346398
2023-10-09,0.01666930280676467,0.01076940335594836,0.02087539410960315,0.02087539410960315,0.008257120201087709
2023-10-10,0.0007011853257716805,0.0037841601893742415,-0.0015023659832137382,-0.0015023659832137382,0.005108287943742518
2023-10-11,0.009574910973740303,0.0032929201519610097,0.014068743945601314,0.014068743945601314,0.0005872450300182797
2023-10-12,-0.01215928450274469,-0.00803554067994472,-0.015113546841613923,-0.015113546841613923,-0.006250759825006225
2023-10-13,0.016286019430595117,0.004144946433074314,0.024962284126170298,0.024962284126170298,-0.0010665099605552397
2023-10-16,-0.0035804343204247266,0.006092489106478971,-0.010477899472276953,-0.010477899472276953,0.010214495983279726
2023-10-17,-0.0023077881292173177,0.0008137950763797419,-0.004567170675360277,-0.004567170675360277,0.0022109769630686005
2023-10-18,-0.0016149398810536193,-0.007829305196726411,0.00284071172402911,0.00284071172402911,-0.010526243091219079
2023-10-19,-0.005754896833304361,-0.008032968317476718,-0.004126806817988604,-0.004126806817988604,-0.009011076863935874
2023-10-20,-0.0014217931820277308,-0.009288220639952927,0.004202517036649089,0.004202517036649089,-0.012670413619381371
2023-10-23,0.0012131493357419032,-0.0031672608115691837,0.004340006191459356,0.004340006191459356,-0.005040564375693002
2023-10-24,0.005821124408470231,0.0048246027212498046,0.006533230548562474,0.006533230548562474,0.004396912128285746
2023-10-25,-0.009579868181718151,-0.010297094159715081,-0.009053786041455236,-0.009053786041455236,-0.010632032462243979
2023-10-26,0.002509052015048289,-0.0058164430545528225,0.008458714583327254,0.008458714583327254,-0.00939027312150964
2023-10-27,-0.0006915454467797769,-0.006839797754642463,0.003698301511045554,0.003698301511045554,-0.00947123936243044
2023-10-30,1.993854451728024e-05,0.007162731837024883,-0.005070612827355547,-0.005070612827355547,0.010201041288262935
2023-10-31,-0.0013329117111372895,0.004025385168709794,-0.005158677647125964,-0.005158677647125964,0.0063186201608400605
2023-11-01,0.008904449562228875,0.008448110261882535,0.00923711561484264,0.00923711561484264,0.008239117457001344
2023-11-02,0.015659978459589812,0.019392860151045955,0.01304126670745065,0.01304126670745065,0.020897401963868134
2023-11-03,0.006550987496944753,0.008345748865247093,0.005275116908874944,0.005275116908874944,0.00910272867308437
2023-11-06,-0.006076066979176731,-0.002336010818959777,-0.008755260564674239,-0.008755260564674239,-0.0007176798081817148
2023-11-07,0.0034483179510445736,0.0008807902315826954,0.0052930431758596574,0.0052930431758596574,-0.0002411324985855945
2023-11-08,0.0016087502921905046,-0.0010523371596852682,0.003513068289414445,0.003513068289414445,-0.002199885702257376
2023-11-09,-0.009238495380960257,-0.008840732604696455,-0.009537894230993493,-0.009537894230993493,-0.008639697680893788
2023-11-10,0.0030169801549133624,0.010991924421325927,-0.0026568517637434175,-0.0026568517637434175,0.014364643992226922
2023-11-13,0.0012593213487346693,0.0006864838604579093,0.0016642479369790575,0.0016642479369790575,0.00044946817224589264
2023-11-14,0.017353771407964864,0.019614941112575356,0.015804889307056147,0.015804889307056147,0.0204515356097823
2023-11-15,-0.0049145056148613975,-0.00010882471150549521,-0.008346993947520809,-0.008346993947520809,0.0019504710504574252
2023-11-16,0.007015326715986481,0.00027352242172588024,0.011840838863352854,0.011840838863352854,-0.0026356975787462655
2023-11-17,0.0030876409612650146,0.004213871984641371,0.002291478450537454,0.002291478450537454,0.004679965982720136
2023-11-20,0.003912135098852539,0.006215576640365539,0.00226059715369209,0.00226059715369209,0.007215210989173437
2023-11-21,0.002297730364351399,-0.0017356434010797784,0.005181961444814087,0.005181961444814087,-0.003470731796573978
2023-11-22,0.001105740988327793,0.003120120009098626,-0.0003590184372543881,-0.0003590184372543881,0.004035259839492156
2023-11-24,-0.0013573936169936813,0.001356088386872567,-0.0032941737119396297,-0.0032941737119396297,0.002516166572898215
2023-11-27,0.0069441680451776495,0.0002833697636113186,0.011703792053916029,0.011703792053916029,-0.0025750799722991102
2023-11-28,0.005044684062031808,0.0013998385202519392,0.007647304108098663,0.007647304108098663,-0.00016055603010189934
2023-11-29,0.004929018904807385,0.0019894824783448727,0.007015947046239646,0.007015947046239646,0.000755162621942862
2023-11-30,-0.0030692091267602306,0.003655130953982033,-0.007868319050847727,-0.007868319050847727,0.006529010721414763
2023-12-01,0.014764088510559695,0.010152102162556641,0.018049475495385048,0.018049475495385048,0.008193314540908991
2023-12-04,-0.009415788674817257,-0.004652079196224179,-0.012823094401293256,-0.012823094401293256,-0.0026011772218652585
2023-12-05,0.004599712795102369,-0.0013126657620937566,0.008823684132377996,0.008823684132377996,-0.0038482298794488834
2023-12-06,0.003961821550175881,-0.0024126477832153493,0.00849610946778423,0.00849610946778423,-0.005106754285040815
2023-12-07,0.00027842787444132266,0.003527564899304614,-0.002039420145816484,-0.002039420145816484,0.004914123914956936
2023-12-08,-0.005246660317261916,0.002471292270584424,-0.010763316910412324,-0.010763316910412324,0.0057866528690389
2023-12-11,-0.002658616032747011,0.0028309205875685526,-0.006581837027723636,-0.006581837027723636,0.005187825957206238
2023-12-12,0.0016668519186082327,0.0023010292159603707,0.0012147570493077353,0.0012147570493077353,0.0025710416572092276
2023-12-13,0.020825978023738607,0.017819734804381305,0.02297770395881993,0.02297770395881993,0.016522526153575967
2023-12-14,0.013355873596013682,0.009835098330656756,0.015897496440964387,0.015897496440964387,0.008272627906112273
2023-12-15,-0.0034942441235974453,-0.0027546469065759084,-0.00402603506733934,-0.00402603506733934,-0.0024306622361136565
2023-12-18,8.655417950594509e-05,0.002592279100021311,-0.0017147613612290558,-0.0017147613612290558,0.003689185260975947
2023-12-19,0.006868055881566211,0.007956900434329816,0.006098287636287614,0.006098287636287614,0.008407592372123407
2023-12-20,-0.004459580885425825,-0.011616168527305371,0.000660422864751653,0.000660422864751653,-0.014699588385780782
2023-12-21,0.0037228767420216524,0.008428454589807843,0.0003733395844641718,0.0003733395844641718,0.010421951057136614
2023-12-22,0.0009825735435919913,0.0023882814869225833,-2.694542247883014e-05,-2.694542247883014e-05,0.0030016114757336343
2023-12-26,0.005420668002954192,0.005695342315082108,0.0052279850307690445,0.0052279850307690445,0.005806033947324485
2023-12-27,0.00797052640658095,0.0035780865062253085,0.011109649126865406,0.011109649126865406,0.0016922809660120386
2023-12-28,-0.004830504483844848,-0.002428864016387711,-0.006543903667407869,-0.006543903667407869,-0.0014037061167188059
2023-12-29,-0.00484191047337094,-0.004202539894561141,-0.005296980611870894,-0.005296980611870894,-0.003931770196371032
2024-01-02,-0.003152105208212963,-0.0029579059675073015,-0.00405652035151205,-0.0026998976365634197,-0.0026998976365634197
2024-01-03,-0.00545834023291647,-0.006125264827415466,-0.0020458056388781287,-0.00716460752993564,-0.00716460752993564
2024-01-04,-0.004465668882436639,-0.003950971883446908,-0.007101632091905508,-0.0031476872777022047,-0.0031476872777022047
2024-01-05,-0.0012419916474010195,-0.0005575019101362599,-0.004706835107402552,0.0004904300825997465,0.0004904300825997465
2024-01-08,0.007636741437751282,0.008959143872086595,0.0010363303871218088,0.010936946963066019,0.010936946963066019
2024-01-09,-0.0038056456087798654,-0.003982874385135715,-0.003024201288959527,-0.004196367768690035,-0.004196367768690035
2024-01-10,0.0007245506819159031,0.0015601331354969327,-0.003465773435324837,0.002819712740536273,0.002819712740536273
2024-01-11,0.0010682824669805413,0.0005220253480147207,0.0037946955928740422,-0.00029492409596620917,-0.00029492409596620917
2024-01-12,0.0018609702425282186,0.001418610263102793,0.003933964174950733,0.0008244732763169615,0.0008244732763169615
2024-01-16,-0.00922593988521995,-0.008344692459611325,-0.01357493915572705,-0.007051440249966401,-0.007051440249966401
2024-01-17,-0.005246748172839026,-0.005054898717208389,-0.006304812228194123,-0.004717716145161477,-0.004717716145161477
2024-01-18,0.004376357970570603,0.0053669606427402036,-0.0005389490750780102,0.006834011493394909,0.006834011493394909
2024-01-19,0.008971674599779137,0.01017222829323996,0.0030965942992939866,0.011909214750021713,0.011909214750021713
2024-01-22,0.004184357482419336,0.00480934117608397,0.0010903356531306585,0.005731368397063674,0.005731368397063674
2024-01-23,4.070170099620037e-05,0.00044329171643004984,-0.002012878171905208,0.0010674916374469046,0.0010674916374469046
2024-01-24,-0.001331524506244075,-0.0002251954930809985,-0.007027010065319694,0.0015162182732937346,0.0015162182732937346
2024-01-25,0.006036288696913639,0.0061891810642408,0.0052543141494569845,0.006427275970641966,0.006427275970641966
2024-01-26,-0.00046192139666130966,-0.000294397077444275,-0.001305104170348237,-4.033000981784607e-05,-4.033000981784607e-05
2024-01-29,0.007995809769175244,0.0077431406598618465,0.009278985934383588,0.007354221686571072,0.007354221686571072
2024-01-30,0.0021002063536506763,0.001458621098683388,0.00522972776339703,0.0005354456487774994,0.0005354456487774994
2024-01-31,-0.008650313177312907,-0.011265835126114288,0.004538084417143762,-0.015244511974541242,-0.015244511974541242
2024-02-01,0.011226594307638319,0.010492223368311338,0.014978825306712906,0.009350478808101026,0.009350478808101026
2024-02-02,-0.0019072241771202296,0.0008468131426391023,-0.015772691597145228,0.005025509532892269,0.005025509532892269
2024-02-05,-0.006625810618689128,-0.005375014233845643,-0.012865080424090958,-0.0035061757159882134,-0.0035061757159882134
2024-02-06,0.004617864600392189,0.0040418430626926625,0.00749513180779493,0.0031792309966908183,0.0031792309966908183
2024-02-07,0.002966286820887213,0.004077522134709677,-0.002552049817773794,0.005725455140217717,0.005725455140217717
2024-02-08,0.0011351674903575433,0.0020333257921185343,-0.0033562163837248526,0.0033808594273987413,0.0033808594273987413
2024-02-09,0.0015464925163826138,0.0024515379179391285,-0.00294741800442333,0.0037934477767855856,0.0037934477767855856
2024-02-12,0.0019874261236866677,0.0025329333748044026,-0.0007162521455299498,0.0033392652582949767,0.0033392652582949767
2024-02-13,-0.016345545215156077,-0.016491807730293795,-0.015488478648863935,-0.016774078498302147,-0.016774078498302147
2024-02-14,0.006968719732885191,0.007927379134968904,0.0022478097104084993,0.009329174744123536,0.009329174744123536
2024-02-15,0.010052918485571475,0.010891719732259908,0.005952487689624419,0.012103133883545003,0.012103133883545003
2024-02-16,-0.003802053539033808,-0.004356777329309547,-0.0010504514164662027,-0.005177854600317611,-0.005177854600317611
2024-02-20,-0.0033082195090206046,-0.004663233331119965,0.0034688793458979017,-0.006696768936479858,-0.006696768936479858
2024-02-21,-0.00027138622032392884,0.00037646649019711375,-0.003526902180940983,0.0013563717599845981,0.0013563717599845981
2024-02-22,0.011432496250436111,0.013230919041295119,0.0026529437606743755,0.01582227249531698,0.01582227249531698
2024-02-23,0.003408431289340467,0.00217580055221136,0.009515135027132082,0.00035507942044465945,0.00035507942044465945
2024-02-26,-0.0012798383686989008,-0.0010190491391194878,-0.002600937900661182,-0.0006192886027177602,-0.0006192886027177602
2024-02-27,-0.0003025980646328789,0.0004511646742693887,-0.004058855888394053,0.001575530847247708,0.001575530847247708
2024-02-28,-0.0005538154334515285,-0.0014818127565852657,0.0040766787484476374,-0.0028690625244011114,-0.0028690625244011114
2024-02-29,0.004324552717830314,0.003963179665432781,0.006103793507096222,0.0034349323231973594,0.0034349323231973594
2024-03-01,0.010649500534053669,0.010280582026475448,0.01256664655091444,0.009690927525623283,0.009690927525623283
2024-03-04,0.0005255259084254726,-0.0005865584710689209,0.006068942624643747,-0.0022461824496836647,-0.0022461824496836647
2024-03-05,-0.0026633397591691774,-0.005197790682044001,0.010126908502054777,-0.009058463889781154,-0.009058463889781154
2024-03-06,0.00606057370771899,0.005852081084360483,0.0070367684361971605,0.005572476343479904,0.005572476343479904
2024-03-07,0.006129556053369363,0.006891707146551218,0.002375920735309678,0.008006373712399206,0.008006373712399206
2024-03-08,-0.0016872296992734477,-0.002702669365111343,0.0033353163721860923,-0.004198502735003218,-0.004198502735003218
2024-03-11,1.0115837440668092e-06,-0.00013314578891369112,0.0006579850507636431,-0.00032747514976572134,-0.00032747514976572134
2024-03-12,0.0015647227984059524,0.0038284820082080005,-0.009659841457115514,0.007177004926166686,0.007177004926166686
2024-03-13,0.0007183066289414564,0.0006536946896127493,0.0010756131938837177,0.0005396533464703257,0.0005396533464703257
2024-03-14,-0.005462299628158029,-0.004594273815566774,-0.00978091921263935,-0.0033029898359173693,-0.0033029898359173693
2024-03-15,-0.003872889762165562,-0.0042965288797216835,-0.0017587481752466827,-0.0049299605556250015,-0.0049299605556250015
2024-03-18,0.0019092386378745847,0.002421386033270545,-0.000705588194331197,0.0032166520539774757,0.0032166520539774757
2024-03-19,0.0043352632191932345,0.005022406130716828,0.0008282112467863367,0.006088789205396683,0.006088789205396683
2024-03-20,0.007843410022963293,0.008239488752982938,0.005807627100285484,0.008861301484302198,0.008861301484302198
2024-03-21,0.003760217056841819,0.0043805789812202175,0.0005789617782656631,0.005350844696129897,0.005350844696129897
2024-03-22,-0.0028499678859653286,-0.003576507357811154,0.0007725604071950887,-0.004661232032545537,-0.004661232032545537
2024-03-25,-0.0011873891246853747,-0.0012463863098508775,-0.0009037282938396674,-0.0013292195401082285,-0.0013292195401082285
2024-03-26,2.0900468749474044e-05,-0.0005927296135664117,0.0030173291719648443,-0.001477313882858211,-0.001477313882858211
2024-03-27,0.009938280090539134,0.010228622203978178,0.008571539245519455,0.010621650513048975,0.010621650513048975
2024-03-28,0.003328686275886894,0.002795571260856,0.0060182068484583295,0.0019839259896011763,0.0019839259896011763
2024-04-01,-0.0029843975089114774,-0.002736984774812645,-0.004222901462350603,-0.0023651455321919146,-0.0023651455321919146
2024-04-02,-0.0033967367985202612,-0.004992970413778153,0.004631277210160323,-0.007410743802860553,-0.007410743802860553
2024-04-03,0.0028486375634700543,0.002541970722022413,0.004299253482967114,0.0021233296037215244,0.0021233296037215244
2024-04-04,-0.007421731717429547,-0.009162001581497038,0.000715887794697001,-0.011490541473492821,-0.011490541473492821
2024-04-05,0.0066447019530765745,0.00767191014397064,0.0015744432605162562,0.009179831299356733,0.009179831299356733
2024-04-08,0.0010696545850597354,0.0006703845893631932,0.003058073727340349,7.544501391942848e-05,7.544501391942848e-05
2024-04-09,0.0034095255967168856,0.002610218777345896,0.007395257238768549,0.0014166597756910537,0.0014166597756910537
2024-04-10,-0.012899594419061189,-0.012338274265278703,-0.015655563756370117,-0.011521609750406725,-0.011521609750406725
2024-04-11,0.005671228447197659,0.005332458831460019,0.007427327238694881,0.004793179051449048,0.004793179051449048
2024-04-12,-0.011339021874722096,-0.012823144013447297,-0.0038854335303633025,-0.015065816046901492,-0.015065816046901492
2024-04-15,-0.006534087995184438,-0.008250681849581809,0.0015791192287473166,-0.010590691607150315,-0.010590691607150315
2024-04-16,-0.0023541985987823866,-0.0022985518590395992,-0.002696725590730975,-0.0021829351028080923,-0.0021829351028080923
2024-04-17,-0.003233488046685514,-0.0042840487444460226,0.0018562742832356482,-0.005778369211646095,-0.005778369211646095
2024-04-18,-0.001812480579984399,-0.0020225900536584573,-0.0008042474019180901,-0.0023165971690175535,-0.0023165971690175535
2024-04-19,1.718845588238871e-05,-0.0006409297730927243,0.003370654905196835,-0.0016595447687748344,-0.0016595447687748344
2024-04-22,0.0024392026302129852,0.004224247782447166,-0.00982420267720685,0.008570905283922903,0.008570905283922903
2024-04-23,0.011266786518338012,0.008812290560444557,0.011266786518338012,0.011266786518338012,0.011266786518338012
2024-04-24,-0.0001317844460888562,-0.0010075393408408462,-0.0001317844460888562,-0.0001317844460888562,-0.0001317844460888562
2024-04-25,-0.004185883996655204,-0.0035011801172200262,-0.004185883996655204,-0.004185883996655204,-0.004185883996655204
2024-04-26,0.004864975615233469,0.004749793716340711,0.004864975615233469,0.004864975615233469,0.004864975615233469
2024-04-29,0.004069867031333385,0.003890126533475169,0.004069867031333385,0.004069867031333385,0.004069867031333385
2024-04-30,-0.013999376277242718,-0.016057774855439345,-0.01655717505255372,-0.008883778726620717,-0.01655717505255372
2024-05-01,0.00017104606387966884,-0.0014333394345912409,-0.003849566645868996,0.008212271483376998,-0.003849566645868996
2024-05-02,0.006139657037009878,0.007246373128032124,0.008897995275308435,0.000622980560412767,0.008897995275308435
2024-05-03,0.008808847962311147,0.009628061064950278,0.010881427015000833,0.004663689856931774,0.010881427015000833
2024-05-06,0.00864360494229984,0.008947290971152922,0.009362359715670676,0.007206095395558165,0.009362359715670676
2024-05-07,0.0012266371933385238,0.0013205010799366979,0.0014643558903807419,0.0007511997992540875,0.0014643558903807419
2024-05-08,-0.0014849334358614612,-0.0008963349935367737,2.399670782482488e-05,-0.004502793723234033,2.399670782482488e-05
2024-05-09,0.008139831866357397,0.00770375915403394,0.007047757702294932,0.01032398019448233,0.007047757702294932
2024-05-10,0.0006843329538242701,0.000566041694885,0.000403024719974554,0.001246949421523702,0.000403024719974554
2024-05-13,-0.0014540541846350303,-0.0008910311393983017,-1.6464038051999808e-05,-0.004329234477801092,-1.6464038051999808e-05
2024-05-14,0.005988197540466311,0.00577583725836055,0.005458747616805093,0.007047097387788748,0.005458747616805093
2024-05-15,0.01245971202725582,0.01233369518067604,0.012076114483251299,0.013226907115264863,0.012076114483251299
2024-05-16,-0.0023846382602960756,-0.002375041087190566,-0.0023606397946152047,-0.002432635191657817,-0.0023606397946152047
2024-05-17,0.0037902454876550897,0.0035819853034452344,0.0032549636634234824,0.004860809136118305,0.0032549636634234824
2024-05-20,-0.00022730150013435443,-0.0003763398895165748,-0.0006082428554208263,0.0005345812104385894,-0.0006082428554208263
2024-05-21,-0.0004140598838947203,0.0013758186465690047,-0.0043531623101262795,0.0018473378949784847,0.0012636447634636339
2024-05-22,-0.007306359451157392,-0.00548633791905444,-0.008599434288584784,-0.008599434288584784,-0.0047202097763026085
2024-05-23,-0.012339304150595217,-0.011172403650563267,-0.013208225390069273,-0.013208225390069273,-0.010601461671647106
2024-05-24,0.00295249605765339,0.004350844179154334,0.0019538380173658165,0.0019538380173658165,0.004949812138228538
2024-05-28,-0.0017217385316529537,-0.0014586273399900484,-0.001909871195736268,-0.001909871195736268,-0.0013454732034863248
2024-05-29,-0.010434379064417501,-0.010036784117951081,-0.010716090550879409,-0.010716090550879409,-0.009870956091493688
2024-05-30,0.002596505086302492,-0.0018415329771687915,0.00577656849183894,0.00577656849183894,-0.003763621724770405
2024-05-31,0.00844356189356299,0.008812113639604735,0.00047913536469157414,0.013968126706051964,0.01088342360994543
2024-06-03,0.002046999550832614,-5.621572308650569e-05,0.0125272998246575,-0.0031931505860798293,-0.0031931505860798293
2024-06-04,-0.0007988227606918752,-0.0012242549158827166,0.0013384976155148554,-0.0018674829487952405,-0.0018674829487952405
2024-06-05,0.009799704691584976,0.009872298646495548,0.009579797547858426,0.009909658263448251,0.009909658263448251
2024-06-06,0.000919862878199155,0.000511949634706188,0.002946338826772088,-9.337509608731143e-05,-9.337509608731143e-05
2024-06-07,-0.010034261851289564,-0.006599019271499007,-0.02710785560951834,-0.0014974649721751776,-0.0014974649721751776
2024-06-10,0.002305244736912959,0.0025057038549358814,0.0012456770084916524,0.0028350286011236125,0.0028350286011236125
2024-06-11,0.002503000343718975,0.0016748971846567429,0.006595490653872105,0.0004567551886424104,0.0004567551886424104
2024-06-12,0.005432977558617121,0.005441795602236154,0.005127035017639114,0.005585948829106124,0.005585948829106124
2024-06-13,0.0005705544624281522,3.494523380601633e-05,0.0032590430808356885,-0.0007736898467756159,-0.0007736898467756159
2024-06-14,0.002026381459157678,0.0002959348509132487,0.010678463288349205,-0.0022996594554380856,-0.0022996594554380856
2024-06-17,0.0024620790686072556,0.004457029515108924,-0.007554810059332784,0.007470523632577275,0.007470523632577275
2024-06-18,0.0037920769250282906,0.003231044718369591,0.006589378937780888,0.0023934259186519924,0.0023934259186519924
2024-06-20,0.0017015851018967372,0.0014468749180235774,0.002921984090646479,0.0010913856075218664,0.0010913856075218664
2024-06-21,-0.0034124290216214956,-0.002545855485794846,-0.007749700556762051,-0.0012437932540512175,-0.0012437932540512175
2024-06-24,0.002414221590910426,0.002126102850041267,0.003999797371825764,0.0016214337004527568,0.0016214337004527568
2024-06-25,0.0006602240157334386,0.001129139248998845,-0.0016311736146298328,0.0018059228309150743,0.0018059228309150743
2024-06-26,-0.005549623701185132,-0.004311086243858886,-0.011759155606840266,-0.002444857748357565,-0.002444857748357565
2024-06-27,0.00380686371839715,0.0030376133526854644,0.007651185240801217,0.0018847029571951168,0.0018847029571951168
2024-06-28,-0.0030885647900101842,-0.0018710579880599765,-0.009242511095138517,-1.1591637446017877e-05,-1.1591637446017877e-05
2024-07-01,-0.002018724955357968,-0.0009596047329184287,-0.0073440222824803225,0.000643923708203209,0.000643923708203209
2024-07-02,0.004444424296081236,0.004530072652476447,0.0038716392706227287,0.00473081680881049,0.00473081680881049
2024-07-03,0.0056104343437436794,0.004293027886010959,0.012186285913901473,0.002322508558664782,0.002322508558664782
2024-07-05,0.004333999934491424,0.0030356607682321514,0.010867290781794159,0.0010673545108400573,0.0010673545108400573
2024-07-08,-0.0011329571374544267,-0.0003331890053864583,-0.00513001408808289,0.0008655713378598051,0.0008655713378598051
2024-07-09,-0.0005262579206318785,-0.00036149829531013645,-0.0013631672800354933,-0.0001078032409300711,-0.0001078032409300711
2024-07-10,0.007434289568437909,0.008245460220233314,0.00340629845780116,0.009448285123756284,0.009448285123756284
2024-07-11,0.005107184074354472,0.003405834109914996,0.01371816760782707,0.0008016923076181737,0.0008016923076181737
2024-07-12,0.004912686563287731,0.005531139185702349,0.0018313668004705796,0.006453346444696306,0.006453346444696306
2024-07-15,0.0034099343442356433,0.004931940003432267,-0.0041391236048685665,0.007184463318787748,0.007184463318787748
2024-07-16,0.012754833270859725,0.01194145591084439,0.016981343523449377,0.0106415781445649,0.0106415781445649
2024-07-17,-0.00620097375652288,-0.006953227809285823,-0.002209747077332569,-0.008196587096118035,-0.008196587096118035
2024-07-18,-0.008778050159633807,-0.009133855786036416,-0.00701126648433914,-0.00966144199728114,-0.00966144199728114
2024-07-19,-0.009062443698021524,-0.008484681531713788,-0.011907987243941931,-0.00763967192506132,-0.00763967192506132
2024-07-22,0.005623927447640731,0.007025530802680391,-0.0012845126685213648,0.009078147505721779,0.009078147505721779
2024-07-23,-0.0008714629640256636,-0.0012625207820753381,0.0010575798464770303,-0.0018359843692770106,-0.0018359843692770106
2024-07-24,-0.01399899169453452,-0.015286058360457544,-0.007146786266785776,-0.017425094408408892,-0.017425094408408892
2024-07-25,-0.0014337667356460655,-0.000382470792839007,-0.0037385426334842764,0.00044797171228960764,-0.001010729285743528
2024-07-26,0.010555701094678885,0.010971583208836778,0.009162433033998107,0.011406328433501978,0.011098341816536572
2024-07-29,-0.0006799351340307883,-0.0019459327201304167,0.00199253899890639,-0.002909984587065928,-0.0011223598139328272
2024-07-30,0.004300623042554926,0.0006322963124873682,0.0069111099888465866,-0.0009203508500283952,0.0069111099888465866
2024-07-31,0.013361557370756024,0.012301762044229392,0.01414738902733026,0.011789894057607553,0.01414738902733026
2024-08-01,-0.00458698607129467,-0.014634087766777581,0.002588826253130838,-0.018938610720145688,0.002588826253130838
2024-08-02,0.0024899488142459125,-0.014405271152185284,0.014597447659806861,-0.021725048876875985,0.014597447659806861
2024-08-05,-0.011756138054185442,-0.023558493085994493,-0.00362227491740319,-0.028023864327749948,-0.00362227491740319
2024-08-06,-0.006885756712682396,0.00479442126632923,-0.015214740061139542,0.009772209984231894,-0.015214740061139542
2024-08-07,-0.004819790779953463,-0.00638310984830368,-0.003851687793283487,-0.006755996753293414,-0.003851687793283487
2024-08-08,0.011154038131508207,0.020208257868850367,0.00475824138549108,0.023945631623542463,0.00475824138549108
2024-08-09,0.005159518445159421,0.003742541303000646,0.006167711645024276,0.0031431320454297085,0.006167711645024276
2024-08-12,0.006680508010315278,0.0015059786207817006,0.010376111017732281,-0.0007106980045187283,0.010376111017732281
2024-08-13,0.006338015749037733,0.01147981034825173,0.002701785895684261,0.013610475455744675,0.002701785895684261
2024-08-14,0.0006260216345820302,0.002828978152943318,-0.0009474971476326477,0.003773059199011386,-0.0009474971476326477
2024-08-15,0.004147528958815168,0.01341488249909425,-0.002439313750689287,0.01732121437782408,-0.002439313750689287
2024-08-16,0.009368421599139198,0.0043967615729645585,0.012915213503078116,0.0022748377912613638,0.012915213503078116
2024-08-19,0.004149784576160591,0.007852915417824157,0.0015028886351998727,0.009443576458082026,0.0015028886351998727
2024-08-20,0.0019760202798562534,-0.003410584002752959,0.005827258495262111,-0.005726456150955461,0.005827258495262111
2024-08-21,0.0010022206635302473,0.0029117410632368834,-0.0003609625553295803,0.0037285871012499028,-0.0003609625553295803
2024-08-22,-0.009393480004567337,-0.007217882632017869,-0.010965073397290692,-0.006250293219120628,-0.010965073397290692
2024-08-23,0.010519898700512545,0.012626934846116855,0.009040297106464257,0.013479101888609124,0.009040297106464257
2024-08-26,-0.00021596907555147352,-0.0009914317917190329,0.0003329631143564882,-0.001313833455367397,0.0003329631143564882
2024-08-27,0.00035856434203703397,0.00014338079536253546,0.0005038560446620766,6.798093678694883e-05,0.0005038560446620766
2024-08-28,-0.004597497397273369,-0.005252969885559189,-0.004127236806799051,-0.005538018578222004,-0.004127236806799051
2024-08-29,0.001762954170359469,0.0028949404964759284,0.0009547359571008274,0.0033793905968767524,0.0009547359571008274
2024-08-30,-0.0031659415527308297,0.004847489822199014,-0.00889221223998693,0.00828659982178137,-0.00889221223998693
2024-09-03,-0.0033637782069061797,-0.016394905813473026,0.006008455906795995,-0.02210824643431053,0.006008455906795995
2024-09-04,0.0035472357303981683,-0.0009427452645428214,0.006746559899635685,-0.0028514126080768643,0.006746559899635685
2024-09-05,0.002787666229790394,-0.0031262931438253206,0.006996137125702573,-0.005629275562033964,0.006996137125702573
2024-09-06,-0.007875878129612842,-0.013647063458796849,-0.003754480594786447,-0.016118673199265632,-0.003754480594786447
2024-09-09,0.006321273022323807,0.00921987485226763,0.004263822261691752,0.010436174543587917,0.004263822261691752
2024-09-10,0.003925933970941653,0.0014359175290457604,0.005704049120007104,0.00036970367281075056,0.005704049120007104
2024-09-11,0.0014758736985704217,0.00521707503907719,-0.001189655945399437,0.006806932986510139,-0.001189655945399437
2024-09-12,0.006818801730437585,0.007375740442634338,0.006427940979999436,0.007600523231313883,0.006427940979999436
2024-09-13,0.0065888462375713885,0.006985736061602088,0.006316024952708554,0.007134488807297057,0.006316024952708554
2024-09-16,0.004443529289045456,0.004320126469738117,0.004535524491604104,0.00425953888392816,0.004535524491604104
2024-09-17,-0.0028038103545068305,0.000513110392007321,-0.005183141354930143,0.0019548516463397947,-0.005183141354930143
2024-09-18,-0.007600641280192814,-0.004173078669614349,-0.010052722308145912,-0.0026964792242866187,-0.010052722308145912
2024-09-19,0.009568761420544044,0.014402855808679093,0.006108218071286364,0.016489848119059403,0.006108218071286364
2024-09-20,0.0019011992775110158,-0.0016378235654953665,0.00443098831272537,-0.003158378792917693,0.00443098831272537
2024-09-23,0.00043267323586260176,0.0011590289729108473,-8.898258867384712e-05,0.0014759848849354995,-8.898258867384712e-05
2024-09-24,0.004836811575105848,0.001955435961957097,0.006886403240544792,0.0007376282442279614,0.006886403240544792
2024-09-25,-0.005443757425433497,-0.006273712050650038,-0.004851108435895646,-0.006629055404509199,-0.004851108435895646
2024-09-26,0.0035279205528388666,0.0032311606101404823,0.0037174349280653107,0.003148891802385978,0.0037174349280653107
2024-09-27,-0.00014512353359889355,0.0013572574317647801,-0.0013714252892569334,0.0020360788060330703,-0.0011000241175728176
2024-09-30,0.000371040424744451,0.0017123687493256878,-0.006386829857133347,0.00374997556568335,0.00374997556568335
2024-10-01,-0.0014041189400306742,-0.0034727264930548563,0.00886011114580798,-0.006536233982950002,-0.006536233982950002
2024-10-02,0.00015103992922960163,0.0009938433801614742,-0.004102987212793452,0.0022780535002411284,0.0022780535002411284
2024-10-03,-0.0022238334208791732,-0.0016532788971319711,-0.005058282289108207,-0.0008066089867646564,-0.0008066089867646564
2024-10-04,0.003909915049946977,0.006699661866501949,-0.007144625218776568,0.01015484846265724,0.008719521905960259
2024-10-07,-0.006004548797108693,-0.006752272717180663,-0.005464623075531416,-0.0070844002402632444,-0.005464623075531416
2024-10-08,-0.0005830423180638681,0.0026019942798268135,-0.002837316688698688,0.003925506423205771,-0.002837316688698688
2024-10-09,-0.0010504301351042706,0.005267007134432444,-0.005568062556919551,0.00798483470852629,-0.005568062556919551
2024-10-10,-0.0003521613075183616,-0.0006195381265269972,0.0017128361075925413,-0.0011914179089901333,-0.0015779021211574928
2024-10-11,0.005028192171004475,0.007887872738719904,0.0034340534328434202,0.00899332093097338,0.0026572021491966247
2024-10-14,0.002173509618376738,0.0052461594991384366,-0.0004274910690783562,0.006663569163579686,0.00028445076062888486
2024-10-15,-0.005104369673996893,-0.007676833853809228,0.007804421372735515,-0.011558765197363097,-0.011558765197363097
2024-10-16,0.0058175641297570175,0.006064879934333733,0.004612432886881068,0.006420129751194992,0.006420129751194992
2024-10-17,-0.0010578140639719107,-0.0003043798899090455,-0.004943376017435219,0.0008849669127597437,0.0008849669127597437
2024-10-18,0.003094814844542141,0.002579105659001235,0.0056763540075512875,0.001804045263037568,0.001804045263037568
2024-10-21,-0.00636564081551938,-0.005872768254508931,-0.00884535623186522,-0.00512578310734646,-0.00512578310734646
2024-10-22,0.001517159706827827,0.0006337923853252048,0.005879316447791716,-0.0006639186636541172,-0.0006639186636541172
2024-10-23,-0.008167762417332747,-0.008309405489064869,-0.0073832222309823115,-0.008560032510507964,-0.008560032510507964
2024-10-24,0.002878160056615675,0.0020404875129492296,0.007053056098902388,0.0007907120354723185,0.0007907120354723185
2024-10-25,-0.00189600905721099,-0.0019471130175407248,-0.0017653129100999587,-0.0019613571307665056,-0.0019613571307665056
2024-10-28,0.002394428012889286,0.00311117022312013,-0.001334925095897388,0.004259104567282623,0.004259104567282623
2024-10-29,0.0015390989948707023,0.0006026924585911031,0.006220455464120089,-0.0008015792397539911,-0.0008015792397539911
2024-10-30,-0.0006419042710131458,-0.0016306435544334197,0.004230723437741002,-0.0030782181253902197,-0.0030782181253902197
2024-10-31,-0.012290341525117284,-0.013308935248645959,-0.006949279798346364,-0.014960872388502744,-0.014960872388502744
2024-11-01,0.0029721727610937756,0.0016164570986804017,0.0002706693522698256,0.004322924465505751,0.004322924465505751
2024-11-04,-0.0009769152786170594,0.001376215255108415,-0.0021175287675170296,-0.00040660853416707443,-0.00040660853416707443
2024-11-05,0.008866772732800676,0.009881878546116819,0.00378897072817308,0.011405673735114474,0.011405673735114474
2024-11-06,0.013091226684561455,0.02156925128819992,-0.02883355359646589,0.03405361682507513,0.03405361682507513
2024-11-07,0.004678996719669241,0.005283386406912438,0.00802056733342893,0.0030082114127893966,0.0030082114127893966
2024-11-08,0.003527046585749168,0.0046775661763401866,0.0003730992904471542,0.005104020233400175,0.005104020233400175
2024-11-11,-0.0016071161328214585,0.00021565813229353913,-0.012422882707847305,0.0038007671546914645,0.0038007671546914645
2024-11-12,-0.006456450163487504,-0.00752241156339849,-0.006456450163487504,-0.006456450163487504,-0.006456450163487504
2024-11-13,-0.0009251082730324933,-0.0027043136816263026,-0.0009251082730324933,-0.0009251082730324933,-0.0009251082730324933
2024-11-14,-0.006190343129183429,-0.004641429748683123,-0.006190343129183429,-0.006190343129183429,-0.006190343129183429
2024-11-15,-0.01234907656465234,-0.01028675787633886,-0.01234907656465234,-0.01234907656465234,-0.01234907656465234
2024-11-18,0.004060930054804457,0.005332399669075838,0.004060930054804457,0.004060930054804457,0.004060930054804457
2024-11-19,0.0006726256559705934,0.0019006558285777242,0.0006726256559705934,0.0006726256559705934,0.0006726256559705934
2024-11-20,0.0028013977595759965,0.0024856340601762785,0.0028013977595759965,0.0028013977595759965,0.0028013977595759965
2024-11-21,0.009232805814850531,0.008153643031621027,0.009232805814850531,0.009232805814850531,0.009232805814850531
2024-11-22,0.005848634268214692,0.006028637409681692,0.005848634268214692,0.005848634268214692,0.005848634268214692
2024-11-25,0.0031750124436268345,0.00217896350942971,0.0031750124436268345,0.0031750124436268345,0.0031750124436268345
2024-11-26,0.002143556901225141,0.0015222051455373365,0.002143556901225141,0.002143556901225141,0.002143556901225141
2024-11-27,-0.0024262094459207573,-0.0010225653691932513,-0.0024262094459207573,-0.0024262094459207573,-0.0024262094459207573
2024-11-29,0.005291429153264859,0.006129730681003753,0.005291429153264859,0.005291429153264859,0.005291429153264859
2024-12-02,-0.00044909348914135006,-0.0009939045599207553,-0.00044909348914135006,-0.00044909348914135006,-0.00044909348914135006
2024-12-03,-0.003327862972483072,-0.0018316831269618583,-0.007094804094619822,-0.0014443924114146967,-0.0014443924114146967
2024-12-04,0.0038608999395091845,0.0032594296944560286,0.0069097617270152956,0.002336469045756129,0.002336469045756129
2024-12-05,-0.003438367240187238,-0.003584132608723889,-0.0026865308539459898,-0.0038142854333078624,-0.0038142854333078624
2024-12-06,-0.00034774475735973215,-0.0006045835108858588,0.0009323191144252618,-0.0009877766932522292,-0.0009877766932522292
2024-12-09,-0.003330252649860199,-0.004083256482563846,0.00035891296779522186,-0.00517483545868791,-0.00517483545868791
2024-12-10,-0.0018392156277197147,-0.0030558649808255733,0.004223242125501625,-0.0048704445043303846,-0.0048704445043303846
2024-12-11,0.0026731965918698566,0.003214008742073471,3.444658595264105e-05,0.003992571594828465,0.003992571594828465
2024-12-12,-0.00911794732750352,-0.008251585277140183,-0.013421546700447484,-0.006966147641031539,-0.006966147641031539
2024-12-13,-0.00397628123825126,-0.0025433313256674195,-0.011165873953918881,-0.00038148488041744866,-0.00038148488041744866
2024-12-16,0.0006087900118040649,0.00019804560036671415,0.0027090819330999327,-0.00044135594884386897,-0.00044135594884386897
2024-12-17,-0.004207251336417713,-0.0049056919282515765,-0.0007023802215330166,-0.005959686893860061,-0.005959686893860061
2024-12-18,-0.025391756452974756,-0.02732258413802947,-0.015859344956728694,-0.030157962201097788,-0.030157962201097788
2024-12-19,-0.0039054546572203272,-0.0033800437747068756,-0.006869061123737086,-0.0024236514239619478,-0.0024236514239619478
2024-12-20,0.010614987849876542,0.011084447656787044,0.008063784864390078,0.011890589342619773,0.011890589342619773
2024-12-23,0.0012775555532397547,0.002922537972754502,-0.006944962924490872,0.005388814792105068,0.005388814792105068
2024-12-24,0.007423790375659027,0.008292772619060496,0.003122941349799735,0.009574214888588672,0.009574214888588672
2024-12-26,0.002343725160926143,0.002175913280253128,0.0031013738555144554,0.0019649008136319868,0.0019649008136319868
2024-12-27,-0.008459497534247276,-0.008627578719879635,-0.0075370622159594,-0.008920715193391215,-0.008920715193391215
2024-12-30,-0.005609562181445149,-0.007217344923426938,0.002423574754966351,-0.0096261306496509,-0.0096261306496509
2024-12-31,-0.00011441505871734314,-0.00023650781433838254,0.00044683346062401874,-0.0003950393183880241,-0.0003950393183880241
2025-01-02,0.002706003939097886,0.001585772508244787,0.00816082978606425,-2.1408984385296037e-05,-2.1408984385296037e-05
2025-01-03,0.0018900930554209456,0.008394740434459657,-0.0055323887634270985,0.01184667005921658,-0.000644002129526644
2025-01-06,-0.002584275920319771,0.0017381550265175628,-0.002846991431417756,0.0028970572651640936,-0.007802893594705651
2025-01-07,-0.004979607737165474,-0.005440173370494172,-0.00281926835595403,-0.006059777427771196,-0.006059777427771196
2025-01-08,0.0017845128860497865,0.0014722964855699017,0.0033056816966021696,0.0010239284807735949,0.0010239284807735949
2025-01-10,-0.009239639406906641,-0.01134546577950959,0.0014692469391633933,-0.014594082579941658,-0.014594082579941658
2025-01-13,0.0019073286011934327,0.003280864508892778,-0.005155478588421025,0.005438732196000662,0.005438732196000662
2025-01-14,0.0033080275185715102,0.003603238534297748,0.0018065561957931742,0.004058763179960678,0.004058763179960678
2025-01-15,0.01591524852385547,0.01665105186438025,0.012355955274137242,0.017694895148714584,0.017694895148714584
2025-01-16,0.0018491653864765034,0.0011829558978753373,0.005070559304236388,0.00023846842759656095,0.00023846842759656095
2025-01-17,0.004747326596346506,0.006044015396478797,-0.0017904274714269919,0.008016203630233254,0.008016203630233254
2025-01-21,0.0102767477870452,0.009916311056911898,0.012201054249732612,0.009314594555701494,0.009314594555701494
2025-01-22,0.0009668154073880775,0.001187672168175169,-4.844616545107705e-05,0.0014744461938076547,0.0014744461938076547
2025-01-23,0.002392547413820001,0.0037719093307920226,-0.004583012389125507,0.005880327315292755,0.005880327315292755
2025-01-24,-0.0006814952633721708,-0.0018998859725818163,0.005359204934539008,-0.0037018453623277603,-0.0037018453623277603
2025-01-27,-0.005757386642121443,-0.0070635067599550076,0.0006933534732931346,-0.008982756699828731,-0.008982756699828731
2025-01-28,0.00430165086351179,0.004376260814400079,0.003988442457989239,0.004458255066273065,0.004458255066273065
2025-01-29,-0.002975221013954976,-0.0029825543124030406,-0.002938381107728927,-0.002993640967068001,-0.002993640967068001
2025-01-30,0.007439864365746211,0.007043109690221883,0.009438503272391374,0.006440544912423629,0.006440544912423629
2025-01-31,-0.0062623788223812316,-0.007076878036356649,-0.0022915624468029527,-0.008247787010170371,-0.008247787010170371
2025-02-03,-0.0007010303579121727,-0.0022867137310464193,0.006753974273362662,-0.00442853267354959,-0.00442853267354959
2025-02-04,0.007669224703771886,0.007890920637957776,0.006468451885518478,0.00826961111289859,0.00826961111289859
2025-02-05,0.009004046001798308,0.008540061907459729,0.011347853784246409,0.007832142110574258,0.007832142110574258
2025-02-06,-0.0016573787039205385,-0.0016892667930982098,-0.001547964700753468,-0.001712085705504074,-0.001712085705504074
2025-02-07,-0.005913201005597335,-0.006643315900634506,-0.002326563909014645,-0.00770651955388868,-0.00770651955388868
2025-02-10,0.0068866959180501714,0.006889240397307428,0.0069514853730980875,0.006854301190526213,0.006854301190526213
2025-02-11,-0.0012709509424952599,-0.0005286160276077645,-0.0050302293826748334,0.0006086882775945268,0.0006086882775945268
2025-02-12,-0.006112273402147705,-0.006113288066647915,-0.006263263221936155,-0.006036778492253481,-0.006036778492253481
2025-02-13,0.010782609877233082,0.01030974373518263,0.013221402663435411,0.009563213484131916,0.009563213484131916
2025-02-14,-0.0017099201628278198,-0.001098802365763829,-0.00478387749291187,-0.0001729414977857946,-0.0001729414977857946
2025-02-18,0.004034562927430614,0.0043755901273143435,0.002370927291576841,0.004866380745357501,0.004866380745357501
2025-02-19,0.0021582341024275475,0.002404537668661488,0.0009025705860767896,0.0027860658606029265,0.0027860658606029265
2025-02-20,-0.0019048436918737515,-0.0027090737649726137,0.002129848301632542,-0.003922189688626898,-0.003922189688626898
2025-02-21,-0.010583549824644786,-0.0138359420531593,0.00557340649865834,-0.018662027986296348,-0.018662027986296348
2025-02-24,-0.0006210902349793231,-0.0015980644574765557,0.004168408423169456,-0.003015839564053713,-0.003015839564053713
2025-02-25,-0.002385456694079339,-0.003257911977842487,0.0020069528758058786,-0.004581661479021948,-0.004581661479021948
2025-02-26,0.0009039745337947233,0.00033648385813626056,0.003727064782296452,-0.0005075705904561412,-0.0005075705904561412
2025-02-27,-0.011445087999762812,-0.01154511131136996,-0.011167936715231974,-0.01158366364202823,-0.01158366364202823
2025-02-28,0.01073995674607342,0.012283287206711591,0.0029968088140722715,0.014611530712073995,0.014611530712073995
2025-03-03,-0.009506830310169597,-0.013265806265490232,0.008938017990879787,-0.01872925446069429,-0.01872925446069429
2025-03-04,-0.008629986711802004,-0.009979003638227757,-0.00181287955304954,-0.012038540291178235,-0.012038540291178235
2025-03-05,0.00406624449125359,0.005463755073472199,-0.0029419720372836355,0.007570352755522203,0.007570352755522203
2025-03-06,-0.011028497132938223,-0.012355994110523483,-0.004194924618445062,-0.014445283390184804,-0.014445283390184804
2025-03-07,0.0035782199871929508,0.00454635033707419,-0.0013178959312912797,0.006026277946435066,0.006026277946435066
2025-03-10,-0.014764096449021732,-0.017760059196229295,0.0008344921142175998,-0.022563390730641397,-0.022563390730641397
2025-03-11,-0.0037020524198379348,-0.004898748396009634,0.002287151022603795,-0.0066966541410588,-0.0066966541410588
2025-03-12,0.002110695808987928,0.0026590383437011256,-0.0008106564775453018,0.003571371952254543,0.003571371952254543
2025-03-13,-0.0035268244257906645,-0.006878503141668613,0.013268154728234949,-0.011924314002803471,-0.011924314002803471
2025-03-14,0.013767089227331941,0.017088810674469757,-0.0024407535488802923,0.021871010615438058,0.021871010615438058
2025-03-17,0.00869565722127937,0.009382528387496203,0.005204468852840982,0.010441251405498564,0.010441251405498564
2025-03-18,-0.0026696743720932372,-0.004459300929273413,0.006340234743499762,-0.007174628929889737,-0.007174628929889737
2025-03-19,0.009040444410296056,0.009933209866251836,0.004645451229713826,0.01123794100058717,0.01123794100058717
2025-03-20,-0.0013031732233885391,-0.0015397612936404292,-0.00027565368912008115,-0.0018169329905227682,-0.0018169329905227682
2025-03-21,-0.0033333022253128806,-0.0026490643726627796,-0.0069865113889033825,-0.0015066976435176294,-0.0015066976435176294
2025-03-24,0.008703922728729219,0.011961545728562884,-0.007357382437375937,0.016734575311781796,0.016734575311781796
2025-03-25,0.0010125430321769417,0.0007829401776271117,0.0021471842723284063,0.0004452224121012094,0.0004452224121012094
2025-03-26,-0.006840736622156969,-0.007465807393123058,-0.003700947245581676,-0.008410631310444616,-0.008410631310444616
2025-03-27,-0.001216094076741392,-0.0025003138281077474,0.0052350243759777815,-0.004441653303100979,-0.004441653303100979
2025-03-28,-0.007780131330960893,-0.011428484366522485,0.01061381649876103,-0.016977105245821855,-0.016977105245821855
2025-03-31,0.007984909978939822,0.007039033189849231,0.01211867843645642,0.0059180257501815214,0.0059180257501815214
2025-04-01,0.0014527284518241295,0.001068942917766258,0.003340771931395592,0.0005087067120383981,0.0005087067120383981
2025-04-02,0.005268164457227997,0.006035257434317554,0.0007226679189215046,0.007540912726381244,0.007540912726381244
2025-04-03,-0.034842999368658534,-0.04123935226395832,-0.0006407334929048325,-0.051944132306535384,-0.051944132306535384
2025-04-04,-0.04478756410190728,-0.05179528895811932,-0.006244033480918509,-0.06405932941240167,-0.06405932941240167
2025-04-07,-0.010264641504868091,-0.00785605403523879,-0.02588729991347294,-0.0024533123005656687,-0.0024533123005656687
2025-04-08,-0.011761971558562475,-0.013998890691205846,-0.006702974732523348,-0.014291469971582038,-0.014291469971582038
2025-04-09,0.03841165207711036,0.0762084333572629,0.021423102962136786,0.09073127298206751,0.0030805802871267662
2025-04-10,-0.014627740327704086,-0.03248375461482592,-0.0016570472414868531,-0.04056912650013855,-0.0016570472414868531
2025-04-11,0.01416648275578051,0.0167641073499216,0.012281970338750225,0.017935507589841082,0.012281970338750225
2025-04-14,0.0035523527216341963,0.007357323561949259,0.0007175640492644852,0.009221930066373618,0.0007175640492644852
2025-04-15,-0.00020595807096105792,0.00026448796817526434,0.0043936021887842625,-0.0007597563009723585,-0.004251720100695078
2025-04-16,0.0005373853313499488,-0.009338103505980244,0.019007210185168155,-0.01650597616783067,-0.0008890780232876372
2025-04-17,-0.0039872823986515,-0.00030795723024774625,-0.006616707123325627,0.0012715670506967536,-0.006616707123325627
2025-04-21,-0.003422802317420426,-0.017498105632868,0.006696424620038943,-0.023661256192339164,0.006696424620038943
2025-04-22,0.00571885354571496,0.019808660697987025,-0.004267486336566262,0.025691533310277404,-0.004267486336566262
2025-04-23,-0.00020977836376911974,0.009303196560394633,-0.007020555437006082,0.013594055433542085,-0.007202835087843362
2025-04-24,0.017365362063687256,0.01837642081812425,0.012531261488159862,0.01978241235145095,0.01978241235145095
2025-04-25,0.0021008780270386587,0.0028325136059317523,-0.001687475500855684,0.00399505479098583,0.00399505479098583
2025-04-28,0.005088651032507589,0.004046345206412982,0.010284476038167734,0.0024907385296775164,0.0024907385296775164
2025-04-29,0.003391710548644511,0.004181106673569956,-0.0006714838376300492,0.005423307741781791,0.005423307741781791
2025-04-30,-0.003819763560491074,-0.003118942117572132,-0.007794921910734276,-0.001832184385369473,-0.001832184385369473
2025-05-01,-0.0026311603909982364,-0.0005903012295753407,-0.012918524973578593,0.002512521900291942,0.002512521900291942
2025-05-02,0.00945125476053906,0.012276154435587428,-0.0045207386334933375,0.016437251457555258,0.016437251457555258
2025-05-05,-0.00044398888574252265,-0.0029562435967379398,0.012119104537628322,-0.006725535597427945,-0.006725535597427945
2025-05-06,-0.0014147829860293726,-0.004827483319765324,0.015646290451121647,-0.009945319704604882,-0.009945319704604882
2025-05-07,0.0017235680691013444,0.003150692242942088,-0.005394274347682804,0.0052824892774934185,0.0052824892774934185
2025-05-08,-0.005316313843406177,0.003436353412696269,-0.015430591413360895,0.00813602884679887,-0.008654378963656506
2025-05-09,0.001010343503818863,-6.22006946797371e-05,0.004382999091406159,-0.0011594879846871242,-0.00019248059526244532
2025-05-12,0.013740096372819291,0.021756155456481074,-0.01875416128801899,0.03191202266694382,0.028062427739533047
2025-05-13,0.0012521831931237015,0.0029012629934164645,9.846872404262186e-05,0.003559612131285861,9.846872404262186e-05
2025-05-14,-0.011087323075263575,-0.005736839826806328,-0.013847644702278061,-0.0037052000792829887,-0.015709124444229672
2025-05-15,0.007890066882515923,0.006962211809516061,0.012362409714669509,0.0056538954664391294,0.0056538954664391294
2025-05-16,0.0029011790238962685,0.004411429428821512,-0.004667912555087472,0.006685724813388139,0.006685724813388139
2025-05-19,0.0014956269870160337,0.0007102228580964876,0.00504408315509508,-0.0002786010970234898,-0.0002786010970234898
2025-05-20,-0.00015060829566086267,-0.0013217039227572558,0.00570385457230016,-0.003077839729641374,-0.003077839729641374
2025-05-21,-0.014924639932656211,-0.01686109258727252,-0.004877471492353402,-0.019948224152807614,-0.019948224152807614
2025-05-22,-0.0014541984646453028,-0.0013896642566953888,-0.0018001889981387187,-0.001281203197898595,-0.001281203197898595
2025-05-23,0.0007976732554369667,-0.0014659734866393714,0.011771477568056854,-0.004689228900872977,-0.004689228900872977
2025-05-27,0.012091840072982621,0.014873077759392828,-0.0014962094891320943,0.01888586485403998,0.01888586485403998
2025-05-28,-0.00568536229300128,-0.006172861395850338,-0.0032911134838798928,-0.006882486697561974,-0.006882486697561974
2025-05-29,0.005254349871624135,0.004751891165689748,0.0075851868586651605,0.004088931378103622,0.004088931378103622
2025-05-30,-0.0023541131907396373,-0.0019638668446228524,-0.002533919687192965,-0.001819373154786863,-0.002709046730239084
2025-06-02,0.00789155884233883,0.005891408693957734,0.008597520346388166,0.005235135395032842,0.009842020785595484
2025-06-03,0.003751151636366634,0.00556569695581075,-0.005307810986024064,0.008280632947561983,0.008280632947561983
2025-06-04,0.001727276827723001,-0.00018842590733320064,0.011319636244025322,-0.0030689028804281593,-0.0030689028804281593
2025-06-05,-0.00251331593901738,-0.0026478511343129506,-0.0021737278173010743,-0.0027489637692897917,-0.0026172562304612734
2025-06-06,-0.0012407690177477597,0.007069958496814277,-0.01308237578668714,0.012085774645128167,-0.0027257059116843063
2025-06-09,0.00170510852606968,0.0014644756065278265,0.00289005948113763,0.001112633048535705,0.001112633048535705
2025-06-10,0.005620809353822735,0.0062040116204553405,0.002733715456848085,0.00706435630231006,0.00706435630231006
2025-06-11,0.0015130536824666436,0.0009693622250197098,0.004218869249783985,0.00016014589880797292,0.00016014589880797292
2025-06-12,0.004493358065443524,0.004935639618963062,0.012177695487247231,0.0031373545697500616,-0.001834975860666721
2025-06-13,-0.002259289346026483,-0.007833344157549216,0.0017387092584528752,-0.010255286554985199,0.0017387092584528752
2025-06-16,-0.005422534823750287,0.0040638077088980705,-0.012184904287366516,0.008102204103482169,-0.012184904287366516
2025-06-17,0.0018731454988550889,-0.004356959641819291,0.006333890772973305,-0.007048345049381344,0.006333890772973305
2025-06-18,-0.0013401612800733782,-0.0006797135202442739,-0.00181648359483233,-0.000387516650555475,-0.00181648359483233
2025-06-20,-0.0009289067668345105,-0.0006740336603580866,-0.0011249033258780017,-0.0005369136487475279,-0.0011249033258780017
2025-06-23,0.003866214489167611,0.004823167849896848,0.0031521197504256193,0.005294403966651595,0.0031521197504256193
2025-06-24,0.0006522893836819291,0.007468467456460204,-0.004202326854719107,0.010361521860484002,-0.004202326854719107
2025-06-25,0.0010658559693971597,-0.0004625284536862728,0.0021560620838390054,-0.0011145562594865321,0.0021560620838390054
2025-06-26,0.004381160924053014,0.00777843010586472,0.0019631342044637012,0.00921721436323164,0.0019631342044637012
2025-06-27,-0.007634581453280813,-0.0012101769953418052,-0.012225859338725331,0.001547974317608225,-0.012225859338725331
2025-06-30,0.006706475319136669,0.005933744497954507,0.010898802804941266,0.004687022207029323,0.00453360094543942
2025-07-01,0.004384359983680068,0.004108119043451608,0.005711242777725056,0.0037209185866575734,0.0037209185866575734
2025-07-02,0.003367185102200687,0.004124636151314443,-0.00040235775224395365,0.0052519565294230075,0.0052519565294230075
2025-07-03,0.0027570249711724357,0.004699508434880284,-0.006896257980661513,0.00758366644708941,0.00758366644708941
2025-07-07,-0.007700852589468621,-0.008351657777966448,-0.00439037282429644,-0.009356092472054711,-0.009356092472054711
2025-07-08,0.0006478619223243923,0.0019471875067482603,-0.005857399580389888,0.0039004926736815326,0.0039004926736815326
2025-07-09,0.007306145894975395,0.005211003928724001,0.007465534287500075,0.009812520397462832,0.004640382999963277
2025-07-10,0.0021134133025054367,0.0030247775604796633,0.001458259287377972,0.001458259287377972,0.0034237213327603655
2025-07-11,-0.0032725683444729814,-0.004892375727368869,-0.0021095943948920004,-0.0021095943948920004,-0.005598516243634943
2025-07-14,-0.0015414547074434533,0.0003256414390152895,-0.0028763135742525536,-0.0028763135742525536,0.0011282630261747473
2025-07-15,-0.0067750883458588635,-0.008471470313703055,-0.005574437574386026,-0.005574437574386026,-0.009176389888804537
2025-07-16,0.0035188067013941136,0.003972396961933644,0.0031999627059300373,0.0031999627059300373,0.004156494692322266
2025-07-17,0.0011780665651061062,0.004484459471404911,-0.0011885043498371939,-0.0011885043498371939,0.005911208394992706
2025-07-18,0.00024071067861675122,-0.0023451142671358617,0.002069939050600045,0.002069939050600045,-0.003417746065349836
2025-07-21,0.007505172458760627,0.0010130637942133646,0.012139072731593092,0.012139072731593092,-0.0017626280869043054
2025-07-22,0.0062663845356632315,0.004182308773143429,0.007758209179642872,0.007758209179642872,0.0032827352477039495
2025-07-23,-0.0022485210034320544,0.007208038426082364,-0.00898433371420193,-0.00898433371420193,0.011223104418107699
2025-07-24,-0.0030783048548853977,-0.0019035286960235043,-0.003917836567702948,-0.003917836567702948,-0.0013992414292502975
2025-07-25,7.032744595010983e-05,0.002244925953030019,-0.0014822602036870247,-0.0014822602036870247,0.003175502745224379
2025-07-28,-0.0041597212620528845,-0.0009050947357802763,-0.006480795069878975,-0.006480795069878975,0.00048242635359929675
2025-07-29,0.005862987387847703,0.0003276885899050064,0.009804582121825112,0.009804582121825112,-0.002020202080107114
2025-07-30,-0.008509099656470695,-0.004699592820717658,-0.01122869312932806,-0.01122869312932806,-0.003069912710755962
2025-07-31,-0.0006304702500621318,-0.006630701645935067,0.003628427695835157,0.003628427695835157,-0.009148266141856709
2025-08-01,0.006371235720712669,-0.008797091195051187,0.017242131998832733,0.017242131998832733,-0.01537055683552746
2025-08-04,0.007516559950503006,0.012090977537776614,0.004277143526535632,0.004277143526535632,0.013995392798437756
2025-08-05,0.00033183129266978195,-0.001927357124722784,0.0019395492259399738,0.0019395492259399738,-0.0028836045738706018
2025-08-06,-0.002104049071947389,0.0004758282616981635,-0.0039475079811933655,-0.0039475079811933655,0.0015828687465445634
2025-08-07,0.0009472397324042184,-0.00247192129461733,0.0033614759754809764,0.0033614759754809764,-0.0038812327537492974
2025-08-08,0.0009347604378423894,0.0054400658076619755,-0.002278385192297061,-0.002278385192297061,0.00736105169812129
2025-08-11,-0.005393581277405635,-0.003687736757039517,-0.006614146711814706,-0.006614146711814706,-0.0029524504085874925
2025-08-12,0.002296312281246049,0.009699116308126143,-0.0029702751520611637,-0.0029702751520611637,0.012829487147860474
2025-08-13,0.006590239137858204,0.0079030708925228,0.005661018371929671,0.005661018371929671,0.00844868066971527
2025-08-14,-0.004897271913040013,-0.0021232746221748976,-0.0068813736610652265,-0.0068813736610652265,-0.0009290684169895869
2025-08-15,-0.002654095970129148,-0.001788576068968184,-0.003272604886633057,-0.003272604886633057,-0.0014170781371213304
2025-08-18,-0.0016260317257205854,-0.0007886695684668265,-0.0022253862973616867,-0.0022253862973616867,-0.00042732258243838306
2025-08-19,-0.0013476656632436246,-0.003460835741065693,0.0001625285065844917,0.0001625285065844917,-0.004368054002899857
2025-08-20,0.004106626290251121,0.001246355153777401,0.00615292684580937,0.00615292684580937,1.4025179134624643e-05
2025-08-21,-0.0033322044965737505,-0.0021017610860810223,-0.0042128327264031595,-0.0042128327264031595,-0.001570948036914932
2025-08-22,0.012194020143904583,0.016619184434486445,0.009061599708806378,0.009061599708806378,0.01845886101410099
2025-08-25,-0.0036506120341269765,-0.005059236421947555,-0.002642264134061989,-0.002642264134061989,-0.005667307834256952
2025-08-26,0.0037515865407619087,0.004322342129163293,0.0033424532576261656,0.0033424532576261656,0.004569853107033395
2025-08-27,0.0016489540495722155,0.0033240419302850268,0.0004468827049436408,0.0004468827049436408,0.004053096738829365
2025-08-28,0.0057265619368443614,0.003953584697801315,0.006994074498449354,0.006994074498449354,0.003191536813634377
2025-08-29,-0.00013421075248250722,-0.0020940362567718807,0.0012707797907617335,0.0012707797907617335,-0.0029441918389709887
2025-09-02,0.0036565320160002837,-0.0025549062145368896,0.008068342032697018,0.008068342032697018,-0.005167088017393184
2025-09-03,0.005787134270639001,0.0007477682922852891,0.009396314716033194,0.009396314716033194,-0.001431226620149384
2025-09-04,0.0011292959465893926,0.006733990209841878,0.0015985005445268152,0.0015985005445268152,0.0001908867507145473
2025-09-05,0.014275546852131393,-0.0005743794817184677,0.014275546852131393,0.014275546852131393,0.014275546852131393
2025-09-08,0.012338312167413656,0.004232138157142762,0.012338312167413656,0.012338312167413656,0.012338312167413656
2025-09-09,-0.003963699633903084,0.0011726879646046684,-0.003963699633903084,-0.003963699633903084,-0.003963699633903084
2025-09-10,0.004653768770331634,0.002934207362954233,0.004653768770331634,0.004653768770331634,0.004653768770331634
2025-09-11,0.0026008713765655056,0.008830896440716551,0.0026008713765655056,0.0026008713765655056,0.0026008713765655056
2025-09-12,-0.0011696666923337595,-0.0036497914275749775,-0.0011696666923337595,-0.0011696666923337595,-0.0011696666923337595
2025-09-15,0.0063645755087298195,0.0027338287218567126,0.0063645755087298195,0.0063645755087298195,0.0063645755087298195
2025-09-16,0.0014618355538710641,0.0008491167571399894,0.0020586976969376725,0.0020586976969376725,0.0002681112677378472
2025-09-17,-0.005358930751931686,0.0005034523716742733,-0.00512749218431241,-0.00512749218431241,-0.005821807887170238
2025-09-18,-0.007165770577759134,0.004430048174004053,-0.007165770577759134,-0.007165770577759134,-0.007165770577759134
2025-09-19,0.004345101895902648,0.0014138562923885934,0.004345101895902648,0.004345101895902648,0.004345101895902648
2025-09-22,0.006837430649368703,0.0043715662018250275,0.006837430649368703,0.006837430649368703,0.006837430649368703
2025-09-23,0.005546853140383057,0.00014302514884053651,0.005546853140383057,0.005546853140383057,0.005546853140383057
2025-09-24,-0.006433807772287192,-0.003271779011509046,-0.006433807772287192,-0.006433807772287192,-0.006433807772287192
2025-09-25,0.002082314446197886,-0.002974397908697424,0.002082314446197886,0.002082314446197886,0.002082314446197886
2025-09-26,0.0024344914551105434,0.005922810215811069,0.0024344914551105434,0.0024344914551105434,0.0024344914551105434
2025-09-29,0.01234293669057629,0.002989069980640835,0.01234293669057629,0.01234293669057629,0.01234293669057629
2025-09-30,0.0028314706983003646,0.0029148894424007032,0.0028314706983003646,0.0028314706983003646,0.0028314706983003646
2025-10-01,0.0020811374675251404,0.0047453643133386295,0.0020811374675251404,0.0020811374675251404,0.0020811374675251404
2025-10-02,-0.00027047483084952084,0.0005468579052617439,-0.00027047483084952084,-0.00027047483084952084,-0.00027047483084952084
2025-10-03,0.003065388178133288,0.0033088099269771966,0.003065388178133288,0.003065388178133288,0.003065388178133288
2025-10-06,0.005430936444488443,0.0034409973651237102,0.005430936444488443,0.005430936444488443,0.005430936444488443
2025-10-07,0.005454575686683949,-0.0013704622782004239,0.005454575686683949,0.005454575686683949,0.005454575686683949
2025-10-08,0.008636124384516553,0.0054234702213587175,0.008636124384516553,0.008636124384516553,0.008636124384516553
2025-10-09,-0.00960691698027838,-0.005635379944761232,-0.00960691698027838,-0.00960691698027838,-0.00960691698027838
2025-10-10,0.013100331471457505,-0.018987937791440847,0.013100331471457505,0.013100331471457505,0.013100331471457505
2025-10-13,0.011856431127263423,0.014735283101151676,0.011856431127263423,0.011856431127263423,0.011856431127263423
2025-10-14,0.005170593515541055,0.002195831598527087,0.005170593515541055,0.005170593515541055,0.005170593515541055
2025-10-15,0.007553758476659622,0.004730748897458703,0.007553758476659622,0.007553758476659622,0.007553758476659622
2025-10-16,0.015414490509452872,-0.004827722213289065,0.015414490509452872,0.015414490509452872,0.015414490509452872
2025-10-17,-0.01016613327838134,0.0015085282610868833,-0.01016613327838134,-0.01016613327838134,-0.01016613327838134
2025-10-20,0.020041162767835408,0.013814342787898126,0.020041162767835408,0.020041162767835408,0.020041162767835408
2025-10-21,-0.02992466686565698,-0.0060203425811134244,-0.02992466686565698,-0.02992466686565698,-0.02992466686565698
2025-10-22,0.0004152554404308617,-0.003323419674826722,0.0004152554404308617,0.0004152554404308617,0.0004152554404308617
2025-10-23,-0.0014034448348141382,0.005597610084213755,-0.0014034448348141382,-0.0014034448348141382,-0.0014034448348141382
2025-10-24,-0.00145752103447494,0.005487567096076884,-0.00145752103447494,-0.00145752103447494,-0.00145752103447494
2025-10-27,-0.012270152885860641,0.004261086970117877,-0.012270152885860641,-0.012270152885860641,-0.012270152885860641
2025-10-28,-0.002250857589952915,-0.0008955086001197876,-0.002250857589952915,-0.002250857589952915,-0.002250857589952915
2025-10-29,-0.0068849990911491465,-0.003152409908582865,-0.0068849990911491465,-0.0068849990911491465,-0.0068849990911491465
2025-10-30,0.0030574453620714204,-0.00366760898572851,0.006895434148665225,0.006895434148665225,-0.004618532211116189
2025-10-31,-0.0017186423159529414,0.00173325497347252,-0.004204505420895677,-0.004204505420895677,0.003253083893932529
2025-11-03,-0.00022159681812095045,-4.903653537647878e-05,-0.0003526671162468187,-0.0003526671162468187,4.0543778130786023e-05
2025-11-04,-0.008542292340045924,-0.009764300555559768,-0.007655892428915956,-0.007655892428915956,-0.010315092162305861
2025-11-05,0.002006579598800684,0.00436061440677733,0.0003258906342916701,0.0003258906342916701,0.005367957527818712
2025-11-06,-0.00020905483531904098,-0.005941874221096366,0.0038936326557302836,0.0038936326557302836,-0.00841442981741769
2025-11-07,0.0023275252837937264,0.0027669106286434706,0.0020025058272170604,0.0020025058272170604,0.002977564196947058
2025-11-10,0.013265817626016085,0.012931350310702505,0.013525373864997192,0.013525373864997192,0.012746705148053872
2025-11-11,0.004686964213478177,0.005294970476240124,0.00425820718429315,0.00425820718429315,0.00554447827184823
2025-11-12,0.006639920610737593,0.0034157525088271854,0.00894278748712063,0.00894278748712063,0.0020341868579715205
2025-11-13,-0.010339868091885251,-0.013380307823996795,-0.008141810039162367,-0.008141810039162367,-0.01473598419733102
2025-11-14,-0.0076805985002103005,-0.00199383688044964,-0.011811062125642757,-0.011811062125642757,0.0005803287506546129
2025-11-17,-0.007307631134711001,-0.011216645801572878,-0.004502473112097172,-0.004502473112097172,-0.01291794717993866
2025-11-18,0.0009679513967956929,-0.002533088200563993,0.0034692763982354657,0.0034692763982354657,-0.004034698606083853
2025-11-19,0.0001618781262239244,0.0006256707796045036,-0.00017687200706661965,-0.00017687200706661965,0.0008393783928050125
2025-11-20,-0.0037729534719675253,-0.011914376032928919,0.001821744916783108,0.001821744916783108,-0.014962350249468792
2025-11-21,0.004611105922526522,0.010049273468326824,0.0007414859780003891,0.0007414859780003891,0.012350345811578789
2025-11-24,0.011000407379804011,0.011362304229306685,0.010764685848579925,0.010764685848579925,0.011471850442252185
2025-11-25,0.004220811257550879,0.00856567714618205,0.0011204679789413863,0.0011204679789413863,0.010421497814769864
2025-11-26,0.0064870721906690925,0.006874869723537602,0.006213343978926256,0.006213343978926256,0.007034528614154767
2025-11-28,0.004609307937803194,0.005709431654082264,0.003829576738988427,0.003829576738988427,0.006168770335432727
2025-12-01,-0.004277885663278913,-0.004937181871402352,-0.0038124475365088895,-0.0038124475365088895,-0.00520876191681896
2025-12-02,-0.0018972879449931461,-0.0003598325530378421,-0.002995738435133455,-0.002995738435133455,0.0002996130352874715
2025-12-03,0.0036299997335078604,0.007395060782256313,0.0009453704140188757,0.0009453704140188757,0.00899925837248583
2025-12-04,-0.001152470895173785,0.0005537866170739036,-0.002373239538849936,-0.002373239538849936,0.0012890663921785173
2025-12-05,-0.0019968967298624,-0.0003188988468184051,-0.003197151099123996,-0.003197151099123996,0.00040361200866079194
2025-12-08,-0.003138485863064644,-0.003389759038669815,-0.0029624063269083623,-0.0029624063269083623,-0.0034906449353772073
2025-12-09,0.001817269350413116,3.455455905199134e-05,0.003085526555353102,0.003085526555353102,-0.0007192450594668554
2025-12-10,0.005878640669059261,0.008409048989898138,0.004069301874703557,0.004069301874703557,0.00949731825777067
2025-12-11,0.004899557423556818,0.005155956740333323,0.004711833554369438,0.004711833554369438,0.0052750051619315785
2025-12-12,-0.00484809081286719,-0.008843188083289577,-0.001987937061023737,-0.001987937061023737,-0.010568398316554095
2025-12-15,-0.00016867428817501917,-0.001570546736766043,0.0008098842528969641,0.0008098842528969641,-0.0021257913703189857
2025-12-16,-0.0005980199439434101,-0.005441721501682051,0.0028702284346731055,0.0028702284346731055,-0.007534516701176441
2025-12-17,0.0006083458515776149,-0.003912584732157764,0.003836245205757316,0.003836245205757316,-0.005847452856781787
2025-12-18,0.002227605176689962,0.0032489401001598917,0.0014895675023215427,0.0014895675023215427,0.0037036805254268
2025-12-19,0.0019507445262508434,0.0065182979687331555,-0.0013010408513627336,-0.0013010408513627336,0.008454315281477998
2025-12-22,0.00952626620660905,0.008247842077995305,0.010440054910221153,0.010440054910221153,0.007698688799384845
2025-12-23,0.005654362372152592,0.003178063131489173,0.007421232939236022,0.007421232939236022,0.0021206212379857314
2025-12-24,0.0016721317327657397,0.002672155106367391,0.0009586369387064586,0.0009586369387064586,0.0030991213208843016
2025-12-26,0.002466087756006171,5.247417133572574e-05,0.004190318024836048,0.004190318024836048,-0.0009823727816535843
2025-12-29,-0.01421638195946547,-0.006124041948943337,-0.01998277897184908,-0.01998277897184908,-0.0026835879346982505
2025-12-30,-0.0010234027303130944,-0.0013563157533363012,-0.0007905502468322778,-0.0007905502468322778,-0.0014891076972747275
2025-12-31,-0.007230133026135621,-0.007244059459618912,-0.007221780379240483,-0.007221780379240483,-0.007246838319925897
2026-01-02,0.003175862871061086,0.00512105842998819,0.0017705063725045322,0.0017705063725045322,0.005986575868174193
2026-01-05,0.014216306042451868,0.012263473367474497,0.015595945991149218,0.015595945991149218,0.01145702614505717
2026-01-06,0.004988451974965595,0.005848755997061095,0.0043716946625429465,0.0043716946625429465,0.006221966599810891
2026-01-07,-0.0024873234726448348,-0.0033790737297585195,-0.0018534231774899323,-0.0018534231774899323,-0.00375512406295464
2026-01-08,0.0010852853007338181,0.002229193636984428,0.0002709224374878305,0.0002709224374878305,0.0027140110272257933
2026-01-09,0.006160858630866277,0.005075571605196605,0.006938820796004386,0.006938820796004386,0.004604934300590058
2026-01-12,0.005217967083648485,0.001468192484438402,0.007878114333388253,0.007878114333388253,-0.00010232741583104943
2026-01-13,-0.0008636445003063301,-0.002285866706230999,0.0001551273522311103,0.0001551273522311103,-0.002901188205381211
2026-01-14,0.005620403640166878,0.0022811491980015306,0.008014119118602725,0.008014119118602725,0.0008329726832951856
2026-01-15,-0.001469923328202875,0.0008933601739459007,-0.0031725071328623233,-0.0031725071328623233,0.001935244281116022
2026-01-16,-0.0037886975265379133,-0.0016813832489667503,-0.005299990318032188,-0.005299990318032188,-0.0007661119435493635
2026-01-20,0.003079039478628235,-0.009894501425673797,0.012358528212806918,0.012358528212806918,-0.015479937989729131
2026-01-21,0.012343913570026658,0.014063591033174828,0.011130689483444423,0.011130689483444423,0.01477036174319113
2026-01-22,0.009412508253956897,0.006612359241968258,0.011405647212893388,0.011405647212893388,0.005426230336083915
2026-01-23,0.004143670808977966,-0.0015742309009996736,0.008229595031576054,0.008229595031576054,-0.004028177636218211
2026-01-26,0.007759696939989051,0.004990214044445151,0.009724756270953705,0.009724756270953705,0.003829578278059742
2026-01-27,0.006342014768075018,0.002429140698531296,0.009146342818191933,0.009146342818191933,0.0007333586678411885
2026-01-28,0.012360950751421629,0.00425456611165258,0.018160019045829978,0.018160019045829978,0.0007628141626049301
2026-01-29,-0.0018579934952166848,-0.00038335205975871257,0.0016777624121315782,0.0016777624121315782,-0.00892950530991321
2026-01-30,-0.047629677065552434,-0.014560023358202934,-0.05485223445683518,-0.05485223445683518,-0.03318456228298694
2026-02-02,-0.01273397237530464,-0.00039185080870607347,-0.021547259264753538,-0.021547259264753538,0.004892601403593155
2026-02-03,0.02055279416640036,0.003201051621539874,0.0329525498696841,0.0329525498696841,-0.004246717240167119
2026-02-04,-0.0014841194190627534,-0.001406152566246588,-0.001537718578082492,-0.001537718578082492,-0.0013769211010232763
2026-02-05,-0.009729091651987468,-0.012226756656163806,-0.007920908494518986,-0.007920908494518986,-0.013345457966924434
2026-02-06,0.018652857978811072,0.02296617291198342,0.01565658097998046,0.01565658097998046,0.024645411976472298
2026-02-09,0.009547782539307548,0.005339683807671159,0.012551039548603482,0.012551039548603482,0.003541268520715679
2026-02-10,-0.000666179626400254,-0.0027253933763334514,0.0008021101641019213,0.0008021101641019213,-0.0036027592074046044
2026-02-11,0.002698559779520271,0.0022643200135900265,0.002994317477734265,0.002994317477734265,0.0021070443830922825
2026-02-12,-0.012807329707780682,-0.015692966925767583,-0.010771709181901623,-0.010771709181901623,-0.016878570759538802
2026-02-13,0.011624162898696425,0.006691561042765271,0.015154892555607535,0.015154892555607535,0.004562703584874206
2026-02-17,-0.009882835224296596,-0.003032675731673695,-0.014779387314654224,-0.014779387314654224,-8.973104358134254e-05
2026-02-18,0.008599896363382728,0.00759353009264403,0.009329413207002535,0.009329413207002535,0.0071408626761431115
2026-02-19,0.0005199749900700231,-0.001426270632093518,0.0019025516922577257,0.0019025516922577257,-0.002245178414305382
2026-02-20,0.006779745517507485,0.004123770546551253,0.00866311804029285,0.00866311804029285,0.0030130004719367554
2026-02-23,0.006499327748322885,-0.005789206047207196,0.015307386252638944,0.015307386252638944,-0.011116789260309234
2026-02-24,-0.0019273673751641167,0.003737228775326851,-0.005981777483687889,-0.005981777483687889,0.006181452841883428
2026-02-25,0.0019492316941362997,0.006364420935450266,-0.0011939553574548123,-0.0011939553574548123,0.008235605797318524
2026-02-26,0.003635707690071525,-7.856013612544954e-05,0.006284661209847497,0.006284661209847497,-0.00166219934948042
2026-02-27,0.004794163105240575,-0.0019378662588674933,0.009599824798785184,0.009599824798785184,-0.0048171602818486425
2026-03-02,0.001963355729037978,0.0025662172889497127,0.001433461081225218,0.001433461081225218,0.0030231450246634983
2026-03-03,-0.018920443344305055,-0.012772763725017188,-0.023388440790189646,-0.023388440790189646,-0.009984448452535877
2026-03-04,0.0038809014168357248,0.006009909891448628,0.0023656331759970284,0.0023656331759970284,0.0069114378985131175
2026-03-05,-0.007925867498465763,-0.007758673358718415,-0.00803193217632836,-0.00803193217632836,-0.007713738142740567
2026-03-06,-0.00015076822924716313,-0.008827135084943339,0.006045191686365303,0.006045191686365303,-0.012542688060472096
2026-03-09,0.004682383021129592,0.006424987485033851,0.0033493282140487635,0.0033493282140487635,0.007348492635291248
2026-03-10,-0.000965402528653477,-0.0027703874312561714,0.00032438060424389015,0.00032438060424389015,-0.003544968794448211
2026-03-11,-0.0068668433915352045,-0.0006487597735460038,-0.008161980761813514,-0.008161980761813514,-0.004276568650978585
2026-03-12,-0.010812934449330736,-0.013396379078795928,-0.010812934449330736,-0.010812934449330736,-0.010812934449330736
2026-03-13,-0.007982139183276912,-0.004054808265037779,-0.008917572608939217,-0.008917572608939217,-0.0061112723319523
2026-03-16,0.005352789641936011,0.00805067329282715,0.003425928750940166,0.003425928750940166,0.009206511423927699
2026-03-17,0.0012175888663183976,0.0027558847239466666,0.00011596645123679306,0.00011596645123679306,0.0034208336964816066
2026-03-18,-0.016697801757280122,-0.013932836531447756,-0.018650831283981373,-0.018650831283981373,-0.012791742703877618
2026-03-19,-0.011020840663947115,-0.002226158745612017,-0.01736436451629575,-0.01736436451629575,0.0016662070407501561
2026-03-20,-0.02043308228345549,-0.014369114040678999,-0.024753583514560584,-0.024753583514560584,-0.011792079821245305
2026-03-23,-0.0015088066474693296,0.007560394903293277,-0.008050646998442157,-0.008050646998442157,0.011574874054476325
2026-03-24,-0.0010201693897753013,0.00040647484831658477,-0.002058567773428721,-0.002058567773428721,0.0010566273775315382
2026-03-25,0.01505625192278611,0.008182240346341596,0.01994602381533972,0.01994602381533972,0.005276708137678887
2026-03-26,-0.019345243265170693,-0.01402885490555943,-0.023093964067747108,-0.023093964067747108,-0.011847801660017865
2026-03-27,0.004972494426328485,-0.008659926379005766,0.014748165666793822,0.014748165666793822,-0.01457884805460219
2026-03-30,0.002869711438993209,-0.0023641363953304183,0.0065405655780753635,0.0065405655780753635,-0.0044719968391711
2026-03-31,0.020259394988536017,0.023075393133968624,0.018348887385662205,0.018348887385662205,0.02408041019428364
2026-04-01,0.006227210950521626,0.0034436823269068605,0.008239910355583024,0.008239910355583024,0.002201812140398829
2026-04-02,-0.0034769842491828204,0.0003359003049674958,-0.006381765004650153,-0.006381765004650153,0.0023325772617518448
2026-04-06,-0.00043583988598524154,0.002949037469307325,-0.0028553630985534983,-0.0028553630985534983,0.004403206539151272
2026-04-07,0.003860245584007512,0.002525537943226952,0.004805270291347252,0.004805270291347252,0.001970196169328031
2026-04-08,0.00984261898980987,0.016666794559382227,0.004834458625274429,0.004834458625274429,0.019858939718880753
2026-04-09,0.0023597969144722266,0.001976619184307049,0.002620131735491471,0.002620131735491471,0.0018391272724337382
2026-04-10,-0.002841063922060516,-0.003881009594216078,-0.0021007740378101714,-0.0021007740378101714,-0.0043216436905612055
2026-04-13,0.003277833798679408,0.008547004677398707,-0.000519152006271062,-0.000519152006271062,0.010871805408580348
2026-04-14,0.011476708181833106,0.008255798032521555,0.013796954532020234,0.013796954532020234,0.006836215481458852
2026-04-15,-0.0034362622326838954,0.002100418978964769,-0.007387867644615409,-0.007387867644615409,0.004466948591179132
2026-04-16,-0.0012788254948320847,0.0019648881592351118,-0.003592049408213338,-0.003592049408213338,0.003347622331930422
2026-04-17,0.010620783721410917,0.00977168985539989,0.011222162884653164,0.011222162884653164,0.009418025394926421
2026-04-20,-0.0030501665810803713,-0.0011290428420482224,-0.004424071422962972,-0.004424071422962972,-0.00030235689731517024
2026-04-21,-0.012451517100905862,-0.006150934281115317,-0.016959099637235853,-0.016959099637235853,-0.0034363520282458815
2026-04-22,0.008254815117054911,0.009156606929151979,0.00761874353628289,0.00761874353628289,0.009526958278598952
2026-04-23,-0.005292580528409381,-0.004368835456480813,-0.0059470714638600874,-0.0059470714638600874,-0.00398359865750797
2026-04-24,0.0037345365697474264,0.00411038797943728,0.0034877750198121227,0.0034877750198121227,0.004228059669618034
2026-04-27,-0.00397878802398588,-0.0006447487008358399,-0.0063624245958529,-0.0063624245958529,0.0007884851197481613
2026-04-28,-0.006837975610678744,-0.004189198991060817,-0.008743460824274796,-0.008743460824274796,-0.003027005183486642
2026-04-29,-0.0053542869722434565,5.118988991232864e-05,-0.009210375000496818,-0.009210375000496818,0.002357889084263265
2026-04-30,0.013342261659357332,0.011034564525997947,0.007040398469898901,0.02092777570182547,0.012058610806347625
2026-05-01,0.0008691798381754342,0.0007975251198864885,0.0012260943409451164,0.0006907225867905931,0.0006907225867905931
2026-05-04,-0.006344709370142494,-0.004842026825909018,-0.013832643032488545,-0.0026007425389694694,-0.0026007425389694694
2026-05-05,0.008340460983443654,0.008613373319111139,0.007071043802479027,0.008975169573925967,0.008975169573925967
2026-05-06,0.010687449778187327,0.009086912128156422,0.018959863609279815,0.006551242862641082,0.006551242862641082
2026-05-07,-0.0052927702446530596,-0.006039674705354536,-0.0016336862541702635,-0.007122312239894457,-0.007122312239894457
2026-05-08,0.006141373316162897,0.0064145132719513834,0.004931525933131065,0.006746297007678814,0.006746297007678814
2026-05-11,0.0032141885358611955,0.004274886986645754,-0.002008496561404227,0.005825531084493907,0.005825531084493907
2026-05-12,-0.001668455102267356,-0.000932906030552172,-0.005300370522103748,0.0001475026076508401,0.0001475026076508401
2026-05-13,-0.0010963982592200328,0.0012074382698469498,-0.003924503321527495,-0.0018575266647683497,0.0024928352086357464
2026-05-14,0.0002847098495415053,0.005039158442690594,-0.0031090449844605184,-0.0031090449844605184,0.007072219517545553
2026-05-15,-0.015627102455750275,-0.010815067180190107,-0.01904139247807024,-0.01904139247807024,-0.008798522411110343
2026-05-18,0.001264792159774671,0.0019166490400142956,0.0007734598845707819,0.0007734598845707819,0.0022474567101824494
2026-05-19,-0.008754403568442407,-0.004879887206862177,-0.011519076633789704,-0.011519076633789704,-0.0032250574377478136
2026-05-20,0.011351926915049456,0.00975787336741355,0.0125229006974934,0.0125229006974934,0.009009979350161568
2026-05-21,0.00195732465758236,0.00270267807933281,0.0013860491552475374,0.0013860491552475374,0.003099875662252005
2026-05-22,0.0015899423043962042,0.005324005191104752,-0.001074608754432882,-0.001074608754432882,0.006919044422054377
2026-05-26,0.0030109403597721554,0.003479844468420523,0.002705148743141317,0.002705148743141317,0.003622523593033833
2026-05-27,-0.004597701772925289,-0.0034633474899435023,-0.005419914983278762,-0.005419914983278762,-0.002953275352218343
2026-05-28,0.007041848727664594,0.005918494933433704,0.007836185054849176,0.007836185054849176,0.005453176073295429
2026-05-29,0.004225316992827688,0.0026254371217367734,0.005379841341662139,0.005379841341662139,0.001916268295158785
2026-06-01,-0.0030774261773454104,0.0020456393220978364,-0.0067310476348132475,-0.0067310476348132475,0.004229816737590264
2026-06-02,0.0027381009435861006,0.003899991336483155,0.0019024188402465558,0.0019024188402465558,0.0044094651502651905
2026-06-03,-0.006099000054180699,-0.004910735907547437,-0.006939379533496881,-0.006939379533496881,-0.0044182410955483364
2026-06-04,0.006544405802508184,0.008293400167607268,0.005299821742237976,0.005299821742237976,0.009033573923048599
2026-06-05,-0.022337333892766004,-0.024131317829949307,-0.020928869282878404,-0.020928869282878404,-0.02515426311254121
2026-06-08,0.0012122721462664021,0.0046792561394576,-0.0012825429868086324,-0.0012825429868086324,0.006201902412416471
2026-06-09,-0.004409925661765605,-0.003330831595710582,-0.005212481635703092,-0.005212481635703092,-0.0028048137138906304
2026-06-10,-0.01848959340259378,-0.013184789460591905,-0.022241563672448117,-0.022241563672448117,-0.010985652862885109
2026-06-11,0.020255534285889592,0.01763584248312322,0.02215619453317652,0.02215619453317652,0.01645421379131573
2026-06-12,0.0016860759591353542,0.0053502687147709335,-0.0009341479101674377,-0.0009341479101674377,0.006926523697740938
2026-06-15,0.011348751568783122,0.00942234277612466,0.01271986395475977,0.01271986395475977,0.008606526796829828
2026-06-16,0.000894654984137396,-0.003590104737778288,0.004101803715590879,0.004101803715590879,-0.005519642478769571
2026-06-17,-0.010179580665791277,-0.009703031925220285,-0.010539789166581492,-0.010539789166581492,-0.009459163664210846
2026-06-18,0.0025618312575115265,0.005375053137658159,0.0005539524093841619,0.0005539524093841619,0.006577588953766256
2026-06-22,-0.0031132484131752847,0.0024322662510450456,-0.007073326889106668,-0.007073326889106668,0.004806908538687482
2026-06-23,-0.008985605609941771,-0.009210477029092268,-0.008817536205262932,-0.008817536205262932,-0.00932174441929945
2026-06-24,-0.006086839702924711,-0.0030729160563017555,-0.008244067649259779,-0.008244067649259779,-0.0017723838102545741
2026-06-25,0.005075864984172822,0.005564415191574657,0.0046643074676252505,0.0046643074676252505,0.005898980017267963
2026-06-26,0.003310562799362371,-2.8263335998512938e-05,0.005697612048711553,0.005697612048711553,-0.0014635356993359938
2026-06-29,-0.0012537895896622315,0.005777339778028389,-0.006253961551244691,-0.006253961551244691,0.008746554333502687
2026-06-30,-0.0026568468193755765,0.002259299130708514,-0.006166592095286028,-0.006166592095286028,0.004362643732445326
2026-07-01,-0.0012650708920141085,-0.002507446490373033,-0.000362480941804022,-0.000362480941804022,-0.0030702507924342815
2026-07-02,0.007070298073625136,0.002855543956552431,0.010092943124896392,0.010092943124896392,0.0010250079710826254
2026-07-06,0.005155769254400533,0.005485717292384751,0.004931409385500629,0.004931409385500629,0.0056044889922003405
2026-07-07,-0.008287547649423558,-0.003989653320847286,-0.011341729109538234,-0.011341729109538234,-0.0021791847291942057
2026-07-08,-0.004359026246771684,-0.003277726818717852,-0.005139925293163539,-0.005139925293163539,-0.002797228153987974
2026-07-09,0.006241847742323725,0.00694521375286491,0.005754018231112212,0.005754018231112212,0.007217506764746751
2026-07-10,-0.0007574615506757235,0.0004813209508717109,-0.00165387788672533,-0.00165387788672533,0.0010353711214234895
2026-07-13,-0.011659983136887283,-0.005381115569360151,-0.016107447192999058,-0.016107447192999058,-0.0027650550246637318
2026-07-14,0.0057632471216849295,0.0032874627095415996,0.007524594398780948,0.007524594398780948,0.0022405525674928928
2026-07-15,0.0006416807366082707,-0.00018735016124923342,0.001220187757699387,0.001220187757699387,-0.0005153333055739617
2026-07-16,-0.00726616581544474,-0.0032422146940467855,-0.010118622250265052,-0.010118622250265052,-0.0015612529458041147
2026-07-17,0.0023316030831326273,-0.003673370015720612,0.006575476381489143,0.006575476381489143,-0.006156143513580403
2026-07-20,-0.004131221098994923,-0.003175261952876829,-0.004829505520151156,-0.004829505520151156,-0.002734652256682457
2026-07-21,0.009533669884010424,0.011117232171317559,0.008412289144236196,0.008412289144236196,0.011776431363558881
2026-07-22,0.0024369727532813634,-0.000379156276282544,0.00443398399558137,0.00443398399558137,-0.0015570497313186493
2026-07-23,-0.00965270610809695,-0.006876534515552835,-0.011648285084468912,-0.011648285084468912,-0.0056615481553530245
2026-07-24,0.000526312137631324,-0.0001240608694593859,0.000992974647035183,0.000992974647035183,-0.000407012881176394
2026-07-27,0.004175204627833495,0.0006385332425921985,0.006670372456683005,0.006670372456683005,-0.0008151310298655234
2026-07-28,-0.002348344854371446,0.00011844810178044396,-0.004098536091866056,-0.004098536091866056,0.001152037620617774
2026-07-29,-0.008276949025167327,-0.011550824180295105,-0.005936160934603252,-0.005936160934603252,-0.01295852520629548
2026-07-30,0.010428787150655316,0.01408485162595231,0.00787394265990815,0.00787394265990815,0.015538476132149648
2026-07-31,-0.006536261715517873,-0.0006350762623135387,-0.010766357353574008,-0.010766357353574008,0.0019239295605943951
2026-08-03,0.004199905475098853,0.007435234865104412,0.0018815429650138604,0.0018815429650138604,0.008836630495268838
2026-08-04,0.010593534939705681,0.015514663087082704,0.007125207282860702,0.007125207282860702,0.01753019025339564
2026-08-05,0.013453851122959567,0.001928258913451064,0.021685086009560095,0.021685086009560095,-0.0030086186502414902
2026-08-06,-0.002246586146849139,-0.0014377505697597327,-0.002855151817191315,-0.002855151817191315,-0.0010294548061647868
2026-08-07,0.010105570784112783,0.006383150083301236,0.012764245173592093,0.012764245173592093,0.0047882220051541635
2026-08-10,0.0025898041601207047,0.005019951791254617,0.0008792124192036344,0.0008792124192036344,0.006010987641954846
2026-08-11,-0.0006827384844203532,-1.9675661907725404e-05,-0.001166365759026844,-0.001166365759026844,0.00028451606479262814
2026-08-12,0.004502277944156548,0.004534965745789621,0.0044573571200901,0.0044573571200901,0.004592119592289445
2026-08-13,-0.0013519848191712776,0.0029813274100937816,-0.004450167464046362,-0.004450167464046362,0.004844380470578891
2026-08-14,-2.923801522003444e-05,0.0001708706007776839,-0.00017045207891841496,-0.00017045207891841496,0.0002531901121767266
2026-08-17,-6.515389466199561e-05,-0.00124601522236506,0.0007803326112800768,0.0007803326112800768,-0.0017561269065461405
2026-08-18,-0.005508441608083651,-0.0038546241087874635,-0.0066688167250831265,-0.0066688167250831265,-0.0031876913740847
2026-08-19,0.019284165580410056,0.007923241626063037,0.02742107260440574,0.02742107260440574,0.003010351532418687
2026-08-20,-0.004483775601652251,-0.007464165508569043,-0.0023515469656157917,-0.0023515469656157917,-0.00874823287372517
2026-08-21,0.007263471791271366,0.0062727717551334435,0.007969836812933284,0.007969836812933284,0.00585074174794753
2026-08-24,0.0034609441945431993,-0.0015564151336803999,0.0070528429310106056,0.0070528429310106056,-0.0037228532783916135
2026-08-25,0.005363347874876356,0.002856167097094975,0.00714973539541397,0.00714973539541397,0.0017905728338011295
2026-08-26,-0.005958630541168741,-0.001838454904118103,-0.008914089899551114,-0.008914089899551114,-4.771182440399535e-05
2026-08-27,0.0018447008506596492,0.0037537362338978418,0.0004995906622571322,0.0004995906622571322,0.004534921227464683
2026-08-28,-0.013092615761909787,-0.006591707608686159,-0.01773193050517985,-0.01773193050517985,-0.003813986275369663
2026-08-31,-0.0018636982186405933,-0.0006250372627617295,-0.0027446842075391498,-0.0027446842075391498,-0.00010172624084348048
2026-09-01,-0.012693400041652944,-0.007574262921900232,-0.016348526069603353,-0.016348526069603353,-0.005383147985752124
2026-09-02,0.007231654737814471,0.0060525771805974736,0.00807358385255097,0.00807358385255097,0.005547796508341474
2026-09-03,0.00919881021226702,0.008113186691955487,0.009978261004760292,0.009978261004760292,0.007639908627280478
2026-09-04,-0.003242236399152554,-0.00312147296977463,-0.0033338293451112833,-0.0033338293451112833,-0.003059050507235095
2026-09-08,-0.007789701453776147,-0.006436739119133328,-0.00874338493828053,-0.00874338493828053,-0.005882334484767382
2026-09-09,-2.0209234483166878e-05,-0.0024455793346791375,0.00170883356051732,0.00170883356051732,-0.0034782948244841405
2026-09-10,-0.012237409535202137,-0.009081290747564918,-0.014501654842232425,-0.014501654842232425,-0.007708918921141561
2026-09-11,0.004617236216415299,0.005960058519443834,0.0036421270747570844,0.0036421270747570844,0.006567454499731729
2026-09-14,-0.006142436206135415,-0.004924628139170428,-0.007053737979458963,-0.007053737979458963,-0.004319832659488321
2026-09-15,-0.0001860989829759093,-0.000869083315567265,0.0003086005018534399,0.0003086005018534399,-0.0011754979526346077
2026-09-16,-0.0039396285024147675,-0.006728297977901154,-0.0019492798678865109,-0.0019492798678865109,-0.007920325771471282
2026-09-17,0.012482338091721798,0.010285781457875032,0.014033421168065274,0.014033421168065274,0.009380171939034843
2026-09-18,0.0003202068013693123,0.00037545905954754487,0.0002817508780598166,0.0002817508780598166,0.00039711864798830376
2026-09-21,0.00303216053313371,0.0074585749000846465,-9.690848059762391e-05,-9.690848059762391e-05,0.009290298560596377
2026-09-22,0.0008927338348146222,-0.00042330362355302853,0.0018222221673143135,0.0018222221673143135,-0.0009662428301847603
