date,seed_0,seed_1,seed_2,seed_3,seed_4
2016-01-04,-0.010288740211707382,-0.006899362526627017,-0.006179588456525953,-0.01013529710567639,-0.008483918136378577
2016-01-05,0.0007560749794364386,9.720605789342861e-06,0.0012147539214961256,0.0010409967919203789,0.0002753904265379692
2016-01-06,-0.005967564769561662,-0.005157940968371355,-0.008100723820495093,-0.011084809033434706,-0.005151480331744451
2016-01-07,-0.01731838124181654,-0.011255006634825893,-0.01597468627444263,-0.018122626092324068,-0.014731848110327572
2016-01-08,-0.009820070323800102,-0.004213603313460157,-0.007496783983760769,-0.008102834682145977,-0.007028481152986843
2016-01-11,-0.004196624960499917,0.0014533413657502158,-0.00043324708619093546,-0.0017794474980009968,-0.0008648518621861223
2016-01-12,0.00736077206104484,0.003801131917329781,0.005568972199815714,0.006124493426375932,0.005844255187654901
2016-01-13,-0.020524511322018223,-0.010926293095522333,-0.0068905845661367815,-0.018788747142180772,-0.015156131295301046
2016-01-14,0.013731945417722925,0.006280265926669059,0.003315943034641511,0.014906676463719681,0.006747234871419028
2016-01-15,-0.017304807817370517,-0.01049505707201157,-0.005413657144232753,-0.01693689152168043,-0.011675273168970646
2016-01-19,-0.0011504087653837146,0.0004860906275408472,-0.003713188692655289,-0.0015484704655540972,-0.001135476361965948
2016-01-20,-0.0035841125060625647,-0.004561757519241527,-0.002285352939947749,-0.008300185263109295,-0.003038332653322884
2016-01-21,0.003436330843829294,0.0008617224768789122,-0.0012778888669165767,0.004233270511276588,0.0006249732808378039
2016-01-22,0.01770831003501201,0.008868706381940039,0.0101707281931255,0.016928524791401788,0.01251996564804283
2016-01-25,-0.00797954617951795,-0.005968515776266792,-0.001939156198750447,-0.013073262666475715,-0.00812867794020442
2016-01-26,0.009754103883146192,0.005345280821622911,0.003297048112404788,0.011250701094390391,0.009895362543795305
2016-01-27,-0.007074574870592864,-0.0063151328317326725,-0.0025496068679209836,-0.009011752178074229,-0.008429259061479543
2016-01-28,0.0002839137637254185,0.003510993872395418,-0.0006488107101564999,0.004744585907747923,0.003086820263873835
2016-01-29,0.010503305805038799,0.01043677382273458,0.003215803406926476,0.014637335396287355,0.017387091779328755
2016-02-01,0.000404109158359256,-0.0006257276171710458,-0.000816332082554283,-0.0005113741680385586,0.00042974613482809064
2016-02-02,-0.00590889839712293,-0.0067213604543533536,0.0018552436829749608,-0.009965687412896362,-0.010782722351068174
2016-02-03,0.0027027922201522947,0.0007243788049719257,-0.0021239914616272503,0.001979260092699231,0.001898388622925362
2016-02-04,0.002735634371475959,0.001644131010654437,0.002062604161963888,0.001032969357652924,0.0034961004176739417
2016-02-05,-0.0048137020825430145,-0.006015275737256321,-0.003680072165433945,-0.009985778900615739,-0.011880729189740192
2016-02-08,-0.003082954433208729,-0.002888531922218862,0.0006231654528342512,-0.007753013317657487,-0.005975522460499394
2016-02-09,0.00013577529223472994,-0.0004194867980691575,0.0017211335425200813,-0.00014101509693659198,-0.0008120711321558006
2016-02-10,0.0019817732448911387,0.0001954979049243799,0.0012167503958708027,0.0009999508582771211,-0.0005650135924515243
2016-02-11,-0.0043106989531846995,-0.004126562871756378,-0.0003285899624479893,-0.007038222499115354,-0.0074190964227662136
2016-02-12,0.012217164961921744,0.006112148343951418,0.004417910613057019,0.00951194390446226,0.01312714078538586
2016-02-16,0.008930550786573977,0.004195899838804284,0.00018744711561967663,0.007763505611212529,0.011094173176873246
2016-02-17,0.010469777217882226,0.004636451030198052,3.7308535555835577e-06,0.007535535509517732,0.010240841663107092
2016-02-18,0.0003757150090664241,0.003107677251678942,0.003662942776288425,0.0020807288361525678,-0.0020089489749326784
2016-02-19,7.47100539068124e-05,-0.0006425089829085517,-0.000516182581457858,-0.0007953950106734164,0.0007809926835062542
2016-02-22,0.0063860681369460656,0.0011103301477369155,-0.001242136841821373,0.00398396985098588,0.008402385557212821
2016-02-23,-0.006823940591178268,-0.0009591490250008717,0.0008920394320389602,-0.00296980626324459,-0.007859452643855758
2016-02-24,0.003591280219669002,0.00021275597876800888,0.009682042647287791,0.0010018335052927375,0.0030209011371071905
2016-02-25,0.007281872757046237,0.003328491259376798,0.003315584593740861,0.005786030893934546,0.007424357433162365
2016-02-26,-0.001465681486189674,-0.0012783798266424063,-0.00044275223877576764,-0.001686469417370906,-0.0005791256643055242
2016-02-29,-0.004778707820972739,-0.00012920481396502259,0.0020952167520672527,-0.002503318882298433,-0.0042676385058173835
2016-03-01,0.013230772813692749,0.003030529792380954,0.009171266379507926,0.0075252239252027505,0.014453272733546584
2016-03-02,0.002595456603056201,0.002505846583516247,-0.0006040684669459062,0.0031176696021125274,0.003533774799068401
2016-03-03,0.00160637585024761,0.002223408693454132,0.0020917764199301246,0.0023349805738457686,0.0025673584683338023
2016-03-04,0.0006914482513771802,-0.0004030383808681703,-0.0007986303246860116,-0.0003144769494540345,0.0006771158298934377
2016-03-07,0.0010608790314777683,0.0008195793749089519,0.0004666340944536662,0.0017004984440837534,-0.000871232262557009
2016-03-08,-0.00565515971899303,5.6205858205382595e-05,0.00037473760003423615,-0.0022570787528995552,-0.0031587601809250467
2016-03-09,0.002311440076977522,-0.0012012928711344518,-0.00013699227056643837,-0.0005285664082211539,-5.700801834214175e-05
2016-03-10,-0.0013089298627304569,0.0012188855457510473,0.001209048036832716,0.0013586579548990007,-7.814187366697034e-05
2016-03-11,0.009257448683057546,-0.001454524211673236,0.005642288756203017,0.0021062112955207877,-0.001010347732305472
2016-03-14,-0.00010555256053896844,-0.0008710940050473571,-0.002176456775823621,-0.0014220561189990156,0.0003140516939467597
2016-03-15,-0.0027090829405183926,0.00030365094666922053,0.00017025186088948097,-0.0014113366344393641,9.389966288020357e-05
2016-03-16,0.0038762577396937226,0.0030075095827114097,0.002432053432076342,0.0033483131875807425,0.00029716495467966284
2016-03-17,0.002576411879837359,0.0008791742732603414,-0.0011309973138740048,0.0003507578968733993,0.0018496192908544762
2016-03-18,0.003642941962175983,0.0005793356867301424,0.0011110646889075815,0.002148504907991633,0.0008029300597641509
2016-03-21,0.0006385101400174009,-0.0012860503710975025,-0.0014285094902529937,-0.0005607443739605201,-0.000767026466285814
2016-03-22,0.0009534435626059823,9.468284585412157e-05,0.0002707430804592348,0.001037513491311759,0.0004970144711392455
2016-03-23,-0.003984152938383357,-0.0016370879397787142,-0.0035778046605276503,-0.0030039297079234805,0.0005395740040988306
2016-03-24,0.0002007043734148062,-0.00012725925945901163,8.863579630631335e-05,-0.00021604108888064743,0.0015845336671760802
2016-03-28,-2.7326819199402495e-05,0.0004663089020843003,-3.545854252530178e-05,0.0002434507483082049,-0.0002399773798588134
2016-03-29,0.011474380524511973,0.0034434603048820954,0.005254392890788706,0.005529211997816396,0.005684661886936171
2016-03-30,-0.0004470487917045851,-0.0019673965218860666,-0.0008384000553769644,-0.00153146634953647,0.000496886918440198
2016-03-31,0.00040988628641990265,0.001117032810639873,0.000389309215016298,0.00047764266177380277,-0.00029895686936326493
2016-04-01,0.004357654064553551,-0.0003059096349455892,0.00253992502247844,0.002085947258319254,0.0054071326262550515
2016-04-04,-0.0016688810804020514,-0.002060673350878839,-0.001747978536798278,-7.099727212378504e-05,-0.0006494608410413716
2016-04-05,-0.0037007688916910974,1.74950188866152e-05,-0.0005237751958224512,-0.0006365689315671163,-0.005282974516366235
2016-04-06,0.008167296046917261,0.002490305016820238,0.00672291371637268,0.0031351939221317517,0.006905038635138483
2016-04-07,-0.005429364622794752,-0.00034851083162091846,-0.004005626807569907,-0.0006176320823885195,-0.0053178076239049354
2016-04-08,0.0013912437547078161,0.0014387629852751105,-0.0023141849025437255,-0.000576557346773876,-0.001373792603020052
2016-04-11,-0.0008626602672192508,0.0004067699949855008,0.0005401977422772375,-0.0019130833211627562,-0.0014851731256872336
2016-04-12,0.008854216935631909,0.003930894929989104,0.004944300272859792,0.005675908590846501,0.004783255904478634
2016-04-13,0.009464411402264884,0.0012426635079014758,0.004536108768956893,0.00318961856584854,0.007905904943497277
2016-04-14,-0.0013956230863527929,-0.0017933792762346856,-0.0018631731052316746,-0.0017314424034490683,-0.00010671752346123054
2016-04-15,-0.0008849240460350405,0.0009986966628434124,0.0006356950487005353,0.001036648986342903,-0.0004754760824402293
2016-04-18,0.005774253560206078,0.004199675677194115,0.005435578019956788,0.007119861012623907,0.0035184641808430504
2016-04-19,0.004380933003650689,0.003012932743002528,0.001216113195261681,0.0031238861629761306,0.0007415493044421351
2016-04-20,0.0013602409947105598,-0.0016541401809205048,-0.0009917333093114266,-0.00012360864399617587,0.0008248246012138583
2016-04-21,-0.003078690651819538,-0.002168751631852206,-0.0024576787816963596,-0.0016923081936463414,-0.0023682306505916186
2016-04-22,-0.0010809717115517592,-0.001019534892248608,-0.003224386544803337,-0.00151354356643022,-0.0020345773984705275
2016-04-25,-0.0029044422791229983,-0.0015766998568324975,-0.0016566434504507565,-0.0021786195395770537,-0.0014332780342141249
2016-04-26,0.0020183041847701587,0.0016139362905022048,0.00040035949140808657,0.0013886941313872691,-0.0001832265233809971
2016-04-27,0.002872323453919967,0.0035892410060661016,0.002353492723353656,0.002872323453919967,0.000740354088803774
2016-04-28,-0.006365163199549273,-0.004171980805269981,-0.004431588579358392,-0.005380405819734879,-0.004878919750368216
2016-04-29,-0.003259909642738601,-0.003003822378007981,-0.0028800187967690793,-0.003530728698420682,-0.0030972102111575307
2016-05-02,0.0040225688408968676,0.0034633482324906485,0.0040225688408968676,0.004409233547922875,0.004126272788931007
2016-05-03,-0.008053955789393741,-0.007571093650218219,-0.008053955789393741,-0.008498772887282024,-0.0056959800477572875
2016-05-04,-0.006124119801979522,-0.005480989310368134,-0.006124119801979522,-0.006124119801979522,-0.004681206040844488
2016-05-05,0.0014159312334707463,0.0014444993252479942,0.0014159312334707463,0.0014159312334707463,0.0005991612233426702
2016-05-06,0.0028354916069085025,0.002302271338755868,0.0028354916069085025,0.0028354916069085025,0.003064764618517479
2016-05-09,-0.0018601683148793736,-0.0021443374807216587,-0.002184847237152099,-0.0018601683148793736,-0.0004046624717672476
2016-05-10,0.01048753557444404,0.00911809566154902,0.00911809566154902,0.01048753557444404,0.008730688198401993
2016-05-11,-0.0053205743080688706,-0.004416853843314516,-0.0034180260419415577,-0.0053205743080688706,-0.005626140371127475
2016-05-12,-0.002672157144811249,-0.0022302340804409735,-0.002367109400552847,-0.002672157144811249,-0.0029463491390868345
2016-05-13,-0.004664871211046584,-0.00429656378454939,-0.004599512062539213,-0.004664871211046584,-0.0033888279869859206
2016-05-16,0.008706474407649923,0.007455275243255432,0.008706474407649923,0.008706474407649923,0.0070138625611602225
2016-05-17,-0.00636187564963101,-0.005107461985439088,-0.0030352591419201104,-0.00636187564963101,-0.006830915172246621
2016-05-18,-0.0008148354595353457,-0.0011750826657989434,-0.0010486719134100598,-0.0008148354595353457,0.0001490246332670475
2016-05-19,-0.0042865915436576365,-0.0037670058168577823,-0.002962696290716438,-0.0042865915436576365,-0.004301800910511522
2016-05-20,0.007175692580784277,0.006074176334171599,0.0061752267665396545,0.007175692580784277,0.006582723264652079
2016-05-23,-0.0013669093397832178,-0.0012354467077820065,-0.0009151330264325797,-0.0013669093397832178,-0.0011099746760124042
2016-05-24,0.009696773055300378,0.007693612286191709,0.005073796227821947,0.009696773055300378,0.009196710013652932
2016-05-25,0.006095383596328963,0.0053761777417176025,0.004386615659510473,0.006095383596328963,0.004512129681994492
2016-05-26,-0.0003990880782792861,-0.0006919760128108355,-0.0005916182735889785,-0.0003990880782792861,1.6545256935951436e-05
2016-05-27,0.002878472137887611,0.0023581870023682504,0.0013830099936440465,0.002878472137887611,0.0028188493644944355
2016-05-31,0.00029618313255219686,0.00010552029846657706,-0.0001368235827273523,0.00029618313255219686,0.0006835131860390642
2016-06-01,0.001595544570890528,0.0015864561039616865,0.0015864561039616865,0.001595544570890528,0.001565604752267058
2016-06-02,0.003348377937466418,0.0031399496933161575,0.0031399496933161575,0.003348377937466418,0.00406533686798789
2016-06-03,0.0003334940445761991,0.0008037920313235358,0.0008037920313235358,0.0003334940445761991,0.0003334940445761991
2016-06-06,0.005396075146889445,0.0050326106575996786,0.005163906636100668,0.005396075146889445,0.005396075146889445
2016-06-07,0.0023048627924982636,0.002558350194464132,0.0023048627924982636,0.0023048627924982636,0.0023048627924982636
2016-06-08,0.004038785098535003,0.004599970674975218,0.004038785098535003,0.0048224181774731536,0.0048224181774731536
2016-06-09,-0.0014667765949225697,-0.0003595387305636577,-0.0014667765949225697,-0.0003595387305636577,-0.0003595387305636577
2016-06-10,-0.008173158896138722,-0.008173158896138722,-0.008173158896138722,-0.008173158896138722,-0.008173158896138722
2016-06-13,-0.00515943462630597,-0.00515943462630597,-0.00515943462630597,-0.00515943462630597,-0.00515943462630597
2016-06-14,-0.001915404593664316,-0.001915404593664316,-0.001915404593664316,-0.001915404593664316,-0.001915404593664316
2016-06-15,-0.00041209920520944853,-0.00041209920520944853,-0.00041209920520944853,-0.00041209920520944853,-0.00041209920520944853
2016-06-16,0.0008724515700630376,0.0008724515700630376,0.0008724515700630376,0.0008724515700630376,0.0008724515700630376
2016-06-17,-0.002410724160267175,-0.002410724160267175,-0.002410724160267175,-0.002410724160267175,-0.002410724160267175
2016-06-20,0.003907447750460235,0.003907447750460235,0.003907447750460235,0.003907447750460235,0.003907447750460235
2016-06-21,0.00028179140179774854,0.00028179140179774854,0.00028179140179774854,0.00028179140179774854,0.00028179140179774854
2016-06-22,-0.0015609009653714812,-0.0015609009653714812,-0.0012758047441696397,-0.0015609009653714812,-0.0015609009653714812
2016-06-23,0.010519819695944965,0.010519819695944965,0.0069924750420932045,0.010519819695944965,0.010519819695944965
2016-06-24,-0.022697119517062846,-0.022697119517062846,-0.013220500240101407,-0.022697119517062846,-0.022697119517062846
2016-06-27,-0.014826823683879897,-0.014826823683879897,-0.011370038340891286,-0.014826823683879897,-0.015067472783078507
2016-06-28,0.01547890141577557,0.01547890141577557,0.013597027793145644,0.01547890141577557,0.016488002057823727
2016-06-29,0.011849903126264116,0.014633451150076183,0.014633451150076183,0.014633451150076183,0.014985791804360705
2016-06-30,0.0053895671807452136,0.01102347701556743,0.00864665940238687,0.01102347701556743,0.010154306329620643
2016-07-01,0.002629636072466779,0.005024931633477258,0.00504770587204093,0.005024931633477258,0.0021026049748073873
2016-07-05,-0.0009137262920014711,-0.005678973418082855,-0.0035731535284902914,-0.005678973418082855,-0.007756560129633061
2016-07-06,0.0030122196689696956,0.006113441996460733,0.005831804518844508,0.006113441996460733,0.005095273033792602
2016-07-07,-0.0003260481082218214,-0.00042784680198225676,-0.0013801165203114474,-0.00042784680198225676,-0.0007014281394164157
2016-07-08,0.006431005744903273,0.014018005229654129,0.012606807058548908,0.014018005229654129,0.01281568962005939
2016-07-11,0.000245308628349572,0.0009563013580762058,0.0011240817671557713,0.0009563013580762058,0.00360897292028699
2016-07-12,0.0010805476217075282,0.003159938267381801,0.0032391774473648494,0.003159938267381801,0.008301325867769372
2016-07-13,0.0012608362185476008,0.001317936412051124,0.0009253854580276499,0.001317936412051124,-0.0014155848206290234
2016-07-14,0.0009262195513569327,0.0007824645505058014,0.0007631697798494263,0.001605145582461609,0.004614894501235645
2016-07-15,-0.0011338130624636844,-0.0014697176725470772,-0.0012999570096886236,-0.0017461726310752268,-0.00038593428253029803
2016-07-18,0.0009899755537622012,0.0017271011610104359,0.001634323255650505,0.0015600238392542542,0.002325246330320807
2016-07-19,0.00020961224674879154,-0.0006775140691444026,-0.0006775140691444026,-0.00017712538333630734,-0.0017398249088918516
2016-07-20,0.002274849909943899,0.0015221784966790053,0.0015221784966790053,0.000868373436259795,0.004667865950300487
2016-07-21,-0.0008350455677516244,-0.001282359817442813,-0.001282359817442813,-0.0008076682186003214,-0.003237328127672767
2016-07-22,0.0017013273515410266,0.0026455892501087265,0.0026455892501087265,0.0019008819801804243,0.003633939426965105
2016-07-25,-0.0009585388693212571,-0.003968286563400414,-0.004006307083489202,-0.003856814622600213,-0.0032290690195252436
2016-07-26,1.4672901528534065e-05,0.001822279038021213,0.0017078848075344766,0.0012254448628081338,-0.0011156706771336734
2016-07-27,0.004022547658745735,0.003976102853842478,0.0030837820316833796,0.0030003821814768793,0.0018764893827673767
2016-07-28,-0.00040990187307162753,-0.00017522874048641056,-0.00017522874048641056,-0.00026844548917005496,-0.0004545762240691142
2016-07-29,0.003479907121695247,0.0037269944464579873,0.0037269944464579873,0.0033110002926769466,0.0035047005237831886
2016-08-01,-0.0035850098529126907,-0.0032266929320168393,-0.0032266929320168393,-0.003429282174535919,-0.0041071753388634
2016-08-02,-0.00157760299827715,-0.004579773740790005,-0.004579773740790005,-0.0031850599189100492,-0.0030681079827375004
2016-08-03,0.0020866880761123197,0.004255119175623112,0.004255119175623112,0.003443288414238599,0.0035782435109590117
2016-08-04,0.001320373025720467,0.0014439618225862594,0.0014439618225862594,0.0013938938843758076,0.0006184229173082034
2016-08-05,0.0010953808538092691,0.005407424841050524,0.005407424841050524,0.005407424841050524,0.0034821152164856263
2016-08-08,0.0005144147253555609,0.00047900474242597025,0.00047900474242597025,0.00047900474242597025,0.0003990295566180135
2016-08-09,0.0014167586574322488,0.001837650991455142,0.001837650991455142,0.001837650991455142,0.0017875982328999563
2016-08-10,-0.0012554376017488544,-0.0030205066025637216,-0.0030205066025637216,-0.0030205066025637216,-0.0030205066025637216
2016-08-11,0.0019263603544206198,0.0030418610285126934,0.0030418610285126934,0.0030418610285126934,0.0030418610285126934
2016-08-12,0.0005259407172155228,0.00040005495412436253,0.00040005495412436253,0.00040005495412436253,0.00040005495412436253
2016-08-15,0.0014875700196974816,0.0035750215501352267,0.0035750215501352267,0.0035750215501352267,0.0035750215501352267
2016-08-16,-0.0021719957065684413,-0.003784417272012264,-0.003784417272012264,-0.003784417272012264,-0.003784417272012264
2016-08-17,0.0014564127374823376,0.0016756130363810517,0.0016756130363810517,0.0016756130363810517,0.0016756130363810517
2016-08-18,0.003124583045576057,0.0038044248642222444,0.0038044248642222444,0.0038044248642222444,0.0038044248642222444
2016-08-19,-0.002596473345771055,-0.0026636834812780895,-0.0026636834812780895,-0.0026636834812780895,-0.0026636834812780895
2016-08-22,-0.0003661568374729196,-6.162315112701044e-05,-6.162315112701044e-05,-6.162315112701044e-05,-6.162315112701044e-05
2016-08-23,0.0015496695277175676,0.0025515029391355417,0.0025515029391355417,0.0025515029391355417,0.0025515029391355417
2016-08-24,-0.004723218651996786,-0.006225287383102229,-0.006225287383102229,-0.006225287383102229,-0.006225287383102229
2016-08-25,-0.001596104038245716,-0.0013557221335814607,-0.0013557221335814607,-0.0013557221335814607,-0.0013557221335814607
2016-08-26,-0.0011287273085034077,-0.0010610923707607411,-0.0010610923707607411,-0.0010610923707607411,-0.0010610923707607411
2016-08-29,0.003856222657358477,0.005384354536109459,0.005384354536109459,0.005384354536109459,0.005384354536109459
2016-08-30,-0.0027523753523441717,-0.00198680244280105,-0.00198680244280105,-0.00198680244280105,-0.0014642589490630575
2016-08-31,-0.002701729636237804,-0.0032879874336021464,-0.0032879874336021464,-0.0032879874336021464,-0.0027829754444413713
2016-09-01,0.0003767304475149946,0.00030017772712369605,0.00030017772712369605,0.00030017772712369605,0.00030017772712369605
2016-09-02,0.0027526337648502317,0.004492871858610503,0.004492871858610503,0.004492871858610503,0.004492871858610503
2016-09-06,0.005340519845413128,0.00589739556146387,0.00589739556146387,0.00589739556146387,0.00589739556146387
2016-09-07,0.00040005077994068603,0.0010444646722983174,0.0010444646722983174,0.0010444646722983174,0.0010444646722983174
2016-09-08,-0.0011457673108999922,-0.002011819368368628,-0.002011819368368628,-0.002011819368368628,-0.002011819368368628
2016-09-09,-0.014245816735770401,-0.021763716521079633,-0.021763716521079633,-0.021763716521079633,-0.019767035206737837
2016-09-12,0.010950887464002579,0.011132344376203506,0.011132344376203506,0.011132344376203506,0.010142367611001412
2016-09-13,-0.012331105658256203,-0.01409993494792412,-0.01409993494792412,-0.01409993494792412,-0.011244427793199018
2016-09-14,-0.0002708405403266445,-0.00022094104763989986,-0.00022094104763989986,-0.00022094104763989986,0.0009636204821361294
2016-09-15,0.008196925526911925,0.008196925526911925,0.008196925526911925,0.008196925526911925,0.006953767245063569
2016-09-16,-0.0025899943315372044,-0.0025899943315372044,-0.0025899943315372044,-0.0025899943315372044,-0.0017826056502863508
2016-09-19,0.00016264139494140962,0.00016264139494140962,0.00016264139494140962,0.00016264139494140962,0.00022190859195697632
2016-09-20,-0.00017910746651518262,-0.00017910746651518262,-0.00017910746651518262,-0.00017910746651518262,0.0005478261343100476
2016-09-21,0.011775178596126201,0.011775178596126201,0.011775178596126201,0.011775178596126201,0.00945897833601279
2016-09-22,0.006127463374743037,0.006127463374743037,0.006127463374743037,0.006127463374743037,0.006010619531568162
2016-09-23,-0.005632561672011716,-0.005632561672011716,-0.005632561672011716,-0.005632561672011716,-0.004305079888292473
2016-09-26,-0.006793315031689296,-0.006793315031689296,-0.006793315031689296,-0.006793315031689296,-0.0063497973428705
2016-09-27,0.004636808027382255,0.004636808027382255,0.004636808027382255,0.004636808027382255,0.005305065329400105
2016-09-28,0.006331247800639139,0.006331247800639139,0.006331247800639139,0.006331247800639139,0.0020107124331714575
2016-09-29,-0.00791999980538306,-0.00791999980538306,-0.00791999980538306,-0.00791999980538306,-0.007748044919479069
2016-09-30,0.006504372167801043,0.006504372167801043,0.006504372167801043,0.006504372167801043,0.005140607508952222
2016-10-03,-0.002447390443480768,-0.0022567081205137063,-0.002447390443480768,-0.0022567081205137063,-0.002376569241069082
2016-10-04,-0.0074107796587636774,-0.006390358164656074,-0.0074107796587636774,-0.006390358164656074,-0.006390358164656074
2016-10-05,0.005311810848307197,0.0037797453262948034,0.005311810848307197,0.0037797453262948034,0.0037797453262948034
2016-10-06,-0.001482036478052684,-0.0016371613894565651,-0.001482036478052684,-0.0016371613894565651,-0.0016371613894565651
2016-10-07,-0.0023616874211983994,-0.0017844172187567841,-0.0023616874211983994,-0.0017844172187567841,-0.0017844172187567841
2016-10-10,0.005839317727340721,0.004267336781114639,0.005839317727340721,0.004267336781114639,0.004267336781114639
2016-10-11,-0.011985819172699873,-0.010842523319621156,-0.011985819172699873,-0.010842523319621156,-0.010842523319621156
2016-10-12,-0.000510813726912196,-0.00013764075493970517,-0.000510813726912196,-8.764075493971069e-05,-8.764075493971069e-05
2016-10-13,-0.0033022846744071967,-0.0033022846744071967,-0.0033022846744071967,-0.0027498916824036266,-0.0027498916824036266
2016-10-14,-0.002351890830389336,-0.002351890830389336,-0.0023932828704193885,-0.0017679037477152271,-0.0017679037477152271
2016-10-17,-0.00163672445254337,-0.00163672445254337,-0.0019048207102410064,-0.0011496515426200559,-0.0011496515426200559
2016-10-18,0.006369918701314781,0.006369918701314781,0.005751604979821967,0.005966831196598776,0.005966831196598776
2016-10-19,0.0037938095218370328,0.0037938095218370328,0.0027193894640891282,0.002374271259481864,0.002374271259481864
2016-10-20,-0.0011580937994778106,-0.0011580937994778106,-0.0009578696508427464,-0.0010450400589621545,-0.0010450400589621545
2016-10-21,-0.0007343420353591923,-0.0007343420353591923,-0.0006959036672243956,-8.322716809320286e-05,-8.322716809320286e-05
2016-10-24,0.002800462519618929,0.002800462519618929,0.002967445376083211,0.003099660495458445,0.003099660495458445
2016-10-25,-0.0018454157729205778,-0.0018454157729205778,-0.002499128041744758,-0.0013881743802938384,-0.0013881743802938384
2016-10-26,-0.003279827379818789,-0.003279827379818789,-0.0025593748807989703,-0.0035094735685222145,-0.0035094735685222145
2016-10-27,-0.0026885638263620002,-0.0026885638263620002,-0.0020829164170293236,-0.002316190485698566,-0.00316442945242702
2016-10-28,-0.004043466542009366,-0.004043466542009366,-0.004514501733119014,-0.003770326360861409,-0.004043466542009366
2016-10-31,-0.0007812369507620876,-0.0007812369507620876,-0.00107733878077505,0.00029992184823317557,-0.0007812369507620876
2016-11-01,-0.004414155813776588,-0.004414155813776588,-0.005760544065251838,-0.004428699117736546,-0.004414155813776588
2016-11-02,-0.004855881053547273,-0.004855881053547273,-0.006032395633060561,-0.003748556565617378,-0.004855881053547273
2016-11-03,-0.0036993265410162125,-0.0036993265410162125,-0.0034656139587738387,-0.004097102498297489,-0.0036993265410162125
2016-11-04,0.0006015693448053527,0.0006015693448053527,-5.898266908845873e-05,0.0011445881563214022,0.0006015693448053527
2016-11-07,0.015809072541989523,0.015809072541989523,0.01765891734525633,0.013654724729860967,0.015809072541989523
2016-11-08,0.0020473567619597732,0.0020473567619597732,0.0006946660876518517,0.001917297746627078,0.0020473567619597732
2016-11-09,0.0109786285538508,0.0109786285538508,0.007453709499873662,0.0093485352867262,0.0109786285538508
2016-11-10,0.00205258309099976,8.201099808149425e-05,0.00095054347351331,-0.0003438082010126742,-0.000157496976707594
2016-11-11,-0.0032250194565262348,-0.0046309722160264525,-0.0017297722632498846,-0.0028076689363157213,-0.0035026673774499195
2016-11-14,0.0003649621099959255,-0.0033333653403793016,0.0006770890366227245,-0.0038947995244187016,-0.002080839167685
2016-11-15,0.008570785435853689,0.007764623023826101,0.008286155747087853,0.004944287803017744,0.00806900220105874
2016-11-16,-0.0008318718383228174,0.001658008079126938,-0.00040614546633803704,0.0019306703877767007,0.0006185746317308837
2016-11-17,0.0003248595909216889,-0.00010724251666206497,0.0019083123067524354,-0.00010724251666206497,-0.00021184670098021164
2016-11-18,-0.002136700753390508,-0.0018484548296510916,-0.0007833295194684342,-0.0018484548296510916,-0.0026662345434779076
2016-11-21,0.007097313369231939,0.003200681145325057,0.00685136519713776,0.003200681145325057,0.0066316403126827515
2016-11-22,0.0005171633780822304,0.0012543524290103193,0.002039087949505447,0.0007899201282823509,-0.000394681858358692
2016-11-23,-0.0013864593080587183,-0.00190596920622792,-0.0008058022911582308,-0.002530998505391913,-0.002011488607222711
2016-11-25,0.001294211163028347,0.0011581878696662051,0.0008889807756816248,0.0008289114644180473,0.0009649347577801893
2016-11-28,-0.002527024787557286,-0.0012780072208895322,-0.0036754349558302925,-0.0012537157567182767,-0.00122919120573447
2016-11-29,0.00014418909315762064,0.0010218771899718204,-0.0011541968280164294,0.0007746609951727157,0.0001970822128572136
2016-11-30,-0.0018483852584884719,0.00034339592914688354,0.0034151883094004853,-0.004739164824363973,-0.0013568890175217675
2016-12-01,-0.0045512825293598565,-0.003913978723400535,-0.002409050144517866,-0.005787909860919626,-0.004146493781074045
2016-12-02,0.001982894610209107,0.0008964981411629158,-0.0003189852618012967,0.0010350360842708683,0.002119749320460773
2016-12-05,0.003492785953282074,0.005742293134604737,0.005753926210962479,0.00549189772031492,0.0015234859306480276
2016-12-06,0.0021800782047669332,0.0025890412475381595,0.0030411958562306606,0.00244858336750311,0.0009581935624780824
2016-12-07,0.007356262431556048,0.010571163883993217,0.008519705560842195,0.009017792908440181,0.006342680999107642
2016-12-08,0.0014349619742943243,0.0022866765451525885,0.004132100418644447,0.0018774864961749738,-0.0004200815056185303
2016-12-09,0.001954637879051602,0.0010637858185874483,0.0043661485795293276,0.0009314172012501066,0.0016266956163951574
2016-12-12,-0.0006863448303506936,0.0003599093387607777,-0.002281786162712829,0.0003599093387607777,0.00036924056937261975
2016-12-13,0.004606319131319936,0.004333121457286204,0.005159570594898577,0.004333121457286204,0.0045990215680931645
2016-12-14,-0.006275911790784472,-0.008230616645574873,-0.005646583672994354,-0.008230616645574873,-0.005400729745472432
2016-12-15,0.0018135377730197466,0.002240000546157883,0.00258138093054876,0.002240000546157883,0.002492545202188878
2016-12-16,-0.0009816647494291452,-0.0013015472782534232,-0.0010715739602785712,-0.0013015472782534232,-0.0005353641322520253
2016-12-19,0.003368113711901044,0.0033701795357155228,0.002294557211370729,0.0033701795357155228,0.0032326560305781403
2016-12-20,0.0010901472665574175,0.002180122943981544,0.002168922791114225,0.002180122943981544,0.0023310961280827657
2016-12-21,-0.0014054272649365097,-0.0009379047095775195,-0.0019981725914229196,-0.0009379047095775195,-0.0014554489604456712
2016-12-22,-0.0019058328821470517,-0.0018834850784817726,-0.001332873796269529,-0.0018834850784817726,-0.0019058328821470517
2016-12-23,0.0021615943778458433,0.0014856103839966494,0.0017201464297548763,0.0014856103839966494,0.0022814287326450968
2016-12-27,0.002164476271014515,0.0023128240915750386,0.0021304866975942137,0.0023128240915750386,0.002291717349017819
2016-12-28,-0.003845387417321955,-0.005185110307982388,-0.006192291899560898,-0.005185110307982388,-0.0037260777984266967
2016-12-29,0.0017413964253161218,0.0006420669879549701,-0.0010258718816118727,0.0006420669879549701,0.0008794954746915607
2016-12-30,-0.003625728502491521,-0.003340116110427049,-0.0033004784853437608,-0.003340116110427049,-0.0036588665715887926
2017-01-03,0.0060246034281242755,0.006965962940572901,0.0070587867850682605,0.006965962940572901,0.008271424560534002
2017-01-04,0.0050476877968945065,0.004858217240602003,0.004228149302164308,0.004858217240602003,0.0056457677414429195
2017-01-05,0.002923097745531467,0.0011491266019055368,-0.0019677313227188576,0.0011491266019055368,0.0016605365627907487
2017-01-06,0.0006113998438476376,0.0007620249759112685,0.0024174334465272506,0.0007620249759112685,0.0010446946027546033
2017-01-09,0.000994638145187965,-0.001557462135316201,-0.0031833022963275947,-0.001557462135316201,-0.001134570581250194
2017-01-10,0.0008487006005511777,0.0006817627232617585,0.0003214188255401873,0.0006817627232617585,0.0010325853908222603
2017-01-11,0.0023810647149424048,0.0040282318585962654,0.0033821195203060706,0.0040282318585962654,0.003021265178369925
2017-01-12,-0.0018831698030867706,-0.002830224967486161,-0.002424403407314846,-0.002830224967486161,-0.0027313242993817544
2017-01-13,0.0011653823008378917,0.0016226375977862694,0.001867420748575832,0.0016226375977862694,0.0017214215375759734
2017-01-17,-0.0001064229342166212,-0.0019808238866200977,-0.003924375557945803,-0.0019808238866200977,-0.002488424763098629
2017-01-18,-0.0012839966976118111,-0.0005818242813777408,0.0007068846279454588,-0.0005818242813777408,-8.348034796146208e-06
2017-01-19,-0.0041073869588350905,-0.0034687737724335864,-0.0029909654241840776,-0.0034687737724335864,-0.003676894288474053
2017-01-20,0.0027326440794736007,0.0029897067792007182,0.002932336776229105,0.0029897067792007182,0.0027326440794736007
2017-01-23,-0.0009852362761494592,-0.0005700112469802842,-0.002279285675814635,-0.0005700112469802842,-0.0012788075681145817
2017-01-24,0.004537493312889695,0.005227632613154764,0.00567168762152559,0.005227632613154764,0.004986585866952553
2017-01-25,0.005623970076494733,0.004682887044773465,0.007810853027828779,0.004682887044773465,0.006448119443986988
2017-01-26,-0.0015598673893866377,-0.0007853225720389712,-0.0013870647776337065,-0.0007853225720389712,-0.0006649911448072699
2017-01-27,9.956171174918538e-06,-0.0008139954215878875,-0.0011747178928254386,-0.0008139954215878875,9.956171174918538e-06
2017-01-30,-0.0072263447748607155,-0.006738881001361852,-0.006437960588390357,-0.006738881001361852,-0.0072263447748607155
2017-01-31,0.002565738101273185,0.0009665255691134744,0.002066983906423725,0.0009665255691134744,0.002565738101273185
2017-02-01,0.0008973976698733122,3.241884213969204e-05,0.0009036065791742876,3.241884213969204e-05,0.0008973976698733122
2017-02-02,0.00018486896347102988,0.00021295209028387996,-0.0003006359689713189,0.00021295209028387996,0.00018486896347102988
2017-02-03,0.007582553621013399,0.007146640914933699,0.006520117932364655,0.007146640914933699,0.007582553621013399
2017-02-06,-4.202929330473504e-05,-0.00015402511799477158,-0.0015059580655158223,-0.00015402511799477158,-4.202929330473504e-05
2017-02-07,-0.0005679794712937447,-0.0006658905221935463,-0.0011969406070833077,-0.0006658905221935463,-0.0005679794712937447
2017-02-08,0.0016469512123072905,0.0018006439084695346,-0.00018072400581078396,0.0018006439084695346,0.0016469512123072905
2017-02-09,0.00422465414681088,0.003860800754030347,0.006103488619557651,0.003860800754030347,0.00422465414681088
2017-02-10,0.0037367976616898835,0.0035416201128487313,0.004176611289128007,0.0035416201128487313,0.0037367976616898835
2017-02-13,0.0034826562228550406,0.002870310131004561,0.003075842517439842,0.002870310131004561,0.0034826562228550406
2017-02-14,0.003540782879537885,0.0027524065661129636,0.0028204839702987926,0.0027524065661129636,0.003540782879537885
2017-02-15,0.004085656086484546,0.0030015881063241157,0.0034617839697021037,0.0030015881063241157,0.004085656086484546
2017-02-16,-0.0007763055241780004,-0.0006405725098225345,-0.0013648735768124864,-0.0006405725098225345,-0.0007763055241780004
2017-02-17,0.0007324240485958366,0.0005965065493215738,0.00034162596470780346,0.0005965065493215738,0.0007324240485958366
2017-02-21,0.004471587082119977,0.004023548664337307,0.004694975855735972,0.004023548664337307,0.004471587082119977
2017-02-22,-0.0014778303502802736,-0.0014062082228851747,-0.001588171024434304,-0.001329152377266951,-0.00201563380138825
2017-02-23,0.0015810373135559884,0.0015810373135559884,-0.00032263704172448283,0.0008501597226078684,0.0008177553474343791
2017-02-24,0.0010546859673482012,0.0010546859673482012,-0.0011785204617696388,0.0005709153158436453,0.0005709153158436453
2017-02-27,0.0021673190034315224,0.0021673190034315224,0.002760569614439634,0.0016859014415282925,0.0016859014415282925
2017-02-28,-0.0028278189694666,-0.0028278189694666,-0.003061542549940055,-0.0026282058028851084,-0.0026282058028851084
2017-03-01,0.011233046991250639,0.011233046991250639,0.013051239998424636,0.010232931016858881,0.010232931016858881
2017-03-02,-0.007886231753389861,-0.007886231753389861,-0.006485974631919888,-0.007778026417575768,-0.005310228762139602
2017-03-03,0.0013121531246341079,0.0013121531246341079,0.0010517445898599043,0.0013121531246341079,0.0007947038272888895
2017-03-06,-0.003631566808415099,-0.003631566808415099,-0.0031540101897570725,-0.003631566808415099,-0.0026831329078280007
2017-03-07,-0.00424836946898236,-0.00424836946898236,-0.003945273728788334,-0.00424836946898236,-0.003686861693817256
2017-03-08,-0.004144148860671037,-0.004144148860671037,-0.0036037339988562065,-0.004144148860671037,-0.004144148860671037
2017-03-09,7.403774496079762e-05,7.403774496079762e-05,0.000872169907112752,7.403774496079762e-05,7.403774496079762e-05
2017-03-10,0.0027033478557420667,0.0027033478557420667,0.0023523943574664586,0.0027033478557420667,0.0027033478557420667
2017-03-13,1.0673213691536621e-05,1.0673213691536621e-05,0.0006418226458544396,1.0673213691536621e-05,1.0673213691536621e-05
2017-03-14,-0.003358383063446657,-0.003358383063446657,-0.0038390407887599733,-0.003358383063446657,-0.003358383063446657
2017-03-15,0.0106149525980335,0.0106149525980335,0.009393445236124787,0.0106149525980335,0.0106149525980335
2017-03-16,-0.0017492342041553698,-0.0017492342041553698,3.9574565015565447e-05,-0.0017492342041553698,-0.0017492342041553698
2017-03-17,-0.00043093887641204587,-0.00043093887641204587,-0.0017428268006698944,-0.00043093887641204587,-0.00043093887641204587
2017-03-20,-0.0006153668502504872,-0.0006153668502504872,-0.0014897311614058828,-0.0006153668502504872,-0.0006153668502504872
2017-03-21,-0.01084808036586291,-0.01084808036586291,-0.012555466432072948,-0.01084808036586291,-0.01084808036586291
2017-03-22,0.0019065540248200841,0.0019065540248200841,0.0012623683163586752,0.0019065540248200841,0.0019065540248200841
2017-03-23,-0.000867034955615098,-0.000867034955615098,-0.0005914479427816643,-0.000867034955615098,-0.000867034955615098
2017-03-24,6.245098430234242e-05,6.245098430234242e-05,-0.00045463908273005724,6.245098430234242e-05,6.245098430234242e-05
2017-03-27,0.0004300870278490132,0.0004300870278490132,-0.0005886089722558329,0.0004300870278490132,0.0004300870278490132
2017-03-28,0.005354177814564165,0.005354177814564165,0.0064311646452036575,0.005354177814564165,0.005354177814564165
2017-03-29,0.0024461826118214124,0.0024461826118214124,0.0002108074845661223,0.0024461826118214124,0.0024461826118214124
2017-03-30,0.0015125460534603842,0.0015125460534603842,0.00255036876277831,0.0015125460534603842,0.0015125460534603842
2017-03-31,-0.0015848660931591096,-0.0015848660931591096,-0.0017019126104490744,-0.0015848660931591096,-0.0015848660931591096
2017-04-03,-0.00018884844718604078,-0.00018884844718604078,-0.0010258125477185965,-0.00018884844718604078,-0.00018884844718604078
2017-04-04,0.0006080248274397682,0.0006080248274397682,0.0008089254644078947,0.0006080248274397682,0.0006080248274397682
2017-04-05,-0.003517101218384755,-0.003517101218384755,-0.0027209439901136334,-0.003517101218384755,-0.003517101218384755
2017-04-06,0.0024730412375785103,0.0024730412375785103,0.002537852039234223,0.0024730412375785103,0.0024730412375785103
2017-04-07,-0.0010895913063249329,-0.0010895913063249329,-0.0012792935660649429,-0.0010895913063249329,-0.0010895913063249329
2017-04-10,0.0009091386040916305,0.0009091386040916305,-0.0007094804101784424,0.0009091386040916305,0.0009091386040916305
2017-04-11,0.0018151519892572576,0.0018151519892572576,-0.0005954400845116448,0.0018151519892572576,0.0018151519892572576
2017-04-12,-0.002864341310921936,-0.002864341310921936,-0.0036733360145985274,-0.002864341310921936,-0.002864341310921936
2017-04-13,-0.005648001529082025,-0.005648001529082025,-0.004604883763846768,-0.005648001529082025,-0.005648001529082025
2017-04-17,0.006412365757265092,0.006412365757265092,0.006992565803930595,0.006412365757265092,0.006412365757265092
2017-04-18,-0.0021644063882606092,-0.0021644063882606092,-0.003946850895687049,-0.0021644063882606092,-0.0021644063882606092
2017-04-19,-0.0032563751100606387,-0.0032563751100606387,-0.0018236477070059155,-0.0032563751100606387,-0.0032563751100606387
2017-04-20,0.007349273004115475,0.007349273004115475,0.007612221859784473,0.007349273004115475,0.007349273004115475
2017-04-21,-0.002734986802954287,-0.002734986802954287,-0.002734986802954287,-0.002734986802954287,-0.002734986802954287
2017-04-24,0.008429277266131463,0.008429277266131463,0.008923078548647056,0.008429277266131463,0.008429277266131463
2017-04-25,0.0038571627656861286,0.0038571627656861286,0.0044097107588839555,0.0038571627656861286,0.0038571627656861286
2017-04-26,0.0012716341069996307,0.0012716341069996307,0.0010543683048013896,0.0012716341069996307,0.0012716341069996307
2017-04-27,-0.0006413688365437653,-0.0006413688365437653,0.0004856849752304826,-0.0006413688365437653,-0.0006413688365437653
2017-04-28,-0.0014447801934106886,-0.0014447801934106886,-0.002564532591141011,-0.0014447801934106886,-0.0014447801934106886
2017-05-01,0.0012349913984130768,0.0012349913984130768,0.0020662872898859373,0.0012349913984130768,0.0012349913984130768
2017-05-02,0.00016067015327896338,0.00016067015327896338,-0.0003513429336882368,0.00016067015327896338,0.00016067015327896338
2017-05-03,-0.0019305316870503963,-0.0019305316870503963,-0.001996331694543696,-0.0019305316870503963,-0.0019305316870503963
2017-05-04,-0.002579281809430012,-0.002579281809430012,-0.0020865486829034995,-0.002579281809430012,-0.002579281809430012
2017-05-05,0.0036890728276182893,0.0036890728276182893,0.0035983063415295003,0.0036890728276182893,0.0036890728276182893
2017-05-08,-0.0004634711484861276,-0.0004634711484861276,-0.0006972729671773092,-0.0004634711484861276,-0.0004634711484861276
2017-05-09,-0.0014957168794264343,-0.0014957168794264343,-0.0005121023439222828,-0.0014957168794264343,-0.0014957168794264343
2017-05-10,0.0024173856773469283,0.0024173856773469283,0.001782645693962004,0.0024173856773469283,0.0024173856773469283
2017-05-11,-0.0015881863793164364,-0.0015881863793164364,-0.0010805275496699961,-0.0015881863793164364,-0.0015881863793164364
2017-05-12,-0.0002422392499385029,-0.0002422392499385029,0.0002518451979877545,-0.0002422392499385029,-0.0002422392499385029
2017-05-15,0.004836666995135875,0.004836666995135875,0.0029914407011035872,0.004836666995135875,0.004836666995135875
2017-05-16,0.0010580122020067751,0.0010580122020067751,0.0011672684749913565,0.0010580122020067751,0.0010580122020067751
2017-05-17,-0.01357043342316061,-0.01357043342316061,-0.01630941209104043,-0.01357043342316061,-0.01357043342316061
2017-05-18,0.0025632162564809048,0.0025632162564809048,0.00326772818026404,0.0025632162564809048,0.0025632162564809048
2017-05-19,0.005933302747290203,0.005933302747290203,0.005201776194807195,0.005933302747290203,0.005933302747290203
2017-05-22,0.003692793733149291,0.003692793733149291,0.004247702602237858,0.003692793733149291,0.003692793733149291
2017-05-23,0.0010855395189716898,0.0010855395189716898,0.002156600591365465,0.0010855395189716898,0.0010855395189716898
2017-05-24,0.0021440420138026718,0.0021440420138026718,0.002118487401078217,0.0021440420138026718,0.0021440420138026718
2017-05-25,0.0012243354845789978,0.0012243354845789978,0.001373188530774483,0.0012243354845789978,0.0012243354845789978
2017-05-26,0.0010518307606418142,0.0010518307606418142,-1.4218959848533163e-05,0.0010518307606418142,0.0010518307606418142
2017-05-30,-0.0025148161499666476,-0.0025148161499666476,-0.002975697924194698,-0.0025148161499666476,-0.0025148161499666476
2017-05-31,-0.0006553507455817509,-0.0006553507455817509,-0.0013047444597060198,-0.0006553507455817509,-0.0006553507455817509
2017-06-01,0.007099398958348791,0.007099398958348791,0.007006060678022541,0.007099398958348791,0.007099398958348791
2017-06-02,0.0043164214348347385,0.0043164214348347385,0.002592307695473861,0.0043164214348347385,0.0043164214348347385
2017-06-05,-0.0011044136045299858,-0.0011044136045299858,-0.00048348807414207997,-0.0011044136045299858,-0.0011044136045299858
2017-06-06,0.0009450430219081097,0.0009450430219081097,0.0004003413401668765,0.0009450430219081097,0.0009450430219081097
2017-06-07,-0.0002221238890212529,-0.0002221238890212529,0.0012063944200295996,-0.0002221238890212529,-0.0002221238890212529
2017-06-08,0.0014650955889856099,0.0014650955889856099,0.0021565982952456266,0.0014650955889856099,0.0014650955889856099
2017-06-09,-0.0003208802796598076,-0.0003208802796598076,-0.000168359198730772,-0.0003208802796598076,-0.0003208802796598076
2017-06-12,-0.0008317610599279601,-0.0008317610599279601,-0.000669422689673338,-0.0008317610599279601,-0.0008317610599279601
2017-06-13,0.004588759909834317,0.004588759909834317,0.0038251900144340655,0.004588759909834317,0.004588759909834317
2017-06-14,-0.0015875832186713623,-0.0015875832186713623,-0.0013209082563989782,-0.0015875832186713623,-0.0015875832186713623
2017-06-15,-0.003505749160922433,-0.003505749160922433,-0.002633805540595546,-0.003505749160922433,-0.003505749160922433
2017-06-16,0.0012107632983368144,0.0012107632983368144,0.0005575319583946414,0.0012107632983368144,0.0012107632983368144
2017-06-19,0.005900913972365596,0.005900913972365596,0.0062582733536484135,0.005900913972365596,0.005900913972365596
2017-06-20,-0.00462969988413402,-0.00462969988413402,-0.003527435838075432,-0.00462969988413402,-0.00462969988413402
2017-06-21,0.0003598913226756983,0.0003598913226756983,0.0003598913226756983,0.0003598913226756983,0.0003598913226756983
2017-06-22,0.0011807529926542882,0.0011807529926542882,0.0011807529926542882,0.0011807529926542882,0.0011807529926542882
2017-06-23,0.002328048486109824,0.002328048486109824,0.002328048486109824,0.002328048486109824,0.002302923331118689
2017-06-26,-0.0010459098607290662,-0.0010459098607290662,-0.0010459098607290662,-0.0010459098607290662,-0.0013804122289051146
2017-06-27,-0.006832975104187367,-0.006832975104187367,-0.006832975104187367,-0.006832975104187367,-0.006832975104187367
2017-06-28,0.008126887760219071,0.008126887760219071,0.008126887760219071,0.008126887760219071,0.008126887760219071
2017-06-29,-0.007087034956638228,-0.007087034956638228,-0.007403618772989851,-0.007087034956638228,-0.007087034956638228
2017-06-30,1.6141782240142178e-05,1.6141782240142178e-05,-0.00027978770874307333,1.6141782240142178e-05,1.6141782240142178e-05
2017-07-03,0.0014493991728145028,0.0014493991728145028,-0.0004760672036489,0.0014493991728145028,0.0014493991728145028
2017-07-05,0.0010131578611451975,0.0010131578611451975,0.0030382435090197555,0.0010131578611451975,0.0010828769486810775
2017-07-06,-0.008732773487131118,-0.008732773487131118,-0.008949634503289361,-0.008732773487131118,-0.007974881211761032
2017-07-07,0.003696526640119724,0.003696526640119724,0.003696526640119724,0.003696526640119724,0.003123064404922582
2017-07-10,0.0013560846844171471,0.0013560846844171471,0.0013560846844171471,0.0013560846844171471,0.0013560846844171471
2017-07-11,0.0005647052773067984,0.0005647052773067984,0.0005647052773067984,0.0005647052773067984,0.0005647052773067984
2017-07-12,0.006918865167275845,0.006918865167275845,0.00758077349288031,0.006918865167275845,0.006918865167275845
2017-07-13,0.001057887587218287,0.001057887587218287,0.0007959516289154478,0.001057887587218287,0.001057887587218287
2017-07-14,0.004462574206184877,0.004462574206184877,0.002761851796544834,0.004462574206184877,0.004462574206184877
2017-07-17,0.00018462158506492575,0.00018462158506492575,0.0003679873940093281,0.00018462158506492575,0.00018462158506492575
2017-07-18,0.0016892395555978324,0.0016892395555978324,0.0014647126175495017,0.0016892395555978324,0.0016892395555978324
2017-07-19,0.005248278872599288,0.005248278872599288,0.005332273141365173,0.005248278872599288,0.005248278872599288
2017-07-20,0.0011336650492619672,0.0011336650492619672,0.0018120461002724907,0.0011336650492619672,0.0011336650492619672
2017-07-21,-0.0007158100439941251,-0.0007158100439941251,-0.000590044980791804,-0.0007158100439941251,-0.0007158100439941251
2017-07-24,0.0004876006467990024,0.0004876006467990024,0.000181704115911141,0.0004876006467990024,0.0004876006467990024
2017-07-25,0.0012263090779611851,0.0012263090779611851,0.0015531881305375639,0.0012263090779611851,0.0012263090779611851
2017-07-26,0.0006624763549539225,0.0006624763549539225,0.0013150711061686304,0.0006624763549539225,0.0006624763549539225
2017-07-27,-0.002114164702376009,-0.002114164702376009,-0.002922653822260546,-0.002114164702376009,-0.002114164702376009
2017-07-28,0.0012923074430536419,0.0012923074430536419,0.0010604084921519874,0.0012923074430536419,0.0012923074430536419
2017-07-31,5.8126562190408124e-05,5.8126562190408124e-05,-0.00016753670696546542,5.8126562190408124e-05,5.8126562190408124e-05
2017-08-01,0.002554252580835603,0.002554252580835603,0.0025692505472058812,0.002554252580835603,0.002554252580835603
2017-08-02,-0.0008514305930939159,-0.0008514305930939159,-0.0004761044206966103,-0.0008514305930939159,-0.0008514305930939159
2017-08-03,-0.00163184433122191,-0.00163184433122191,-0.0015175073904913794,-0.00163184433122191,-0.00163184433122191
2017-08-04,0.00044915856957866707,0.00044915856957866707,0.00044915856957866707,0.00044915856957866707,0.00044915856957866707
2017-08-07,0.00100763956179456,0.00100763956179456,0.00100763956179456,0.00100763956179456,0.00100763956179456
2017-08-08,-0.0019808254954814196,-0.0019808254954814196,-0.0019808254954814196,-0.0019808254954814196,-0.0019808254954814196
2017-08-09,0.0008234037273671779,0.0008234037273671779,0.0008234037273671779,0.0008234037273671779,0.0008234037273671779
2017-08-10,-0.010695785822361914,-0.010695785822361914,-0.010695785822361914,-0.010695785822361914,-0.010695785822361914
2017-08-11,0.0015339950930586931,0.0015339950930586931,0.0015339950930586931,0.0015339950930586931,0.0015339950930586931
2017-08-14,0.006499712012574299,0.006499712012574299,0.006499712012574299,0.006499712012574299,0.006499712012574299
2017-08-15,-0.0020130484172111384,-0.0020130484172111384,-0.0020130484172111384,-0.0020130484172111384,-0.0020130484172111384
2017-08-16,0.0010316773045595418,0.0010316773045595418,0.0010316773045595418,0.0010316773045595418,0.0010316773045595418
2017-08-17,-0.011716229529859368,-0.011716229529859368,-0.011716229529859368,-0.011716229529859368,-0.011716229529859368
2017-08-18,-0.0007828626097612812,-0.0007828626097612812,-0.0007828626097612812,-0.0007828626097612812,-0.0007828626097612812
2017-08-21,0.00021800406818788253,0.00021800406818788253,0.00021800406818788253,0.00021800406818788253,0.00021800406818788253
2017-08-22,0.008181954826359717,0.008181954826359717,0.008181954826359717,0.008181954826359717,0.008181954826359717
2017-08-23,-0.0010597195066530118,-0.0010597195066530118,-0.00219648222949097,-0.0010597195066530118,-0.0010597195066530118
2017-08-24,-0.0007474865166862465,-0.0007474865166862465,-0.0011199844250808,-0.0007474865166862465,-0.0007474865166862465
2017-08-25,0.0019747152953144887,0.0019747152953144887,0.001242615511300993,0.0019747152953144887,0.0019747152953144887
2017-08-28,0.00185099803169938,0.00185099803169938,0.0018716759554269768,0.00185099803169938,0.00185099803169938
2017-08-29,0.001102897105683409,0.001102897105683409,0.0015109189145940504,0.001102897105683409,0.001102897105683409
2017-08-30,0.004058570934296823,0.004058570934296823,0.003418592852027369,0.004058570934296823,0.004058570934296823
2017-08-31,0.007297724609944223,0.007297724609944223,0.006314788563098528,0.007297724609944223,0.007297724609944223
2017-09-01,0.0012713690276988433,0.0012713690276988433,-0.00015396334669162126,0.0012713690276988433,0.0012713690276988433
2017-09-05,-0.0038076255066623933,-0.0038076255066623933,-0.003397417223104071,-0.0038076255066623933,-0.0038076255066623933
2017-09-06,0.0024390672771904764,0.0024390672771904764,0.0003536392875834626,0.0024390672771904764,0.0028049301239482793
2017-09-07,0.001878382471064799,0.001878382471064799,0.001693663068612672,0.001878382471064799,0.001234080168675944
2017-09-08,-0.0016952546941687908,-0.0016952546941687908,-0.000635171507739296,-0.0016952546941687908,-0.0016952546941687908
2017-09-11,0.006714687531779095,0.006714687531779095,0.006274046541063017,0.006714687531779095,0.006714687531779095
2017-09-12,0.0035070626000345715,0.0035070626000345715,0.0031338790162681153,0.0035070626000345715,0.0035070626000345715
2017-09-13,0.0003974588562987491,0.0003974588562987491,-0.0008561907591296492,0.0003974588562987491,0.0003974588562987491
2017-09-14,0.0004661949517560715,0.0004661949517560715,-1.6956592023931182e-05,0.0004661949517560715,0.0004661949517560715
2017-09-15,0.0013124369770360577,0.0013124369770360577,0.0010764500076466343,0.0013124369770360577,0.0013124369770360577
2017-09-18,0.0012314299506070326,0.0012314299506070326,0.0008061851250652952,0.0012314299506070326,0.0005284452064991396
2017-09-19,0.0012449998942351548,0.0012449998942351548,0.0008366050069224973,0.0012449998942351548,0.0008366050069224973
2017-09-20,0.00042338259520895426,0.00042338259520895426,-0.00025440677307011497,0.00042338259520895426,-0.00025440677307011497
2017-09-21,-0.002782685580228672,-0.002782685580228672,-0.00281261763570817,-0.002782685580228672,-0.00281261763570817
2017-09-22,0.0014113160550356496,0.0014113160550356496,0.0009028142842605225,0.0014113160550356496,0.0009028142842605225
2017-09-25,0.00023564191598773876,0.00023564191598773876,-0.001207844153784088,0.00023564191598773876,-0.001207844153784088
2017-09-26,-0.0005979568364716248,-0.0005979568364716248,-0.0005539469370935968,-0.0005979568364716248,-0.0005539469370935968
2017-09-27,0.0036178551181511366,0.0036178551181511366,0.003192263211067736,0.0036178551181511366,0.003192263211067736
2017-09-28,0.0009061457040889676,0.0009061457040889676,0.0008184684427012922,0.0009061457040889676,0.0003751512817791847
2017-09-29,0.002840124278217193,0.002840124278217193,0.002854717601751433,0.002840124278217193,0.002617947451221225
2017-10-02,0.0035258865239851888,0.0035258865239851888,0.003555077430977149,0.0035258865239851888,0.0034157754462695753
2017-10-03,0.0016922867599218016,0.0016922867599218016,0.0017945658314123315,0.0016922867599218016,0.0015978616970576231
2017-10-04,0.0001453225110917389,0.0001453225110917389,0.0002184445147206615,0.0001453225110917389,0.0006789689843981428
2017-10-05,0.003998323597093956,0.003998323597093956,0.0035447101390366333,0.003998323597093956,0.002234609423340772
2017-10-06,-0.0006801043067499069,-0.0006801043067499069,0.00016472395962945362,-0.0006801043067499069,0.00019049858571399403
2017-10-09,-0.0001199706322565941,-0.0001199706322565941,-0.00032561109839999156,-0.0001199706322565941,0.00046707688165578134
2017-10-10,0.0022459764901187284,0.0022459764901187284,0.0021580164256640665,0.0022459764901187284,0.000751943947768885
2017-10-11,0.0016180995548854328,0.0016180995548854328,0.0013837157145834666,0.0016180995548854328,0.001704493664111606
2017-10-12,-0.0015023854880804488,-0.0015023854880804488,-0.001137054103959756,-0.0015023854880804488,-0.0018151240211891518
2017-10-13,0.0021863524652887545,0.0021863524652887545,0.0022450237240721703,0.0021863524652887545,0.0021863524652887545
2017-10-16,0.000744421610160284,0.000744421610160284,0.0005242996606292794,0.000744421610160284,0.000744421610160284
2017-10-17,0.0004333916603286747,0.0004333916603286747,0.00037479864521745566,0.0004333916603286747,0.0004333916603286747
2017-10-18,0.0003426770686748348,0.0003426770686748348,0.001045162223718532,0.0003426770686748348,0.0003426770686748348
2017-10-19,0.0004368491434342814,0.0004368491434342814,0.0007463550480119041,0.0004368491434342814,0.0004368491434342814
2017-10-20,0.0024203553884142638,0.0024203553884142638,0.0022281761000626397,0.0024203553884142638,0.0024203553884142638
2017-10-23,-0.0029767380454505886,-0.0029767380454505886,-0.0024602831337323995,-0.0029767380454505886,-0.0029767380454505886
2017-10-24,0.0007690809766433438,0.0007690809766433438,0.0005762580874098644,0.0007690809766433438,0.0007690809766433438
2017-10-25,-0.004278080805787366,-0.004278080805787366,-0.003582296695544407,-0.004278080805787366,-0.004278080805787366
2017-10-26,-0.0006753726197659016,-0.0006753726197659016,-0.0008840977418765994,-0.0006753726197659016,-0.0006753726197659016
2017-10-27,0.00846703108933664,0.00846703108933664,0.008288520076919492,0.00846703108933664,0.00846703108933664
2017-10-30,-0.0011519991665957519,-0.0011519991665957519,-0.0016717518623178829,-0.0011519991665957519,-0.0011519991665957519
2017-10-31,0.00132990563257267,0.00132990563257267,0.0010049023346594855,0.00132990563257267,0.00132990563257267
2017-11-01,0.002032402903634567,0.002032402903634567,0.0008985395602038148,0.002032402903634567,0.002032402903634567
2017-11-02,0.0012204702605565498,0.0012204702605565498,0.0015116666699772185,0.0012204702605565498,0.0012204702605565498
2017-11-03,0.0026274249779949187,0.0026274249779949187,0.002335378138664279,0.0026274249779949187,0.0026274249779949187
2017-11-06,0.004022503211486239,0.004022503211486239,0.0017365261484254657,0.004022503211486239,0.004022503211486239
2017-11-07,-0.002399921187256948,-0.002399921187256948,-0.002075131527371499,-0.002399921187256948,-0.002399921187256948
2017-11-08,0.0006569680166812697,0.0006569680166812697,0.00048280810623320126,0.0006569680166812697,0.0006569680166812697
2017-11-09,-0.0022550822040059426,-0.0022550822040059426,-0.002836119297466677,-0.0022550822040059426,-0.0022550822040059426
2017-11-10,-0.004045388078467172,-0.004045388078467172,-0.0034529110814800258,-0.004045388078467172,-0.004045388078467172
2017-11-13,0.0003463970356358703,0.0003463970356358703,0.0009206044740182273,0.0003463970356358703,0.0003463970356358703
2017-11-14,-0.0024155114056265137,-0.0024155114056265137,-0.002094159707327592,-0.0024155114056265137,-0.0024155114056265137
2017-11-15,-0.0028554736542961033,-0.0028554736542961033,-0.0028554736542961033,-0.0028554736542961033,-0.0028554736542961033
2017-11-16,0.005634663464383372,0.005634663464383372,0.005634663464383372,0.005634663464383372,0.005634663464383372
2017-11-17,0.0006615706323409465,0.0006615706323409465,0.0006615706323409465,0.0006615706323409465,0.0006615706323409465
2017-11-20,2.6410029706436244e-05,2.6410029706436244e-05,2.6410029706436244e-05,2.6410029706436244e-05,2.6410029706436244e-05
2017-11-21,0.006397983223195003,0.006397983223195003,0.006397983223195003,0.006397983223195003,0.006397983223195003
2017-11-22,0.0005929325646790495,0.0005929325646790495,0.0005929325646790495,0.0005929325646790495,0.0005929325646790495
2017-11-24,0.001273128048889971,0.001273128048889971,0.001273128048889971,0.001273128048889971,0.001273128048889971
2017-11-27,-0.0010213030622229224,-0.0010213030622229224,-0.0010213030622229224,-0.0010213030622229224,-0.0010213030622229224
2017-11-28,0.008498662002547641,0.008498662002547641,0.008498662002547641,0.008498662002547641,0.008498662002547641
2017-11-29,-0.0020849994094813695,-0.0020849994094813695,-0.0020849994094813695,-0.0020849994094813695,-0.0020849994094813695
2017-11-30,0.006009941827277021,0.006178959605354406,0.006009941827277021,0.006178959605354406,0.006009941827277021
2017-12-01,0.000887332432394372,0.0006693261959864639,0.000887332432394372,0.0006693261959864639,0.000887332432394372
2017-12-04,-0.0030138672602987083,-0.004536713968695816,-0.0030138672602987083,-0.004536713968695816,-0.0030138672602987083
2017-12-05,-0.003060438770625429,-0.002524725952333695,-0.003060438770625429,-0.002524725952333695,-0.003060438770625429
2017-12-06,-0.0011251845504391955,-0.0008160948125099821,-0.0011251845504391955,-0.0008160948125099821,-0.0011251845504391955
2017-12-07,0.0008210494360704424,0.0008210494360704424,0.0008210494360704424,0.0008210494360704424,0.0008210494360704424
2017-12-08,0.004721527897584421,0.004721527897584421,0.004721527897584421,0.004721527897584421,0.004721527897584421
2017-12-11,0.002419532637742783,0.002419532637742783,0.002419532637742783,0.002419532637742783,0.0026194422914415207
2017-12-12,0.001425007213368501,0.001425007213368501,0.001425007213368501,0.001425007213368501,0.00042284619619353814
2017-12-13,0.0017370257098616837,0.0017370257098616837,0.0017370257098616837,0.0017370257098616837,0.0029772854708841057
2017-12-14,-0.0038021045457995338,-0.0038021045457995338,-0.003709423358080055,-0.0038021045457995338,-0.003156250512016412
2017-12-15,0.0075364796713973115,0.0075364796713973115,0.007326271986743726,0.0075364796713973115,0.006875052058828557
2017-12-18,0.005589891924459411,0.005589891924459411,0.005128402538363208,0.005589891924459411,0.00546756705511745
2017-12-19,-0.004163693335331631,-0.004163693335331631,-0.004238859405128126,-0.004163693335331631,-0.0034189047238307514
2017-12-20,-5.7368317538419865e-05,-5.7368317538419865e-05,-0.00032443533109145496,-5.7368317538419865e-05,-0.00030216213245862764
2017-12-21,0.004169788146333964,0.004169788146333964,0.0040282880882276054,0.004169788146333964,0.0035800952293907453
2017-12-22,-0.0002296886891410055,-0.00037720987193560205,-0.000753340002911218,-0.00037720987193560205,0.00014143537419537556
2017-12-26,0.0002692034397776544,-0.00014415612556577527,-0.00041708247464695704,-0.000606145745449127,-0.0003209151386808995
2017-12-27,0.001791672301207825,0.00208601804445645,0.0014139054238582415,0.00212224535372908,0.00201497791662929
2017-12-28,0.0022627198328651677,0.0022264754552170805,0.0017554833932350356,0.002110694186746631,0.001810290732480735
2017-12-29,-0.0034583817947762773,-0.0034583817947762773,-0.004109584938198652,-0.0031685915712823644,-0.0031685915712823644
2018-01-02,0.007847634658070002,0.007847634658070002,0.00663453317688153,0.007847634658070002,0.007293150085446809
2018-01-03,0.006123303062048347,0.006123303062048347,0.00638698810162579,0.006123303062048347,0.004779797962667154
2018-01-04,0.004199849158139657,0.0034791920255672127,0.003687111302657231,0.004199849158139657,0.003596247589158652
2018-01-05,0.004480439903834088,0.004563808708171491,0.004584056398626546,0.004480439903834088,0.00452039790236175
2018-01-08,0.0010689430683209044,0.0010689430683209044,0.0010849043482767384,0.0010689430683209044,-0.0004426779898968225
2018-01-09,0.00022923132766994314,0.00022923132766994314,0.0006920788362168695,0.00022923132766994314,-1.0446090531801566e-05
2018-01-10,-0.0001343635113714936,-0.0001343635113714936,-0.0005366708342210535,-0.0001343635113714936,-2.3275931035549034e-05
2018-01-11,0.008030959889412381,0.008030959889412381,0.008030959889412381,0.008030959889412381,0.00762824676398659
2018-01-12,0.007302119247041827,0.007302119247041827,0.006494560310821717,0.007302119247041827,0.006313137099697763
2018-01-16,-0.002794010871600405,-0.002794010871600405,-0.002959416578899554,-0.002794010871600405,-0.002026990060060352
2018-01-17,0.0073993811311922845,0.0073993811311922845,0.008209319634083934,0.0073993811311922845,0.0068023603102038924
2018-01-18,-0.0030914049366418173,-0.0030914049366418173,-0.0028694303206185934,-0.0030914049366418173,-0.0023413399523121046
2018-01-19,0.0033574341225138583,0.0033574341225138583,0.002744043798427365,0.0033574341225138583,0.003424994094331768
2018-01-22,0.0078532593316599,0.0078532593316599,0.0076924822444423445,0.0078532593316599,0.006100344092238685
2018-01-23,0.002146690345004476,0.002146690345004476,0.001649258646759111,0.002146690345004476,0.0014845107386242007
2018-01-24,-0.0004391472905136973,-0.0004391472905136973,-0.0016569372548627225,-0.0004391472905136973,0.00012267092647152422
2018-01-25,0.0003417950097524214,0.0003417950097524214,0.0010093418529786957,0.0003417950097524214,-0.0014991125377770587
2018-01-26,0.008593801500132192,0.008593801500132192,0.008515653416548797,0.008593801500132192,0.0027940156734893805
2018-01-29,-0.00671946558206139,-0.00671946558206139,-0.006157266152904728,-0.00671946558206139,-0.0026105569932129424
2018-01-30,-0.01148776598119775,-0.01148776598119775,-0.011973253150163376,-0.01148776598119775,-0.0034209947172702316
2018-01-31,0.0011841034708984122,0.0011841034708984122,0.0011841034708984122,0.0011841034708984122,0.0005634464869544664
2018-02-01,0.0003903745453986418,0.0003903745453986418,0.0003903745453986418,0.0003903745453986418,-0.0006383296363028478
2018-02-02,-0.021641140395553492,-0.021641140395553492,-0.021641140395553492,-0.021641140395553492,-0.017462373254739018
2018-02-05,-0.033191348645019145,-0.033191348645019145,-0.033191348645019145,-0.033191348645019145,-0.028995924544482576
2018-02-06,0.013086992025754663,0.013086992025754663,0.013086992025754663,0.013086992025754663,0.01229471145050648
2018-02-07,-0.0052521835618339115,-0.00623999870880172,-0.00623999870880172,-0.00623999870880172,-0.004567876460705578
2018-02-08,-0.0258132981314499,-0.0299561183089167,-0.0299561183089167,-0.0299561183089167,-0.026932825467302534
2018-02-09,0.008786604166922429,0.010462947211688034,0.010462947211688034,0.010462947211688034,0.010537874659806889
2018-02-12,0.011376004515259197,0.012598512658685945,0.012598512658685945,0.012598512658685945,0.010963608191702301
2018-02-13,-0.0016396764613202607,0.002491242147548789,0.002491242147548789,0.002491242147548789,0.0029044299871259895
2018-02-14,0.0038463851004050475,0.013521307963551688,0.014135452479705069,0.013521307963551688,0.012069023754956021
2018-02-15,0.0012688823261761018,0.009288009130678742,0.008948038570107165,0.009288009130678742,0.00953635834123585
2018-02-16,0.00021486039133948863,0.00024896584632688734,-0.00016543234080228507,0.00037658631690682396,0.0006255134719491795
2018-02-20,-0.0017821741592415675,-0.006220143142954748,-0.005492782233961524,-0.00593078537647177,-0.005387597892622409
2018-02-21,-0.0016862975304929085,-0.004690771341975519,-0.004387742033371544,-0.005614601817132192,-0.0039319624600704485
2018-02-22,0.0008091616581229255,0.0016073935764806314,0.0014151649520305122,0.0017150162719416606,0.0006190853402128881
2018-02-23,0.0007614821875593925,0.010291156670505276,0.013702836655060013,0.014429030194733083,0.012260896473423488
2018-02-26,0.000279584109127895,0.00785673884461795,0.010329300486095927,0.00994780383704954,0.009351930756741567
2018-02-27,-0.001187747118488458,-0.008337180168195357,-0.010420153748214256,-0.010564010216895481,-0.009263631390456106
2018-02-28,0.0005317215688640964,-0.011418648294085764,-0.010644952140512776,-0.010195568360748086,-0.007897247285988007
2018-03-01,0.0004586882377202839,-0.009712670328229622,-0.010513621181368726,-0.009712670328229622,-0.009562860366164517
2018-03-02,0.0021478997043060223,0.005183147658663845,0.00599614107373575,0.005183147658663845,0.004718028416792597
2018-03-05,0.0018772786167437828,0.008536716817997525,0.008807081730537247,0.008536716817997525,0.007476184580549683
2018-03-06,0.0014455009229953132,0.003480506401519268,0.0033873392781794244,0.003480506401519268,0.0034214249289752805
2018-03-07,-0.0004125652840578753,0.00017185824528603844,-0.00024019428477530801,0.00017185824528603844,0.0009251480709508098
2018-03-08,0.0013217443471106871,0.00297286859217194,0.00297286859217194,0.00297286859217194,0.0030026364822184903
2018-03-09,0.0032945784507555477,0.014148606844193824,0.014166299319602315,0.014148606844193824,0.009726889625634472
2018-03-12,-0.00018767758222977272,4.6087554216356355e-05,-0.0005306067650578284,4.6087554216356355e-05,0.0008803241752017632
2018-03-13,-0.00028998970688033366,-0.005314304849574558,-0.0058203121776042145,-0.005314304849574558,0.0006971797527702162
2018-03-14,-0.0007971417295279503,-0.0034109053950234893,-0.00429182678865776,-0.0034109053950234893,-0.0010172046649456034
2018-03-15,-0.0007649174405390702,-0.0014712446809005187,-0.0014712446809005187,-0.0014712446809005187,-0.0017044897331843667
2018-03-16,-0.000511157956761732,0.0008721893104148059,0.0012298160808314918,0.0008721893104148059,7.14147913817742e-05
2018-03-19,-0.002443967997244334,-0.011702017739720617,-0.011384875880910273,-0.011702017739720617,-0.006373013079716416
2018-03-20,-0.0004633574628685411,0.0012952200153542482,0.0016971653969630295,0.0012952200153542482,-0.00027799411103657246
2018-03-21,0.0013922509051292552,0.003170445967810953,0.003061133428341689,0.003170445967810953,0.0007809439769792981
2018-03-22,-0.005972141098839789,-0.020699552771642003,-0.021782007786027034,-0.020699552771642003,-0.012023536100245025
2018-03-23,-0.0158900980865328,-0.0158562527457618,-0.01631346031587484,-0.0158562527457618,-0.010441834731766108
2018-03-26,0.020736009466580763,0.022533237069609413,0.02291596388820827,0.022533237069609413,0.014646920110023331
2018-03-27,-0.011993606840415472,-0.015160242218124731,-0.015311913295675272,-0.015160242218124731,-0.010808689954492735
2018-03-28,-0.002730036703822647,-0.004491504577543093,-0.004425983179672965,-0.004491504577543093,-0.0027259072212693523
2018-03-29,0.008698798719428625,0.012164499068099577,0.011678086134508315,0.012164499068099577,0.00738943589486607
2018-04-02,-0.00888587690847883,-0.017162031763418083,-0.017359317050529087,-0.017162031763418083,-0.010772037916548271
2018-04-03,0.004402177279689246,0.010020808822769933,0.01079204277869784,0.010020808822769933,0.004820196959513912
2018-04-04,0.004639028873215734,0.008539307714197641,0.008152409322307907,0.008539307714197641,0.006649721905617778
2018-04-05,0.0012947608015266843,0.004869715846732814,0.004869715846732814,0.004869715846732814,0.001266859586725211
2018-04-06,-0.006182573169252792,-0.016596297151785833,-0.016596297151785833,-0.016596297151785833,-0.010021731356216246
2018-04-09,0.002106892601983645,0.004867986246468936,0.0042731689498534346,0.004867986246468936,0.003589834295790584
2018-04-10,0.005217639970056187,0.01648347498760886,0.016664921829014134,0.01648347498760886,0.009887141167585012
2018-04-11,8.062912035133873e-06,-0.003428777129473104,-0.0025324947938760944,-0.003428777129473104,-0.0011584774425460798
2018-04-12,0.00028633799906611077,0.005655161994361213,0.00637341017831754,0.005655161994361213,0.0026920011689031908
2018-04-13,2.2023573848428678e-05,-0.0028353535114164496,-0.0019630264461448664,-0.0028353535114164496,-0.0008264840935485962
2018-04-16,0.0027128893819122757,0.005518632415313185,0.005659424368954391,0.005518632415313185,0.004244173641146709
2018-04-17,0.0033000501584731223,0.008195564936653932,0.007922741679150514,0.008195564936653932,0.0073079918772799065
2018-04-18,-0.0002960020904218097,-0.0009966038130863942,-0.00019674031591855324,-0.0009966038130863942,-0.0003557698757100214
2018-04-19,-0.0030981413692766748,-0.003919408752690956,-0.0031048036550400115,-0.003919408752690956,-0.005122065500249973
2018-04-20,-0.003399136764248578,-0.007125673508626751,-0.006404897849182434,-0.007125673508626751,-0.006367019086743764
2018-04-23,-0.0005452880473657218,-0.0013212061015965616,-0.0013465349485602962,-0.0013212061015965616,-0.001160389375096782
2018-04-24,-0.002642265619998452,-0.008893923861769248,-0.00870807466559923,-0.008893923861769248,-0.006504178816735562
2018-04-25,-0.0008367237211055368,-0.0004515444989716011,-0.0004515444989716011,-0.0004515444989716011,-0.000633380466178568
2018-04-26,0.005917406254802027,0.008058835891324001,0.008058835891324001,0.008058835891324001,0.007017309393431625
2018-04-27,0.0013042253042256035,0.0014199528573284326,0.0014199528573284326,0.001510553778827095,0.0014358008272889466
2018-04-30,-0.004968426171418394,-0.006593960208585758,-0.006660859522704943,-0.006580419823534578,-0.005097508679815221
2018-05-01,0.0004815760667793101,0.001051609571828549,0.0014117421002060038,0.0016612986510896933,0.0019478010976843874
2018-05-02,-0.0026189460893027206,-0.003928657775007294,-0.003818837202840908,-0.0043376328867648865,-0.0025233710344488404
2018-05-03,-0.0009036568463440808,-0.0015741117136853443,-0.002022226407355865,-0.0013432914575655318,-0.0004919461476449505
2018-05-04,0.008329300006307805,0.01071660117031783,0.010565114321739743,0.010226734949098759,0.00929733941574109
2018-05-07,0.002628414494676279,0.003594810249715352,0.003754441186782953,0.0034593872764050017,0.0023468708818480287
2018-05-08,0.000578337558659936,0.001260348143866641,0.0013529858044868503,0.0004760607763324654,0.001260348143866641
2018-05-09,0.00479908231124585,0.007928438222741507,0.008526595752942035,0.005888995202594882,0.007059364616097208
2018-05-10,0.007259686004165533,0.009045659954171458,0.00824044186251971,0.008599585527090258,0.008296122166621189
2018-05-11,0.0023219764648104825,0.0023641453838621706,0.0006632284576684299,0.002371216818606381,0.0022276441701389537
2018-05-14,-0.00039924143584297856,0.00047690432895879374,0.00032854760675063985,0.00046261222941628154,-0.0002280967721233207
2018-05-15,-0.006622979769156478,-0.0067599674750391855,-0.005274127410798801,-0.007704586835858107,-0.00773048309254889
2018-05-16,0.002373634124041257,0.0029363198022909877,0.0037665124506588766,0.00338422490360617,0.0030348469895263184
2018-05-17,-0.0008594444817088487,0.000782448323821272,0.0005872076723966279,0.00026459703740693284,-0.00011216782598559849
2018-05-18,-0.00021842805264020714,-0.001090913714936481,-0.002623769646479679,-0.0015101713659362304,-0.0009630280141842751
2018-05-21,0.004394326070841448,0.005108676066213125,0.005832570205710197,0.005979845038016895,0.004955645444049739
2018-05-22,-0.0015780948173320874,-0.0028954115877938722,-0.002693781991886868,-0.003039354430178076,-0.0017087390169075235
2018-05-23,0.001843291916513945,0.003458613562123647,0.0023227639231949925,0.002674812167376417,0.0032057680865666184
2018-05-24,-9.510193683825996e-05,-0.0017687969640353019,-0.0022799661595695685,-0.0017687969640353019,-0.0017687969640353019
2018-05-25,-0.0008580947317510911,-0.0033567566483518997,-0.0040653237490670515,-0.0033567566483518997,-0.0033567566483518997
2018-05-29,-0.005183082115526072,-0.006356086375633574,-0.008546319571471372,-0.006356086375633574,-0.006356086375633574
2018-05-30,0.010809596387552956,0.011132613791522649,0.012196484576679035,0.011132613791522649,0.011525691561236206
2018-05-31,-0.005475842681662779,-0.0053757497646973575,-0.004525509393939709,-0.0053757497646973575,-0.004792105927909596
2018-06-01,0.005940622333788359,0.00803896324112422,0.0076432729098976915,0.00803896324112422,0.006809296722038049
2018-06-04,0.0015689999759960992,0.003195234097971822,0.002170079356282206,0.003195234097971822,0.0011748141396744516
2018-06-05,0.0007712279722063786,0.0008465663100304943,0.0012842499455716471,0.0008465663100304943,-0.00034394828957947656
2018-06-06,0.006242218886795203,0.007635939510733913,0.005780015291391416,0.007635939510733913,0.006415721945003228
2018-06-07,0.0019314458093037557,0.00014982036858302017,0.0010368208699088055,0.00014982036858302017,0.0031974891876064395
2018-06-08,0.001072019215713016,0.0013779972363497594,0.00024443919266952107,0.0013779972363497594,0.0021318529053233836
2018-06-11,0.0009315049166491396,0.001385013319571804,0.0010411653020107824,0.001385013319571804,0.0012009390044194768
2018-06-12,-0.0003420828553186928,0.00015872581902722782,0.0005500895546901585,0.00015872581902722782,0.0001838909033636149
2018-06-13,-0.00212976623566441,-0.0020851821147668814,-0.0021751051289427338,-0.0020851821147668814,-0.00213541828005559
2018-06-14,0.0018439725236857108,0.002026441831782777,0.0020214495571452273,0.002026441831782777,0.002856341123402806
2018-06-15,-0.004345855606657711,-0.004786461646115681,-0.002912221832119255,-0.004786461646115681,-0.004694966527415778
2018-06-18,-0.00045091584130099174,-0.0004172229149771556,0.0004841461451119633,-0.0004172229149771556,-0.0005086343966334117
2018-06-19,-0.0019301294342139452,-0.0027954382921097087,-0.0021541259626151055,-0.0027954382921097087,-0.0022134160175358852
2018-06-20,9.14150325469154e-05,0.0016778886072036814,0.0016778886072036814,0.0016778886072036814,0.0008016297745414458
2018-06-21,-0.005496201422430647,-0.0068905436647178075,-0.006358898472984121,-0.0068905436647178075,-0.006365052970214735
2018-06-22,0.0022125268573780833,0.0019989082201200548,0.0011587369122149527,0.0019989082201200548,0.001990597406648442
2018-06-25,-0.010594888392243573,-0.0130719314863593,-0.012580121874806383,-0.0130719314863593,-0.012847923561436648
2018-06-26,0.001579157959576727,0.0018562954427977173,0.001723616495205227,0.0018562954427977173,0.00199695377748309
2018-06-27,-0.006163412928848843,-0.007105857798359716,-0.007105857798359716,-0.007105857798359716,-0.006163412928848843
2018-06-28,0.0039530643706730765,0.003928484285105449,0.003928484285105449,0.003928484285105449,0.0039530643706730765
2018-06-29,0.0014175794301492406,0.0017614730064127615,0.0017614730064127615,0.0017614730064127615,0.0014175794301492406
2018-07-02,0.0007106228103597289,0.0007888500467244208,0.0007888500467244208,0.0007888500467244208,0.0007106228103597289
2018-07-03,-0.001219254213821208,-0.00175488660579326,-0.0005755679027640292,-0.00175488660579326,-0.001219254213821208
2018-07-05,0.007174729997143614,0.006887807045347749,0.005464872328161707,0.006887807045347749,0.007174729997143614
2018-07-06,0.007552811370022339,0.007225909963299781,0.006162002071940042,0.007225909963299781,0.007552811370022339
2018-07-09,0.008627998111918778,0.009271638312517627,0.006482618450119282,0.009271638312517627,0.008627998111918778
2018-07-10,0.0013404770960396717,0.0013485772990450395,0.0015345227584004251,0.0013485772990450395,0.0013404770960396717
2018-07-11,-0.00743092976741444,-0.007816276520324017,-0.005808092164689449,-0.007816276520324017,-0.00743092976741444
2018-07-12,0.007471188547190488,0.007479329513601507,0.005437121108228804,0.007479329513601507,0.007471188547190488
2018-07-13,0.0001963711215883568,-5.68659870239796e-05,-0.00025317038426502235,-5.68659870239796e-05,0.0001963711215883568
2018-07-16,-0.0012115812808449645,-0.0007959785471797099,-0.0005411937824456814,-0.0007959785471797099,-0.0012115812808449645
2018-07-17,0.0014413752079927233,0.0016295573534102603,0.000723606839433777,0.0016295573534102603,0.0014413752079927233
2018-07-18,0.0018076509408877061,0.0022093390313162042,0.00012688463178991415,0.0022093390313162042,0.0018076509408877061
2018-07-19,-0.002851897203870435,-0.003485630680414442,-0.0007876553399042252,-0.003485630680414442,-0.002851897203870435
2018-07-20,-0.001468765121172666,-0.00024191812697867964,-0.0004892245046642762,-0.00024191812697867964,-0.001468765121172666
2018-07-23,0.0004983482498386871,0.001732253041838594,0.0009252482684498631,0.001732253041838594,0.0004983482498386871
2018-07-24,0.0040101486254273564,0.0036663516966430774,0.0038280353081048824,0.0036663516966430774,0.0040101486254273564
2018-07-25,0.007305890572775853,0.007464668593819024,0.007091734266974503,0.007464668593819024,0.007305890572775853
2018-07-26,-0.0025154349845946666,-0.0023229853519616374,-0.0021268072611389187,-0.0023229853519616374,-0.002567751176010602
2018-07-27,-0.0066568676557301806,-0.006824585863802602,-0.0070500319512010415,-0.006824585863802602,-0.006790297861625183
2018-07-30,-0.004230863805564244,-0.0038876382457917803,-0.004301975378434253,-0.0038876382457917803,-0.0044275372216807775
2018-07-31,0.00405155379580101,0.0035056057517792393,0.00476202175965611,0.0035056057517792393,0.0037206693528361477
2018-08-01,-0.0022807607243558238,-0.0014661113079335597,-0.0021000164026866,-0.0014661113079335597,-0.0024094458950461584
2018-08-02,0.0033486786995983397,0.003205167233772932,0.003707883672441392,0.003205167233772932,0.003728894054826215
2018-08-03,0.002752886337888882,0.0022555031025501605,0.0016120131893175183,0.0022555031025501605,0.002752886337888882
2018-08-06,0.0028604401039363236,0.002801762497301785,0.002999952407963824,0.002801762497301785,0.0028604401039363236
2018-08-07,0.0027351450972925794,0.003254873360323862,0.0025676247697103303,0.003254873360323862,0.0027351450972925794
2018-08-08,0.00012630016752496198,2.5192568632548263e-05,-0.0004410635824541154,2.5192568632548263e-05,0.00012630016752496198
2018-08-09,-0.001020607588043232,-0.0018624039398224435,-0.00027551708480948455,-0.0018624039398224435,-0.001020607588043232
2018-08-10,-0.0035461399537585424,-0.004272405454876682,-0.002690152085007136,-0.004272405454876682,-0.0035461399537585424
2018-08-13,-0.00562706263126791,-0.0054198850509767915,-0.0054198850509767915,-0.0054198850509767915,-0.00562706263126791
2018-08-14,0.0048591300736447905,0.005083310752372982,0.005083310752372982,0.005083310752372982,0.0048591300736447905
2018-08-15,-0.010219574452600877,-0.01080218692389091,-0.01080218692389091,-0.01080218692389091,-0.010219574452600877
2018-08-16,0.0071120648048685784,0.007120333803552837,0.007120333803552837,0.007120333803552837,0.0071120648048685784
2018-08-17,0.0032098341776830796,0.0030857009647746515,0.002537801991816235,0.0030857009647746515,0.0032098341776830796
2018-08-20,0.0031051132711230945,0.002435580246823432,0.001789483290674665,0.002435580246823432,0.0031051132711230945
2018-08-21,0.0030154342023635873,0.0033520804654329607,0.0026700271186495873,0.0033520804654329607,0.0030154342023635873
2018-08-22,0.002090983776927868,0.001695511206592637,0.0018267906666959211,0.001695511206592637,0.002090983776927868
2018-08-23,-0.002382517914263227,-0.0025384168932474525,-0.0016083176584309577,-0.0025384168932474525,-0.002382517914263227
2018-08-24,0.007122223013146467,0.006925584093668435,0.005178697491905582,0.006925584093668435,0.007122223013146467
2018-08-27,0.0061755943882569105,0.006747995707209897,0.006371337804277499,0.006747995707209897,0.0061755943882569105
2018-08-28,-0.0013871036181992036,-0.000786681496316688,0.0003416596461788601,-0.000786681496316688,-0.0014105170649131304
2018-08-29,0.004973317409628775,0.0048408913517755114,0.004418438081231835,0.0048408913517755114,0.0040677037692638755
2018-08-30,-0.0028711697781137135,-0.0030859876947360587,-0.0019005760106515558,-0.0030859876947360587,-0.0025676404882814417
2018-08-31,-0.0007127671429746129,-0.0004819157673722985,-0.0002949959616784348,-0.0004819157673722985,-0.0006700318184833298
2018-09-04,-0.0030829908065813537,-0.002504846436768282,-0.002572021006441083,-0.002504846436768282,-0.0030829908065813537
2018-09-05,-0.002586282583500965,-0.002319644385661257,-0.003122088832247916,-0.002319644385661257,-0.002586282583500965
2018-09-06,-0.00419544880180075,-0.004563013213768963,-0.003933315282415506,-0.004563013213768963,-0.00419544880180075
2018-09-07,-0.002348941130089466,-0.0014999822943612129,-0.0019701094914471697,-0.0014999822943612129,-0.002348941130089466
2018-09-10,0.0006074913864799636,0.0002381050248081551,0.0003821062825637656,0.0002381050248081551,0.0006074913864799636
2018-09-11,0.002807033233338041,0.003568117323767883,0.0027451687226175414,0.003568117323767883,0.002807033233338041
2018-09-12,0.0003310851484550903,9.514695815043828e-05,0.000369763130098566,9.514695815043828e-05,0.0003310851484550903
2018-09-13,0.0043755316967906245,0.004224181735390131,0.005166141400161739,0.004224181735390131,0.0043755316967906245
2018-09-14,-0.00010941372211561439,0.00036906671861119955,-0.00018526716770862485,0.00036906671861119955,-0.00010941372211561439
2018-09-17,-0.004738476597073671,-0.004738476597073671,-0.004363400683369179,-0.004738476597073671,-0.004738476597073671
2018-09-18,0.0037037773161357366,0.004749745964404017,0.0036620059928492823,0.004749745964404017,0.0037037773161357366
2018-09-19,0.0016438197888824391,0.002240568166120405,-0.0006665599003253142,0.002240568166120405,0.0016438197888824391
2018-09-20,0.007691688606687208,0.007228574589304371,0.006718706426551679,0.007228574589304371,0.007691688606687208
2018-09-21,-0.0015951583090015986,-0.001552483436468577,-0.0005243913005808509,-0.001552483436468577,-0.0015951583090015986
2018-09-24,-0.00028518499779786046,-2.8993511417918504e-05,0.0006112383923077891,-2.8993511417918504e-05,-0.00028518499779786046
2018-09-25,-0.0001789049614015492,-7.613708883932313e-05,-0.0006125980507780349,-7.613708883932313e-05,-0.0001789049614015492
2018-09-26,-0.003643446637019254,-0.004346290861739988,-0.003643446637019254,-0.004346290861739988,-0.003643446637019254
2018-09-27,0.0012344705648179688,0.001166394185352193,0.0008952161603537733,0.001166394185352193,0.0012344705648179688
2018-09-28,8.077933653125591e-05,0.00034444504845900783,0.00034444504845900783,0.00034444504845900783,8.077933653125591e-05
2018-10-01,0.001970554971703187,0.002704691295331918,0.0022177402245615483,0.002704691295331918,0.001970554971703187
2018-10-02,0.0007172402727276594,0.00010596730588532388,0.0007172402727276594,0.00010596730588532388,0.0007172402727276594
2018-10-03,0.0009083905360165456,0.0026454992099026464,0.0024360738858243635,0.0026454992099026464,0.0009083905360165456
2018-10-04,-0.007905253156517711,-0.007199821838048126,-0.008521923217044447,-0.007199821838048126,-0.007905253156517711
2018-10-05,-0.00587690067664397,-0.00501745870346868,-0.005420720431134696,-0.00501745870346868,-0.006017567196983165
2018-10-08,-0.002639843343402637,-0.002303619233939924,-0.0012946508569419036,-0.002303619233939924,-0.002562018726216453
2018-10-09,0.0016590661919757333,0.00064712765360877,0.0016396105857847342,0.00064712765360877,0.0012566446899355155
2018-10-10,-0.026995306063576953,-0.026722896894742387,-0.027366511804285742,-0.026722896894742387,-0.026995306063576953
2018-10-11,-0.014157239821466484,-0.015373209678733036,-0.014660430954865711,-0.015373209678733036,-0.014157239821466484
2018-10-12,0.009711449647716041,0.01005969578732705,0.009844395588757692,0.01005969578732705,0.009711449647716041
2018-10-15,-0.003553842096532522,-0.004730997973541817,-0.005399223800700103,-0.004730997973541817,-0.004774675612229662
2018-10-16,0.015504714475488157,0.018291674138876758,0.01846408530115453,0.018291674138876758,0.018518902150520256
2018-10-17,-3.923275134128934e-05,-0.00030160656707823864,-0.001576501715545564,-0.00030160656707823864,-0.0008945582090791326
2018-10-18,-0.007817670294981838,-0.012060538434099665,-0.010258260787256168,-0.012060538434099665,-0.01209561954133267
2018-10-19,-0.0023605532011880316,-0.0022763240119696103,-0.0029497567717308936,-0.0022763240119696103,-0.0024957233024696436
2018-10-22,-0.0056190624505337294,-0.004144326614880412,-0.0018803522142358032,-0.004144326614880412,-0.00427620995345791
2018-10-23,-0.005000822460025989,-0.006068324459889818,-0.0062412938087596185,-0.006068324459889818,-0.0057513203793062686
2018-10-24,-0.017964047951773664,-0.02777516535482334,-0.025219071924853276,-0.02777516535482334,-0.027020244132883463
2018-10-25,0.012818827538699552,0.01637998330603211,0.015057684007236016,0.01637998330603211,0.01596181216003397
2018-10-26,-0.012570469900599124,-0.011725009184191625,-0.010700591722261787,-0.011725009184191625,-0.011121341270983288
2018-10-29,-0.0027522899860468854,-0.006822402126962113,-0.007657555575662223,-0.006822402126962113,-0.007048537196755767
2018-10-30,0.007390732955061319,0.012742216462101974,0.01248113161418446,0.012742216462101974,0.01224541807222317
2018-10-31,0.003138561901649495,0.00857603997339782,0.008101172468081818,0.00857603997339782,0.008067946307259133
2018-11-01,0.006021283267742939,0.010722634829663203,0.010712021781505853,0.010722634829663203,0.010815341739288354
2018-11-02,-0.001961313142354604,-0.005205267710032602,-0.006457071708745421,-0.005205267710032602,-0.006448530682119602
2018-11-05,0.0039817344881601605,0.004833798324055361,0.0038745656488743396,0.004833798324055361,0.005226632872450299
2018-11-06,0.0020078473489590575,0.0037666611590606246,0.003450747687451994,0.0037666611590606246,0.004351406493131005
2018-11-07,0.008669814945716114,0.01674031785953617,0.015236312169374322,0.01674031785953617,0.018172931207557953
2018-11-08,6.332730592601976e-05,-0.002628448841411801,-0.0012188665843720359,-0.0023424112487452796,-0.0030927759586036442
2018-11-09,-0.0033230403842534617,-0.0028535157015068036,-0.006562957761135846,-0.0031431521762997016,-0.008767441497371454
2018-11-12,-0.007535613334706559,-0.0042386210930271066,-0.016318909952675764,-0.005594193590246066,-0.018136302610152855
2018-11-13,-0.0008032244584969317,0.0001539159007700963,-0.0037169343833378886,-0.0005440923613568294,-0.003213926472634576
2018-11-14,-0.004540568973884751,-0.0003739744857937488,-0.004370341535753575,-0.0011757068062757225,-0.005655788318567412
2018-11-15,0.005865902700549419,0.0026190550534370026,0.012238552936383918,0.003504804526982186,0.011546170120251753
2018-11-16,0.004457586001038916,0.00057959638927777,0.0006289325798238821,0.0015892248336471294,0.0041831037203405195
2018-11-19,-0.004356758524228854,-0.003768522200096347,-0.01167149575438552,-0.005039676025417239,-0.013443469994438784
2018-11-20,-0.010375400060922024,-0.002149051682648573,-0.008869734793100959,-0.003084466616196435,-0.01624184892004994
2018-11-21,0.0016116341784068954,0.0008963011960387846,0.0013278121991525116,0.0003297526562632158,0.004501226249850154
2018-11-23,-0.005186606291472962,-0.000989955805039533,-0.0036282709273093294,-0.0008447048374570443,-0.006916735592202694
2018-11-26,0.007261878606914407,0.002150485843490868,0.010413689380088598,0.003121031296475163,0.013134323905685742
2018-11-27,0.0008588823266830082,-0.0003982959154344878,0.0011688260794026184,0.0006402758524596374,0.0008481533671166885
2018-11-28,0.00907782339422546,0.0038769478956717897,0.010499076433190957,0.00628258395237169,0.019985147413276273
2018-11-29,-0.0001306336843714284,-0.0006590900120114318,0.0007452743221283198,-0.00032803704372328377,-0.0016594086479701175
2018-11-30,0.004122604961871246,0.000778144937645564,0.004151685835483654,0.0028109116370442335,0.004105441803457077
2018-12-03,0.0041979379076740875,0.0029608202567738664,0.0035917745129329104,0.002481035839540424,0.011813419402648262
2018-12-04,-0.010628565132770839,-0.0001454064094600027,-0.00455031106352397,-0.002377887016702951,-0.023147407589824864
2018-12-06,-0.0019853000151306864,1.707363609755319e-05,0.0056576138658440914,-0.0003581519488527585,-0.0027399027449793944
2018-12-07,-0.007957337962194489,0.0008109927891344348,-0.014015589919796612,-0.001739305172293082,-0.014952205882178294
2018-12-10,-0.001101465341182617,-0.0003471894702593792,-0.0004936472066065511,3.9296491821394494e-05,-0.0004011833222190897
2018-12-11,-0.0010749722061444312,-0.00011896617036487589,-0.0018450668127826698,0.00018904569792940195,-0.0008723077236348464
2018-12-12,0.003327357323889868,0.00021269354947484054,0.005641065430396108,0.0010680185776853035,0.004728135495132002
2018-12-13,-0.0023802814699664387,-0.0002207336227265433,0.0008280915580159643,-0.00012288546435270664,-0.0019656145201310538
2018-12-14,-0.00972917174479968,-0.00039989894119347725,-0.007154692919815808,-0.0037672633980618485,-0.01352623124532123
2018-12-17,-0.007961172316193199,0.0006919572910317306,-0.011854685323938541,-0.0012976943965344544,-0.01217917636692346
2018-12-18,-0.00025062346646774757,0.00023754880187696337,-0.001986551893738586,-0.0006341045045483052,-0.0003211298160931686
2018-12-19,-0.008827758913093753,-0.0006093958623821227,-0.011914214675538914,-0.0019168010239994037,-0.011392690795449323
2018-12-20,-0.010362922217988313,0.0015413416962359872,-0.01184157283149776,0.00013454716575468374,-0.009945677955433874
2018-12-21,-0.017351955623021463,-0.00043609246258161647,-0.017366673950137503,-0.001678361689622876,-0.01641739912068315
2018-12-24,-0.019358434281923166,0.0010950096100037499,-0.020624265479382297,-0.0012997836601859269,-0.016963641011733487
2018-12-26,0.040746551515026354,-0.00029994416849353777,0.042567719268870555,0.004061919015276893,0.03713436373281688
2018-12-27,-0.011348391678509118,0.0007604847107346435,-0.009796380438169971,0.001864756318439964,0.0048368178542733346
2018-12-28,0.0012477774593105061,0.00040640114871841603,0.0006070048163239639,0.0005238075290936006,-1.914941228922107e-05
2018-12-31,0.000536983054770368,0.00015694898830167502,0.0010977506874638165,0.00163495130242306,0.006664607193202143
2019-01-02,0.0005926527593344222,6.598089159146615e-05,-0.0015142659907207312,-0.001448285099129265,0.004609297407837287
2019-01-03,0.0020446087856843763,0.0018782663928152976,-0.0020305050959859017,-0.0011238880536052597,-0.01653048273808668
2019-01-04,-0.0019661622476795705,-0.0019661622476795705,0.009525813769518176,0.0021744719377029265,0.02402477003010304
2019-01-07,5.1025099016543954e-05,5.1025099016543954e-05,-1.7982804761829118e-05,0.0007297743223135589,0.006280672413241972
2019-01-08,-0.0005336248524939413,-0.0005336248524939413,-0.0001194579854561062,0.0005056342690182069,0.005625046985838089
2019-01-09,0.0004853346225297428,0.0004853346225297428,0.0009497321630310363,0.0010237836571436397,0.006385864416650377
2019-01-10,-0.0012319866814397451,-0.0012319866814397451,-0.0007683443514600264,-0.0010373469055700358,0.001148787003440932
2019-01-11,0.0005628673587911193,0.0005628673587911193,0.0007207653342198084,0.0008942174529921632,-0.0003226425568240932
2019-01-14,-0.00013401154040386664,-0.00013401154040386664,-0.0005726237622436514,-0.0012386485966564332,-0.0034914660996794187
2019-01-15,-0.0005372409008952306,-0.0005372409008952306,0.005907538099509302,0.0012591642434588545,0.006873069448160407
2019-01-16,0.0004199740205616864,0.0004199740205616864,0.00031481980517988895,0.00023896308958163415,0.003990709902747924
2019-01-17,-0.0001059006414448338,-0.0001059006414448338,0.0023020979833874968,0.000778041497366766,0.004266983720115125
2019-01-18,-0.0014167759289351323,-0.0014167759289351323,0.0015755257031580205,-0.0002260305354641168,0.006339600530733602
2019-01-22,0.001032757558503361,0.001032757558503361,0.00034446744088413307,0.00034446744088413307,-0.00396906234506802
2019-01-23,-0.0001815098507086943,-0.0001815098507086943,-0.0030631205251531735,-6.970142929995094e-05,0.00016090737833135416
2019-01-24,0.0004998923992235004,0.0004998923992235004,0.0013112979382905344,-0.0003375300673302495,0.00133750292955368
2019-01-25,0.000982855029424179,0.000982855029424179,0.005806264963924801,0.0011066973532049996,0.0016861898417042886
2019-01-28,0.00025041096627299587,0.00025041096627299587,-0.0035923568632831747,-0.0008854200221856013,0.00025041096627299587
2019-01-29,0.001066286798470939,0.001066286798470939,-7.519412184877616e-05,0.0015554070060635361,0.001066286798470939
2019-01-30,0.0004983026159176673,0.0004983026159176673,0.006614118732742935,0.0018680131988666581,0.0004983026159176673
2019-01-31,0.0009081201922571003,0.0009081201922571003,-0.0007177263183491212,0.0021588278937311857,0.0009081201922571003
2019-02-01,-0.0008043746123577277,-0.0008043746123577277,-5.460525486036261e-05,-0.0007161638306494411,-0.0008043746123577277
2019-02-04,-0.000880145357333617,-0.000880145357333617,-0.0005508923414482058,-0.0011666113136207356,0.00015772453306818203
2019-02-05,0.0007148772586394569,0.0007148772586394569,0.0007148772586394569,0.0005711943006237008,0.00045050667354068485
2019-02-06,-0.0006263413831839926,-0.0006263413831839926,9.740608795324456e-05,-0.00017257764558608056,-0.0002875590627947844
2019-02-07,0.0009040513349623857,0.0009040513349623857,-0.0024454067835602998,-0.00019766585361373766,-0.0011953608717100606
2019-02-08,0.0008066544456758473,0.0008066544456758473,0.0012861437370791928,0.0009960277379215566,0.0018347417845262725
2019-02-11,-0.0009334524263227562,-0.0008834524263227617,-0.00013928948162701406,-0.0010057291411130764,4.436409255549334e-05
2019-02-12,0.0014317679680628582,-4.397959262185669e-05,0.004021088677058993,0.0013252557962203592,0.006768389822530985
2019-02-13,-0.0005061347673222527,-0.0007740393179967442,0.0004342681294764117,-0.0005544090369378751,0.000818177550566268
2019-02-14,-9.229515456848914e-05,0.0011290910150955958,0.0011290910150955958,0.001359221278498901,-0.0009313887164351775
2019-02-15,0.0028777172387631556,0.0007525090701656634,0.0020050393519751354,0.0022611936011233346,0.007121897190043724
2019-02-19,0.001927922004218674,0.0017765856739011987,0.0012349592037859901,0.001539668668839722,0.0015474603229480687
2019-02-20,0.0001823783372851051,-0.0004598458261003358,-0.0004598458261003358,-0.0005786373409760071,0.0004777132367772552
2019-02-21,-0.0025500696664864765,-0.002024534699986635,-0.002024534699986635,-0.002900014847159149,-0.004145072770785829
2019-02-22,0.0008047085949611898,0.0009556452120613957,0.0015397774671647379,0.0018715735027637237,0.003081666345770817
2019-02-25,1.6013189716990172e-05,-0.0010089017557286084,0.0017556355961566461,-0.0005760933687782632,0.0016356391239026435
2019-02-26,0.0003614264689500546,0.0006617468573947516,-0.0004210474789802965,0.00018862283056573226,-0.00032550735901688556
2019-02-27,-0.0014641075591593667,-0.002057190386265528,-0.0011241316160567228,-0.002328881040594477,-0.002309147973390058
2019-02-28,-0.0011651171476655398,-0.001873051046632035,-0.0012428781662553012,-0.002050775350232681,-0.003447226628758804
2019-03-01,-0.0019850536870680722,0.0007394534306786937,-0.0006232782447090357,0.0010938856324761881,0.003960583691614028
2019-03-04,-0.00011574397295054384,-0.0019292194675344597,0.00208436723350236,-0.002099358703324228,-0.00420790277496248
2019-03-05,-3.6354491560186555e-05,-0.0005166070003122525,-0.00042160467827641047,-0.000400298590010717,-0.0012787206958847607
2019-03-06,-0.00036668500725736133,-0.0038901131564258117,-0.002334517717251028,-0.004235312417285142,-0.007261803239087206
2019-03-07,-0.0027503178744344046,-0.004125660947059684,-0.0025510618461713984,-0.0032734977951353493,-0.006535844721631145
2019-03-08,0.003787793065675782,0.0010843566750341927,-0.0008081582380119357,0.0011114825446309929,-0.0010396863657601064
2019-03-11,0.010399935729823673,0.007446365534485055,0.004411112793987227,0.0063324102952490025,0.011191948450517053
2019-03-12,0.004129240749294993,0.002523534167055086,0.0024329603091720387,0.003226844565553466,0.004129240749294993
2019-03-13,0.006327612012432704,0.00355676994896581,0.0010882760926937518,0.003388524939306481,0.006327612012432704
2019-03-14,-0.001914617000832941,-0.0022353921674782896,-0.001877049215524318,-0.0024082038571935247,-0.001914617000832941
2019-03-15,0.005660232384558062,0.004540567321622358,0.0012176710664250079,0.004613069068000431,0.005660232384558062
2019-03-18,0.004166919335948737,0.0019161530914801439,0.00014321058034720834,0.0021637144074484584,0.0037606688964741176
2019-03-19,-0.0001863725124645166,7.047048625045128e-05,0.0004490875933657601,0.00010228069261749572,-0.0006447063307988387
2019-03-20,-0.0018063832048795358,7.000105619410224e-05,0.0010031403983112419,-0.0016187444302894981,-0.0016929485649339493
2019-03-21,0.008012547125986636,0.0072236427413102985,0.002813155207737006,0.008012547125986636,0.007947315497930674
2019-03-22,-0.017396663928087773,-0.008320875863817356,-0.0023920910102945836,-0.015608613383851389,-0.013894689273326521
2019-03-25,0.0002653139304285124,0.0014110909399462023,0.000879205919726822,0.0005423288156941042,0.001016292782026773
2019-03-26,0.006095855056712074,0.004222223486972354,0.002014153537113783,0.006095855056712074,0.0055478933806803465
2019-03-27,-0.003836791065130585,-0.002572475068177593,-0.0022715289433989485,-0.003836791065130585,-0.0032645940517853633
2019-03-28,0.002724177414383899,0.0016043166111234907,0.0016485781626472185,0.002724177414383899,0.0023131243212160756
2019-03-29,0.004795201660717341,0.003319927642364484,0.0057346947923480164,0.004795201660717341,0.0038126861218320983
2019-04-01,0.008329497293346333,0.005726467666085688,0.0014986517884569618,0.008329497293346333,0.006964588255190684
2019-04-02,-0.0001867099970807473,0.00011782641603942378,5.9783688153125514e-05,-0.0001867099970807473,-0.0005333098106847123
2019-04-03,0.0003760137613045167,0.00020289231517082174,-0.0010267353593740203,0.0003760137613045167,-0.00043441847823755264
2019-04-04,0.002745869064911077,0.0023473366533931063,0.001822361156033714,0.002745869064911077,0.003182877164816178
2019-04-05,0.005181788149824862,0.004341683280395104,0.0016560631850420337,0.005181788149824862,0.00418821579594626
2019-04-08,0.0008062401759131421,0.0007151936175265772,0.00016038473329026414,0.0008062401759131421,-0.00017615867349006774
2019-04-09,-0.004678928944967742,-0.0035918688048988123,-0.0011183322896621717,-0.004678928944967742,-0.002633241217925597
2019-04-10,0.004229284753334306,0.0038936596707122018,0.002545601739065528,0.004229284753334306,0.003532628710323138
2019-04-11,-0.0030189641962108382,-0.0023916145373212294,-0.002891809180044458,-0.0030189641962108382,-0.003093210035640981
2019-04-12,0.00356729646676347,0.002644386472612459,0.0027785297400535367,0.00356729646676347,0.0033001561725719665
2019-04-15,-0.0012639820364862442,-0.0017511149394333846,0.00010957641527906681,-0.0012639820364862442,-0.000671943023576227
2019-04-16,-8.38172026672801e-05,0.00196787521028442,-0.0021367681402111537,-8.38172026672801e-05,-0.000738940272503319
2019-04-17,-0.0031560997826360904,-0.00028019556242943057,-0.0018086832868692171,-0.0031560997826360904,-0.0030229721807759737
2019-04-18,0.000759202019245786,0.0005959862602485155,0.0010166947207072008,0.000759202019245786,0.0011186421835864269
2019-04-22,0.0015511972596720768,0.0014929936913541607,0.0021072773819074465,0.0015511972596720768,-0.0001466661104539746
2019-04-23,0.007350205235513207,0.005768291788007807,0.006012510193517806,0.007350205235513207,0.006241651643436397
2019-04-24,-0.0012667140344776672,-0.0011522360056174686,-9.442218441457761e-05,-0.0012667140344776672,-0.001224034554965303
2019-04-25,-0.00019304342741757185,-0.0012248049519102855,0.00041820981605344976,-0.00019304342741757185,-0.00014631077016979965
2019-04-26,0.0030667720461693636,0.0020683037900403713,0.0019705143471941077,0.0030667720461693636,0.0033579545615464723
2019-04-29,0.0005516509219340993,0.0007313586979889708,-0.0006049120661682283,0.0005516509219340993,-0.00040517586588378895
2019-04-30,0.00045540679235829274,-6.0454686406252735e-06,0.000316385780354278,0.00045540679235829274,0.001087283171801301
2019-05-01,-0.006136547510728752,-0.005957275119318428,-0.004188846426554316,-0.006136547510728752,-0.006013124357743926
2019-05-02,-0.0032552435110443922,-0.0036817350754059564,-0.003613796530319602,-0.0032552435110443922,-0.003233229692002004
2019-05-03,0.009688152668745231,0.008928193276433526,0.008928193276433526,0.009688152668745231,0.009688152668745231
2019-05-06,-0.001615201287164858,-0.0021254055651491743,-0.0048685922490277036,-0.001615201287164858,-0.001615201287164858
2019-05-07,-0.012885275941420148,-0.010965149708364352,-0.0073365024650036805,-0.012885275941420148,-0.012885275941420148
2019-05-08,-0.0016284810897976953,-0.0018422791142008732,-0.0015024343488303838,-0.0016284810897976953,-0.0016284810897976953
2019-05-09,-0.0021370966856042893,-0.0019237547819762834,-0.0017044661152675667,-0.0021370966856042893,-0.0021370966856042893
2019-05-10,0.0030081859717483892,0.002974397568549092,0.002315053643345455,0.0030081859717483892,0.0030081859717483892
2019-05-13,-0.020118474949910627,-0.018240134752394256,-0.015544486459297135,-0.020118474949910627,-0.020118474949910627
2019-05-14,0.007843507571409858,0.007339155354723048,0.006745040477209474,0.007843507571409858,0.007843507571409858
2019-05-15,0.0048447357100106945,0.004548182024939141,0.0034155981128232925,0.0048447357100106945,0.0048447357100106945
2019-05-16,0.005629401958247427,0.004844780665785986,0.0042983205766254804,0.005629401958247427,0.005629401958247427
2019-05-17,-0.00665492957170648,-0.006440606805417937,-0.004848612858276047,-0.00665492957170648,-0.00665492957170648
2019-05-20,-0.005180903857316099,-0.005135628545955151,-0.0045078537206790555,-0.005180903857316099,-0.005180903857316099
2019-05-21,0.008085486885025727,0.007146540664390732,0.00612351031551126,0.008085486885025727,0.008085486885025727
2019-05-22,-0.003656462394573734,-0.004227999458010068,-0.002834859335560891,-0.003656462394573734,-0.003656462394573734
2019-05-23,-0.010875856719264332,-0.01053038459351945,-0.008035731714284244,-0.010875856719264332,-0.010875856719264332
2019-05-24,0.0031762032216580693,0.003030813371904595,0.003030813371904595,0.0031762032216580693,0.0031762032216580693
2019-05-28,-0.00671262607036901,-0.0052833866060727815,-0.0052833866060727815,-0.00671262607036901,-0.00671262607036901
2019-05-29,-0.005240248244309897,-0.004277415568508214,-0.00480526209913108,-0.005240248244309897,-0.005240248244309897
2019-05-30,0.0017520744273508914,0.0012030596130291893,0.0017520744273508914,0.0017520744273508914,0.0017520744273508914
2019-05-31,-0.008846849810194724,-0.008130184482216408,-0.008846849810194724,-0.008846849810194724,-0.008846849810194724
2019-06-03,0.0005362374985595109,0.00029562135425977856,0.0005362374985595109,0.0005362374985595109,8.32476130541826e-05
2019-06-04,0.017981094341960623,0.016323737556300188,0.017981094341960623,0.017981094341960623,0.01912118768271891
2019-06-05,0.0037205519387679574,0.0029672239983077886,0.005231687359820614,0.0037205519387679574,0.004285742921610392
2019-06-06,0.006512418750896198,0.005999102409040125,0.006004202775440404,0.006512418750896198,0.005865099739004754
2019-06-07,0.009264144166882936,0.0082204879279825,0.007315150937321613,0.009264144166882936,0.009264144166882936
2019-06-10,0.0030242659823118355,0.0023753979832300655,0.0018438995933476644,0.0030242659823118355,0.0030242659823118355
2019-06-11,-0.00021722298215834935,0.0008029191521212286,4.838575157647407e-05,0.0006386186352716483,-0.00021722298215834935
2019-06-12,-0.0026868011097102686,-0.0020330339975917046,-0.0018690102497668892,-0.002108840463242068,-0.0026868011097102686
2019-06-13,0.005125971861624845,0.004353311275280225,0.0029863467595443007,0.004533686736634124,0.005125971861624845
2019-06-14,-0.002743259569910761,-0.001215589917130655,-0.0007926268001688496,-0.0023179983610966846,-0.002743259569910761
2019-06-17,0.0019533606441886286,0.0008228775738223337,0.0014725772329759357,0.0013510841046189936,0.0019533606441886286
2019-06-18,0.011443234471941888,0.0073271323908796985,0.009725665561497033,0.009990090480747615,0.011443234471941888
2019-06-19,0.0027582553276601306,0.0011766514237969816,0.0016154935503096435,0.002382750631324304,0.0027582553276601306
2019-06-20,0.010647636436843255,0.009278102051441084,0.006983858268220145,0.009717686508575452,0.010014261645274258
2019-06-21,-0.0012134079156248868,-0.0017558254836026244,-0.0024162759638478915,-0.0010651264033090468,-0.0015910917786447266
2019-06-24,-0.0007091643877784826,-0.0008593309088189338,0.0007103925865632243,0.00010297323917604073,-0.0022392246504816084
2019-06-25,-0.006888705932135597,-0.004164863429415999,-0.006467763047549468,-0.004378306206353555,-0.00353084769011307
2019-06-26,-0.0002689193348811014,-9.370709544175293e-05,0.0009910555632897887,-0.0022702213047226414,-0.0008951041838742513
2019-06-27,0.0042980141799005885,0.004353661668129216,0.004290726550317514,0.004656617526173213,0.003756720580287298
2019-06-28,0.005243142151095925,0.0036195862641288934,0.004616570585804458,0.003955325347112504,0.004856248442923173
2019-07-01,0.004268827821280341,0.0023286892871468567,0.004867480321614137,0.0028252328757113363,0.0024164588982835133
2019-07-02,0.0021658078259613744,0.0032098564265452432,0.0032282396281989255,0.003369018445137162,0.002640489931372647
2019-07-03,0.0066652864690049714,0.00541221641254015,0.0056167037567477875,0.0055142956823550195,0.004034966515839256
2019-07-05,-0.003045671473630829,-0.0025000037213760763,-0.0023571117832685727,-0.002984832212741373,-0.002325826883374027
2019-07-08,-0.005022729162886941,-0.00441870490882097,-0.004276058550388729,-0.004463996173070384,-0.0027900836689461863
2019-07-09,0.0017060937676400712,0.0015302467524321516,0.0017356409399020944,0.0011261929680037475,0.0026055301005707965
2019-07-10,0.005045592133637389,0.003420936743171421,0.003764550927837995,0.002768002069315412,0.005045592133637389
2019-07-11,-0.0005055807607864838,-0.0007299587450019018,-8.483819061857467e-05,-0.0006358717315170903,-0.0005055807607864838
2019-07-12,0.004167773084784032,0.004859555050491848,0.004859555050491848,0.0031701571139786224,0.003759313813932763
2019-07-15,-0.000434765177006835,0.00024893802060307337,0.00024893802060307337,0.00014491271105500082,0.00035351978183041367
2019-07-16,-0.0048231751506335515,-0.0032617736006798513,-0.004645448239377093,-0.003243257091816687,-0.003395847294690535
2019-07-17,-0.0018106999288572735,-0.000692834620968219,-0.0018106999288572735,-0.00017925378374306078,-0.002095386311319536
2019-07-18,0.004352472997073975,0.00377250480330229,0.004352472997073975,0.004221992588681967,0.004352472997073975
2019-07-19,-0.005221302414956086,-0.004650142404129176,-0.005221302414956086,-0.004952692101271116,-0.004552874251398586
2019-07-22,0.0028214436455847427,0.0025664195365112663,0.0028214436455847427,0.0015635395030837885,0.0028363200286288027
2019-07-23,0.004027211800629404,0.003135091200986084,0.003707581346628275,0.003103147540576068,0.004592473625907456
2019-07-24,0.005833805552680438,0.005352442219668985,0.005406729855456038,0.004704923828899432,0.005325171650845284
2019-07-25,-0.0069992640009184145,-0.005377079208498137,-0.00586522481268138,-0.004917250210774748,-0.005533985769505612
2019-07-26,0.004618901695565736,0.004768989365510757,0.0045691702495961,0.004099242851634632,0.003971881365057351
2019-07-29,-0.001212420250525126,-0.0012248119808472401,-0.001212420250525126,-0.00046899596021483526,-0.0018178543296332506
2019-07-30,0.0006718418891627053,-2.0911951019586537e-05,0.0006718418891627053,-2.1966630616332417e-05,0.0009782344727913618
2019-07-31,-0.008353690405543557,-0.007047136112193986,-0.008085724181235732,-0.006652733865437766,-0.008439561965570918
2019-08-01,-0.004363565839403416,-0.002230495121950149,-0.003325457095223627,-0.0016016981198380353,-0.004363565839403416
2019-08-02,-0.006480881415977524,-0.004814717057021789,-0.006480881415977524,-0.003572332587997107,-0.006480881415977524
2019-08-05,-0.022165376764725343,-0.016834899667582438,-0.022165376764725343,-0.01565173941574489,-0.022165376764725343
2019-08-06,0.011023042414610395,0.008517543045196373,0.011023042414610395,0.00974261724117631,0.011023042414610395
2019-08-07,0.0006848855700890665,0.0013676359284576557,0.0006848855700890665,0.0008964261789632388,0.0023271161910425444
2019-08-08,0.01707268230912873,0.012013052053194417,0.01707268230912873,0.012021434980281787,0.01685841448106602
2019-08-09,-0.006218610328877527,-0.004703550307532223,-0.005080561626780711,-0.004174001090111545,-0.00605480878058009
2019-08-12,-0.007425284115387209,-0.006863017937201854,-0.007240183823458646,-0.005093353949082979,-0.010480051679208891
2019-08-13,0.011308828261312043,0.009960441455423274,0.011308828261312043,0.008192722970569,0.01224741683652617
2019-08-14,-0.021171866202871592,-0.01759470887604676,-0.022357046489775968,-0.01544935780949741,-0.025294130980618036
2019-08-15,0.002457608665635669,0.0013662946886911498,0.002079563949992325,0.0028125417493396255,0.0007695636913533366
2019-08-16,0.0077481505731195385,0.00951002695662161,0.011253717408817343,0.008333819199191706,0.012054655786021884
2019-08-19,0.004369766307464207,0.006398658410481229,0.007861760227552573,0.004061506492528866,0.009292034662864957
2019-08-20,-0.001089677412604062,-0.002855873737932313,-0.004239312878545442,-0.002934266754477799,-0.005584342956673605
2019-08-21,0.002295536021427369,0.004073495293822937,0.0043689932541933875,0.003924857794383263,0.006119476181803152
2019-08-22,-0.0014721315795630074,-0.0008634845114152134,-0.0010625782131081563,-0.0010329300091706072,-0.001139252059839102
2019-08-23,-0.006731572988311141,-0.013431897141657701,-0.017976978735561366,-0.012578618241259509,-0.02073721767860095
2019-08-26,0.0039597377005144985,0.006766720824163919,0.008243341436064044,0.006304097912921458,0.008647630350177992
2019-08-27,-0.00046966280880005317,-0.0008503245344814503,-0.0020640368532598985,-0.001230207869449007,-0.004535805351330457
2019-08-28,0.0034516466853086957,0.004086473353458031,0.006247912348627904,0.004457602944230243,0.006400843828348113
2019-08-29,0.004040886414230038,0.008065516322569022,0.009548985501969032,0.007293691391780932,0.011383187136060768
2019-08-30,-0.0002463360607980247,-0.00029708546620034194,-0.00017551500415718957,-0.0007584435079134755,-5.854565560261538e-05
2019-09-03,-0.0021399868526479236,-0.0047855900069758706,-0.005370614363525828,-0.005370614363525828,-0.005986915538340509
2019-09-04,0.0037402344953463727,0.007798868371481848,0.007815499222947043,0.007865499222947037,0.009114651799164264
2019-09-05,0.0013427905496237401,0.006321964501463851,0.008138302782410145,0.0073094435973520165,0.010361844398403519
2019-09-06,-7.947342383085588e-06,-0.0005039120819248178,-0.0002292572249172009,-0.0002292572249172009,-0.0004129096644999608
2019-09-09,-0.001500240761130145,-6.558244944465663e-06,-0.0009268981370055496,-0.0009268981370055496,0.0028486440557207392
2019-09-10,-0.0008479866266886793,-0.0016571822256179146,-0.0012835965779930513,-0.0013696458203072636,0.0016484187027504317
2019-09-11,0.005033492795486072,0.0060237802113369265,0.007588418800316387,0.007016162051570263,0.007864581323605813
2019-09-12,0.00012144422313212778,0.0011501634993335342,0.0016117051793994475,0.001117391548728175,0.0016436605332993293
2019-09-13,-0.0028100603983482685,-0.004018371032530732,-0.003041732347842041,-0.004072964831365744,-2.9846444777181792e-05
2019-09-16,0.0014322801440261213,0.0005826862110331566,0.004527304741151106,0.00036413509712475146,-0.0003857369804746491
2019-09-17,0.0010311288556261622,0.002025025309159334,0.002024359089657579,0.0021783480652910027,0.0018005382580070339
2019-09-18,-0.000620201718652047,-4.717305844749164e-05,-0.0003221362726087085,-5.81106168897616e-05,-0.00048249184924988866
2019-09-19,0.0004818134004708319,0.0008847461832615644,0.0004136240159517635,0.001355018180408052,0.0010541657832298656
2019-09-20,0.0018137104269064675,-0.0007558563866096546,-0.0009979791325330557,-0.00019841927539544503,-0.001519502313472454
2019-09-23,-5.3964724069577306e-05,0.000911514524544177,0.00047972544861663025,0.0003788780464393904,0.0004000435616958287
2019-09-24,-0.001993923352531746,-0.0018635746382525964,-0.005250664844855235,-0.0027814921289842087,-0.005276985810753976
2019-09-25,0.001498893514205335,0.00018907513617180127,0.0022074801711945424,-0.00029617869354241487,0.001992057691705984
2019-09-26,-0.0022428234445267536,-0.00010966177583647818,-0.0035501116517606345,-0.0006638244067290189,-0.001769844960308653
2019-09-27,-0.004569724581857148,-0.0037167569080602037,-0.004586523592446101,-0.004162536382724702,-0.004014919762227143
2019-09-30,0.002371529296114705,0.0016063060769545222,0.0016504404254321758,0.0025018572094171686,0.0020072414461869805
2019-10-01,-0.008501212781639489,-0.0034552733877512786,-0.0108154066159446,-0.004431643443865619,-0.006839822085563973
2019-10-02,-0.011936931273983365,-0.005754746876305905,-0.012464732050408166,-0.0072113388827934385,-0.009498681451281087
2019-10-03,0.007725316649055869,0.005003298985127813,0.007725316649055869,0.005901537219541964,0.005398962508094085
2019-10-04,0.011610242962030237,0.0066102937243838426,0.011610242962030237,0.008176679111236252,0.010019711790579944
2019-10-07,-0.005089078602754882,-0.0031832721451324542,-0.005333473080344264,-0.0035161253564463314,-0.00337148711201517
2019-10-08,-0.012144602231385315,-0.004933293650461401,-0.009316397849518699,-0.006836881656072036,-0.011203841180359908
2019-10-09,0.00667543364280071,0.0036457965596443766,0.006011893279967484,0.004372069237789644,0.005763050698032813
2019-10-10,0.0035676318148435636,0.0003764208433675975,0.0035676318148435636,0.0008721264242952831,0.002309019113741928
2019-10-11,0.008216152223801555,0.0031011391680680787,0.007581554545763957,0.003930752153885042,0.006868125321487295
2019-10-14,0.0005134538756080386,0.0008312313309026487,0.0009759055963504237,0.0007867297315995225,0.0005652753626064766
2019-10-15,0.007173662738108788,0.002340835513949291,0.0037853940596546897,0.004165113050461777,0.006758848865597
2019-10-16,-0.0021260364019566325,-0.0004572745246433918,-0.000706490619439315,-0.0005883612599907329,-0.0007318599826674377
2019-10-17,0.002440319826167381,0.0003741491594821844,4.8084877926279915e-05,0.001117967834532363,0.0023704766030937185
2019-10-18,-0.004529097845674646,-0.0034102008965453566,-0.003683848110490362,-0.003779373667291286,-0.004005821124123787
2019-10-21,0.0056275672933188805,0.0016235805772866984,0.004799523484477597,0.0015145847822539027,0.0038390402165199957
2019-10-22,-0.00039550061678904623,-0.0017353405316373528,-0.0023472323834013652,-0.0015171298498434683,-0.0016874757090293735
2019-10-23,0.003062561354710125,0.001063219843327201,0.0016095713645518429,0.0016837455868676354,0.002229210586394825
2019-10-24,0.0017985493324611079,0.0030113742557917877,0.0028712191694885703,0.002502871681404439,0.0022202213449428964
2019-10-25,0.0047105811244696595,0.0027657386053487774,0.0035774815816635,0.002874469284115777,0.0038975435636971036
2019-10-28,0.0033446086658045606,0.0014956140065726208,0.0030513387862224906,0.002527592395434264,0.003915875589547768
2019-10-29,0.0004953088582724918,-0.0018987004503815852,-0.0014692022249269022,-0.0004795364743770625,8.976497178427855e-05
2019-10-30,0.0018624890409412286,0.0037377831843155686,0.003668505220003171,0.004299648356006558,0.00414213202616368
2019-10-31,1.0957467658978537e-05,0.001415658608892889,0.0010520715313135365,0.001488784474922822,0.0007718872556434442
2019-11-01,0.009442920368312246,0.0053340753511231355,0.007611511861931208,0.0039973483638428235,0.004935357925750394
2019-11-04,0.004725043441041132,0.0012373997545775729,0.002333932953233586,2.317847725147315e-05,-8.982542645310509e-05
2019-11-05,-0.002898278475165217,-0.0024464735271471083,-0.0024464735271471083,-0.0031548361459442288,-0.0034119135580085056
2019-11-06,-0.000986444855649593,0.0012903346763526668,0.0012903346763526668,0.0016310864902119083,0.00122928677243207
2019-11-07,0.001660080520364915,-0.0003271661931882108,0.00010074327917345416,-0.00010433602364466888,-0.002702790845066261
2019-11-08,0.0007141990384288311,0.0001227748962255637,-0.0005340810992612189,0.0008534100276102796,-0.0003558234661125148
2019-11-11,-0.0018464660695792334,-0.0006876741748085835,-0.0003552980162100483,-0.001097633089398542,0.0005755731572323009
2019-11-12,0.001865912758476529,0.0017464046505686116,0.0012327551982888817,0.002348057900908018,0.0022451892245184623
2019-11-13,0.00021672971651431894,0.0009625364401016356,0.0005294707832500855,0.0012877167489641628,0.0013725693819114705
2019-11-14,0.0013827183687531663,0.0017290904641208194,0.0014038354187555391,0.0016503761058798694,0.0013235665786060168
2019-11-15,0.0063937182036631676,0.005219348074561703,0.0037478706452958033,0.005622155592213196,0.004866502295692743
2019-11-18,-0.0005569759295099396,0.0006580718491003168,0.0005662099385724706,0.0006580718491003168,0.0004719782995353916
2019-11-19,0.0006318866435555015,0.0021146040685219745,0.0001252490058842648,0.0021146040685219745,0.001240747516686813
2019-11-20,-0.0008653700506487172,-0.0018744191478920259,-0.00048826973883023814,-0.0018744191478920259,-0.001136882733461886
2019-11-21,-0.0009291192268639725,-0.0025715548358522635,-0.0004370016893841755,-0.0025715548358522635,-0.0025385992954127913
2019-11-22,0.0015865970649130423,0.0019197779432535201,0.0016423047901632849,0.0014538741609889216,0.0016858485291143643
2019-11-25,0.007953090325730017,0.007852825444524036,0.005729237710825385,0.007953090325730017,0.007392259235343768
2019-11-26,0.0007435868260584289,0.0016619263382884996,0.00159383437873859,0.0007435868260584289,0.0016823465114335634
2019-11-27,0.0029470798080780346,0.0026942862490650587,0.0020738214629329454,0.0029470798080780346,0.0025026447997530733
2019-11-29,-0.003230182937438242,-0.002221593488827478,-0.002579195952888469,-0.003230182937438242,-0.002221593488827478
2019-12-02,-0.007714555652693145,-0.007714555652693145,-0.007996018139181726,-0.007714555652693145,-0.007714555652693145
2019-12-03,-0.0036888276972969923,-0.0021945197804286052,-0.0036888276972969923,-0.0036888276972969923,-0.0021945197804286052
2019-12-04,0.005021142769273024,0.003521374697265889,0.005021142769273024,0.005021142769273024,0.0040862424471492685
2019-12-05,0.0005239021427107416,0.0009994870180865313,0.0013738297893383434,0.0005239021427107416,0.0005239021427107416
2019-12-06,0.007823291605393823,0.0059120217510772455,0.007339622036132709,0.007823291605393823,0.007823291605393823
2019-12-09,-0.00267463217438737,-0.002557432270123494,-0.0033773000420686096,-0.00267463217438737,-0.00267463217438737
2019-12-10,0.0005852012703213228,0.00038403142660722314,0.00038403142660722314,0.0005852012703213228,0.0005852012703213228
2019-12-11,0.0027174122522589995,0.0028847491999029473,0.0028847491999029473,0.0027174122522589995,0.0027174122522589995
2019-12-12,0.007062046321094318,0.005218525367823135,0.005218525367823135,0.007062046321094318,0.007062046321094318
2019-12-13,0.00114678344092356,0.0019037705756849155,0.0019037705756849155,0.00114678344092356,0.00114678344092356
2019-12-16,0.005505490612352226,0.004162419409932306,0.004162419409932306,0.005505490612352226,0.005505490612352226
2019-12-17,0.0006510542437294653,0.0005856047187545066,0.0005856047187545066,0.0006510542437294653,0.0006510542437294653
2019-12-18,-0.0005218657407402349,-0.0008979245300767436,-0.0008979245300767436,-0.0005218657407402349,-0.0005218657407402349
2019-12-19,0.003374366086063929,0.003406955412490598,0.003406955412490598,0.003374366086063929,0.003374366086063929
2019-12-20,0.003889342395053652,0.0029300816307843867,0.0029300816307843867,0.003889342395053652,0.003889342395053652
2019-12-23,0.0025671268542246774,0.0015404195412760725,0.0015404195412760725,0.0025671268542246774,0.0025671268542246774
2019-12-24,0.0014875102553725261,0.0015359113535744705,0.0015359113535744705,0.0014875102553725261,0.0014875102553725261
2019-12-26,0.004009258456543885,0.0035257376182716072,0.004041519262497462,0.004009258456543885,0.004009258456543885
2019-12-27,-0.0010930905254462274,-0.0010930905254462274,-0.0006733396739094899,-0.0010930905254462274,-0.0010930905254462274
2019-12-30,-0.004027030048999403,-0.004027030048999403,-0.003711444398077868,-0.004027030048999403,-0.004027030048999403
2019-12-31,0.001390199020647076,0.001390199020647076,0.0018476239252947612,0.001390199020647076,0.001390199020647076
2020-01-02,0.006934630380840146,0.008886130311312846,0.009502057977395627,0.007651453107568073,0.009785574420190212
2020-01-03,-0.0011640693236634858,-0.004296600423990671,-0.0030530219359873657,-0.0022560159358179454,-0.0037313828165464356
2020-01-06,0.003271178694173138,0.003444383118847305,0.002666243106259658,0.0024356555617394914,0.004402490679711113
2020-01-07,-0.0016170837844764808,-0.002311092322494812,-0.0020482471967324333,-0.00161614549813196,-0.002632538080082447
2020-01-08,-0.000234209193182644,0.0014908850799945084,0.0031380398144032927,0.0025571081291470344,0.0022410375441388685
2020-01-09,0.0033507381304036634,0.005102608229042638,0.005102877379145531,0.0036140937283178354,0.005667773575362389
2020-01-10,-0.00041827636879799847,-0.0013947620779815374,-0.0013947620779815374,-0.0003736102215329606,-0.0015757239384075361
2020-01-13,0.0013987849976787481,0.0033337002516352077,0.0033337002516352077,0.003029662283584378,0.0033337002516352077
2020-01-14,0.0009377412709378197,0.00027251015194833527,0.00027251015194833527,0.00018658770994426366,0.0011131096297113062
2020-01-15,0.002512674138519466,0.0020771363666956533,0.0020771363666956533,0.002421761062825589,0.001856941061679196
2020-01-16,0.00418519228448847,0.006410220078291095,0.006410220078291095,0.005353271781546954,0.005714557613933214
2020-01-17,-0.0006110108767903744,0.000353679543458163,0.000353679543458163,0.0006940019905194328,0.000353679543458163
2020-01-21,-0.0020875167542917183,-0.002966593835977016,-0.002966593835977016,-0.0011736517717565343,-0.00328415169941354
2020-01-22,-0.0002509593647341046,0.0004020156660754615,0.0004020156660754615,0.001366545234092742,-0.00027450353189408807
2020-01-23,0.0003143603672367878,0.0005272884268996303,0.0005272884268996303,0.0009098856034790881,0.00010774037759578859
2020-01-24,-0.0049864114957476335,-0.006723406390238584,-0.006723406390238584,-0.005571162822231912,-0.006253478482088149
2020-01-27,-0.00763359444591839,-0.011561360105050756,-0.011561360105050756,-0.008788482144418953,-0.009282683838593675
2020-01-28,0.003362086637533035,0.006445470922824903,0.006445470922824903,0.00599131430808455,0.006445470922824903
2020-01-29,-0.00029331309915390234,-0.00020056735146574135,-0.00020056735146574135,0.000848267479436926,-0.00020056735146574135
2020-01-30,0.0012142722080659696,0.003336056754705308,0.003336056754705308,0.0025319691536756506,0.003336056754705308
2020-01-31,-0.011219459232403917,-0.01605527639948996,-0.01605527639948996,-0.012937070494469826,-0.01661038817722329
2020-02-03,0.0027885587561116256,0.00481121271890782,0.00481121271890782,0.006121064615823779,0.004892189656824308
2020-02-04,0.006224041708373995,0.009804581331664652,0.009804581331664652,0.009444345210349791,0.010816723615895151
2020-02-05,0.00941383140465607,0.012001583960349482,0.012001583960349482,0.008241919662046137,0.012001583960349482
2020-02-06,0.00132968610407731,0.002113743741652263,0.003556587546642187,0.0031333922299313643,0.0008984614952547765
2020-02-07,-0.003025850322088364,-0.004294777893412894,-0.0035957396357987337,-0.0035957396357987337,-0.0029502762113079784
2020-02-10,0.0036912230410905632,0.005336443534973123,0.005836625073060375,0.005836625073060375,0.002773701548603136
2020-02-11,0.0017481652147206983,0.001766425550481987,0.0006493141505813816,0.0006493141505813816,0.0020856893215934536
2020-02-12,0.004137068719657444,0.005283731295018179,0.003939624284042753,0.003939624284042753,0.00322722495390495
2020-02-13,-0.00010287888208215801,-0.0004002354065717917,-9.138956365980499e-05,-9.138956365980499e-05,-6.931382967845235e-06
2020-02-14,0.0003701266158614547,0.0009320460625104832,0.0014605732479150313,0.0014605732479150313,0.00021225109142045673
2020-02-18,-0.0001873126190202412,-0.0014262411959377608,-0.0006017786064305475,-0.0006017786064305475,-0.0010918904225643456
2020-02-19,0.004712329603288756,0.006647856186697676,0.005317744257981216,0.005317744257981216,0.00449813705757629
2020-02-20,-0.0011060598802974052,-0.0023397906819441205,-0.002230402238280316,-0.002230402238280316,-0.00037045699280140453
2020-02-21,-0.0034212645434061662,-0.006628219753136833,-0.005441880562134615,-0.005441880562134615,-0.0024658875814371093
2020-02-24,-0.019074772304099364,-0.026457848651499704,-0.021840178637306605,-0.021840178637306605,-0.018468359900064023
2020-02-25,-0.02465098540753463,-0.026653370116343656,-0.023354500456462833,-0.02223820081603025,-0.02246010087396071
2020-02-26,-0.005216782377432383,-0.005151239735889967,-0.0017430167488579173,-0.00213260322976091,-0.005052574638988128
2020-02-27,-0.029471812074273396,-0.034865533247732436,-0.03239708315451959,-0.0295177036461435,-0.02446439670527799
2020-02-28,-0.0039046581786266075,-0.008028263562513283,-0.008028263562513283,-0.007940005599688039,-0.008870046852206482
2020-03-02,0.03704425225171552,0.03787114266935863,0.03704425225171552,0.0338287609122222,0.026928307075406034
2020-03-03,0.0005312195315776647,-0.019370460253588517,-0.015825143279117226,-0.01631314689559783,-0.013953680225198472
2020-03-04,0.010366627419880458,0.03159813768354116,0.02816984932931632,0.029232857254455836,0.02313253099878656
2020-03-05,-0.008915832964305582,-0.02398665042519953,-0.018673073009133047,-0.020328139734877827,-0.018626655584264563
2020-03-06,0.005165836680626645,-0.01246408137556274,-0.007127184973634226,-0.006845612687624092,-0.014148867442802315
2020-03-09,-0.03771288821764771,-0.07574587039346695,-0.052894311615782875,-0.060013203366073145,-0.0607564015991941
2020-03-10,0.013171840003036872,0.03727285712549041,0.024300577526009004,0.02740331542706197,0.027268043841839295
2020-03-11,-0.0287455811452609,-0.04647256684301626,-0.044725118701793035,-0.03943678924767903,-0.03160992740464458
2020-03-12,-0.04531091603743599,-0.08373243845554765,-0.08373243845554765,-0.07125844346848867,-0.06143375500188856
2020-03-13,0.053978554165189305,0.06888828907578112,0.06888828907578112,0.059658608277381245,0.05399782371343944
2020-03-16,-0.09906458684457282,-0.0946083307423851,-0.0946083307423851,-0.08100164797573053,-0.0741475890434835
2020-03-17,0.027920532954090936,0.03687577681051933,0.03687577681051933,0.036192574441579736,0.02779631647314875
2020-03-18,-0.061519184411061925,-0.06001450305897719,-0.06001450305897719,-0.045657368404678586,-0.04557175263706113
2020-03-19,0.015027497026657188,0.013808423902516475,0.013808423902516475,0.007011112589038293,0.012014170004959347
2020-03-20,-0.0018881934224945884,-0.01699217499852431,-0.01699217499852431,-0.01796836858533014,-0.017511206737054863
2020-03-23,-0.018592720769418446,-0.01717335568690318,-0.01717335568690318,-0.010357507561204737,-0.02487101398285204
2020-03-24,0.08048311429995417,0.08530100497696526,0.08634957692498041,0.07031224836255422,0.0653727572116812
2020-03-25,0.006802830774374713,0.012677468056884633,0.006508023486699532,0.007733721014561446,0.014131081258818078
2020-03-26,0.0,0.038692363347209754,0.025715088055558687,0.03857805776891119,0.03722473518566756
2020-03-27,0.0,-0.019279854393844997,-0.011055758222463996,-0.018013455998967788,-0.022457102703710673
2020-03-30,0.0,0.0,0.021232553156953902,-0.0008229080559886027,0.016181226140185336
2020-03-31,0.0,0.0,-0.009604333143967558,-0.0008116678796001753,-0.005386085004314545
2020-04-01,0.0,-0.00011124189350251168,-0.012824062078906639,0.0014010299086324007,-0.03066769444956987
2020-04-02,0.0,0.0022739439822669237,0.016413027390082945,0.0006346017284891037,0.019877933328811558
2020-04-03,0.0,0.000731711688576131,-0.008146282547079164,0.00023796578328589836,-0.009808052837804126
2020-04-06,0.0,0.0025099101435176576,0.044894659134955925,-0.0002611420382443774,0.039656027253697546
2020-04-07,0.0,-0.0015826631313435203,0.01274845158975354,-0.000640357350020948,0.0026998262184296682
2020-04-08,0.0,-0.001618432136134751,0.003193158592401346,-0.001618432136134751,0.026492048931475075
2020-04-09,0.0,0.002794076034910753,0.002962099369634541,0.002794076034910753,0.01251446084233886
2020-04-13,0.0,-0.0006606618464851776,0.0021044454496224607,-0.0006606618464851776,0.0011291069244146468
2020-04-14,0.0,-2.438781040320359e-05,0.00677882380068191,-2.438781040320359e-05,0.0
2020-04-15,0.0,0.002648917324207556,-0.011816381131933885,0.0026298061062157594,0.0
2020-04-16,0.0,-0.003994836490253862,0.0012871694069377603,0.0010491473061767676,0.0
2020-04-17,0.0,0.013210718953259948,0.008673380198584857,-0.0032821813068127704,0.0
2020-04-20,0.0,-0.00809336141214142,-0.005356197403392981,0.0015170642566547875,0.0
2020-04-21,0.0,-0.008859174213406106,-0.007303188302061714,0.0005766351205350406,0.0
2020-04-22,0.0,0.017834227270550763,0.007784271994835279,0.0009454109027234759,0.0
2020-04-23,0.0,0.005087150671609852,0.00043041606601065265,0.001526370486328066,0.0
2020-04-24,0.0,0.012528457085607759,0.00550575136328747,-0.00019387516548884375,0.0
2020-04-27,0.0,0.010697954597949855,9.254639251011776e-05,-0.0025254486090229176,0.0
2020-04-28,0.0,-0.0010333416171287913,0.0014714846726827213,0.0007054272884542634,0.0
2020-04-29,0.0,0.016218638490024993,0.0022538556799992725,3.451547485754381e-05,0.0
2020-04-30,0.0,-0.004846546568475751,-0.002898089277210081,-0.0029793313875126405,0.0
2020-05-01,0.0,-0.0032501789400404047,-0.001335201353067017,0.0014734531745030255,0.0
2020-05-04,0.0,0.008087244252374292,0.006014887648371136,-0.00011987842271572457,0.0
2020-05-05,0.0,0.008508489819800725,0.003089334047939263,-0.00021603672843411025,0.0
2020-05-06,0.0,-0.005628558056285038,-0.006285826201960143,-0.0028990977231433514,0.0
2020-05-07,0.0,0.008583050431332206,0.007006604531252592,0.003205691313861836,0.0
2020-05-08,0.0,0.006008094187507673,0.0039176183213774475,-0.0019011663688080383,0.0
2020-05-11,0.0,-0.0008596202298239985,-0.0018661764076218779,-0.0014039511431326313,0.0
2020-05-12,0.0,-0.00647647040457433,-0.004417312205560786,0.0014153412256146859,0.0
2020-05-13,0.0,-0.01067660336165489,-0.011817097501924934,0.0016619852765391353,0.0
2020-05-14,0.0,0.006814844182953572,0.010251032466530963,0.0018636935119946685,0.0
2020-05-15,0.0,0.0035096818121389426,0.003007075814118576,0.0003071066324251581,0.0
2020-05-18,0.0,0.016432909012202634,0.021952508471402454,-0.0029518352775282364,-0.001047492467406419
2020-05-19,0.0,-0.0008000545055081631,0.0003838001418418724,0.0009204228105447077,0.0009650206170444431
2020-05-20,0.0,0.004844177151950513,0.002872526857525104,0.0025336613238523984,0.00023742810342795018
2020-05-21,0.0,-0.004430742253639208,-0.001830469824055081,-0.003639954422503777,-0.00145763375976391
2020-05-22,0.0,0.002113739758553934,0.0017818424414575817,0.0019025152519784206,0.0005916836449104457
2020-05-26,0.0,-0.0033167398982203557,0.0032951548431284783,-0.0031360840822389656,-0.0014214859559966153
2020-05-27,0.0,0.002148773142708915,0.0068624618623109425,0.0011129772580227293,0.00018024320171106112
2020-05-28,0.0,0.0009445679148462171,0.0007327311832967309,-0.0003592986500946194,0.00033503447664755547
2020-05-29,0.0,0.005384736272549939,0.0021978896024133165,0.004176251086956096,0.0007358412270738413
2020-06-01,0.0,-0.000287610415237638,0.003214558710256532,5.6410679732576964e-05,0.0004603768848692624
2020-06-02,-3.763266496493722e-05,0.002004583377256464,0.0019023057026529733,0.0005988675956891231,-0.0006853153821071323
2020-06-03,-0.0013296546911742424,0.001303524604524897,-0.0029323652910889786,-0.0019459253987770043,-0.0031746730721023074
2020-06-04,-0.0014479492516137117,-0.003747116381877513,-0.0006319451756540695,-0.001919725133530914,-0.0006319451756540695
2020-06-05,-0.0007122751089381762,0.005551338467078437,0.0002930790162597563,0.0018742300625846585,-0.0011251566124634738
2020-06-08,0.00038435274977943745,0.004322703586163601,0.0029304758309648626,0.0027454512402639076,0.0021544943567546105
2020-06-09,0.001135823937119329,0.0017852248616576749,0.0017852248616576749,0.0024070152416348356,0.0010607358536673828
2020-06-10,0.001482776055749735,0.004047314335422036,-0.0060088435711979195,0.004827203022630055,0.0027596745941652957
2020-06-11,0.0018900904716791622,-0.027603198920697115,-0.04201091480140242,-0.024751146683327997,-0.004392278426912322
2020-06-12,-0.0009641657697007755,0.00805167579514301,0.011637327532451235,0.004982363343851959,-0.0001728807655193565
2020-06-15,5.5483775934161986e-05,0.007843869178776997,0.0068781416782858875,0.003845750518191404,0.0001026008761682018
2020-06-16,-0.0015334200526021858,0.01562907926502154,0.014780539052502262,0.008772416362322455,0.0008809998703139477
2020-06-17,0.0004128182512537659,-0.007094517601667172,0.0011513267894779355,-0.00037185648248116987,0.0005041217065043901
2020-06-18,0.0010587712214790378,0.002214598987379912,0.0047752691680638445,0.0011393911837629834,0.000522358328357686
2020-06-19,8.015664925560273e-05,-0.0025558821251963513,-0.0014692587680911861,0.00014022418057428875,0.0021454680388880653
2020-06-22,1.231401444401481e-05,0.005555072766578728,0.003913510669868369,0.004586993931952887,0.00027477806255499226
2020-06-23,-0.0006834292373109174,0.0040627235833276985,0.0031809770928932337,0.003075468486451938,0.0005887865946724635
2020-06-24,0.001072515031491128,-0.023700990538397006,-0.016199688401260813,-0.01138132420139456,-0.001886213677328441
2020-06-25,0.0002882490074921806,0.011696778725283952,0.009949367379720598,0.005618562670187932,0.001210099305010759
2020-06-26,0.0010703487143040925,-0.019584119426346535,-0.011929920152192287,-0.00914752786416373,0.00030098721106128765
2020-06-29,-0.00031471305396373327,0.012224020842731397,0.007438413154618795,0.006504052814759275,0.0006417721590617154
2020-06-30,-0.00048560903410108656,0.012565974843080285,0.007333051556727111,0.007465475777761532,0.0016659845460929024
2020-07-01,-0.0001942011434556079,-0.0023044212079404657,0.0018031849156551095,0.0006170638801735739,0.00012716109884255422
2020-07-02,0.0001040405333309069,0.0049672856582117396,-0.0022822136342302126,0.0037263053473805654,0.0010737857039483378
2020-07-06,-0.0004095626861745028,0.011658936768273375,0.009619171129889048,0.009448809064539588,0.0012030769737635505
2020-07-07,0.0014056137289121472,-0.00956275263497024,-0.002730709376066609,-0.004873091679981423,0.001169443741625431
2020-07-08,-0.0003994961564111166,0.0057150929739551385,0.00582351539211573,0.005339547347445428,0.0002314757501494902
2020-07-09,0.0015922222320967406,-0.009372667763415965,-0.0002089743290560886,-0.002186040015129409,0.0005355560447176888
2020-07-10,0.0032423298207199247,0.009629127656711678,0.003615819808127563,0.0036787825868279554,-0.0009996332346596138
2020-07-13,0.0012086864638471307,-0.0032084482305122395,-0.002046161896399279,-0.005157135162464854,0.0010207227005556208
2020-07-14,0.00014389025472967277,0.014526353896445188,0.00796310061464207,0.009533012251909168,0.0025948437150692615
2020-07-15,-0.00046679417858048745,0.011263169503886217,0.004154413956887493,0.007119317523075619,0.0009186595979357559
2020-07-16,0.00047494817791120524,-0.005464709284002301,-0.0025505198383712012,-0.004090797948182123,-0.0006326818554805213
2020-07-17,-0.00020938756269996971,0.0012865320036242634,0.0025882680462411046,0.002572671304854046,0.0019833619740765585
2020-07-20,0.0002457988278772083,0.005277048425059572,0.004884447361779809,0.006509880639062882,0.0009043260352017635
2020-07-21,5.9820949023969836e-05,0.005977339148450089,0.008065605514069651,0.0013533942488311635,0.0012649207086895763
2020-07-22,0.0002988816640619119,0.00393064589171892,0.0012785456382160554,0.005551625440888652,0.0018191157003697223
2020-07-23,0.0011681345205903693,-0.006020455039403671,-0.0036086786523895076,-0.005836925068149012,0.002050664697596827
2020-07-24,-5.899511365603516e-06,-0.003606083604841226,-0.0032397989776611013,-0.005520864859966901,5.7735046708040635e-05
2020-07-27,-0.00037120039783156145,0.004947998845250457,0.005878508186449393,0.007139864318330913,0.0003804716183935852
2020-07-28,0.0006919250165724033,-0.003257462580306403,-0.0037428092655057642,-0.003668533257750406,0.000138009378208237
2020-07-29,-0.00017029239633852277,0.005305271538835065,0.010334585732056967,0.010133979601368814,0.0025546590019092986
2020-07-30,0.0006588321589629853,-0.00014293187696919895,-0.006130402984955208,-0.0030768826515102155,-0.0012264880848942617
2020-07-31,-6.429229095079591e-05,0.005287264937920799,0.006113008684170284,0.004848251667165538,0.0005575884691112254
2020-08-03,-0.0005034652272440376,0.006048224029202298,0.007349833023995311,0.00796821473137187,0.0021211787225048017
2020-08-04,0.0009532416035261226,0.0046560060203175045,0.005529553929459785,0.00456043151794675,0.003625518006287998
2020-08-05,-0.0008743077292484691,0.0048191323339969675,0.005049489358617742,0.006456648038717605,0.002581845529471616
2020-08-06,0.0005585817761241341,0.0026721557616057323,0.004371068859189098,0.0053637062302605565,0.0013911308784328113
2020-08-07,-0.0006665812532739678,0.001456409322103669,-0.003524623597381582,-0.0003840549587076691,-0.0010044634350713233
2020-08-10,-0.0004473804683372551,-0.0006572404385416953,6.548920702482696e-05,0.0007222608306105105,0.0002205639589319408
2020-08-11,-0.0011885249889601157,-0.010766075790651763,-0.01204943747877799,-0.009607000992332138,-0.0017039392152934153
2020-08-12,-0.000909537323328391,0.0057312013251048285,0.0075122883477235945,0.0074582531585826615,0.0021857888063739894
2020-08-13,-0.0010689331694558545,0.0008226221160101855,0.0010320746634218335,0.0008923254581876039,-0.0016017191935595808
2020-08-14,-0.00039071110753438056,-0.0011301704523812184,0.0011092296220984177,-0.0007314272354786988,-0.0004479795653176244
2020-08-17,0.00025129383407171966,0.005368394798924403,0.004792332377448127,0.0037004124924140958,0.0008549690335591609
2020-08-18,0.0007152235302415377,0.0019165859273400532,0.001527123807532249,0.001270361852919344,0.0006345201755888708
2020-08-19,-0.0006251780186748767,-0.005588730012642373,-0.0071297016414634705,-0.005629367662170437,-0.0016442235622625367
2020-08-20,0.0009039314501898766,0.004056792554778099,0.0018981240768721542,0.0031214610692567256,0.0010562362772819412
2020-08-21,0.0005992221304349954,0.0022115934659837078,0.001577288054339343,0.0020063160545266356,0.0017871105159081191
2020-08-24,0.0019106577011894666,0.0037561880734900965,0.006503886250101764,0.006142024102145571,0.001784967041652108
2020-08-25,-0.00027543654278906483,0.0008036667541135301,0.002074885354262013,0.0018661221749914914,6.390578974675431e-05
2020-08-26,-0.00038256432865002576,0.004399594842876486,0.0034814741069751354,0.00502506060663116,4.542292164252393e-05
2020-08-27,-0.0015831279153454391,-0.0003766865727667934,-0.0010740979301961495,0.0004207834072309513,-0.00014431553989401323
2020-08-28,0.001713253003089843,0.003961839916911214,0.007134432288487069,0.005742644780793005,0.000995504993854257
2020-08-31,-0.0015038003168743263,-0.0005711898079093447,6.87205053465978e-05,-0.0012014336177669116,-0.0001707694033068141
2020-09-01,0.0006451163827310369,0.00504592474075124,0.006680753127486849,0.007235396524638305,0.0030530264355774885
2020-09-02,0.0004503436934492733,0.006495315234045895,0.006781956116773935,0.008694570029224757,0.0058291487628542304
2020-09-03,-0.00045366107388381536,-0.012346662286493726,-0.023853893407589633,-0.02464614340837825,-0.005524650430812117
2020-09-04,-0.0022133696988367426,-0.005976619660425076,-0.007385708089367604,-0.006314247429369512,-0.0044015548552855275
2020-09-08,-0.003027559480924036,-0.017461544676668474,-0.021103669158586125,-0.02003172365061623,-0.0052093421264322705
2020-09-09,0.0004158053712701393,0.01377049538773153,0.014455052710402982,0.014785098343557379,0.004624391859589483
2020-09-10,-0.0031571100061322465,-0.010085803359379919,-0.015522391605687358,-0.011491959865784019,-0.003775192413800854
2020-09-11,0.0003052377368203185,-0.001000799240060013,-0.00021604059758705273,-0.0003080794486320593,0.00041205282133971455
2020-09-14,0.0007603327636876434,0.011250506121283633,0.013392879849358186,0.012626483406256817,0.005304516266672022
2020-09-15,-0.0009733325852426256,0.0027678882858408805,0.002187236739743159,0.0014105871561015837,9.60974880863108e-05
2020-09-16,0.003716016279165557,-0.002615851874747499,0.0022772888921785196,-0.0014827012024619113,0.0006376301859012168
2020-09-17,-0.001334542850786935,-0.005092866189427059,-0.008142968643921788,-0.0061332794664512805,-0.0012736358565189176
2020-09-18,-0.0003108456250462299,-0.005596893495015476,-0.005848972906123673,-0.005799073862757109,-0.0015560044805302375
2020-09-21,0.0005074401979355603,-0.008730769807163096,-0.01218487108763,-0.011236377523601659,-0.008688907561890202
2020-09-22,-0.0013212107480186862,0.004957760917522413,0.0030897932555237094,0.004122020374090762,0.000498354711775717
2020-09-23,-0.007902944034000669,-0.016441825654454723,-0.023194895219315604,-0.018675310800032773,-0.007952492824088752
2020-09-24,0.0012642098673925184,0.0017410587681360723,0.0019234589945319013,0.001956579548144888,0.00044859692679771745
2020-09-25,0.005529625225412405,0.010621669294007052,0.011587704859599212,0.01165392060529038,0.004289711609211188
2020-09-28,0.009309764899223694,0.011286853397663232,0.016023386161177322,0.013670846164367988,0.005635762484258844
2020-09-29,-0.00129966902241454,-0.0014875570471254984,-0.002169671045101207,-0.0027349612215649575,-0.000156171850325737
2020-09-30,0.0011697002745957087,0.0037448135977722783,0.004616781355343736,0.005092188190559721,0.0014636129282741051
2020-10-01,-0.0015478903744627237,0.005825222718906731,0.0061904475204747735,0.0059913845580234605,0.002541961613286814
2020-10-02,-0.0005730406700913626,-0.007131241938423449,-0.00771573156283385,-0.00692762509161311,-0.00141778322262357
2020-10-05,0.007009665076655047,0.009573245511211425,0.0111488045447521,0.01279483451182294,0.0050504334460474195
2020-10-06,-0.002990627713022542,-0.007205629473778041,-0.008352096165651824,-0.009364215985627634,-0.003596392367473189
2020-10-07,0.004530823699762365,0.00828945700807231,0.011937436259800639,0.012149939686127476,0.005169246596394439
2020-10-08,0.0036359874084421983,0.0038027886209806017,0.006231384931124584,0.006307668480263495,0.003003483694697384
2020-10-09,0.003712713584085414,0.007227710202645688,0.007746690320303851,0.008251979238069784,0.004147675232111648
2020-10-12,0.0034328388427854795,0.00902418693446122,0.009694105647405105,0.009694105647405105,0.0015991447803269554
2020-10-13,-0.004191013857921066,-0.0014513027105304665,-0.004175150908317993,-0.004175150908317993,-0.002213802888229477
2020-10-14,-0.0016311925332282984,-0.002686040568061587,-0.004676042590115503,-0.003588222225635207,-0.0006051971835466352
2020-10-15,0.00011040269916209322,0.0024762401380833076,-1.2482158245874509e-05,-0.0007792199817352685,-0.0005642781832519317
2020-10-16,0.0003870268951668976,-0.00040763035262348924,-0.0003275396882964299,-0.00040763035262348924,0.0007347901253917044
2020-10-19,-0.004952831750248321,-0.009470366183695622,-0.010990947239263905,-0.009470366183695622,-0.003289673046946706
2020-10-20,0.0014308080165044367,0.0011669446747338164,0.0019796099563022863,0.0011669446747338164,-1.155435588562348e-05
2020-10-21,-0.0014220746852610655,-0.0021259631302863124,-0.0022367735828623834,-0.001712801439332845,-0.00043689187007699414
2020-10-22,0.005922461133915846,0.0038738313180541216,0.0038738313180541216,0.0018884077715492608,8.805260155589912e-05
2020-10-23,0.002008371425073441,0.0020926326768711534,0.0023601531517133513,0.0017748241140075449,0.0007680773520517992
2020-10-26,-0.004338469653354748,-0.012404178356440355,-0.011040058966926457,-0.01014677214459847,-0.0024706369889875624
2020-10-27,-0.0019185386503254298,-0.0023405684118981917,-0.003585735394501377,-0.0005172255068149112,-0.0005952338736577078
2020-10-28,-0.01249226442543494,-0.02523265882161384,-0.029416612446224642,-0.022673856027839178,-0.008036338302897295
2020-10-29,0.004368949547248535,0.00460267859165453,0.00767017385077613,0.003840288064959174,-0.0017864337519404305
2020-10-30,-0.004846018480815261,-0.007953742947725861,-0.007393531889760552,-0.008247973019167132,-0.0011338470380453324
2020-11-02,0.007603415633072363,0.010346920025864303,0.011654191316233974,0.008460913944417125,0.005081547308821333
2020-11-03,0.010951359300652297,0.013787958213056072,0.013787958213056072,0.01156665372257668,0.003471130876154005
2020-11-04,0.016478642999039606,0.01749129856114302,0.01749129856114302,0.018658323160659362,0.007956871302939294
2020-11-05,0.011261250298833647,0.018643128836966817,0.017641105428059255,0.016200108615929864,0.004611715921035753
2020-11-06,-0.0020907071130546575,-0.002225440646838173,-0.0012349048423111685,-0.0016848066491074397,-0.001272954765823775
2020-11-09,0.006879392261149209,-0.0025453446786141585,0.009845662102001395,-0.0014137006599179713,-0.002590270171906728
2020-11-10,0.0009137259065841619,7.495173902288821e-05,-0.00042670604454509987,-0.000876846175448398,0.0009993394857859994
2020-11-11,0.00040944867478482917,0.0034600569197292376,0.004573008789112587,0.004698835940688195,-0.00033340008347342297
2020-11-12,-7.152319488297198e-05,0.00178852865301814,-0.004630831405487812,-0.004261930590821761,0.0008985702446803856
2020-11-13,0.00460678650483084,0.003620814822367735,0.012936924078070811,0.008793959371050875,0.0032223489076627755
2020-11-16,0.002469417526863682,0.0039271247884994035,0.01325362098839814,0.008984620276758348,0.001221148859197252
2020-11-17,-0.0014607587861099392,-0.001776952377194263,-0.0026888566106895275,-0.0013589728270733015,-0.0013058550316640382
2020-11-18,-0.004537645553841651,-0.006688087806805842,-0.008631295328409616,-0.0068266378904767834,-0.002144101868181891
2020-11-19,0.0008678097281859531,0.004146055528873471,0.005346447404991428,0.0036257990924492,0.0002534812225619798
2020-11-20,-0.0004533105455713504,-0.0029354546457304176,-0.004122324131269362,-0.002706210069701154,0.000960327793940774
2020-11-23,-0.0009369411290662599,0.008152171817412424,0.00861031820287389,0.0030456995426111797,-0.0026849031272098366
2020-11-24,0.0009125919388958459,0.012404692157340958,0.012837655435457928,0.00879683192156685,-0.0022332052103601783
2020-11-25,-0.0014392252760957347,-0.001659637208063769,-0.0013019099540553358,-0.0009344170380887196,-0.0007224996289150077
2020-11-27,0.0013238748367249919,0.003081676493118535,0.002887795105743185,0.0019656353515883906,0.0008780268529744118
2020-11-30,-0.0018364556800906985,-0.00431428607780916,-0.00941461845728836,-0.005127416937004159,-0.0005182541403562335
2020-12-01,0.0031770944778807264,0.005909938188459829,0.010145591971314838,0.00507161813560838,0.0014698373146507793
2020-12-02,0.0011669115835746147,0.0055919417561404615,0.005934184736689585,0.0048418889948658615,0.00070857971583419
2020-12-03,0.0017351450805770385,0.0034597491366032294,0.0028063278134358603,0.0035852978660044334,0.001460661286330256
2020-12-04,0.0010235212241880732,0.011432535636564545,0.005982272631447549,0.010363826239679108,9.355372098585057e-05
2020-12-07,0.0010823611480567097,0.0001090251373760287,0.0013397963673484558,0.0007221406817567333,0.0015747912873345649
2020-12-08,0.0022391537067951274,0.006856334818514121,0.006856334818514121,0.006096401700499776,0.0018738856418669236
2020-12-09,-0.003719475697012209,-0.00790401257889417,-0.00812536723059103,-0.007557961923739254,-0.008250727464298247
2020-12-10,0.00038005174048220123,0.0020666862343771243,0.0017469613844002141,0.002235869266137336,0.0009263101639874205
2020-12-11,0.00015994557619988247,-0.0017705009794435234,-0.0018964952138678215,-0.0013780786402769918,-0.00027024030560952595
2020-12-14,-0.0026359273043362387,-0.0025908653585847152,-0.00231371959236637,-0.0018387118055541384,-0.0015483558468815995
2020-12-15,0.004675858973222624,0.01297224080784649,0.013306998239241686,0.0118896098787175,0.007412140772193765
2020-12-16,-7.122968348938219e-06,0.0005418023838766439,0.0012685896659408336,0.000836333040828241,0.0012209010814099419
2020-12-17,0.002864297957508988,0.005307053566213094,0.005307053566213094,0.004232839112417131,0.004139005069703805
2020-12-18,-0.001119821866461701,-0.004797643260909412,-0.004797643260909412,-0.00487736573889086,-0.001022254944639045
2020-12-21,-0.0011995294288949187,-0.0019186941094924692,-0.0019186941094924692,-0.000918106053059875,0.00013503874544831262
2020-12-22,-0.0014330246375392596,-0.0018108370933306306,-0.0019884586773666114,-0.001505651796893881,-0.0010080064291533408
2020-12-23,0.0005390366315429218,0.003994170711118361,0.004685084050005861,0.003922122647942028,-0.0008878000423689248
2020-12-24,0.0017167369470950655,0.0023721210040136497,0.0019764215036567555,0.0020842340903469924,0.0028209715299297054
2020-12-28,0.0014475044506342516,0.003068804457166385,0.003024275747023253,0.002817627454310123,0.003586615773303559
2020-12-29,0.0003430154300331889,-0.0029830120392411287,-0.00285587884428119,-0.003457305259839749,-4.245520495415045e-05
2020-12-30,0.0013274760042696232,0.004311557760880913,0.004095201853482211,0.004329366350582187,0.001329902266195282
2020-12-31,0.0026225318463782175,0.0032357244461057146,0.0030896459455818535,0.002184621830981359,0.004251170983899999
2021-01-04,-0.0008227542830552936,-0.006369546937276505,-0.00624907881993163,-0.005937602074704851,-0.005222151035751655
2021-01-05,0.0014710442422673719,0.00941502614125379,0.009738352548997986,0.008689027164914254,0.0033914111913921573
2021-01-06,-0.0002696379215596623,0.007044480484208915,0.008179680633671072,0.005673278894396327,0.0018567903127802877
2021-01-07,0.002414433595443033,0.009480391995573989,0.012219419217689598,0.011101047446494062,0.009020397029845296
2021-01-08,-0.0025208040033881107,-0.000588465518092296,-0.0009898421727603135,-0.0009898421727603135,-0.000588465518092296
2021-01-11,-0.0008466215217451944,-0.0031175840042571346,-0.0013115279674751012,-0.0013115279674751012,-0.0031175840042571346
2021-01-12,-0.00031240223318096394,-0.000949472685243058,0.00536872603016676,0.00536872603016676,-0.000949472685243058
2021-01-13,0.0012036457900250208,0.0025143370295331534,0.0009548717700069264,0.0009548717700069264,0.0025143370295331534
2021-01-14,-0.0018419335530182712,-0.00202689204788149,0.002994153317111459,0.0021532030430895465,-0.003254418501011336
2021-01-15,-0.0018459138471993764,-0.005419140109723841,-0.011093529200347585,-0.010696765196905012,-0.0036633960907925143
2021-01-19,0.003096989939768746,0.00685424761028004,0.009087365089470634,0.009410157156959609,0.005858785180003556
2021-01-20,0.004454268890046231,0.009151802115265362,0.00905332402144865,0.009151802115265362,0.008763621553137101
2021-01-21,-0.0011139064818934453,-0.004339718703155948,-0.003637894536978936,-0.004339718703155948,0.000977453838454312
2021-01-22,-0.001723575111890474,-0.0024720114029676775,-0.0034211833099104362,-0.0024720114029676775,-0.0023940451611714542
2021-01-25,0.0022107385578171157,0.0020280772395345425,0.00027304848827142125,0.0020280772395345425,0.0038729701963210795
2021-01-26,-0.001047473566146162,-0.00446181036411597,-0.004273162091259342,-0.00446181036411597,-0.000804816614768944
2021-01-27,-0.007840642825128984,-0.018643902924160304,-0.018898153779007953,-0.018643902924160304,-0.009728317466591096
2021-01-28,0.002787160165965552,0.006500774078826388,0.007053534216415358,0.006500774078826388,0.0031978239965066656
2021-01-29,-0.005534170580255293,-0.016824046918325807,-0.016222407156350073,-0.016824046918325807,-0.007889530989549509
2021-02-01,0.003838585851468168,0.013323973883172125,0.013208063918557379,0.013323973883172125,0.006343829114609112
2021-02-02,0.00142762963280072,0.009344507523662494,0.010157819680785251,0.009344507523662494,0.0027820640625821234
2021-02-03,-0.0015244943463190164,0.0028726361215120288,0.0035652676252492686,0.0028726361215120288,-0.0018679232046140636
2021-02-04,0.00024364976937166772,0.008381514055208672,0.008648731976845703,0.008381514055208672,0.0018392659953000545
2021-02-05,0.0010053293755853065,0.004684480094643428,0.004232039061727322,0.003394664896294042,0.0012575111702841646
2021-02-08,0.0030436087359883455,0.005677942819147552,0.01235473882702529,0.012793799516635285,0.0030436087359883455
2021-02-09,0.0004902700724439324,0.00035226515322193117,-4.3745951943618966e-05,-0.00020504797889561165,0.0004902700724439324
2021-02-10,0.0013537123192331358,0.0009794359395838615,0.0012060285635945966,0.00223737425078252,0.0013537123192331358
2021-02-11,-0.00100779614010047,0.00020905799693075045,8.056373786513582e-05,-0.0013353194757901531,-0.00100779614010047
2021-02-12,-0.000190000917940647,0.0019095049163110889,0.0053990109945060375,0.0036685106676981214,-0.000190000917940647
2021-02-16,-0.003862315286731377,-0.004379809787779088,0.0006563281742950177,-0.0008663050823401131,-0.003862315286731377
2021-02-17,0.00020759772424182587,-0.0014400879772346609,-0.0005900476600995241,4.4972995778003175e-05,0.00020759772424182587
2021-02-18,-0.001791183426370535,-0.004856101999742557,-0.006710923414107806,-0.007115637564655752,-0.001791183426370535
2021-02-19,-0.0023121473818791148,0.0018650111468380582,0.0033791231507390384,0.0020499326513373495,-0.0023121473818791148
2021-02-22,-0.00017692385067318294,-0.0012320401938166303,-0.0004712709049991659,-0.0012320401938166303,-0.00017692385067318294
2021-02-23,-0.0005064080347413124,-0.00020893566679692778,0.0007528748115065542,0.0003021071377301898,-0.0005064080347413124
2021-02-24,0.002380873386000892,0.00904278803641113,0.013311037401851845,0.012584051103740935,0.002380873386000892
2021-02-25,-0.00866341411499153,-0.018587738778268813,-0.019574441125258846,-0.023089088892876697,-0.00866341411499153
2021-02-26,-0.001933204176648906,-0.0029334451188203214,-0.0062933306330348,-0.005405706859728754,-0.001933204176648906
2021-03-01,0.004219828379150692,0.017039467487693517,0.02121978691196722,0.019725970932348468,0.004219828379150692
2021-03-02,-0.0009613242315788973,-0.006121723476768715,-0.007534343866075754,-0.0069824739740180445,-0.0009613242315788973
2021-03-03,-0.005159177987573304,-0.010199255733759193,-0.007224082660391684,-0.009410810577884754,-0.005159177987573304
2021-03-04,-0.006865007296967462,-0.010690132496641825,-0.009820136296115268,-0.010690132496641825,-0.005300125278075185
2021-03-05,0.008016975949234872,0.0161377073001401,0.01665196670943474,0.017090379730219717,0.005929100315646529
2021-03-08,-0.006855959086667984,-0.005107228523898955,-0.004918378436148218,-0.004918378436148218,-0.0016050147614316335
2021-03-09,0.012984689092113366,0.014179612905627503,0.0124265591556594,0.0124265591556594,0.005639150994297859
2021-03-10,0.005426215149025193,0.008459367830055752,0.008037130995060903,0.008667702309866321,0.0030433599157135395
2021-03-11,0.0014316101701791317,0.007938737298551069,0.008628346047768742,0.007820426774149014,0.0014316101701791317
2021-03-12,-0.0008713862205723899,-0.001532422601162653,0.0015530470075447722,-0.0005877101859297573,-0.0008713862205723899
2021-03-15,0.002855540760946562,0.004413984983706221,0.002823947322781428,0.0036306447243919736,0.002855540760946562
2021-03-16,-0.0008688242811107028,-0.0018674975580961872,-0.005224353608634625,-0.005131869540758038,-0.0008688242811107028
2021-03-17,0.0005238001696932892,0.0037111696443943966,0.0023739512777717795,0.0030884498054655207,0.0005238001696932892
2021-03-18,-0.003683739280479248,-0.016536026893431078,-0.015955024520391124,-0.016536026893431078,-0.003683739280479248
2021-03-19,0.00039553191928937137,6.747715889058315e-05,-0.00035083481501628765,6.747715889058315e-05,0.00039553191928937137
2021-03-22,0.003019617828087506,0.0038602237343712265,0.004007249883040465,0.0038602237343712265,0.003019617828087506
2021-03-23,-0.002597751422870853,-0.010143483802767006,-0.010124050754812663,-0.010143483802767006,-0.002597751422870853
2021-03-24,0.0002686418378844313,-0.002073175625355017,-0.002957499140504971,-0.002073175625355017,0.0002686418378844313
2021-03-25,0.0004814513638616069,0.004667337716347819,0.005819225361937452,0.004667337716347819,0.0004814513638616069
2021-03-26,0.0047902856183051675,0.014701641005105404,0.01476728625778274,0.014701641005105404,0.0047902856183051675
2021-03-29,-0.0013013527122384683,-0.006727409551778074,-0.005450830828375197,-0.006727409551778074,-0.0013013527122384683
2021-03-30,-0.0026053422111619205,-0.0025304879019458883,-0.0030544849972080957,-0.0025304879019458883,-0.0026053422111619205
2021-03-31,0.0013680950208461828,0.004387296128004148,0.004945203774617169,0.004387296128004148,0.0013680950208461828
2021-04-01,0.0040872578420295125,0.012851118144029273,0.011191454655576128,0.012851118144029273,0.0040872578420295125
2021-04-05,0.0027892944519129492,0.005800280796565327,0.0059397735044113276,0.005800280796565327,0.0020150442669826796
2021-04-06,0.0007915047682808707,-0.00032376059251677526,-0.0019463980307589447,-0.00046427292283753865,0.0008505566633157713
2021-04-07,-0.001085294511617485,-0.0018616582807102766,-0.00011135939486374146,-0.001089688345711126,-0.0012010421875062183
2021-04-08,0.0027572232282411235,0.0023311055908727283,0.0029185423670998302,0.004819311984262687,0.002377114862700913
2021-04-09,0.001522705912652278,0.0017373433807449379,0.004420679921233128,0.0033046304983415766,0.0016436132148568761
2021-04-12,-0.0006035248497982315,-0.0013562025571904445,-0.0016427916871927795,-0.0019663761680773105,-0.0001767933599786553
2021-04-13,0.0019441884698337187,0.0020072719912087923,0.002212990393859171,0.0029623497798722752,0.0010093790501777388
2021-04-14,-0.0008823180122603747,0.0012218673415070435,0.0015204145326778052,0.0012218673415070435,-0.00028178660767825826
2021-04-15,0.006938426070076886,0.009707298839809985,0.007147341684094877,0.009707298839809985,0.006853109695969184
2021-04-16,0.0013589972781533066,0.0015275025612707105,0.002187335307942062,0.0015275025612707105,0.0020702283520566468
2021-04-19,-0.0013551813265775703,-0.004786409759273446,-0.004222655047769608,-0.004786409759273446,-0.0019016057985441481
2021-04-20,-0.00030063118728983483,-0.008480663074936345,-0.009297168157875613,-0.008480663074936345,-0.0025571052503613467
2021-04-21,0.006732927368208563,0.011228618667004576,0.010036784001699295,0.011228618667004576,0.0052801083911308885
2021-04-22,-0.002916080654974851,-0.007580626148245428,-0.007368707693573539,-0.007580626148245428,-0.003298435970178537
2021-04-23,0.0036948452853996063,0.009231822848212912,0.009850004701789917,0.009231822848212912,0.004691287613032236
2021-04-26,0.0008672982420236286,0.003098782201012251,0.003053112882446718,0.003098782201012251,0.0008731885104694248
2021-04-27,-0.0015843145917367463,-0.00026144533526067937,0.0006108544035348329,-0.00026144533526067937,-0.0013783161505124153
2021-04-28,-0.00023022313338905143,0.002340759448975327,0.0022758369746307293,0.002340759448975327,-0.0003479854590129006
2021-04-29,-0.00019399268760555977,0.003248079908839885,0.0028420064098993113,0.002979493485338591,0.002318065173258699
2021-04-30,-0.0028967050513513002,-0.005789604140845206,-0.00838072389138832,-0.008315746082126829,-0.0027888945248302766
2021-05-03,0.003840197147444302,0.005055375915830984,0.006218530039881908,0.006278469661452091,0.0024131886730367922
2021-05-04,-0.0016487033701072852,-0.0043000915040635745,-0.004455067327219809,-0.004387923431708585,-0.002563075838077078
2021-05-05,0.0006222618922359536,0.0008615514354138765,0.0038459312644232636,0.004091156764481518,0.0006927105509591747
2021-05-06,0.0037902984789854877,0.007033194152511335,0.006072023640649826,0.007548296646073682,0.0054624666652876245
2021-05-07,0.0037680020462134145,0.004241758822744424,0.007345093298103,0.007751620622155242,0.004177491028196867
2021-05-10,-0.004153470077449162,-0.009203525234846677,-0.00853599675506761,-0.009245649920927334,-0.006661266325148518
2021-05-11,-0.004227236306570681,-0.005493524626257451,-0.008466443154698577,-0.00901496145986842,-0.005316807889826092
2021-05-12,-0.010374898675073962,-0.016888595076994417,-0.014278104279311431,-0.016322229855469883,-0.012168222175377063
2021-05-13,0.00583581735406471,0.008323061549945665,0.008165146972797932,0.008323061549945665,0.006093145955152046
2021-05-14,0.007448782742674309,0.01654420650001227,0.015609061015235116,0.01654420650001227,0.00941598350378341
2021-05-17,0.0004701846553403888,0.0016310951435509757,0.0009817925712697906,0.0016310951435509757,-0.0010076005265055032
2021-05-18,-0.002388581024424452,-0.0054564829970506715,-0.007519613763066746,-0.007580870891495406,-0.0031046969798227964
2021-05-19,-0.0018648645358532168,-0.0022168068924450224,-0.004328207229085024,-0.00450149174624751,-0.0006295652707626997
2021-05-20,0.004681697744396973,0.00842897989031115,0.007149422063455901,0.00842897989031115,0.007863383419362635
2021-05-21,0.000919008382590103,0.0010235155247408367,0.0006574440695438777,0.0010235155247408367,-0.0004419559833575337
2021-05-24,0.002873893242811354,0.0078086631120803714,0.007262059675091415,0.0078086631120803714,0.005682654048810054
2021-05-25,0.00012118068515936109,-0.002749120175042574,-0.004582744392153104,-0.002749120175042574,0.0012549309538560371
2021-05-26,0.0011635914799477786,0.0026903812527279136,0.003036696375147541,0.0026903812527279136,-0.000360562370438311
2021-05-27,0.0008880590017969814,0.0012111382686171624,0.0015739896636501993,0.0012111382686171624,-0.001042422491833328
2021-05-28,0.0010224451011819125,0.002069774535799429,0.0018514238805362403,0.002069774535799429,0.0017596935928306356
2021-06-01,-0.0008202038049502592,0.002811221432056754,0.0031027185771223985,0.002811221432056754,-0.003219992402095173
2021-06-02,0.0009404772311661591,0.0025408926229007036,0.0033157937170071095,0.003845347003951438,0.0018641884182776347
2021-06-03,-0.003334020709252372,-0.005069693031327982,-0.004158675972788029,-0.004798075322223849,-0.004233166035531144
2021-06-04,0.004659025634303116,0.00853827257449824,0.006997121992736677,0.009206366871308113,0.008105430064862862
2021-06-07,0.001321447684737209,0.0009481285890060476,0.0008250393421486146,0.0005176439004480837,-0.00039312392834308654
2021-06-08,0.0010912701445104256,0.0008843337844097632,0.0009459788748834019,0.0017490422814260386,-0.00017445147069604648
2021-06-09,0.00039492642547851454,-0.0004543040411380761,-0.0020460009347940235,-0.0010794232229874635,0.0002112464666609859
2021-06-10,0.0025185240629514104,0.0016270654495916137,0.0024048433566568606,0.0030046977838328213,0.003872081456693044
2021-06-11,-0.0007348636419549192,0.0004230151737088739,0.0008666789082303561,0.0004230151737088739,-0.001116837518999525
2021-06-14,-0.0015708412713473785,-0.0010700161715092471,0.0011267008793557909,-0.0010700161715092471,-0.0012785537653213109
2021-06-15,-0.0011936279216558042,-0.00036769724368140855,-0.0002473412824354537,-0.00036769724368140855,-0.0022719557154811222
2021-06-16,-0.003701905496664837,-0.005248742080134539,-0.005163656268596805,-0.005248742080134539,-0.004714812735214869
2021-06-17,-0.002586817893532989,-0.006516723211724229,-0.008013893353888024,-0.006516723211724229,-0.003117207265320732
2021-06-18,-0.004972747606857053,-0.012044436380430934,-0.013925007341422723,-0.012044436380430934,-0.009080912167686616
2021-06-21,0.007345481308943536,0.0143585098987696,0.01603280957674693,0.0143585098987696,0.010802317208646495
2021-06-22,0.001394843282864,0.0038996794527871416,0.003655412658337276,0.0038996794527871416,0.003973055523787494
2021-06-23,-0.0005338798082789142,-0.00032000126957697493,-6.24139521764211e-05,-0.00032000126957697493,-0.0005955798844531679
2021-06-24,0.004811689883574011,0.006920943870180008,0.006766170390216897,0.006920943870180008,0.006059801814337118
2021-06-25,0.0022000421082016388,0.002487004368378243,0.002487004368378243,0.002487004368378243,0.001960232997421418
2021-06-28,-0.000627494737920975,-0.001743825504790919,-0.0017338303977888713,-0.001743825504790919,0.0016352795657507025
2021-06-29,-0.0015327186600282317,-0.0009279811983147091,-0.0003524823179498537,-0.0009279811983147091,-0.0016291090102992345
2021-06-30,0.002012046323135974,0.0029864397259373953,0.0020557485113942287,0.0029864397259373953,0.001846784297894344
2021-07-01,0.003872423711585604,0.005826165844603404,0.005476479784473099,0.005826165844603404,0.004081225116567921
2021-07-02,0.0023809918802943477,0.004628295699812046,0.0033690115387340126,0.004628295699812046,0.004847248582488728
2021-07-06,-0.002239859621069806,-0.004682013985001276,-0.006350268100715395,-0.004682013985001276,-0.0019536384876299496
2021-07-07,0.0017778094441289083,0.0009085420029294134,-0.00035805257751327926,0.0009085420029294134,0.0013141661969206298
2021-07-08,-0.0046964234518938495,-0.006822271605782837,-0.007148838214422715,-0.006822271605782837,-0.005729871631790462
2021-07-09,0.006597167076258526,0.010268290718263651,0.011342492302365526,0.010268290718263651,0.007804998429486465
2021-07-12,0.0017359628251188864,0.0020544889848048255,0.0023083026234391847,0.0020544889848048255,0.0022058738721493333
2021-07-13,-0.004326992203579916,-0.004675281992015801,-0.004040156317391031,-0.004675281992015801,-0.003917262286765888
2021-07-14,0.0003787679848246017,-0.0016835429127754708,-0.0038952882643866872,-0.0016835429127754708,0.0012952430661218872
2021-07-15,-2.483015890291096e-05,-0.002579569310577534,-0.0037001291826098794,-0.002579569310577534,-0.0011821887886731886
2021-07-16,-0.00795737568403181,-0.009755456178582634,-0.00859654156188593,-0.009755456178582634,-0.006921124980634241
2021-07-19,-0.01002147398027654,-0.012218089212404248,-0.01452002025275213,-0.012218089212404248,-0.008684811769669565
2021-07-20,0.0100097360164751,0.012655588235875492,0.013619515768909508,0.012655588235875492,0.011314016195827104
2021-07-21,0.007110948524976235,0.008846872999191435,0.01000967066351085,0.008846872999191435,0.005358740580834531
2021-07-22,-0.0006698338998171738,-0.0002366073555110093,-0.0002366073555110093,-0.0002366073555110093,0.0008801342634358056
2021-07-23,0.0024962152661988203,0.004287764823212891,0.004287764823212891,0.004287764823212891,0.004657385369748457
2021-07-26,0.00017569840571913798,0.002675921543333226,0.002675921543333226,0.002675921543333226,-4.7793804105922264e-05
2021-07-27,-0.00017458492633355417,-0.0031469378435284743,-0.0031469378435284743,-0.0031469378435284743,-0.001276390199321642
2021-07-28,0.001802469007560359,0.002975899571001994,0.002271321191159914,0.002975899571001994,0.001979847069643459
2021-07-29,0.0035000092934496575,0.005108045571259379,0.005334568152953012,0.005108045571259379,0.004142435487607699
2021-07-30,-0.002543525658592072,-0.004723810156293718,-0.004194102275305001,-0.004723810156293718,-0.0031298667286059787
2021-08-02,-9.89600019425052e-05,-0.001198393676299292,-0.0019417057644600777,-0.001198393676299292,-0.00044926504545466094
2021-08-03,0.004509013092365266,0.0074698577183788025,0.007478792849198168,0.0074698577183788025,0.005756268818013921
2021-08-04,-0.003654733375624719,-0.006016295710572795,-0.006221964004681102,-0.006016295710572795,-0.0033086962522385745
2021-08-05,0.0031771920827160403,0.005496735832374899,0.006006497240943676,0.005496735832374899,0.00436293024294091
2021-08-06,-0.0010309991098000682,-0.0006358852689266281,0.0010342270713303847,-0.0006358852689266281,-0.001553113744837209
2021-08-09,-0.002383316384879608,-0.003935243625098528,-0.004233803158370875,-0.003935243625098528,-0.002521411841403598
2021-08-10,0.001162939729138579,0.0016931399356602706,0.0016931399356602706,0.0016931399356602706,-6.87599806611372e-05
2021-08-11,0.0028372011022061105,0.0025532936431625353,0.0034637025179661608,0.0034637025179661608,0.002678511331613509
2021-08-12,0.0009745716980783858,0.0016288756558433648,0.0015216420605796866,0.001809339857284964,0.0017818410530211827
2021-08-13,0.002208137685093792,0.002670337548753765,0.0004916805400065671,0.001924261739529376,0.0038501219409838527
2021-08-16,0.0012548765134518304,0.0005088890245358746,-0.00045200459354147735,-9.144793610139645e-05,0.0020091052165047917
2021-08-17,-0.00246327412225652,-0.005090949574199599,-0.004901173558659089,-0.005090949574199599,-0.003434731298285909
2021-08-18,-0.00743599383016883,-0.009777982543139796,-0.010191731015051598,-0.009777982543139796,-0.006356229881663266
2021-08-19,-0.0036670591789209283,-0.002205399023456145,-0.002648665665606298,-0.002205399023456145,0.0010072214214678966
2021-08-20,0.004663335122770196,0.006986862503391156,0.006756458768626172,0.006986862503391156,0.006768477884085989
2021-08-23,0.009192814772825308,0.01197909942316252,0.012045517128852979,0.01197909942316252,0.008230976809673985
2021-08-24,0.0014417633278647202,0.0025027214578491443,0.0034614071037522565,0.0025027214578491443,0.000843401647191222
2021-08-25,6.584208320200568e-05,0.0008880011168458602,0.0024124207208216287,0.0008880011168458602,0.0001235590022843569
2021-08-26,-0.002713612610934546,-0.005494592814807853,-0.00565998328565015,-0.005494592814807853,-0.003096774789330603
2021-08-27,0.007795739203389107,0.012397650265693227,0.011717239143766845,0.012397650265693227,0.009550573354499459
2021-08-30,-0.0011875531430546316,0.002077366574807238,-0.0002942221806449097,0.002077366574807238,0.0024221471474674683
2021-08-31,-0.0007412187612689247,-0.0015276567490442815,-0.0021569381134363685,-0.00154388995192124,-0.0013207016462101317
2021-09-01,0.0002515498008434647,-0.001024389831196093,-0.0010302796931161429,-0.00023023497198660926,0.00044256144301358936
2021-09-02,0.002959733062257763,0.005342659671770167,0.005607831714395139,0.0021107651339857592,0.002805458233054603
2021-09-03,-0.0010495904683084146,-0.0009176468371080882,-0.001987069323721835,0.00011776106537649821,-0.00034507064430771005
2021-09-07,-0.005799371326051206,-0.006229314449447065,-0.004270942595981386,-0.004944109291069021,-0.0056328395421131215
2021-09-08,-0.0012667037138817227,-0.003280256756829347,-0.0035140778414985197,-0.0009064028216389409,-0.001997439007564572
2021-09-09,-9.267858047585786e-05,-0.0006049871279412367,-0.0006049871279412367,-0.0007654391799773897,-0.0008145542364506042
2021-09-10,-0.005556348428789093,-0.00734324605985307,-0.00734324605985307,-0.00632290359808364,-0.007301431844752959
2021-09-13,0.0030444283274925097,0.005873969166359983,0.005873969166359983,0.0024387256356305453,0.003007269179449867
2021-09-14,-0.00212479052324942,-0.003980996528316927,-0.003980996528316927,-0.0012625288265607714,-0.0025367424762368198
2021-09-15,0.003090604604615821,0.008445389599048581,0.008573299822924896,0.003805209611499538,0.004709590168752997
2021-09-16,-0.0035382126623670794,-0.0035618457382704085,-0.002545137203985015,-0.003484472382434378,-0.0034124128488084993
2021-09-17,-0.0023540494679869296,-0.005388406774955645,-0.0058404269289329845,-0.00522634447400343,-0.005095811840185482
2021-09-20,-0.007259187994500371,-0.014200639924725533,-0.014200639924725533,-0.008769219721513677,-0.01114696264619941
2021-09-21,0.0005685227283656613,0.0009638024989555016,0.0009638024989555016,0.0005790147573770166,0.0007309406335613722
2021-09-22,0.005590779662462686,0.010979234370333813,0.011212344606818404,0.006341957685273037,0.007895834555783288
2021-09-23,0.004222312614718693,0.009987970249281119,0.010733245009004033,0.004714571303144221,0.0064845983846558595
2021-09-24,-0.0012156325536847867,-0.0016357402592091397,-0.0002993852831315036,-0.0005692696763039739,-0.0010515668581577375
2021-09-27,0.001223306465965268,-0.000544864448694371,0.003011143729972554,-0.002064707132397903,-0.000544864448694371
2021-09-28,-0.011817203588928316,-0.017611050675188623,-0.017269559010884606,-0.015336718521062175,-0.017611050675188623
2021-09-29,-0.000363035734939654,0.0005052621427795723,0.0005052621427795723,0.0007176429288980213,0.0005052621427795723
2021-09-30,-0.005854926587482023,-0.005854926587482023,-0.007367504865022312,-0.0049174963733981,-0.005854926587482023
2021-10-01,0.00911707893942355,0.00911707893942355,0.012231793093699062,0.00750336055974894,0.00911707893942355
2021-10-04,-0.009712138295737749,-0.009712138295737749,-0.0077496927441346505,-0.008803386020753545,-0.009712138295737749
2021-10-05,0.006201680632220652,0.006201680632220652,0.006884213527611216,0.00585663008322167,0.006201680632220652
2021-10-06,0.002229991906271811,0.002229991906271811,0.0013457285969185162,0.002750333951924311,0.002229991906271811
2021-10-07,0.005606220371677928,0.006068789237096106,0.006242936687095557,0.00452696480674335,0.005606220371677928
2021-10-08,-0.0025056545686873654,0.0005737890129944967,-1.4156027821954353e-05,0.0013262668519445132,-0.0025056545686873654
2021-10-11,-0.005572575288047277,-0.00412076416630035,-0.006105499432768347,-0.005370630723493486,-0.005572575288047277
2021-10-12,0.00045684284759640593,0.00045684284759640593,0.0005455570301731716,-3.663742962045635e-06,0.00045684284759640593
2021-10-13,0.0046188852963163106,0.005211422099970586,0.0027201150428606603,0.004056241397974503,0.0046188852963163106
2021-10-14,0.01250602713087734,0.013730297375225419,0.012002976722285697,0.01224762358132776,0.01250602713087734
2021-10-15,0.0027910075334366844,0.003281795161245471,0.005185411862293443,0.0035961272379212315,0.0027910075334366844
2021-10-18,0.001557685783879248,0.0016274706114820735,0.001581096289116435,0.0016852149905966286,0.001557685783879248
2021-10-19,0.004692448021560458,0.005825444641611899,0.005452161473689298,0.005452161473689298,0.004110846001282043
2021-10-20,0.003524197312373312,0.0046557729156286535,0.0036701624712309642,0.003991672743299357,0.0027224230956756413
2021-10-21,0.0012664526667359732,-0.0003251743681234154,-0.0009150387548358286,-0.001220381820606542,0.0016890166493353843
2021-10-22,0.002207376958356144,0.003147989065221746,0.0027731871399198416,0.003730898515964598,0.0008094658506807906
2021-10-25,0.0036024804442343016,0.005069257818977491,0.0034280198500683755,0.0037911601346318326,0.0037255580411439727
2021-10-26,0.0005743943350997816,0.0011526394128777095,0.0026461844413200987,0.0016231046755117106,0.0005004588255938635
2021-10-27,-0.003203674918730026,-0.006078224226390627,-0.006104685527268905,-0.004151375113143873,-0.003010159835699011
2021-10-28,0.007429755080272549,0.008143551090574607,0.00816733962691435,0.0051445926574802845,0.007429755080272549
2021-10-29,0.0013902626972278286,0.0007334114699860783,0.0015910546172480111,0.00033071051432954636,0.0013902626972278286
2021-11-01,0.0029402473799980066,0.004662836044314012,0.0020713034059129053,0.002219871367399129,0.0026648659791961736
2021-11-02,0.003418929894282019,0.002478143824624868,0.0022686961229992585,0.0013883014046018772,0.003000798306193586
2021-11-03,0.003411573620390451,0.00258271571295392,0.0007955558006565334,0.00021167552048975135,0.00038496140557815474
2021-11-04,0.003411581392937646,0.0038904055397900985,0.003588606018468954,0.002024406353511554,0.000956648630382173
2021-11-05,0.00460151561547838,0.0050656466392435704,0.0038570340743039,0.0037567501179880947,0.002914116778986586
2021-11-08,0.002395448890129781,0.003700343244655335,0.002946017761151809,0.002995008101892649,0.0016820824644211974
2021-11-09,-0.0014152179144876543,-0.00042570176450278384,-0.0014998111217471189,-0.00042570176450278384,0.0002652060835294567
2021-11-10,-0.006739989226766119,-0.008993450438654293,-0.010468564704115613,-0.008993450438654293,-0.0028485155098469717
2021-11-11,0.001531499620445287,0.0019142821537358689,0.0013540735167762662,0.0019142821537358689,-3.851252835014307e-05
2021-11-12,0.004100041540542654,0.003857370049299036,0.0036678445264935688,0.003857370049299036,0.003999737215116206
2021-11-15,-0.002528656314895483,-0.001694597732126535,-0.001539823139300922,-0.001694597732126535,-0.0021319820378895684
2021-11-16,0.0018801847915372206,0.002035281132697753,0.0027586676063562354,0.002035281132697753,0.0016957246265362435
2021-11-17,-0.0016747496788235394,-0.003206072918101488,-0.004020649610711091,-0.003206072918101488,-0.0003650752921437905
2021-11-18,0.0013986238856972255,0.0008045395697329538,0.000766158062056177,0.0008045395697329538,0.0013506842038284671
2021-11-19,-0.00197128384156412,-0.0058735489444148746,-0.005780404021788021,-0.0058735489444148746,-0.0019787867850850406
2021-11-22,-0.005357892554290778,-0.00358363990237025,-0.00358363990237025,-0.00358363990237025,-0.0026566566147091185
2021-11-23,-0.0008536280116241523,0.002219717981211733,0.002219717981211733,0.002219717981211733,-9.917430307502251e-05
2021-11-24,0.0026759133335977235,0.0036523777923849533,0.0036523777923849533,0.0036523777923849533,0.002567841219564182
2021-11-26,-0.0142302364718925,-0.01825374153828273,-0.01825374153828273,-0.01825374153828273,-0.010460501327208604
2021-11-29,0.006096527170933142,0.0066723020912655695,0.0066723020912655695,0.0066723020912655695,0.006159364186050375
2021-11-30,-0.011586659679913014,-0.013930156518897407,-0.013930156518897407,-0.013930156518897407,-0.009548139627279528
2021-12-01,-0.007987088742762993,-0.009049545072884491,-0.009049545072884491,-0.009049545072884491,-0.005736545882588861
2021-12-02,0.010809203481183739,0.013716061751897157,0.013716061751897157,0.013716061751897157,0.008019181230299021
2021-12-03,-0.005852544605003962,-0.006644192161953633,-0.006644192161953633,-0.006644192161953633,-0.003799721918274379
2021-12-06,0.007317248509776187,0.008804396642372526,0.008706532016572266,0.008804396642372526,0.005309905577131502
2021-12-07,0.014908219282205403,0.017249179052386654,0.01721107452621131,0.017249179052386654,0.012588778615381147
2021-12-08,0.00046692928749731967,0.0004494588496619323,0.00016575020280125142,0.0004494588496619323,-0.00021579410508267837
2021-12-09,-0.005481642623865246,-0.00625005525494321,-0.005638917417332212,-0.00625005525494321,-0.003216871773168839
2021-12-10,0.005972146661950772,0.0057232373932570415,0.005167316668605504,0.0057232373932570415,0.005260692018558377
2021-12-13,-0.003104660859868047,-0.0073438382251345465,-0.007453969152285034,-0.0073438382251345465,-0.0014621708472014716
2021-12-14,-0.004591303796147838,-0.005865517149456112,-0.004931386874849087,-0.005865517149456112,-0.0029486455973132043
2021-12-15,0.010833747694423423,0.0104115484218679,0.00998239498581811,0.0104115484218679,0.00666156194829357
2021-12-16,0.0006763125725004704,-0.0053292686643434785,-0.005249640064027306,-0.0053292686643434785,-0.0004562195366047961
2021-12-17,-0.0049821265666894375,-0.006314261738272009,-0.006264484095826394,-0.006068973175020753,-0.0049821265666894375
2021-12-20,-0.00554391926948482,-0.010818673647033183,-0.010395546888419139,-0.010213115332275702,-0.0069865648500707315
2021-12-21,0.010543156890408256,0.015930685353714225,0.015523228284066437,0.015513269294530407,0.007694616009050703
2021-12-22,0.0038650611980973414,0.00886642881065942,0.00886642881065942,0.007699680953256216,0.00595423080497981
2021-12-23,0.0009419258356891281,0.003625582862302368,0.0034094705256086932,0.0032147137642224433,0.0022137047868892924
2021-12-27,0.003940325675502976,0.011891240379070167,0.011654515579641455,0.010835945213405297,0.0066234588980637055
2021-12-28,-0.0008770252590286076,-0.0018353204803956968,-0.0020618345637963497,-0.002229991981335966,-0.0009843511525705838
2021-12-29,-0.00019085102496442242,-0.0008664858943611353,-6.809863063486076e-05,-0.0013521177281602403,-0.0009030444159274121
2021-12-30,0.0012742001858883744,-0.0005001254411456712,-0.0005001254411456712,-0.0007055278874782966,0.0009852545662192402
2021-12-31,-2.786449390590473e-06,-0.0012550739533833456,-0.001558532684065994,-0.0008309989975434972,-0.000632469024052118
2022-01-03,-0.0039641326896952215,0.0035659680913841195,0.0035659680913841195,0.007468487321748296,-0.00048211435673342076
2022-01-04,-0.00043323628421472194,0.0010025059972435303,0.0031503577608893553,0.0021520416058496417,0.0007497267875172132
2022-01-05,-0.0045035613123845745,-0.013791956974824304,-0.015212975941544627,-0.011289801343929573,-0.01212110199176627
2022-01-06,-0.0023146370843255327,-0.0026875375731342686,0.001013827345315832,0.0025653416038837196,-0.0007112849433456913
2022-01-07,-0.00227545076898642,-0.004352389475516927,-0.0018010391167144978,0.00013098346562057106,-0.0022531494368081217
2022-01-10,0.0010990819485978908,0.0007700490405441629,0.0001202685157852046,-0.000188529863797704,0.001333188089815507
2022-01-11,0.005566405737754509,0.007829017724349763,0.012107871309736673,0.0074985878083459355,0.006629953687900758
2022-01-12,0.0003760237451747916,0.00010196142810936504,-8.721260547850385e-06,0.0014401356549743395,-0.00036843582854646507
2022-01-13,-0.00536724393603345,-0.009453832542043983,-0.009425458969110045,-0.007456496151003356,-0.006283924451045042
2022-01-14,0.0006532313903267028,-0.001933677786953969,0.0007023737119047025,0.0032865713561811448,-0.0017372081407950658
2022-01-18,-0.014132796913473222,-0.016361560299205213,-0.015990813422334094,-0.007731398529480326,-0.011731727606334863
2022-01-19,-0.004277215719146477,-0.005955572632465355,-0.00668118855407811,-0.005248436619043051,-0.0028802497951122886
2022-01-20,-0.0066551950859833455,-0.007608108418033876,-0.00820970375385841,-0.005476583881993314,-0.005363846490516011
2022-01-21,-0.010102049106418265,-0.014131088343707299,-0.014131088343707299,-0.010061958059137599,-0.008114208091546971
2022-01-24,0.003527735367996121,0.0044882886404185585,0.0044882886404185585,0.0024998332663027202,0.0030093220545417522
2022-01-25,-0.007920294580226295,-0.0036216790239981477,-0.0036216790239981477,-0.002219491042982047,-0.005606062266443235
2022-01-26,-0.005049321909162375,-0.004957787711263229,-0.004957787711263229,-0.00042578770463819193,-0.005636627666162452
2022-01-27,-0.0036289338726865463,-0.003447392828347895,-0.003447392828347895,-0.001074394986313809,-0.0029400967314239246
2022-01-28,0.015346837375146615,0.016230219878486107,0.016230219878486107,0.011196638767600142,0.010973728408312722
2022-01-31,0.00983600862502737,0.013693360324863613,0.013693360324863613,0.009097158023588592,0.009860713668848043
2022-02-01,0.001996921039607713,0.008275323940031009,0.007554004164381145,0.0058213320722394265,0.003242209732213297
2022-02-02,0.0036083769971876345,0.003547070893751214,0.006237910742598718,0.002993612522814315,0.003427612917193812
2022-02-03,-0.005119037378660119,-0.00996470728312352,-0.014836014682059185,-0.003816123129583027,-0.011065760522649837
2022-02-04,-0.0012426993969013255,0.0006575993421991666,0.004113459824565846,0.0015311718117100859,0.0004491035793153686
2022-02-07,0.0003188461919294783,0.0009042695691410362,0.0009206735902898777,0.0012857734964090816,8.413428717313209e-06
2022-02-08,0.002314907329327265,0.004589911972890093,0.0039225630868986675,-0.0011122529101108114,0.005143868346842773
2022-02-09,0.0036481339573768866,0.005121347706846957,0.009457640662407086,0.0017175880291923963,0.00766604012475387
2022-02-10,-0.006762066010734802,-0.0074348557283215435,-0.013141935332232246,-0.0020560577916047596,-0.010559642151488602
2022-02-11,-0.0014610821597660583,0.0034193458437774328,-0.006180252571326039,0.0014165645664395488,-0.005645845517138415
2022-02-14,-0.002460226130134735,-0.004490963002898507,-0.005463769896958659,-0.002760777054082697,-0.0026839175814531435
2022-02-15,0.0019040122688194438,-0.0007559154994996597,0.008468491339277606,0.00020460379272989603,0.007071329865739395
2022-02-16,0.0017295276348470278,0.0024259062904144037,0.0018939781937460042,0.0006513968664380809,0.0019129279842706516
2022-02-17,-0.003346797922796052,-0.0013710792623598978,-0.012703274350423132,-0.0018734186915406402,-0.00888303032993445
2022-02-18,-0.0010510667541937858,-0.001016917858129407,-0.004974300721314995,-0.0012489825597386095,-0.0030514794259454804
2022-02-22,-0.0024073766331321965,-0.0028555407675726063,-0.007803843280541056,-0.0030739864601410094,-0.004725324432092304
2022-02-23,-0.012307195804868975,-0.0017363623350591828,-0.011261060785974487,-0.0003057029510929343,-0.008973576321532273
2022-02-24,0.013108412027565497,-0.0007124388316397279,0.007846120992284867,-0.0005362256695955137,0.007558470280467367
2022-02-25,0.011265864458704134,0.007906501636192853,0.015494781619579245,0.005104856846501882,0.01127823568573082
2022-02-28,0.0003807668863699654,0.004588038419694196,0.001312624615328739,0.002115671410848341,0.002566966583719543
2022-03-01,-0.004612114963444136,0.0014394871859437996,-0.006328434381268844,-0.000815207200037471,-0.004340561211337612
2022-03-02,0.0032300663457449086,-0.0011971715550182283,0.013898619893889042,0.003767368125611614,0.004701419612581093
2022-03-03,0.0017665940138587356,0.0018679672361628153,0.0009247027131445429,0.0006130116766653537,-0.0012431909199083658
2022-03-04,0.002516389009654463,0.0033288481391335334,-0.0003889835566743494,0.003987603018665331,-0.0004985869022567479
2022-03-07,-0.006345386361556215,-0.003397458872797654,-0.01638737630940502,0.0005841085537564461,-0.013637452301694119
2022-03-08,-0.003060471134670084,-0.002649240143917453,0.0005236600335962405,0.001971497175518422,-0.004310073772902223
2022-03-09,0.015663178620857265,0.003013484873966099,0.012591150807881679,-0.0011207256289065936,0.012112847184380892
2022-03-10,-0.006812887010887991,-0.00036592171018925426,-0.0024819870368000376,0.002984970048672686,-0.0036038688069978896
2022-03-11,-0.0030156517390668826,-0.00339394543126994,-0.009005611462591611,-0.0021324379351747025,-0.005982327638340579
2022-03-14,-0.003852151641883972,-0.004048434486219466,-0.009381027504185702,-0.0044850360428866365,-0.006308687342362262
2022-03-15,0.00986172626730838,-0.0018583260464400508,0.0069247405417821595,-0.003678399042049829,0.010602996651585572
2022-03-16,0.009800845317298013,0.00388570108185714,0.009334234095877358,0.0017044660610393003,0.012791554029035025
2022-03-17,0.002007699030301535,0.00596448574805013,0.004549855271512082,0.005128062228928321,0.00606609183539617
2022-03-18,0.0016880008514631006,-0.0002179492785347792,-0.0007423281840837736,-0.001330473408135413,0.006762168728123674
2022-03-21,-0.002131728973866864,0.0024795774471730314,0.004697378645869743,0.004795224052672853,-0.004106706675990668
2022-03-22,-0.0012026935521615822,-0.0027418186032684864,0.00016263259631769112,-0.0014606499811423146,0.0036386031644740856
2022-03-23,0.0004038244502954869,0.005277762024424315,0.0028309601530754013,0.0030862558096093505,-0.0036270879932423727
2022-03-24,0.0021992825619315814,0.0002697757124547895,0.004666823079883087,0.0009731636478997663,0.003446535042430643
2022-03-25,-0.000905874124916417,-0.0017968030359949761,0.003395114414389422,0.0017835485045350375,-0.00033639494524307924
2022-03-28,3.363726233092112e-05,-0.0009654070694244288,-0.004574872784182882,-0.004296556985269695,0.0018727364779648648
2022-03-29,0.0023857424348548316,0.0027733800473709767,0.00010040246184204183,-0.00021576029032646104,0.005665189621204237
2022-03-30,0.0015387518734672923,0.002339827476288525,0.0006946640516381386,0.0019657222132491324,-0.0020855707270680535
2022-03-31,-0.0021965641483813747,-0.005460246422492021,-0.006458757615879085,-0.0013162331207017485,-0.0038542389433326107
2022-04-01,0.0008726685857679995,0.00035250209209726214,-3.8832019790591146e-05,0.0001744976120059416,0.002124767161349861
2022-04-04,-0.0006897282602028488,0.004734548541890249,0.004575962835036485,0.0006144686785425124,0.0006789468397692233
2022-04-05,-0.003504313421355354,-0.010043095444214356,-0.006003486043796991,-0.0021946691536168126,-0.006719183318171018
2022-04-06,0.0004890822033026043,-0.0055197016784548246,-0.000670215520537909,0.0008268091742277273,-0.003687164952687216
2022-04-07,0.0019030072602787772,0.0018313168694703008,0.004185478790609931,0.0016873971323304593,-0.00022030971372265505
2022-04-08,0.0005468811586897937,-0.0007672439811122311,-0.00025707371815686386,0.003378539650378154,-0.0012669363626811147
2022-04-11,-0.004275352244210717,-0.012441588335890675,-0.009962960069945537,-0.004264588668550373,-0.004668383749070648
2022-04-12,-0.000627510262895603,8.022211405654956e-05,-9.290690582637317e-05,0.0014554920088290068,0.00028894566990946837
2022-04-13,0.0022071171793417,0.007451827893638208,0.008208466553151949,0.0024613052956768966,0.004763965796193381
2022-04-14,-0.0032047098637572047,-0.008449734893240435,-0.004280689216141764,-0.000484591070030449,-0.004939503797719879
2022-04-18,0.0006029056280384304,0.0006197644722113149,0.00045807844277405695,0.0006713868071903551,0.0003021266230665232
2022-04-19,0.0034042485351686415,0.0038523391799806126,0.004321621175447344,-0.0013704529971558133,0.004180783734973203
2022-04-20,0.006144290503195493,0.0022939278418424693,0.006518593150578322,0.0022189736588280828,0.004191437528333541
2022-04-21,-0.004871189327811232,-0.010634719281921178,-0.007172681741647003,-0.004634091161674669,-0.007500557569726518
2022-04-22,-0.010941330979136677,-0.015855669892805003,-0.015186114158158048,-0.007064873935756078,-0.01262634052156828
2022-04-25,0.005822619780427229,-6.3765973041785e-05,-0.0015614883255560042,-0.004430835926650856,0.0012328123818747927
2022-04-26,-0.010295378026225165,-0.010862012492316064,-0.015616985626410018,-0.0014729945563900615,-0.009781892851853347
2022-04-27,-0.0025170963431112915,0.0008480788884159263,0.000634727597325857,0.0004887983837394749,-0.0020830841142000177
2022-04-28,0.01468845499348661,0.015181417021170507,0.0200540771615068,0.004951847117911546,0.008236298374462913
2022-04-29,-0.018098699476254077,-0.018810986225593674,-0.010287199807568825,-0.005150771298645218,-0.014163024830814075
2022-05-02,-0.00045555905359374594,0.001179549719838524,0.0003938888882142666,-0.0008788809035609746,-0.0015890872705810021
2022-05-03,0.003984400693152634,0.0047979278560635,0.00518386083227409,0.00338445050873204,0.003711507003145198
2022-05-04,0.015343736297378886,0.01784171640762593,0.020231805960915783,0.007352905491134853,0.013126459607339092
2022-05-05,-0.013194851724820378,-0.017805263970057994,-0.008703174279880987,-0.003828894423300333,-0.016683940005097774
2022-05-06,-0.0024271034833259096,-0.004222328529768504,0.00012841546703457052,0.002831247773888246,-0.004637857804584722
2022-05-09,-0.007929660264430727,-0.01414157179394221,-0.025808441523555704,-0.012309963152673454,-0.012331661311759268
2022-05-10,-0.005176600809150533,0.002717593746271918,0.0032088558338977725,0.00041862987068588267,-0.0008012517974416933
2022-05-11,-0.0078819471665993,-0.00428685069419048,-0.008922109507201959,0.0014965973755383666,-0.0033006024527330925
2022-05-12,-0.0005204002752650539,-0.0016995067425569887,-0.0009870186301820683,-0.0001410485512621684,-0.0016601839595651203
2022-05-13,0.014258607043615779,0.011610318635559202,0.015319138082033112,0.003668186900917747,0.006168262067343944
2022-05-16,-0.0014364496833484618,0.0017776757105440466,0.0016469886522095024,0.004329373305708506,-0.0006970756601878181
2022-05-17,0.00019531570558500855,0.008381279074814063,0.0018868553032106328,0.0019039324240007205,0.007294095051424143
2022-05-18,-0.0013832172427189371,-0.013912261667657588,-0.005891509533374384,-0.005091649920718244,-0.011634774064349752
2022-05-19,0.0022175425918758095,0.0015856193790263595,0.0028093673568295617,0.0013214727933856252,-0.00015244198487494032
2022-05-20,0.0014465968355307668,0.002805988700025963,0.0002021473851338995,0.0017163323557317645,0.0008068850341071632
2022-05-23,0.0025237578574360043,0.008169945084081965,0.007944428366029576,0.003985012919269959,0.007205516021335156
2022-05-24,0.002261758074158371,-0.002508019423948504,-0.0018847733097851372,0.0014313425051029726,0.0004472325874459671
2022-05-25,-0.00023804239970310893,0.004875178119389134,0.005109244194136764,0.0014318569123240366,0.003863417657146806
2022-05-26,-0.00021079540199915315,0.007514787249348021,0.00038161319103904303,0.0013464452067799338,0.007512968972246892
2022-05-27,0.001957422298313838,0.011060053910060218,0.0035421858421307516,0.0035421858421307516,0.00885202638165572
2022-05-31,-0.004441156907364452,-0.005401044105170017,-0.003827253320807811,-0.003827253320807811,-0.005752636272939126
2022-06-01,-0.0009142746931986911,-0.0006020553456077993,0.000828509193419591,0.000828509193419591,-0.0030171443217217432
2022-06-02,0.0020728509885598267,0.001323583504208714,0.002942900045718655,0.0017052511518497958,0.008347534087537967
2022-06-03,-0.0024025518025731054,-0.0012547279224725317,-0.0018454252249846981,-0.0008631387644618793,-0.006241186350226091
2022-06-06,-0.002269343290997172,-0.0018391913024570438,-0.005166435754595145,-0.0005366824611353072,-0.0012300869254162183
2022-06-07,0.0030334781468326355,0.006037354366030834,0.007899710194420494,0.0049397041322477575,0.00590161451510911
2022-06-08,-0.001769255364020428,-0.002438407785192209,-0.002168252809671101,-0.0006660252540664158,-0.0052072927297611375
2022-06-09,-0.0022459974985693963,-0.00431897528096078,-0.010311738650349211,-0.004789697340067877,-0.006813558914041595
2022-06-10,-0.0008863565949516538,-0.004198273586045942,-0.014409407026370946,-0.0019616300264243105,-0.008465186532576297
2022-06-13,-0.014303501412035357,-0.018724383294949475,-0.02823300323582666,-0.010888582074312403,-0.0153538905862723
2022-06-14,-0.004583903717586479,-0.0033063772856350647,-0.001888601672833745,-0.0015632619592858999,-0.0036373624831065434
2022-06-15,0.013761244269779715,0.003439100200300693,0.008569046716987461,0.00010930421651373922,0.006677838793214508
2022-06-16,-0.017594677672717253,-0.009816068671677758,-0.018528872059596947,-0.005978320606368726,-0.006305680191853136
2022-06-17,0.002319538446272551,-0.005244441454479043,-0.0035520596175008913,-0.006347608220813572,-0.00015570713111791036
2022-06-21,0.01659687334853781,0.007595814792086419,0.019075478412275103,0.007499035603156767,0.0046435446407102395
2022-06-22,-0.005569426184527382,0.00034173666206507305,-0.00984235259815378,-0.002217981076560538,0.0025214106731872186
2022-06-23,-0.0005542646712385802,-5.5837327003027684e-05,-0.0037604049111460425,-0.00207507622559413,0.0015048919487458234
2022-06-24,0.004191601377093734,0.003610626124136385,0.0012162872933873636,0.0018976976082422325,0.008081670104633388
2022-06-27,0.0021308149074845796,0.0023400617694676828,0.002821701995141768,0.002821701995141768,-0.0018961849116731044
2022-06-28,-0.0007149014489410743,0.0036284341974227364,0.0025356769153861204,0.0025356769153861204,-0.004331921976740838
2022-06-29,0.002584865327824226,-0.0019910054187951775,-0.005018418729437701,-0.003551809270772255,0.0010681965121590586
2022-06-30,-0.0006744029806507234,-0.001837629548952513,-0.006952710712005761,-0.0027158276899565182,-0.002143622522483413
2022-07-01,0.003050830926111181,0.0024398250496233233,0.004878991932016264,0.0014131760663285363,0.004352808839789457
2022-07-05,-0.0022803979661701447,-0.005303307657645806,-0.006380752508668453,-0.006089005841219219,-0.0018582360962727806
2022-07-06,-0.003050314332949966,-0.004970621821619958,-0.0026360990336028343,-0.0032915176737191355,-0.002951333912832488
2022-07-07,0.004344941770243027,0.0027808128538057363,0.006456179807786433,0.003660835729649037,0.00326515208528102
2022-07-08,0.0002396995346854669,-0.0011067306182553694,-0.0001266986244401247,8.410522629453965e-07,-0.0015204113263727948
2022-07-11,0.0003745221226166273,0.00022999477912546417,-0.001494472640607336,-0.001494472640607336,-0.0013259232606943172
2022-07-12,-0.0016054070973598345,-0.0017270694893338212,-0.007600828627293166,-0.0023212661360944133,-0.0018459714650949422
2022-07-13,0.0011984291809694625,0.001465719388433484,-0.0033352400205724497,0.00031911772497404954,-0.000501456400815814
2022-07-14,-0.00475912458472919,-0.0041103857573758,-0.005935683056745034,-0.003294508726734069,-0.004816687294917887
2022-07-15,0.009875705725203066,0.00199186180585742,0.016029556346757224,0.0014290218549305011,0.00860565015789816
2022-07-18,-0.0014634395625317542,0.0013414529252308016,0.007586780209134991,0.0023832885267314865,-0.00490582541695721
2022-07-19,0.0068039637631076896,0.002777977885501193,0.00487648381235688,0.003317432187966296,0.009505889764168496
2022-07-20,-0.0010991883183902207,-0.001833397172959894,1.856623994257456e-05,2.7719598427033977e-05,-0.0017307752542985665
2022-07-21,0.00588587934480973,0.003138625377570037,-0.0003419061093243747,-0.0003419061093243747,0.005244286762486628
2022-07-22,0.0005183377877247764,0.0019306951603220047,-0.0005728665000983124,-0.0005728665000983124,0.0010951262787840753
2022-07-25,0.00019472251272603102,-0.0012523393144709515,0.0026698778291380345,0.0033944786282096295,-0.0004464907898560355
2022-07-26,-0.0016804969327392726,-4.1923934125231985e-05,-0.005069547589272449,-0.001026925699881487,-0.0002848744374253198
2022-07-27,0.004027945520029097,0.00045668767812101496,0.014529806588431348,0.0032759783399070263,0.0024894853398257145
2022-07-28,0.004378238937695023,0.0020146108416347897,0.0016712106336088882,0.0017805006751432817,0.0036509718112994528
2022-07-29,0.0021467098100002913,0.0012657261111947982,0.004415462528991121,0.004618496745057698,0.0007327543416868254
2022-08-01,0.001215653484575785,0.0023515983123752137,-0.0014990692115700367,-0.0014990692115700367,0.0016526955586222969
2022-08-02,-0.005393599336165155,-0.0020753412489281087,-0.0021584641938319437,-0.000828210640189575,-0.0030674279202493994
2022-08-03,0.005518524166484728,0.004796348708124909,0.0014671483139804486,-0.002627505773110772,0.002734664099020323
2022-08-04,0.0005570580789311496,-0.002408293473585776,-0.0029483446603198902,-0.002054652135740365,0.0011286364643613434
2022-08-05,-0.0026391769635961126,-0.0007576051549088025,0.001757649926088134,0.0008569738277324878,-0.0035429992431220804
2022-08-08,0.0027748504924403838,0.00256441321344687,0.0022945140565116652,0.0013669661671761313,0.002696957075166728
2022-08-09,-3.668631502720121e-05,-0.001824037178215643,0.0018762176868625136,0.0020620287299005337,-0.00038626685357312507
2022-08-10,0.004043347606469383,0.008194416883746402,0.0018109829108778675,0.00047119853197371555,0.00018426939728215518
2022-08-11,-0.001904300627344746,0.000259544749300078,0.002252060998924277,0.003176185801567277,-0.003242399906672766
2022-08-12,0.006020317200138181,0.007209623449449409,0.003299151795577382,0.001677403183405013,0.003214799764223941
2022-08-15,-0.0004440698049253511,-0.0007625887487662131,-0.0028216084183430466,-0.002253737891561236,-0.0008718237222255176
2022-08-16,0.001402480756972657,-0.00026391739905865517,-0.00026122537000236037,-0.0006794990148461411,-2.7270057353356857e-05
2022-08-17,-0.0032262698300745906,-0.004153945058946007,-0.0010895679861760432,-0.0005275501127820714,-0.002272951184280503
2022-08-18,-0.0003326178074556374,0.0013096885058156427,0.002450053870714464,0.0029454715637860064,-0.0004949230084786205
2022-08-19,-0.004909592826343345,-0.008254976760027777,-0.006155211575589204,-0.003730643188855731,-0.002919121833322291
2022-08-22,-0.006374780581843875,-0.008481203860590513,-0.00905383666885723,-0.005701081490872917,-0.004172232500619777
2022-08-23,-0.002154611839889975,-0.0002183207066307813,0.0015982569974706596,0.004203919881742934,-0.001745122422737566
2022-08-24,0.0004433114129161364,0.0010000754300343972,0.0027267502340209806,0.00235132859960121,-8.535522891155445e-05
2022-08-25,0.005349774752319991,0.008124906840337153,0.0104191532416547,0.00432075685420139,0.0038014121308235006
2022-08-26,-0.009308705595661016,-0.015501259094964071,-0.002739980893248406,-0.009940466643106226,-0.006316744574644295
2022-08-29,-0.0027431490993669815,-0.0046555348273551785,0.0012922538771301783,-0.0006725240447288394,-0.002031392457255177
2022-08-30,-0.002740749496941597,-0.00523955214612265,-0.009483195689412716,-0.006665826342209668,-0.002203131313897966
2022-08-31,-0.003867962218455334,-0.0030990831375579454,-0.006369342212178952,-0.003263750270151322,-0.003117218176881076
2022-09-01,-0.0003174101209736491,-0.006390122057894521,-0.003664818714211704,-0.00491653833528014,-0.0006199817378683137
2022-09-02,-0.0018141572326201504,-0.0012641999587426512,-0.0011510998589149613,0.0006373754387167696,-0.0010298453740170133
2022-09-06,-0.0037052539263438657,-0.006732603729240061,-0.006754804881264465,-0.0031601753864515247,-0.0034620353022692062
2022-09-07,0.007532950639030323,0.009028521172933656,0.01211125979576112,0.0036303353321855856,0.005551861765381782
2022-09-08,0.0024792252651249292,0.0011577541158514725,-0.00538788827692579,0.001011406938736259,0.0007159689453952623
2022-09-09,0.003811645040312639,0.010968245138856659,0.00324279300242829,0.007006441575430245,0.002901166611176853
2022-09-12,0.0018772539741875427,0.006599513963785064,0.0015213856153298622,0.005157872281831621,0.0010623572733509557
2022-09-13,-0.012052081550914607,-0.02264277918366907,-0.003590317973923074,-0.011716233505764085,-0.008328053407720304
2022-09-14,-0.0001799824293726382,0.004711616134666319,0.0025512294644697508,0.0028034894822027588,0.00011985511509368107
2022-09-15,-0.0015880614351882483,-0.010339430640683512,-0.007349773227594758,-0.0067470059042678,-0.0019188746362801211
2022-09-16,-0.0011647780901135828,-0.005796291389006991,-0.00441619073846804,-0.0021348735975931345,-0.0010407189391260507
2022-09-19,0.003181777519512585,0.0035942081697843743,0.005410138765355721,0.0009517446463009449,0.00045341172788821994
2022-09-20,-0.007135786357319052,-0.006158061063542141,-0.008028654606200013,-0.001853332529416274,-0.0037490934190043236
2022-09-21,-0.007719486116446706,-0.005950572973023871,-0.00764753317908895,-0.0025633292593606693,-0.0012162575277905874
2022-09-22,-0.008897329512506203,-0.008309938819489038,-0.008304952763148632,-0.0014315852808959306,-0.0025103372752931508
2022-09-23,-0.011957590501606585,-0.015207032342262316,-0.01687459091108574,-0.009931305219167418,-0.0033806024689399528
2022-09-26,-0.012025193420455382,-0.008996214529086366,-0.010950686970345147,-0.0043129517975365236,-0.005088941762540045
2022-09-27,-0.0022669113384533477,-0.0010520042552231823,-0.001962553144775092,0.0014551623779238021,-0.003217634350013787
2022-09-28,0.024055889229736848,0.01803340422394779,0.021869265481409616,0.007565616567787825,0.00947758575975055
2022-09-29,-0.012458369934045066,-0.01035637436657193,-0.009009967983492595,-0.002625148678707767,-0.0029000539759987064
2022-09-30,-0.010157307382102566,-0.007969599782453995,-0.004593451668621795,-0.0027081994799408203,-0.004341064917545201
2022-10-03,0.02058281033776137,0.020405228819128894,0.013338249287871662,0.011180356577718254,0.008682879747280747
2022-10-04,0.015154662316783852,0.016688941914884535,0.00925990286207532,0.00676194351692565,0.006308031682581261
2022-10-05,-0.002352176605220013,-0.003339465863915636,0.0018413878353641278,-0.0005764769574019169,-0.0012933051142231644
2022-10-06,-0.0019451508386547633,-0.003193664552930986,0.0012219838899605873,-0.0008189840926699499,-0.003120880155870298
2022-10-07,-0.00549900864234717,-0.011683375453248001,-0.0072207072536237035,-0.00411273445717808,-0.00627457657502436
2022-10-10,-0.005170084711094358,-0.004998608257482306,-0.005824734089806693,-0.001680867034190303,-0.004047474510675575
2022-10-11,-0.0015056906067142605,-0.0030973200730816997,-0.004646757120776801,-0.001532767058543949,0.0008832526136509311
2022-10-12,-0.0006633871977973604,-0.00018135199206221754,0.0006518191165892362,-0.0003079077601588098,0.0004913444904331432
2022-10-13,0.015772791989796607,0.007133445891734114,0.014649220749649106,0.0031057011663412127,0.003555964244083587
2022-10-14,-0.0008967942010453256,-0.008922090745611944,-0.0027084896256438285,-0.0028124338272469186,-0.003988696194112362
2022-10-17,0.004062324108991067,0.008064118548409039,0.0031385228655960496,0.003047936006673346,0.0031721521725601165
2022-10-18,0.004748837744565382,0.00392116980605528,0.011039400155555356,0.0008474461346439144,0.002134555671013083
2022-10-19,-0.0049252657394400655,-0.00023063028893917094,-0.00020881683259273975,-0.00028835759522578553,-0.0049252657394400655
2022-10-20,-0.003058536422525593,-0.0022924287807840837,-0.0033033068472253955,5.785386100445322e-05,-0.003058536422525593
2022-10-21,0.004784182010472549,0.00564814543370411,0.008568389489850392,0.002675472113073196,0.004784182010472549
2022-10-24,0.002118734881676787,0.0018733531921574565,-0.0002707058124565176,0.0008552254783076085,0.002118734881676787
2022-10-25,0.00499079534449165,0.003134757032513724,0.003014326252954569,0.00010304791299584615,0.003626833961651621
2022-10-26,0.003150569666695191,0.0014407467779725236,0.0020258515090343376,0.0013610932613802086,0.003185161018303839
2022-10-27,0.0010204076038334508,0.00104704983805326,-0.0026606760859532175,0.00036108413013795636,0.0010703587267067772
2022-10-28,0.0024702465740935155,-0.0006873985976424857,0.010114677208356326,0.0003485542565411892,-0.0017084673419656804
2022-10-31,-0.0019647651961880565,-0.000712790236555394,-0.0017850685191673431,0.0008403162270351316,-0.0015289302013713035
2022-11-01,0.001706683768662165,0.0009345825593058299,-0.00441588897148687,0.0009666501446330633,0.0019549255350097107
2022-11-02,-0.004379840752367614,-0.0017431692991836667,-0.008791466443637508,-0.002410015328783688,-0.0011312966862928818
2022-11-03,-0.0028128305675552247,0.0014187919609893295,-0.0010599277263840245,0.001849332641945134,-0.0009203028304836768
2022-11-04,0.004643390339935205,0.0008727576426104777,0.011803355027146845,0.0012179231523600897,0.0013895582720237832
2022-11-07,0.0014743272033296505,0.0020400953694261537,0.006704409170300274,0.0017173462141834017,-0.0013938714974887968
2022-11-08,0.004904320688317987,0.0018517557493219372,0.003087838626971462,9.677744126546095e-05,0.003403384845841284
2022-11-09,-0.003169565875196545,-0.005222918454117353,-0.0045595626940141635,-0.004888298484419762,-0.0001729908117074741
2022-11-10,0.013096801321063079,0.009736527309368182,0.013439466539962442,0.002225239913500121,0.006891803736818791
2022-11-11,-0.0007728898633144188,0.0026968024024811355,0.003280803027759649,0.0029060898295941275,0.000294247216799981
2022-11-14,-0.0005342765807516247,-0.000875412735823633,-0.0002917893801997029,-0.00036123756471592163,-0.0005138656836538913
2022-11-15,0.0019732261761340577,0.0019127735205945573,3.6077089356501e-05,0.0002947447149090676,0.0016180288056854898
2022-11-16,0.0018704751581751443,-0.0003753395314261998,-0.0021923403957955557,-0.00256219022164893,0.0021868506902227303
2022-11-17,-0.0018181639753777734,-0.001545631832999461,0.0023279496971288505,-0.0003127711919366671,-0.0010552424462264899
2022-11-18,0.0004154658332929162,0.0006179453687179648,-0.000902347628824629,0.0006179453687179648,-0.000687732994275736
2022-11-21,-0.00018774663301863727,-0.0011371353710626253,-0.004987840096563156,-0.0011371353710626253,0.00042153995840457095
2022-11-22,0.003565647882552714,0.00530562684389897,0.007691683487125456,0.00530562684389897,0.0014191443833731832
2022-11-23,0.003055387040545243,-4.1868511617937366e-05,-0.0010481338139540664,-0.0003745286435117734,0.001744188695246862
2022-11-25,0.0008000505385168943,0.0010179076180728218,-0.0005596907310156163,0.00042379185784159336,-0.0003389982003852432
2022-11-28,-0.0027237566160719486,-0.006675231020000194,-0.005939695324653616,-0.005924246011528378,-0.003082585310418051
2022-11-29,-0.000931292006813611,0.0018498904378009052,0.0009781501467288733,0.0020996736418371297,-0.0002243539881040979
2022-11-30,0.006665864684170475,0.006857096508725569,0.021498144546476715,0.00447088084303926,0.007639145755967536
2022-12-01,0.004818067802496962,-0.001128451594868063,0.0036748092306242318,-0.0017461722810890202,0.00104510854507045
2022-12-02,0.0012660623509562208,-0.001291425111483968,-0.0016329160488332771,-0.0007111765257368674,-0.00046237364431879203
2022-12-05,-0.005441486316487198,-0.009431809445890093,-0.0047553617934468885,-0.0077695676479363485,-0.006517864847319277
2022-12-06,-0.0002465780516090699,-0.007097859052028177,-0.009541073295252856,-0.005329094265110901,-0.0024192920182486755
2022-12-07,0.004076657524307159,0.0020285627775320503,0.000664779499682433,0.0001789953321664095,0.0013173054883915292
2022-12-08,0.0013129166451773754,0.0020258687142554743,0.004055629680249906,0.0011430973712589498,0.0016736887075903927
2022-12-09,-0.004440665250538434,-0.005499555100161535,-0.006084252388516997,-0.004884606040794171,-0.0020992072929343353
2022-12-12,0.0021245066327773344,0.008772295411992714,0.009799370325018163,0.006587603106121764,0.0031369586362150923
2022-12-13,0.003331465040050352,0.003993499851942817,0.014997090024992166,0.002812378690231676,0.002623051074527161
2022-12-14,-0.00012410754642701028,-0.0032631915992883177,-0.0006403434065106794,-0.0021751375208933442,-0.001805452188877954
2022-12-15,-0.005261098646641782,-0.01195992086865294,-0.008860631845086175,-0.006583560225717511,-0.007614347131770172
2022-12-16,-0.0026279916183560847,-0.004829495492604563,-0.0079687696050313,-0.004376761473156099,-0.0022765275706256973
2022-12-19,-0.002819041028975511,-0.0027527133262680525,-0.006900604993829407,-0.0011374797207550635,-0.0014072572882934398
2022-12-20,0.00016689082634999686,0.004022433368597522,0.0028347848000396026,0.002211487836996595,0.002361743846431341
2022-12-21,0.0029919615893268746,0.00784660456987606,0.012859081668637895,0.006356286710095938,0.0042909827089581245
2022-12-22,-0.0023685131623142784,-0.008056083500919752,-0.008449460748390824,-0.0043258090520225554,-0.003230034472895116
2022-12-23,5.982896325248399e-05,0.00471990139380587,0.005093929521449348,0.004315626439138853,0.0014271398512226252
2022-12-27,-0.0026726781002157527,0.0008101675208149195,-0.00328093378595149,0.0009142032762410546,0.0006889498460188603
2022-12-28,-0.00573104786796994,-0.006447024725550976,-0.010765451248699587,-0.004384050520964045,-0.0025957447136214394
2022-12-29,0.010389948100521674,0.0077667124570657275,0.014659492702203214,0.004588093736356225,0.004101650529994139
2022-12-30,-0.0026487643423114713,0.00012254528228772266,-0.005014230659685592,-0.00020891476316037272,-0.00037382411728340557
2023-01-03,0.0011985832067946344,-0.003590333663413392,-0.0017725012160661802,-0.003479157333574512,0.000867709057672339
2023-01-04,0.004703627344159344,0.0034618534577524175,0.005475408716382269,0.002261049020945316,0.003214055874638966
2023-01-05,-0.00549112637878395,-0.00413580614926613,-0.004874190721956284,-0.0011741227843053647,-0.004018548798110688
2023-01-06,0.013760509615985739,0.011988897745300365,0.016636261503013783,0.00905935148200172,0.007162433441380967
2023-01-09,0.0004531501813341499,-0.0013020510749223834,0.0005682486959110111,-0.001808105491156109,-0.002110501447324309
2023-01-10,0.0024557317950740344,0.003681907851065658,0.0026961325849388373,0.002496329673453879,0.0023531446694780244
2023-01-11,0.005848206379809285,0.004217569746419125,0.003179464452782765,0.0015538616128028982,0.002177477049244836
2023-01-12,0.005686652326599484,0.003704618244183777,0.0025254744045250855,0.0032150333274632904,0.0016937927080558524
2023-01-13,0.002356500898308045,0.0028471015200377094,0.0016469231207437707,0.0028471015200377094,0.0027023664164392168
2023-01-17,-0.0028171532604958196,-0.0027038935293213105,-0.0020493856948513465,-0.0027038935293213105,-0.0029151340366393775
2023-01-18,-0.004014938730527551,-0.0072193953152106085,-0.006825560314404988,-0.0072193953152106085,-0.005388898253904084
2023-01-19,-0.0014410916336352053,0.0012034949613471736,-0.0007933472625771265,0.0012034949613471736,-3.958457779680291e-05
2023-01-20,0.003937787814695148,0.0037481160517742196,0.008139086580151977,0.0037481160517742196,0.002577077276452433
2023-01-23,0.004270760500082904,0.002647945210144731,0.00364103293170992,0.002574868336821967,0.002252605934136076
2023-01-24,0.0009964868312581144,0.0010838670688812168,0.0010838670688812168,-0.00035419489970505146,2.1037445715077485e-05
2023-01-25,0.0008543725827205084,0.005443101736070743,0.001439095388165268,0.0013492667801326297,0.0013381973680482106
2023-01-26,0.0019631410701234863,0.007244721477160987,0.003570893602262937,0.003570893602262937,0.0004133307101533146
2023-01-27,0.0005380925677368808,-0.0025643410525262532,-0.0023255943916464907,-0.0027650346711414085,-0.0009337696671144813
2023-01-30,-0.005690612492769554,-0.008365459594248292,-0.005063642718669703,-0.004698166384663649,-0.0019107215150884315
2023-01-31,0.0074999476938002905,0.009640664559150336,0.0079326874979043,0.0050180420759756705,0.0027733285537450358
2023-02-01,0.006656317321119709,0.008392328748252654,0.0001367551816223722,0.0014508343264944545,0.0017438563193730382
2023-02-02,0.0028042010842272203,0.0012445706798012047,-0.0048899124591331835,-0.004158779367335608,-0.0028834664240073972
2023-02-03,-0.007158197696527058,-0.006184745855463791,-0.0032277771594710902,-0.0036262830376178725,-0.0026601636997687916
2023-02-06,-0.003530683866127726,-0.00315153096828612,-0.0023241845773359637,-0.0010188865376579924,-0.000524974190415095
2023-02-07,0.0036453149933510674,0.011637435500357996,0.008265035553983446,0.012769698374942217,0.002782477358281388
2023-02-08,-0.003425848744226223,-0.004567162822325288,-0.0029914751406526887,-0.005043097321036594,-0.0012559440732116012
2023-02-09,-0.0033338977420297013,-0.01206863548537076,-0.006723040928065993,-0.011121300384233711,-0.003471466936017009
2023-02-10,0.0007061172739846299,0.0040688193545666,0.004952641928370494,0.00518778345245322,0.0019549422914643564
2023-02-13,0.0034950430668295395,0.008897632922343524,0.004391101308135037,0.008056196542674542,0.0026013241358279317
2023-02-14,-0.0012044637301635518,-0.0005929944089055339,-0.0017129937628482805,-0.00036282167650608654,-0.0014694362807942452
2023-02-15,-0.0012605857489800588,-0.0012933994013079153,-0.002851444697254302,-0.00036089503239437046,-0.0012320484391482478
2023-02-16,-0.0047039678409931725,-0.011682378277978378,-0.006694026242724182,-0.010265590888582598,-0.003857499316120461
2023-02-17,0.0026769293994751697,-0.003062298421373699,-0.0006114537386496921,-0.003839934824403979,0.002429201035185247
2023-02-21,-0.00864539211477825,-0.017951598835090277,-0.013209584195438117,-0.01600786294572888,-0.00775501282529284
2023-02-22,-0.0003756715671883626,-0.0009201430674604883,-0.0014247029213679929,-0.0018365714810842481,-0.0003165901331295129
2023-02-23,0.003763479106220502,0.006911194173721058,0.006911194173721058,0.005933979415674395,0.0016259501370662344
2023-02-24,-0.006839314759512938,-0.009886273675635705,-0.009518307375996049,-0.00858615258406541,-0.004296153630706656
2023-02-27,0.0010043041115370243,0.0028646685256235927,0.0014461182436218412,0.002587391113252413,0.0006242732328421985
2023-02-28,-0.0005828857861851944,-0.0025414818724600607,-0.0025414818724600607,-0.0029958391258323447,-0.00039185851150624895
2023-03-01,0.001432268598718711,-0.0006875338158261246,-0.00029369692883245423,0.0003867890867173984,-0.0008665633327900712
2023-03-02,0.0007342738329896182,0.004198892451911662,0.005459399687976585,0.005085620356473586,0.00024356603010177168
2023-03-03,0.007147739281232935,0.01590878792675985,0.012838199391472394,0.013486188432305512,0.007335812186278656
2023-03-06,-0.0026477204328511084,-0.0018576909445001898,-0.0014001877748626046,-0.0010822970716653723,-0.0011022234036004441
2023-03-07,-0.005642294943875048,-0.013967600481716391,-0.013120422506633556,-0.014580925174228931,-0.007063626256045052
2023-03-08,-0.0005518270140991044,-0.00045854726838396865,-0.00013448498455377323,-0.0005568257036978163,-0.0009705347095084526
2023-03-09,-0.0042107865357259525,-0.014697121668387336,-0.013088915403149127,-0.014942658670010201,-0.005491232931652645
2023-03-10,-0.0010916442332773667,-0.006753328857697627,-0.008797550804560928,-0.010201929213409266,0.0020136718639585326
2023-03-13,-0.003558802644706249,-0.0011006814624034077,-0.004262920268683912,-0.003521278752661816,-0.0007759199064923727
2023-03-14,0.006244424434314666,0.012736576713070824,0.01019606142698507,0.012736576713070824,0.0017509499597481494
2023-03-15,-0.008507038580070837,-0.010636598388228936,-0.0110672858946271,-0.010636598388228936,-0.0008630500333066005
2023-03-16,0.007630536530818599,0.013652092421952356,0.012373822480226226,0.013652092421952356,0.003425090238534878
2023-03-17,-0.006739629509592915,-0.011371065636530297,-0.008242304322889516,-0.011087043782112426,-0.0012983256912824537
2023-03-20,0.006991613025699217,0.008614630288987124,0.008119057093318305,0.008502724149394913,0.0028719363477067274
2023-03-21,0.006590456594013405,0.01302749372700771,0.009441004318142099,0.011139982146380057,0.003311811023911604
2023-03-22,-0.00473698953345778,-0.01159844970273186,-0.009947149700453461,-0.01058546248194464,-0.004163704654727906
2023-03-23,0.0010956764693661914,0.0005594143045118405,0.0008550280605732596,-0.0007726735325521372,-0.0006572549084096435
2023-03-24,0.002705521776541142,0.0032338412344832925,0.0014799939653516113,0.0032338412344832925,0.0022054933147038214
2023-03-27,-0.0009500978313604413,0.003458441137104229,0.003735089102180644,0.003458441137104229,6.431216710683918e-05
2023-03-28,-0.00037524637943791016,0.00020767850875279547,0.0013412518793858518,0.00020767850875279547,-0.0006062962781920534
2023-03-29,0.0020418844205423283,0.010147932538412252,0.007779847949195373,0.010147932538412252,0.0025489929304915782
2023-03-30,0.0029192015808071183,0.004990945020063209,0.003653866573538278,0.004650640097854386,0.0012100600825935338
2023-03-31,0.004716269302254128,0.009250662263424237,0.007210910009505622,0.009943566609592525,0.004928681744126084
2023-04-03,0.003680935845253974,0.0025401619824778287,0.006690488628628755,0.007567494098933358,0.002766048857063663
2023-04-04,0.0012352484902606099,-0.0030294246656426215,-0.00432611890379041,-0.004648216994178023,-0.0010054087502181287
2023-04-05,0.0026934457707166737,-0.0015859743709019992,-0.0008191382470936093,-8.0255196716994e-05,0.0029097160933763133
2023-04-06,0.00020705545452593955,0.0018080391767618998,-0.0007245555320171682,0.001607464200374098,0.0013923062042267898
2023-04-10,-0.0005030135382799505,0.0012291576993485264,0.0018667558111580274,0.0008573281598723614,0.0006379640520937091
2023-04-11,0.0022728945441125026,0.0019671732702169708,0.0029461728433962664,0.0010215571426441695,0.0011800073225259444
2023-04-12,-0.0008119890832998022,-0.002338668535850963,-0.0014253910112461132,-0.0024080313667376395,-0.0011170627746167616
2023-04-13,0.005635394461963805,0.010463174321804635,0.008820573942450716,0.009839115000905996,0.004643261547987309
2023-04-14,-0.005114678743436618,-0.002973146668414417,-0.0045033378875197205,-0.0031569147030939605,-0.0005144474353806272
2023-04-17,0.000246911903298519,0.0019411409040132276,0.0005851131702411139,0.00312191716877368,0.0017514764167204544
2023-04-18,-0.00033493468551342164,0.0010026239788286206,0.0006685042483849824,0.0006081917314734841,-0.0004939073717087239
2023-04-19,-0.00039289219676968967,-0.0010452137190352317,-0.0007871263863577615,-0.0006985224826384195,5.173971158864976e-05
2023-04-20,-0.0005304663374878227,-0.003574269007290054,-0.002518176324774446,-0.0026930364103119665,-0.000952027312787218
2023-04-21,-0.0005668478277400912,-0.0018438570595721738,-0.0019651938770321896,-0.0012589361961882317,0.0004942522539517658
2023-04-24,0.0020559030603418795,0.0011706040431932573,0.002972555522677389,-0.0003591660650282269,0.002413709058232183
2023-04-25,-0.004152647195759451,-0.01217523297082177,-0.008928830991040049,-0.010297611010103147,-0.0067186603441549255
2023-04-26,-0.005129871361719674,-0.0028357390328563104,-0.005073088368437751,-0.001500984957964746,-0.005907700247082837
2023-04-27,0.004440786997354518,0.011721054044197298,0.009067282345098692,0.011361890176945577,0.005070300599278299
2023-04-28,0.005059085787216522,0.007108639225446645,0.007157688983750321,0.00555788324156341,0.0068527724164136215
2023-05-01,-0.003056308451215073,-0.0021436312137395387,-0.0023798361703442406,-0.0010159362882865897,-0.004512395332948493
2023-05-02,-0.00021335436635522287,-0.010695242264307559,-0.005250751821774646,-0.00634690062055232,-0.004775307934660656
2023-05-03,0.0001326620709727777,-0.004820390161679533,-0.005245988711431582,-0.002932435583960036,-0.0032666667928645033
2023-05-04,-0.004940227999422386,-0.0051858776046219916,-0.005980151667103473,-0.004071792213384861,-0.00501620781906349
2023-05-05,0.007573425443589821,0.014112711700462388,0.015478731610419494,0.01139857574345592,0.007668951933893486
2023-05-08,-0.0018499069266567302,0.00011811146208160484,0.0009198091294743028,0.00011811146208160484,-0.0014659764554572964
2023-05-09,-0.0011505321623900833,-0.00189640518063533,-0.0019582524422598114,-0.0019338105543884264,-0.001222382313828363
2023-05-10,0.0008641132275092001,0.0013644460967713878,0.0016180220833730053,0.0024982727500446945,-0.00020094084168539305
2023-05-11,-0.0028936865108508012,-0.003919737598330131,-0.0016770673310211536,-0.0027225095904129136,-0.002281247217400939
2023-05-12,-0.0013630915198912686,-0.0012871464157568457,-0.0018061727072797961,-0.0014402059928845246,-0.0015667344287239372
2023-05-15,0.0012514846331864282,0.004645858891672372,0.004228527900603652,0.004136440015624321,0.000844901260663522
2023-05-16,-0.007993540968540946,-0.007574027227941515,-0.005361011981380448,-0.005115873406112259,-0.007467827688535611
2023-05-17,0.006139402640929248,0.010860322933091216,0.007194963398113696,0.008937766820662395,0.005919261320104607
2023-05-18,-0.0009269753986076767,0.006075979864268011,0.002415979765524834,0.005349494736323279,0.0005791610927639579
2023-05-19,-0.00034668099946278953,-1.1995496334105127e-05,-6.950842533626211e-06,-0.0008036608251359434,0.0006070778543349365
2023-05-22,0.0003841468849498764,0.0011869095623249226,-0.0003103120970195272,0.0013516028471970642,-0.0010669662960589577
2023-05-23,-0.0029689745772067287,-0.004997432836524207,-0.005242154229257434,-0.006069173140222839,-0.0025895431418730295
2023-05-24,-0.00455689330664707,-0.005488195338147173,-0.005355087236633216,-0.005924820053866364,-0.0043617595336840065
2023-05-25,-0.002226614815887462,0.0035065812073608927,0.004792138046731087,0.005282762860912038,-0.0032537294094763134
2023-05-26,0.004378542619704528,0.009593324267077152,0.010463646159891538,0.009985330871834997,0.003666049734812804
2023-05-30,0.0005710072658150489,0.001736253130026666,0.002974094949621242,0.0011477615898053295,-0.00011944995529132863
2023-05-31,-0.00020255883430574383,-0.0045054285325286545,-0.0027067453056386246,-0.004149747296193595,-0.0017879209141800079
2023-06-01,0.00554250988461813,0.0080304550985705,0.008164960473159,0.006494971924936199,0.005531150804221752
2023-06-02,0.008982510869907267,0.012266886465268235,0.008886583024967499,0.009255513966988427,0.007536676221618377
2023-06-05,-0.0019928999977091412,-0.00279757392196609,0.0007316167957928665,-0.0016537710319304067,-0.001170676196278575
2023-06-06,0.003535713333607693,0.005311608617424235,-0.000395185634137174,0.001554970905680675,0.002158299690518928
2023-06-07,0.0013937397731985323,-0.0008174489086337,-0.006318405441633213,-0.004047362320888282,-8.385837332195445e-05
2023-06-08,0.0034244793101722904,0.004730206024685379,0.006548970282766109,0.004646369379004411,0.003707906552577889
2023-06-09,-0.001142389857005044,0.0009556138531633285,0.0010959732312180615,0.0009556138531633285,-0.00030275709118874337
2023-06-12,0.001491109832630222,0.005213446751051598,0.006654847986822976,0.005213446751051598,0.0010447963850120478
2023-06-13,0.0014818240230954239,0.0023266409565899982,0.0020053573553195257,0.0023266409565899982,0.0009389411063381204
2023-06-14,-0.002793935656154345,0.000900584260258086,3.9007652385802946e-05,0.000900584260258086,-0.002109010977236403
2023-06-15,0.007654305740683131,0.0070248015638670665,0.012145858080832328,0.0070248015638670665,0.008156221804291586
2023-06-16,-0.0021423467244772398,0.0005080373827345053,-0.0017100821863873517,-0.0024600189631817206,-0.000793024087389016
2023-06-20,-0.004374189594295974,-0.0029730013547797584,-0.004357514874286717,-0.0038467371587620814,-0.004279277096070166
2023-06-21,-0.00014341144362680635,-0.003922544967411223,-0.0031064189790894646,-0.003922544967411223,-3.17017303072209e-05
2023-06-22,-0.0032638842201284544,0.0005541349151880426,-0.001629006655320575,0.0005541349151880426,-0.0033066938544851986
2023-06-23,-0.002682157649382455,-0.003624906091503599,-0.006712649364862333,-0.003624906091503599,-0.001763012157327093
2023-06-26,0.0011941440008455095,-0.002512372787223571,-0.0010776805475181783,-0.002512372787223571,0.000980317768621275
2023-06-27,0.0024399116279370304,0.005743040320092907,0.006545913650522717,0.005743040320092907,0.0032357620296374124
2023-06-28,0.0012529498112578753,-0.00034642181419639593,-0.0004923656429103973,-0.00034642181419639593,0.0010099982616882607
2023-06-29,0.0021849624329582707,0.0027446098108381946,0.001590980958476851,0.0027446098108381946,0.003920130893323348
2023-06-30,0.005964180905038563,0.006634040265853081,0.008581284407152157,0.006634040265853081,0.0068187920943603595
2023-07-03,-0.0006599184256213086,0.0008774872978699943,0.00012934319841017005,0.0008774872978699943,-0.0007754520870626447
2023-07-05,-0.003420958959516984,-0.0016938507194595776,-0.0025621730773367933,-0.0016938507194595776,-0.0020777944359376523
2023-07-06,-0.00820202360021165,-0.004011019901684787,-0.007960038413461167,-0.004011019901684787,-0.00519503732884038
2023-07-07,0.0014059213918698244,-0.0006520628604374413,0.0007868359855275453,-0.0006520628604374413,-0.001650353777651159
2023-07-10,0.0043810791627473256,0.001710777550083531,0.004033649944281015,0.001710777550083531,0.0023370652886263166
2023-07-11,0.005675699142229651,0.0038078899796992528,0.004619573329198867,0.0038078899796992528,0.00363543842736358
2023-07-12,0.00530763370147731,0.005488576378356447,0.005550309434993394,0.005488576378356447,0.0039360443181538415
2023-07-13,0.002466210110504896,0.004723927143546991,0.004340011695930368,0.004723927143546991,0.003728858647913369
2023-07-14,-0.0027222462797945822,-0.0018302395891292011,0.0006498226165298048,-0.0009444327701518595,6.092239547416112e-05
2023-07-17,0.0010834889930136926,0.004861962218613703,0.00470619465991865,0.0037916239924624673,0.0033853825608653686
2023-07-18,0.006404376210967478,0.007281046875744823,0.00894092820104031,0.007167743859459641,0.007240226222426438
2023-07-19,0.0031558951436329473,0.0015848719368308673,0.0015475741998467907,0.0010344953207683694,0.0023037192179279687
2023-07-20,7.082537742794103e-05,-0.004527552376353439,-0.0034509333147414887,-0.004235070931660545,-0.003791108200792992
2023-07-21,0.0012928055603428578,-0.001320637789446133,-0.0017450256523626306,-0.0020350629116984375,3.493095571809324e-05
2023-07-24,0.0018428856593966537,0.002113429217813678,0.0017497421206120855,0.002113429217813678,0.0012827110089334904
2023-07-25,0.0011838929236063444,0.0020667316973327575,0.0018792473901500738,0.0020667316973327575,0.001845396644489461
2023-07-26,0.0016233190163407406,0.0004720803673283869,0.0005709720365557058,0.0004720803673283869,-0.00028535264144985417
2023-07-27,-0.00754541952652561,-0.006018009287245207,-0.007963303255444453,-0.006018009287245207,-0.007406862711016704
2023-07-28,0.004670388829578842,0.006938398187699946,0.007451986148960898,0.006938398187699946,0.0064544187100032515
2023-07-31,0.003297880516153817,0.0035456354197860086,0.0021779121944820344,0.0025799715677433887,0.0018560467582954155
2023-08-01,-0.004232588264666215,-0.0021358525131152106,-0.0038276648773041266,-0.0017860038384973187,-0.0038383784113730224
2023-08-02,-0.006510709256408742,-0.011025958768475308,-0.010719082826559912,-0.011025958768475308,-0.010668441173630472
2023-08-03,-0.0026109251365136975,-0.00031268154691015403,-0.003441634680297079,-0.00031268154691015403,-0.002839677588487888
2023-08-04,0.0008843624111874338,-0.002760821687148507,-0.0008176284450132631,-0.002760821687148507,-0.0011428435367398571
2023-08-07,0.0021309429877101604,0.004490216620640442,0.004546638591265329,0.004490216620640442,0.004594717477515264
2023-08-08,0.00027649388230880365,-0.004177126653739404,-0.0027409130988998664,-0.004177126653739404,-0.0016188832106048157
2023-08-09,-0.0006739264224084995,-0.004293751865308737,-0.005434864811246787,-0.004293751865308737,-0.003024215774912764
2023-08-10,-0.002065360875192179,-6.947504753613831e-05,-0.0001248812164838631,-6.947504753613831e-05,-0.00133872729086284
2023-08-11,0.0023276263869552506,0.0007605686627754404,-0.00012903594365613059,0.0007605686627754404,0.001011868806747085
2023-08-14,0.0014404575120956276,0.0022274983212946632,0.0027321980490587205,0.0022274983212946632,0.0029058981813049334
2023-08-15,-0.007810860734122871,-0.009731526027620585,-0.00863068197241087,-0.009731526027620585,-0.00863068197241087
2023-08-16,-0.0064222351639391054,-0.006085234541535578,-0.006760332637496857,-0.006085234541535578,-0.006760332637496857
2023-08-17,-0.0038484584274945167,-0.004216875317503843,-0.006889342612572058,-0.004216875317503843,-0.006635177497483958
2023-08-18,0.003064395026753863,0.0017614176830461291,0.0005330767128957636,0.0017614176830461291,0.001162733127221005
2023-08-21,0.0023097533198008003,0.003420243940122303,0.0028225899215466145,0.003420243940122303,0.0028225899215466145
2023-08-22,-0.0015110186759049848,-0.002869682485058922,-0.002626951297171931,-0.002869682485058922,-0.0016833275877838117
2023-08-23,0.009649806508659287,0.007853348860381127,0.010631374029364926,0.007853348860381127,0.010882571476868507
2023-08-24,-0.010550566494574032,-0.009376354516910657,-0.010723546315875188,-0.009376354516910657,-0.010217130591451195
2023-08-25,0.005546008470722064,0.004959925272285237,0.005692324383161496,0.004959925272285237,0.005050670290165882
2023-08-28,0.005037624445498534,0.005259233771361926,0.00503047159533887,0.005259233771361926,0.004923037990437274
2023-08-29,0.011056186580419824,0.010027157883546023,0.010652372359839023,0.010027157883546023,0.011690973967215367
2023-08-30,0.0028954009128227764,0.003131317525877186,0.0025595689213693484,0.003131317525877186,0.0024557289442772912
2023-08-31,-0.0008360606346106692,-0.000773079465030857,-0.002079797922454563,-0.00046554440398517417,-0.001632830912235983
2023-09-01,0.002721331759954204,0.004603216420274436,0.005180872445939966,0.004910623090096133,0.0036230085242579756
2023-09-05,-0.00534950188822021,-0.0037221392221835404,-0.005811950388457099,-0.003923069922129319,-0.006358442477458537
2023-09-06,-0.004264280799641873,-0.004023740527203834,-0.0043225058032188455,-0.004314818313054525,-0.0043225058032188455
2023-09-07,-0.0025009132787604527,-0.0034892742965223046,-0.002763142769800142,-0.003735791005899414,-0.002763142769800142
2023-09-08,0.0018957967645502282,0.0017173382872069042,0.0021002684270598816,0.0017173382872069042,0.0021002684270598816
2023-09-11,0.0016835443172833475,0.0021815064847954813,0.002110973757196033,0.0021815064847954813,0.002150028002818094
2023-09-12,-0.0013259808448055853,-0.001107061565773515,-0.0012349200997628818,-0.001107061565773515,-0.0006585445088105657
2023-09-13,-0.0010874893079791726,-0.00108132539990341,-0.0010662436290524214,-0.00108132539990341,-0.0010874893079791837
2023-09-14,0.005609200872143394,0.006937251454586102,0.007253447943519053,0.006937251454586102,0.006531667782335726
2023-09-15,-0.008892259712893102,-0.008008858705831956,-0.008796897588517472,-0.008008858705831956,-0.009406370853496581
2023-09-18,0.0018363624649772258,0.0016920743175722675,0.0015401463993216513,0.0016920743175722675,0.0021103224060431635
2023-09-19,-0.002857727181499825,-0.002318435400094865,-0.002585412067199444,-0.002318435400094865,-0.002972788383692282
2023-09-20,-0.005689908135117961,-0.006701034320653043,-0.006380932527517269,-0.006701034320653043,-0.006380932527517269
2023-09-21,-0.01318532396927614,-0.011396523173906038,-0.014837993413835815,-0.011396523173906038,-0.014837993413835815
2023-09-22,-0.00039294797247979574,-0.0007951706914515744,-0.00019735788573399526,-0.0007951706914515744,-0.00019735788573399526
2023-09-25,0.0008441711724237244,0.002759509372310709,0.0008441711724237244,0.002759509372310709,0.0008441711724237244
2023-09-26,-0.011119732444484587,-0.009923869938680042,-0.011119732444484587,-0.009923869938680042,-0.011119732444484587
2023-09-27,0.0012678540599338928,0.0022864381344056216,0.0012678540599338928,0.0022864381344056216,0.0012678540599338928
2023-09-28,0.004499852190952036,0.0037142001574331117,0.004499852190952036,0.0037142001574331117,0.004499852190952036
2023-09-29,-0.005510376033937225,-0.0047661598817406725,-0.005510376033937225,-0.0047661598817406725,-0.005510376033937225
2023-10-02,-0.005598177337417065,-0.003784387644738374,-0.005598177337417065,-0.003784387644738374,-0.005598177337417065
2023-10-03,-0.012678455966446622,-0.009640544478028923,-0.012678455966446622,-0.009640544478028923,-0.012678455966446622
2023-10-04,0.0031121940770061363,0.0012776305004816191,0.0031121940770061363,0.0012776305004816191,0.0031121940770061363
2023-10-05,-0.0003614778135704877,-0.0004099858272120116,-0.0003614778135704877,-0.0004099858272120116,-0.0003614778135704877
2023-10-06,0.00838787232779542,0.008550273496857063,0.00838787232779542,0.008550273496857063,0.00838787232779542
2023-10-09,0.01076930304254282,0.008076192946131844,0.01076930304254282,0.008076192946131844,0.01076930304254282
2023-10-10,0.0037002252660857772,0.003447145352658476,0.002491097050443802,0.003447145352658476,0.003784132904019066
2023-10-11,0.0045781939102651605,0.00164686420109883,0.0006797471983609138,0.00164686420109883,0.0032929694950009194
2023-10-12,-0.008149784176419251,-0.0044645690529185435,-0.0027579215475678543,-0.0044645690529185435,-0.008035570153094262
2023-10-13,0.0019432836156972888,0.0017296587863665058,-0.0013210891532971613,0.0017296587863665058,0.0041449636238641615
2023-10-16,0.005422744779003963,0.006832315433977987,0.006518359049904598,0.006832315433977987,0.006092463781611312
2023-10-17,-0.0002284017686973394,0.001867702753827538,0.00031497941144265074,0.001867702753827538,0.0008138321481783839
2023-10-18,-0.008740140906232485,-0.008081319408795851,-0.007218689853921767,-0.008081319408795851,-0.007829339863318584
2023-10-19,-0.007858934250752991,-0.006053248237684139,-0.007667099493001072,-0.006053248237684139,-0.008032929376007514
2023-10-20,-0.007610742274350624,-0.009610136815718751,-0.008268539972334621,-0.009610136815718751,-0.009288311802993044
2023-10-23,-0.0015496070157230313,-0.0034060794075031486,-0.001982299487551231,-0.0034060794075031486,-0.0031671536802438728
2023-10-24,0.006232293255971011,0.0032114500971603065,0.002832662269624886,0.0032114500971603065,0.004824667171206487
2023-10-25,-0.010114387786095424,-0.007598823585460002,-0.006839914221535381,-0.007598823585460002,-0.01029714722369296
2023-10-26,-0.005038423917300838,-0.006520218622562879,-0.0063182134374596965,-0.006520218622562879,-0.005816568870635275
2023-10-27,-0.006787160980664841,-0.005885285849453093,-0.007088953100501272,-0.005885285849453093,-0.006839686047816329
2023-10-30,0.0071626936545641,0.007616809290595916,0.007335291443590764,0.007616809290595916,0.0071626936545641
2023-10-31,0.004025354048112229,0.004485802461553811,0.002693005993460251,0.004485802461553811,0.004025354048112229
2023-11-01,0.008448095171377411,0.006386196046380599,0.005687635728966444,0.006386196046380599,0.008448095171377411
2023-11-02,0.019392924797320778,0.015194281897086891,0.012173156100991256,0.015194281897086891,0.019392924797320778
2023-11-03,0.009650405333809198,0.005217345965407949,0.0031113117278828706,0.006396640102310258,0.008345722973007097
2023-11-06,-0.0013660374395077167,-0.0007630206928916583,-0.0006140145342600434,0.00014077907508499576,-0.002336053673226135
2023-11-07,-0.0005940962962501017,-0.002070388498354514,-0.00030844744836785456,-3.1906653376301274e-05,0.0008808924430448006
2023-11-08,-0.002755829133796939,-0.0013759955661876266,-0.0015457311748261592,-0.0007452058435419073,-0.0010524382034332925
2023-11-09,-0.006540653097837579,-0.0008913432076709693,-0.0019197654648431372,-0.0021274164013212913,-0.008840751754760068
2023-11-10,0.010432006568846974,0.0022530969863390647,0.006432929836909418,0.0071134977987312945,0.010991992130551265
2023-11-13,0.0009137956005044634,0.0008826024512072816,0.00028437708318032053,-1.4138968460508661e-05,0.0008038079832562772
2023-11-14,0.017348177712053527,0.002717737435084122,0.007877702722383617,0.006457381038174437,0.01761460610770795
2023-11-15,0.0010093059531780858,0.0007369711363753751,-3.898770483724556e-05,0.0005438380290405109,-0.00023517901192967594
2023-11-16,0.0006474264095447269,-0.0017834215784025332,-0.00011459807369816888,-0.0014368805927612027,-0.0005634858777359364
2023-11-17,0.002374961642295359,0.00212083319127927,0.0020269821132816836,0.0019469789088848554,0.0042042314464879275
2023-11-20,0.005021415431512466,0.0039001604570834346,0.0034152624390484387,0.003406946941182931,0.0026441592311217343
2023-11-21,-0.0004034265396978376,-0.0026039231328289446,-0.0008490587035639097,-0.00181291408655907,0.0008242457033264871
2023-11-22,0.0021397983817371125,0.0023293606908997623,0.0016621693553566686,0.0013037841466870704,0.0006204479808986308
2023-11-24,0.0018599275723226282,0.0014152232525938668,0.0013232490684255804,0.00042969037150317744,0.0021342291819504756
2023-11-27,-0.0010524398584476624,-0.0012553965397201661,-0.0008895993078744113,-0.0005816291732541723,-0.0008669905541552447
2023-11-28,0.0015888080568577378,0.00028472948621985903,0.0015888080568577378,0.0006991334108981783,0.0011368942153641703
2023-11-29,0.000204271354504193,0.0006237792477733039,0.000204271354504193,-0.0006134075294018659,0.0002258948325705279
2023-11-30,0.004430401054254185,0.003576451840874251,0.004430401054254185,0.0020697519111162244,0.00384628579790105
2023-12-01,0.005346519545312645,0.005553965895288826,0.007135486087772236,0.00187969817829301,0.005346519545312645
2023-12-04,-0.005325015927678045,-0.002724851808062512,-0.0059124562905433775,-0.002717786886404172,-0.005325015927678045
2023-12-05,-0.002123510058268796,-0.0024743462923206725,-0.002123510058268796,-0.0010989655361587137,-0.002123510058268796
2023-12-06,-0.003565418710402313,-0.003238222679272018,-0.0044981216812647554,-0.003106226342765206,-0.003565418710402313
2023-12-07,0.003378586664220029,0.0027367139463361,0.004101174679173714,0.0020964397436668445,0.003378586664220029
2023-12-08,0.002529062701052165,0.0019322922275956445,0.002349661825435989,0.002737663345582897,0.002529062701052165
2023-12-11,0.0028337479505114007,0.0017860756024769997,0.003134592751133114,0.0022814546364086975,0.0028337479505114007
2023-12-12,0.0021056781900411934,0.001220172200146652,0.0024024796381565405,0.0005593732615516544,0.0021056781900411934
2023-12-13,0.012088526024818047,0.010110220665584558,0.014434722647654885,0.0065321657581899565,0.012088526024818047
2023-12-14,0.004451024558729544,0.006298770374985807,0.005591120629782842,0.004372902465303019,0.004212450109731103
2023-12-15,-0.002025410108208858,-0.0015787019939702996,-0.001108758931023135,-0.00042480464307522727,-0.0017286580287395493
2023-12-18,0.0033535800668420767,0.0031903499957786742,0.003035607935298601,0.002735801277321137,0.002793009463799312
2023-12-19,0.005480002580592558,0.004787598027184714,0.005460332117030053,0.004106203969315181,0.004729141651476953
2023-12-20,-0.010337569561968029,-0.006982850191409096,-0.010165185957250777,-0.006438251897798774,-0.008554240568278504
2023-12-21,0.007359554064441998,0.005629111369215201,0.007873501227983026,0.0049220478237022025,0.006383951930874732
2023-12-22,0.0019114209771925795,0.0015946099232732268,0.0012339588276406022,0.0011511682143790169,0.0016967104340703033
2023-12-26,0.0041106988277754605,0.004614199456270773,0.004172811972235535,0.003852126131162814,0.0037089817564666117
2023-12-27,0.0014532135263301993,0.0033638721327792997,0.002803994976286572,0.0029100879101378596,0.0011331235952412367
2023-12-28,-0.0013217074313211174,-0.0007094777912962979,-0.0020469281517822347,-0.00012793402553260558,-0.0016141843605142591
2023-12-29,-0.001668525978422275,-0.004079129858183506,-0.0020733561182672442,-0.003922445756316284,-0.0013503772921429457
2024-01-02,-0.002957882894996167,-0.0031529862066572824,-0.0023548109742409173,-0.005791171136469253,-0.001788494448952105
2024-01-03,-0.006125265312551631,-0.004449128325674223,-0.007650442265171453,-0.008133341990032784,-0.0038759144154750904
2024-01-04,-0.00395091146196831,-0.0008405218314784912,-0.002197546620265589,-0.002197546620265589,-0.0022358132238786354
2024-01-05,-0.0005576338630024158,-0.0002945689632053994,-0.0006403518432895105,-0.0006403518432895105,0.0004995440897607395
2024-01-08,0.008959262075113605,0.004897267222986046,0.01011654306467229,0.01011654306467229,0.006092464630391159
2024-01-09,-0.003982916272907688,-0.0011761797442316536,-0.0023819699930290317,-0.0023819699930290317,-0.002593286188000099
2024-01-10,0.0015601141606507052,0.0013798618279158737,0.0013187498024582523,0.002543626964301182,0.0018620124223047486
2024-01-11,0.0005220308372898552,-0.00021714168121675926,0.0005220308372898552,0.00026450426384996286,0.0007448201965493783
2024-01-12,0.0014186543972018796,-0.00017582714821268164,0.0014186543972018796,0.00029342055559116175,0.0017804393824947472
2024-01-16,-0.008344745883904336,-0.0015857396918312005,-0.006229662447160578,-0.005962068469660675,-0.006232795642938516
2024-01-17,-0.005054938818944543,-0.0014571568571784988,-0.004074606221075683,-0.004224811110631432,-0.004342308682098117
2024-01-18,0.005366938097588525,0.0031802792319252093,0.005366938097588525,0.005529365377649809,0.004775861295928263
2024-01-19,0.010172314438393304,0.004333800260739129,0.010172314438393304,0.00984694176302403,0.009212200399338566
2024-01-22,0.0048092902434770605,0.002963414641446405,0.0048092902434770605,0.004783693067112427,0.002673446961234183
2024-01-23,0.00044333836448291476,-0.0005609738876107162,0.00038317233780992276,1.55708096909013e-05,0.00037490907613991765
2024-01-24,-0.00022526194785679187,-0.0010722478937546965,-0.0018717859041528118,-0.0016513629251927008,-9.226669120742104e-05
2024-01-25,0.0061893362438200875,0.0014605567803097185,0.003939683779805925,0.003939683779805925,0.004942752937951778
2024-01-26,-0.00029450235379814283,0.00016538809853470227,-0.0010358675624084878,-0.0010358675624084878,0.0008517988990089486
2024-01-29,0.007743130564445988,0.002332712780724777,0.007885579597282422,0.007885579597282422,0.005075983789485516
2024-01-30,0.0014586065935393688,-0.0005446823293390523,0.00042447412987091094,0.00042447412987091094,0.003136248755877147
2024-01-31,-0.011265796260557149,-0.0032544215423694345,-0.009905141195975487,-0.009395203383610473,-0.006722978169555671
2024-02-01,0.010492264190989975,0.0023053108014618575,0.008542639100380023,0.010504235402318197,0.007905398430414656
2024-02-02,0.000846787496699164,-0.00018423149170316845,0.0029117963064451357,0.0008574891717577637,0.0003396928440872027
2024-02-05,-0.005375014273425271,-0.0020054628084721694,-0.003682331690488072,-0.003682331690488072,-0.004331961085094182
2024-02-06,0.0040418175959687445,0.0012923607280377115,0.0037177283478803448,0.0037177283478803448,0.0035992989158866616
2024-02-07,0.004077526446828262,0.00018054275724448398,0.003874151528416281,0.003874151528416281,0.0029865894071869903
2024-02-08,0.002033314105730688,0.0016922657727715506,0.0010064319869415917,0.0010064319869415917,-3.569586379881251e-06
2024-02-09,0.0024515520445793416,0.0014636701521109185,0.003988005392129357,0.003988005392129357,-0.001504880240326445
2024-02-12,0.002532930500127384,0.002175411896924051,0.0014286219638128483,0.0014286219638128483,0.0014523839961657846
2024-02-13,-0.016491729982536875,-0.004732153025087648,-0.015482574373075342,-0.014737653799873495,-0.010680740290184875
2024-02-14,0.007927263800002271,0.00041530389065469464,0.007152088007938684,0.0063837593058360675,0.004559112687344646
2024-02-15,0.010891798045790746,0.0017028591692542338,0.010891798045790746,0.008106681294531848,0.008435093923648584
2024-02-16,-0.004356837382114509,-7.282380599848981e-06,-0.00393985946924792,-0.004122861168300507,-0.0020774945598448944
2024-02-20,-0.004663166673599506,0.000476986592065165,-0.0037516234331067765,-0.002558571812898991,-0.001301022094753912
2024-02-21,0.0003764291629545502,9.863327326966597e-05,-0.001498786929097906,-0.001498786929097906,-0.000397734747384626
2024-02-22,0.013230874190129915,0.0012057228293726574,0.01305720120312186,0.01305720120312186,0.00902710340307058
2024-02-23,0.0021758705230954245,0.0007546651166436158,0.002834614571027072,0.002834614571027072,0.00284225254688949
2024-02-26,-0.0010190623751002658,-0.00036835505753999296,-0.001368066793464917,-0.001368066793464917,-0.0020958157563003453
2024-02-27,0.0004511807445857885,-0.0003750092883401668,0.0008801167233389417,0.0008801167233389417,-0.0006243190935674159
2024-02-28,-0.0014818097553974453,0.00016545856851887252,-0.0012838852162557978,-0.0012838852162557978,1.1253268838351537e-05
2024-02-29,0.003963160529164578,0.0006048458930436818,0.003473211571773083,0.003473211571773083,0.0016624834258487041
2024-03-01,0.010280461806584817,0.0022398487973497305,0.00911953493598001,0.00911953493598001,0.006620815965234228
2024-03-04,-0.0005864692026081419,0.0013415079281979935,0.00048078986355997165,0.00048078986355997165,-0.0004941731657801207
2024-03-05,-0.005197659298634971,-0.00035610530627032676,-0.005940041004225216,-0.005862861266957264,-0.0017822125341523498
2024-03-06,0.005852009883650244,0.00025633283812867005,0.00554112091700909,0.0047195807287995885,0.004313037197915958
2024-03-07,0.0068916617039127435,0.00032805588636726225,0.006042277383109818,0.005473893047971201,0.0044804216228480406
2024-03-08,-0.0027026587800956015,-0.0001184654112432737,-0.003055490200954758,-0.003582565639543167,-0.0015731071909381611
2024-03-11,-0.0001331836221477256,0.00011082834661775287,-0.001165278198280817,-0.001165278198280817,0.0007511327688512592
2024-03-12,0.0038285833665182125,0.000610211395158955,0.003985717830722324,0.003789841267079763,0.0031045663090972786
2024-03-13,0.0006536332584169968,0.0001100098016129536,-0.0009429370333230325,0.0006536332584169968,-0.00013468531742583112
2024-03-14,-0.004594333075271018,-0.00029392845874136596,-0.005623541747281013,-0.004594333075271018,-0.0035055571477238924
2024-03-15,-0.004296532721798252,-0.0005491812252392814,-0.004592283047773338,-0.004718929817491247,-0.0032716251628411184
2024-03-18,0.0024213978130412815,0.0001886342089814086,0.002075684148950063,0.002075684148950063,0.0012895763046647524
2024-03-19,0.005022442065050936,0.0008175694387912991,0.003881314923516199,0.004982942358896758,0.003362659111438693
2024-03-20,0.00823949055710541,0.0010463171963714269,0.008766748525518942,0.0077558428049594565,0.007261745793767116
2024-03-21,0.004380628204944092,0.0006987571155057104,0.004380628204944092,0.004155872508146463,0.003711603513969197
2024-03-22,-0.0035765029265677926,-0.0008095584489827501,-0.0035765029265677926,-0.0035765029265677926,-0.0037028236263322634
2024-03-25,-0.0012464745488969474,-0.0004005007888042811,-0.0012464745488969474,-0.0012464745488969474,-0.0005842876919103013
2024-03-26,-0.000592686788522101,-2.543720344788669e-05,-0.000592686788522101,-0.000592686788522101,0.0006382389266875177
2024-03-27,0.010228651942738453,0.0011989211752345907,0.010228651942738453,0.010228651942738453,0.00988622278156066
2024-03-28,0.002795613815415454,5.033235471960662e-05,0.002795613815415454,0.002795613815415454,0.0030112116653144617
2024-04-01,-0.0027371046301093325,-0.0006109258137131035,-0.0027371046301093325,-0.0027371046301093325,-0.0030155881921048455
2024-04-02,-0.004992908595821288,-0.0009359354435639177,-0.004992908595821288,-0.004992908595821288,-0.005974063976874344
2024-04-03,0.0025418555597413904,0.0006878690242979046,0.0025418555597413904,0.002180599465448163,0.0007143587251545625
2024-04-04,-0.00916192554382903,-0.0006220068657383559,-0.00916192554382903,-0.00910014264029566,-0.00950614159638712
2024-04-05,0.007671970482330126,-0.0006561690132129483,0.007671970482330126,0.00720673449184861,0.004888829346941059
2024-04-08,0.0006703802137852822,5.0769424622010284e-05,0.0006703802137852822,0.0006703802137852822,0.000679654357826931
2024-04-09,0.0026101537054511346,0.0008633627138948774,0.0026101537054511346,0.0026101537054511346,0.002029687779309952
2024-04-10,-0.012338259429856191,-0.0032928878212297842,-0.012338259429856191,-0.012338259429856191,-0.011163597614157573
2024-04-11,0.005332508334834951,-0.0012074986259582143,0.005332508334834951,0.005332508334834951,0.004698889340461332
2024-04-12,-0.012823166693417033,-0.002169209821591289,-0.012823166693417033,-0.012823166693417033,-0.010607943462126212
2024-04-15,-0.008250649181053893,-0.002426045978856728,-0.008250649181053893,-0.008250649181053893,-0.008792143724089495
2024-04-16,-0.0022986688044102865,-0.0003149259785591663,-0.0022986688044102865,-0.0022986688044102865,-0.0022986688044102865
2024-04-17,-0.004283950695518924,-0.0017017590449431407,-0.004283950695518924,-0.004283950695518924,-0.004283950695518924
2024-04-18,-0.0020226485500468238,-0.002404235693224399,-0.0020226485500468238,-0.0020226485500468238,-0.0020226485500468238
2024-04-19,-0.0006409463054714903,-0.0026663201568751906,-0.0006409463054714903,-0.0006409463054714903,-0.0006409463054714903
2024-04-22,0.004224239781504757,0.004236750144748935,0.004224239781504757,0.004224239781504757,0.004224239781504757
2024-04-23,0.008812278980121945,0.007867519116854372,0.008812278980121945,0.008812278980121945,0.008812278980121945
2024-04-24,-0.0010074295507444097,-0.0008699575691670569,-0.0010074295507444097,-0.0010074295507444097,-0.0010074295507444097
2024-04-25,-0.003501286354487765,-0.003971366443487545,-0.003501286354487765,-0.003501286354487765,-0.003501286354487765
2024-04-26,0.004749801352318572,0.005493413440820572,0.004749801352318572,0.004749801352318572,0.004749801352318572
2024-04-29,0.00389018542927867,0.0035613828008256966,0.00389018542927867,0.00389018542927867,0.00389018542927867
2024-04-30,-0.016057736686379297,-0.010105206103809628,-0.01588265582508792,-0.016057736686379297,-0.016057736686379297
2024-05-01,-0.0014333933883187821,-0.0007463595264037726,-0.002265612472244949,-0.0014333933883187821,-0.0014333933883187821
2024-05-02,0.0072464064601567065,0.006731463897345702,0.0063723002503815575,0.0072464064601567065,0.0072464064601567065
2024-05-03,0.009628007057690036,0.009474517873708722,0.00861611051957768,0.009628007057690036,0.009628007057690036
2024-05-06,0.008947293000466084,0.005824484800885021,0.008557717148814347,0.008947293000466084,0.008947293000466084
2024-05-07,0.0013204668793952879,0.0015361083767711724,0.0007106492735214687,0.0013204668793952879,0.0013204668793952879
2024-05-08,-0.0008962963289501413,-0.0008482026313985092,-0.00029017495790990556,-0.0008962963289501413,-0.0008962963289501413
2024-05-09,0.0077037994157553415,0.004033784737618662,0.00801115612395642,0.0077037994157553415,0.0077037994157553415
2024-05-10,0.000566049057262985,-7.802944951371683e-05,0.000566049057262985,0.000566049057262985,0.000566049057262985
2024-05-13,-0.0008909930562406409,0.0009020374647415897,-0.0008909930562406409,-0.0008909930562406409,-0.0008909930562406409
2024-05-14,0.005775823195980645,0.004297323430793099,0.005775823195980645,0.005775823195980645,0.005775823195980645
2024-05-15,0.012333610345844548,0.010085223244576147,0.012333610345844548,0.012333610345844548,0.012333610345844548
2024-05-16,-0.0023749734837596125,-0.0013504046383321477,-0.0023749734837596125,-0.0023749734837596125,-0.001492136541727518
2024-05-17,0.0035819297344724887,1.9747186647200986e-05,0.0035819297344724887,0.0035819297344724887,0.0037634746850924716
2024-05-20,-0.00037633031217947365,6.373621225482795e-05,-0.00037633031217947365,-0.00037633031217947365,-0.0016511564275329294
2024-05-21,0.0013758569308777724,0.0012028287714950237,0.0013758569308777724,0.0013758569308777724,0.0005560257192291807
2024-05-22,-0.005486370749066582,-0.00138623863495676,-0.005486370749066582,-0.005486370749066582,-0.0058169194885635545
2024-05-23,-0.011172401732232728,-0.006069347413293913,-0.011172401732232728,-0.011172401732232728,-0.01035897818825734
2024-05-24,0.0043508848691483195,0.0019872664643279083,0.0043508848691483195,0.0043508848691483195,0.0035073521649259033
2024-05-28,-0.001458747537978622,-0.00182745533751415,-0.001458747537978622,-0.001458747537978622,-0.0018816286069068045
2024-05-29,-0.010036695574403242,-0.007670419029608177,-0.010036695574403242,-0.010036695574403242,-0.00940274428083684
2024-05-30,-0.0018415239442494346,-0.00028820131286722006,-0.0018415239442494346,-0.0018415239442494346,-0.0007910467536054955
2024-05-31,0.008812170437768507,0.007779345643308155,0.008812170437768507,0.008812170437768507,0.008812170437768507
2024-06-03,-5.634010891915064e-05,-0.0005759039134021204,-5.634010891915064e-05,-5.634010891915064e-05,-5.634010891915064e-05
2024-06-04,-0.0012242605764264392,-7.622824541524409e-05,-0.0012242605764264392,-0.0012242605764264392,-0.0012242605764264392
2024-06-05,0.009872389476340126,0.00617509778566494,0.009444528720347201,0.009872389476340126,0.009872389476340126
2024-06-06,0.0005119459698901374,0.0001548209150505797,0.0006619252695752697,0.0005119459698901374,0.0005119459698901374
2024-06-07,-0.0065990614573446125,-0.0037233346054666772,-0.00476448302138337,-0.0065990614573446125,-0.0065990614573446125
2024-06-10,0.0025056944744364152,0.0018617676258215865,0.0030015505525390006,0.0025056944744364152,0.0025056944744364152
2024-06-11,0.0016749533555225904,0.0009526133554406902,0.0016749533555225904,0.0016749533555225904,0.0016749533555225904
2024-06-12,0.005441808023919947,0.0033277910303320278,0.005441808023919947,0.005441808023919947,0.004174072842315224
2024-06-13,3.493053226142351e-05,-0.0006825361509835259,-0.0007288029508742744,3.493053226142351e-05,-0.0007560616511491425
2024-06-14,0.0002958796936724406,0.00023993735420562156,-0.0005456004908018786,0.0002958796936724406,-7.884281377037449e-05
2024-06-17,0.004457074564323571,0.0020561065169863667,0.005449975648955119,0.004457074564323571,0.0017230417806917697
2024-06-18,0.0032310243536149085,0.0023803184822533186,0.0030086802195045557,0.0032310243536149085,0.003074624173319762
2024-06-20,0.0014468746146733102,0.002808147503720937,0.0008160462665421919,0.0014468746146733102,0.0033412126933574093
2024-06-21,-0.0025458010654580534,-0.0017174039267609741,-0.0025458010654580534,-0.0025458010654580534,-0.002362823693656968
2024-06-24,0.0021260868240141283,0.004688673838360113,0.00197987310771911,0.0021260868240141283,0.00457772141887206
2024-06-25,0.0011290841703127774,-0.0011034880639853805,0.0006234286897232044,0.0011290841703127774,-0.0007052878897266024
2024-06-26,-0.004311027013653479,-0.003772898132666702,-0.0028824510077921084,-0.004311027013653479,-0.0041962381142964245
2024-06-27,0.003037566934570679,0.002852719887527422,0.0025903600508311864,0.003037566934570679,0.0029889468523307205
2024-06-28,-0.001871033129245614,-0.0016406490939330554,-0.001871033129245614,-0.001871033129245614,-0.0018180169521047952
2024-07-01,-0.0009595870234995529,-0.00252089179868048,-0.0009595870234995529,-0.0009595870234995529,-0.0017154529089754011
2024-07-02,0.004530079374275342,0.001814908885910027,0.004530079374275342,0.004530079374275342,0.004029942314647661
2024-07-03,0.004292919385015892,0.0024222758620616293,0.004292919385015892,0.004292919385015892,0.002944067426848862
2024-07-05,0.0030357980398011074,0.0017113615644161028,0.0026696367956006717,0.0030357980398011074,0.002729970534346193
2024-07-08,-0.00033325235201315807,-0.000989034252409282,-0.0005492951341180996,-0.00033325235201315807,-0.0012292951216429815
2024-07-09,-0.00036148074271810107,-0.0011392912738034887,8.051953313663596e-05,-0.00036148074271810107,-0.0003669102690823878
2024-07-10,0.008245371883102148,0.005368236665500947,0.008086777017005775,0.008245371883102148,0.005751471894068749
2024-07-11,0.0034059320877825594,0.007314921305927891,0.0035064927765927957,0.0034059320877825594,0.008102315170362672
2024-07-12,0.005531094579938977,0.0035639344958383057,0.00510349104022384,0.005376138592743229,0.004469135200296914
2024-07-15,0.004931899704929554,0.001120363338834207,0.005881124055511389,0.0030317543275936165,0.00475225910913093
2024-07-16,0.011941495179816164,0.0076849256112776045,0.011941495179816164,0.010970045401303452,0.00971013804388383
2024-07-17,-0.006953181951241593,0.0007926981180660265,-0.006953181951241593,-0.007825679921891237,-0.0038134312503689148
2024-07-18,-0.009133858945891004,-0.004887145567147655,-0.009133858945891004,-0.007869080195713774,-0.005073316033610165
2024-07-19,-0.008484725479125255,-0.0027145797824840723,-0.008484725479125255,-0.007605073276631902,-0.005089741671012749
2024-07-22,0.007025584473199786,0.0009851974397424134,0.007025584473199786,0.0067277956138535044,0.0035466269013807563
2024-07-23,-0.0012625691382425863,-0.002111613992074135,-0.0012625691382425863,-0.0010992738912490529,-0.0019267520366273438
2024-07-24,-0.015286057733131842,-0.005202113835005973,-0.015286057733131842,-0.014091511981100735,-0.009000441982180219
2024-07-25,-0.0003824715926998401,0.00297904829138389,-0.0003824715926998401,-0.0005881232760216015,-0.0005609967023986528
2024-07-26,0.01097160408166733,0.006056023959775869,0.01097160408166733,0.009349532918958658,0.008047891073105506
2024-07-29,-0.0019459407324348033,-0.0014242200550731222,-0.0019459407324348033,-0.0018326450290157114,-0.00039155913477804114
2024-07-30,0.0006323316143785562,0.0023660423137496834,0.0006323316143785562,0.00016380274457744592,0.0027660124367546723
2024-07-31,0.012301668126542686,0.004610130291477244,0.012301668126542686,0.012036571950133468,0.007486950608396869
2024-08-01,-0.011228667902689582,-0.010450109641433124,-0.014634014056405919,-0.013346346927336083,-0.007652547132939625
2024-08-02,-0.011594836534827301,-0.009383083109707303,-0.014405302735122406,-0.012892516908629059,-0.008058034729910379
2024-08-05,-0.017157374762602363,-0.013093484229094631,-0.023558452722078536,-0.020104940431790463,-0.01615566064956502
2024-08-06,0.004794442500628149,0.006215307165365802,0.004794442500628149,0.006216939692970403,0.004584018624992458
2024-08-07,-0.006383112905831767,-0.005731627603811051,-0.006383112905831767,-0.0052091766125399895,-0.0028749536467767454
2024-08-08,0.020208315511950924,0.01764215004027554,0.020208315511950924,0.018467596317459156,0.014657849632001873
2024-08-09,0.003419556514030475,0.002084431986566737,0.003742431839695537,0.0035827532807255038,0.002514729076043931
2024-08-12,0.001589916196965635,-5.317175437562494e-05,0.0015060445300813185,0.0018552943751956375,0.001226316072203526
2024-08-13,0.006759947874668626,0.010109679179164499,0.011479723446361967,0.010458826268201427,0.00606643372829474
2024-08-14,0.0030202525586169315,0.0018147720229054864,0.0028290013456144015,0.002270665305209485,0.002274688829602711
2024-08-15,0.0054187830136503525,0.010102433024356983,0.013414915464316146,0.009091312110212125,0.008752113685690843
2024-08-16,0.0038366491272048275,-0.0002262619978579572,0.004396724523481143,0.0019049376588738732,0.0036150622547844067
2024-08-19,0.0036677649655606492,0.0030882317859557418,0.007852909161864607,0.002803569580150822,0.004519558415180836
2024-08-20,-0.0016833170356616689,-0.002560369320457667,-0.0034105663353420023,-0.001392558284775336,-0.002689987859750409
2024-08-21,0.000554364030384269,0.0004427893180458442,0.0029117497106703415,0.0002402002030073569,0.0009599509702749476
2024-08-22,-0.0024498447831295287,-4.5629269852320854e-05,-0.007217915707241973,-0.007082076053510878,-0.0030426908426809617
2024-08-23,0.006729087512563914,0.0029937945096804473,0.012626990477212986,0.008365952570309832,0.007158889061342033
2024-08-26,0.0012022793688837852,0.0010607378623258001,-0.0009914857416567057,-0.0012699509308117362,0.0004855463766990642
2024-08-27,1.4431357723554417e-05,-0.0007363683111288987,0.0001434080123881798,0.0009190975924463163,0.00048637121266640324
2024-08-28,-0.002061851205884713,-0.0009016847278110918,-0.005253043715561123,-0.0049062945211014505,-0.0030741071668596853
2024-08-29,0.0032304120691982407,0.0021400053433310528,0.002895099889723596,0.002895099889723596,0.003411070712563291
2024-08-30,0.001745950372104743,0.00162128816710283,0.004847401122273154,0.004847401122273154,0.0040042344743741465
2024-09-03,-0.005707708906535014,-0.004109659179293468,-0.01639489628989731,-0.01639489628989731,-0.010065807405404048
2024-09-04,-0.00025728190950159436,-0.0015125200532768556,-0.0009427718306404875,-0.0009427718306404875,-0.0007432030010141478
2024-09-05,-0.0025693871033338534,-0.0026248735628642715,-0.0031263189793881764,-0.0031263189793881764,-0.002476022510409792
2024-09-06,-0.0064729447442424815,-0.002571361784834214,-0.013646973121502847,-0.013646973121502847,-0.009151671668003136
2024-09-09,0.006617980588834805,0.0031557244427076634,0.009219807761781463,0.009219807761781463,0.007302933854996696
2024-09-10,0.0015175110761760813,0.0009647968086427206,0.0014359721540706972,0.0014359721540706972,2.180480931532891e-05
2024-09-11,0.004924197952219556,0.004608817853566416,0.005217025940619002,0.005217025940619002,0.001511010892836373
2024-09-12,0.006088192961539363,0.0037304653120920905,0.007375767293388058,0.007375767293388058,0.005260744194026857
2024-09-13,0.004518914636930771,0.0024397117758604868,0.006985716105367712,0.006557245783089782,0.004017411841553753
2024-09-16,0.003960425962418546,0.0012119212224321995,0.004320139437599124,0.004701202242784442,0.0043414887676038625
2024-09-17,-0.0003140481967581543,0.0003453213723826565,0.0005131337017864279,0.0007089459805471043,-0.0001182359179974779
2024-09-18,-0.004191344163581601,-0.0006627380318682929,-0.004173123914906896,-0.003410823648305006,-0.003278815471349161
2024-09-19,0.012343163551050262,0.005337535650454006,0.014402866349361554,0.00937314264500685,0.00937314264500685
2024-09-20,-0.00056626326441922,-0.0007285358129420882,-0.0016378208265905303,-0.00011839403682577521,-7.882576542612707e-05
2024-09-23,0.0015245978555297967,0.0014323838760177843,0.0011590036230730739,0.0003617284548877775,0.0015430457683517141
2024-09-24,0.0017878206313864276,0.0002769201499486673,0.0019554388437269974,0.0021294797972976954,0.0011034192494349115
2024-09-25,-0.005053959272465758,-0.0035510270802840195,-0.00627369064408928,-0.00469537717713342,-0.0053401814373826295
2024-09-26,0.0026983098578435283,-0.0002798837612879024,0.0032311723223109714,0.0031173521155204,0.0013738977994484426
2024-09-27,0.0006809942306684302,0.0017437977670530236,0.0013572755031329153,0.0008097088912023098,0.0020864540836360245
2024-09-30,0.0014581840168400584,0.0016644929616661975,0.0017123356289302505,0.00044833815802596265,0.0015421096046495998
2024-10-01,-0.0021146608613829996,-2.413647315757661e-05,-0.006700017360853317,-0.0019212313904517608,0.00032156049261204965
2024-10-02,0.0011315862056442527,0.0010607238438087197,-3.0587883368726756e-05,-0.0009119305955395896,0.00039154282990453424
2024-10-03,-0.000982303291569242,0.00032899464284372735,-0.0034169568922665984,-0.0037568832569512935,-0.0013969243692779742
2024-10-04,0.005302375392960368,0.0028801598153970877,0.00576811907911805,0.003465258745817312,0.004052241729426864
2024-10-07,-0.005967395039008861,-0.0024104552183517704,-0.007106389404997848,-0.005347214553785529,-0.006236698801601414
2024-10-08,0.00253301332951652,0.002905560685799147,0.00521132886115433,0.0018496172505775177,0.0033430980427167412
2024-10-09,0.005046401164067349,0.0022494966238161052,0.004663098484956818,0.0027574547999837163,0.00354428187417849
2024-10-10,-6.46956242408181e-05,-0.0009687764806573851,-0.0012962983632189174,-0.0011567192184285147,-0.0012702672948340821
2024-10-11,0.005854191995821057,0.001443950379686021,0.007269909143362663,0.006940005907567037,0.007096319035466714
2024-10-14,0.004509472065769138,0.001970042820927653,0.005289272002550171,0.003146020029289531,0.0039851620624825725
2024-10-15,-0.0077576160239630765,-0.002119845619724081,-0.00445383122147065,-0.004692636619793478,-0.0022555637614597225
2024-10-16,0.004419726274866998,0.0014587834364507835,0.005585981506887094,0.005585981506887094,0.005275503430313666
2024-10-17,-3.098814975085462e-05,-0.0016940200038205622,-0.0007810916025538072,-0.0007810916025538072,-0.001086248637347642
2024-10-18,0.0027870096758226604,0.0012941199292191507,0.002910132380176822,0.002910132380176822,0.002553755602443519
2024-10-21,-0.004299489094841092,-0.003486255371246405,-0.005573858048269387,-0.005573858048269387,-0.006041584614416428
2024-10-22,0.001011956021047289,4.7192892366931805e-05,0.0004006110056228751,0.0004006110056228751,0.0005040663543941171
2024-10-23,-0.007396502843486963,-0.0032396899092342222,-0.0077888553488232315,-0.0077888553488232315,-0.006356269767745415
2024-10-24,0.0018215403726096202,0.0004688448081735741,0.0020516052671500475,0.0020516052671500475,0.0017582941590644774
2024-10-25,-0.0015692860352546911,-0.0011235968417553587,-0.0019136280835801989,-0.0019136280835801989,-0.002433051032305866
2024-10-28,0.0014801850081943679,0.0005886272804161763,0.0037461079726156974,0.0037461079726156974,0.003776502406580495
2024-10-29,0.0009263484118660403,0.00046744091098637196,0.0021273577288517752,0.0021273577288517752,0.0007808134903314334
2024-10-30,-0.0014953066876886468,-0.0008285591515249435,-0.0018583061828136515,-0.0018583061828136515,-0.0010012950536043674
2024-10-31,-0.011647173782535514,-0.004173083632935426,-0.013995005205750598,-0.013933721757291784,-0.013933721757291784
2024-11-01,0.0010562301300353848,0.0005808451154533545,0.0016164616554783407,0.002248577326962675,0.002248577326962675
2024-11-04,0.0008693697119753318,4.057096173936126e-05,0.001376274232398722,-0.000373127273838203,-0.000373127273838203
2024-11-05,0.008000857230880353,0.0035593579797576157,0.00965303327999394,0.009212043231099476,0.009212043231099476
2024-11-06,0.015776130342702498,0.0036414048987280846,0.01780972915464075,0.01780972915464075,0.01780972915464075
2024-11-07,0.005637384733654249,0.003568488169197881,0.005742880750612101,0.005742880750612101,0.007250579346591323
2024-11-08,0.00394146523926191,0.0018404139168861078,0.004011846370584915,0.0035479245439324902,0.002373168319235197
2024-11-11,-0.0012877555265037976,-0.0010724904810039849,-0.00034965362371819353,-0.0010085776067336738,-0.003276136720690892
2024-11-12,-0.0057682600695499135,-0.0028925125214598777,-0.006992158331918863,-0.007169130446726357,-0.0049372589001749345
2024-11-13,-0.001714547128646382,-0.0012134812468179712,-0.003482643155782128,-0.003482643155782128,-0.0025533178096713407
2024-11-14,-0.0032931230502670104,-0.0009942174326796783,-0.005022312048736222,-0.005355958933827776,-0.0034128146942303816
2024-11-15,-0.008795023784047307,-0.0021201390465244163,-0.010139239884391072,-0.01028678444346326,-0.00911080374952412
2024-11-18,0.005135387633603728,0.0004599961109180262,0.004002266120040021,0.005332334708441832,0.0035045410116642415
2024-11-19,0.0011581115410037811,0.000891373436326126,0.0025361794316965504,0.0019007038918540387,0.0024533223001001136
2024-11-20,0.0023555934462541673,0.0014260918440950898,0.0020660411360672428,0.0024856720007567445,0.0016509473193530798
2024-11-21,0.006633670394437486,0.0015614345935714203,0.007750457781836395,0.008153606965857152,0.004552347510978138
2024-11-22,0.004181673598994862,0.0014347855319354786,0.00587419657115773,0.006028633160616126,0.0029110286618256207
2024-11-25,0.0006586773596302442,0.0004961185555797277,0.004152832439878307,0.002178960570880395,0.0019820397382983024
2024-11-26,0.002256465838878985,0.0003420951755898849,0.0016584936014398366,0.001522150933557187,0.0021969733760398235
2024-11-27,-0.001159654791007192,0.0014487524507619033,-0.0009779910659862944,-0.0010225051224489912,-0.0009793419925209323
2024-11-29,0.005747907524748408,0.002207668852937772,0.006129719330534478,0.006129719330534478,0.004635959060637518
2024-12-02,-0.0009442627854946318,-0.0008115580938241496,-0.0009938788216654949,-0.0009938788216654949,0.001406288806799949
2024-12-03,-0.0011201946910563865,-0.0008858994327471725,-0.0018316700829305477,-0.0018316700829305477,-0.0005030142737517008
2024-12-04,0.0029010830907975293,0.0013234612412416635,0.003259379646305449,0.003259379646305449,0.00569016350686441
2024-12-05,-0.0024175930050873927,-0.0016553807221124095,-0.0041973970058038716,-0.0035841089201607778,-0.002571277596345856
2024-12-06,-0.0009616446632022546,-0.0003795534833099912,-0.0007531416125929225,-0.000604621594104926,-0.0012442561951412135
2024-12-09,-0.00358098512069015,0.0003613733925556084,-0.003161540149271935,-0.004083224578102507,-0.00358098512069015
2024-12-10,-0.0026226250667620078,0.0004313256009316868,-0.0025709393471697204,-0.0030558873399702978,-0.0026226250667620078
2024-12-11,0.0027619788733811547,-0.0013522383470043198,0.0032140373641177276,0.0032140373641177276,0.0027619788733811547
2024-12-12,-0.006951993130274436,-0.003476100766072088,-0.008251587345792833,-0.008251587345792833,-0.008047182429717414
2024-12-13,-0.0018573279312298573,-0.002244443085290704,-0.002543357020010495,-0.002543357020010495,-0.002543357020010495
2024-12-16,-0.000389765905008832,-0.0006505486120629622,0.00019803666028814782,0.00019803666028814782,0.00019803666028814782
2024-12-17,-0.0037608435886744562,-0.00021230082110178515,-0.004905672733284272,-0.004905672733284272,-0.004851448688876214
2024-12-18,-0.022895326698564044,-0.004526608966841239,-0.027322560758854787,-0.027322560758854787,-0.023714871292431904
2024-12-19,-0.00293635328564702,-0.0021294035057594085,-0.003380105719595572,-0.003380105719595572,-0.002934788415273837
2024-12-20,0.010147563955982597,0.0028749361174868595,0.011084514892290565,0.011084514892290565,0.010211275915035123
2024-12-23,0.0031523180486268563,-0.0003893653342778913,0.0029225122313223497,0.0029225122313223497,0.0019482453534482302
2024-12-24,0.007398497102777846,0.001032859563254318,0.008292768305496611,0.008292768305496611,0.006936791886282534
2024-12-26,0.0011508171274551837,0.0008191528393303282,0.0022440547023807158,0.0021759267783317713,0.002243849954060806
2024-12-27,-0.0071698119565273164,-0.0019725116865792593,-0.00861579152531985,-0.008627628355049854,-0.007298320957770099
2024-12-30,-0.006448415466295931,-0.0007459454809632948,-0.0072055256241263296,-0.007217344837889039,-0.005887373615767433
2024-12-31,-0.0003634195191884237,0.00032848831791726374,-0.001549364622939875,-0.00023651603735727055,0.0006129695354867958
2025-01-02,0.0015043925816910608,0.0016626888509886362,0.00041845922792997924,0.0015858504082125967,0.001781457119523877
2025-01-03,0.006907037697739304,-0.00012508776197170946,0.007460073756686647,0.00839476886994237,0.006758240835555429
2025-01-06,0.0016979666505331005,-0.0005268593888097861,0.0021953978841076196,0.002602446678259118,0.0005887822758731343
2025-01-07,-0.004638435107592209,-6.803789629561408e-05,-0.006439347790738204,-0.006439347790738204,-0.0036557082203759637
2025-01-08,0.0019258037995076526,0.001174931256800238,0.001369970513060026,0.001369970513060026,0.0014548482093569293
2025-01-10,-0.009144412640768507,-0.00026926953359313055,-0.011754439959378648,-0.011754439959378648,-0.009777384117543819
2025-01-13,0.00431858235503998,0.005428577424216219,0.0011765576755840557,0.0011765576755840557,0.003602259913482475
2025-01-14,0.003603176292108956,0.002623346352175271,0.002528396997918536,0.002528396997918536,0.003698125646365691
2025-01-15,0.016651069122377637,0.01287051888184072,0.015171132705875778,0.015171132705875778,0.01435045529834258
2025-01-16,0.0011829891783358582,0.0011597943121463671,0.0004592062348725445,0.0004592062348725445,0.0018835772556096808
2025-01-17,0.00604404350856258,0.003583992967371974,0.005271841038311487,0.005271841038311487,0.0035339933354966322
2025-01-21,0.009916284197772985,0.009840618645563227,0.010427132438441311,0.010427132438441311,0.009840618645563227
2025-01-22,0.0011876819878485101,0.000589233345186202,0.0014439764060592219,0.0034176537483183054,0.002151518593986812
2025-01-23,0.0037718870404432002,0.0019857170634217437,0.0037718870404432002,0.0011333305844113185,0.0017781440351215983
2025-01-24,-0.0018999106230575768,-0.0005885445478315043,-0.0018999106230575768,0.00036875168373557977,-0.002423567156068662
2025-01-27,-0.007063413070383296,-0.00035145790731834216,-0.007063413070383296,-0.0008390883489370115,-0.005253252911432383
2025-01-28,0.004376174963543233,0.002973472761339169,0.005017461969671089,0.002903026226477412,0.003714550959050489
2025-01-29,-0.002982437859336773,-0.002129772703424915,-0.0023954918400673764,-0.001302131744450119,-0.002473959636286016
2025-01-30,0.007043059908314641,0.004507947462809669,0.005889692049777695,0.0038079306302606364,0.0056499442247955
2025-01-31,-0.007076987975531945,-0.006033211555739715,-0.006757984988959842,-0.0017158970892937164,-0.006931697637280599
2025-02-03,-0.002286634309805491,-0.001466379534943374,-0.0017250885868768551,-0.0005333408103605275,-0.0014862922522605238
2025-02-04,0.007890911336508844,0.007168721815682044,0.007014014788708412,0.0029553816454544247,0.006355234734320569
2025-02-05,0.008540077920343702,0.006071460278544638,0.007286838630558956,0.004187150723382449,0.007465337779837289
2025-02-06,-0.001689276583946664,-0.002147354730173101,0.0010464083438305293,0.0013920404021133149,-0.0019462154415127776
2025-02-07,-0.006643339399884996,-0.004356485690478207,-0.006163024371163284,-0.0032003226916706763,-0.006107871262477494
2025-02-10,0.006889271262118757,0.006558737112549606,0.00602376392713333,0.0024898515078510377,0.0056787509248285685
2025-02-11,-0.0005286612846076344,-0.00035891611716064585,-0.0007258061733263377,-0.0009147856614221794,-0.00022495192281606345
2025-02-12,-0.006113234733741679,-0.005678932059959641,-0.0035582380689029637,-0.0018649447262261364,-0.006132126575035812
2025-02-13,0.010309746539581655,0.007818297971832843,0.009166389703851686,0.005804883642047587,0.008871176829904303
2025-02-14,-0.0010988772862011386,-0.0006259902274022399,-0.0004140069370985655,-0.0003488636841346371,-0.00017028767243639775
2025-02-18,0.004375656455774845,0.003628027609509754,0.004013989094379111,0.0017128829034910753,0.0028209088204174558
2025-02-19,0.0024045186319585853,0.0010375105044845734,0.0014910746329710235,0.0004819178443753902,0.0023767072612962403
2025-02-20,-0.0027090547622307115,-0.0013118614591765664,-0.004749515965681872,-0.0019475321711645121,-0.002284607184124965
2025-02-21,-0.013835953415009438,-0.009978473399538423,-0.012429404351485141,-0.003915054929006867,-0.011760490731643569
2025-02-24,-0.0015980521838320327,-0.0016638074413103388,-0.0020705673021479075,-0.0003688429121288972,-0.00041761914153519707
2025-02-25,-0.003257887538901494,-0.002838677367386555,-0.004262998845509858,-0.0013709923637296394,-0.0019979604224131587
2025-02-26,0.000336455705700045,0.001029392408890939,0.0006531677244294265,0.0008194822149518166,-0.0001431825192255931
2025-02-27,-0.01154510721965144,-0.008912705644965546,-0.01158273878411592,-0.00610314668601476,-0.01154510721965144
2025-02-28,0.012283238091822834,0.009045775049758476,0.01105662762553088,0.0045666830838718255,0.012283238091822834
2025-03-03,-0.013265790002365097,-0.012859011176048851,-0.00990353596571616,-0.003465424287349017,-0.013265790002365097
2025-03-04,-0.009978998444722742,-0.005532134453336579,-0.007321372911502655,-0.004133301468696548,-0.008937859536943694
2025-03-05,0.005463770772409793,0.003877374588566196,0.006262211192695322,0.0031674770768111093,0.005273405346292492
2025-03-06,-0.012356006495931104,-0.010429036575896944,-0.01202524954476374,-0.006687241144836964,-0.012356006495931104
2025-03-07,0.00454638600925561,0.005066218104483444,0.0036876033631117466,0.0008215191340171125,0.00454638600925561
2025-03-10,-0.017760050668230165,-0.01444213349670207,-0.018004764346594128,-0.009654229025460547,-0.017760050668230165
2025-03-11,-0.00489881746322981,-0.0037134538163661967,-0.0035279974833610007,-0.0007513653839460344,-0.00489881746322981
2025-03-12,0.002659122578431905,0.00365868928039238,0.0031373294547018425,0.002240457858951883,0.002659122578431905
2025-03-13,-0.0068785417279132125,-0.006346007120393038,-0.006613838500907254,-0.0019017969226532982,-0.0068785417279132125
2025-03-14,0.01708877406568613,0.016323981037744673,0.01686262844806711,0.0068422925699594735,0.01708877406568613
2025-03-17,0.008556663917938755,0.00811295420238376,0.005761942552660937,0.0031356214991595356,0.00938253725881728
2025-03-18,-0.0029368035481689312,-0.004162536038240783,-0.003918400067761651,-0.0017406079714970435,-0.004459343556330253
2025-03-19,0.0086322842977957,0.008247497869066023,0.007608649745605045,0.0039393667465778435,0.009933261765024315
2025-03-20,-0.0008278312817435074,-0.0019672859418825685,-0.0024435146738752246,-0.0006149605039667882,-0.0015397703303021814
2025-03-21,-0.0029208511405167,-0.0016724896923710597,-0.0007401936781815555,-0.000804944944490471,-0.0026490123809154386
2025-03-24,0.010067643337119481,0.010058596687916966,0.010859993299741133,0.005303371215140074,0.011961488505964823
2025-03-25,0.0004520935094570411,0.0016512857510733504,0.0009350010119258401,0.001559826691458288,0.0007829352574335036
2025-03-26,-0.005235456379246694,-0.007690915395893572,-0.004219564898221462,-0.0031164867663362127,-0.0074658181089927835
2025-03-27,-0.0015774620634828374,-0.001688822032241566,-0.001391217849922155,0.0005051794288453149,-0.0025002726283887998
2025-03-28,-0.010967420411527184,-0.01064430843235683,-0.009395338622450667,-0.0039053742871087206,-0.011428488054888618
2025-03-31,0.0070389819871450095,0.004904459481416712,0.007517886177154565,0.0021033234360303466,0.0070389819871450095
2025-04-01,0.0010689854041089463,0.002309074420812052,0.0012701611838404347,0.0008907321733517493,0.0013555583111861448
2025-04-02,0.006035275228173975,0.005227233975243361,0.006035275228173975,0.001567854137442648,0.005830109069373068
2025-04-03,-0.04123933527055904,-0.032577677967963084,-0.037594160661796015,-0.01088525635314549,-0.04063550746230593
2025-04-04,-0.05179530169068371,-0.0430037288358658,-0.04074735704984933,-0.014404401120838883,-0.05088742262431627
2025-04-07,-0.007856050499923373,-0.007257293019795619,-0.004599878209596897,-0.0020853858537514423,-0.007856050499923373
2025-04-08,-0.013998943994255853,-0.012890881301893965,-0.017562433539975764,-0.002822751827968828,-0.013998943994255853
2025-04-09,0.07620847646972309,0.07186194671651609,0.07620847646972309,0.026204143451328932,0.07620847646972309
2025-04-10,-0.020947898015516553,-0.02969478955476046,-0.021152030171906987,-0.0061927770893139165,-0.032483773373372916
2025-04-11,0.005873509172817526,0.015296237409408619,0.01409781157890706,0.0055352675206665316,0.016764089381372905
2025-04-14,0.0036822927268098772,0.00585603479716974,0.003764494694632481,0.0010773579108189657,0.007076157683540751
2025-04-15,0.0002639454054073842,0.0003547713597330859,0.0007451524119674424,0.0003546230819295837,-0.0002587419378022648
2025-04-16,0.002795263284405902,-0.011575430832538935,-0.0004626373526595673,-0.001984068995559707,-0.012592221306556694
2025-04-17,-0.0019093081620682572,0.0007181368290273493,-0.0026227627176151347,-0.0003143827772799868,0.00013115835723949144
2025-04-21,-0.0008095441458424446,-0.018436589400553993,-0.009718489125998908,-0.0017614082250781982,-0.020591720167868012
2025-04-22,0.0024683843968666187,0.019349995647945796,0.013977742123113635,0.0038074306469996324,0.021228238916664567
2025-04-23,0.0014612361023675802,0.011205007960547941,0.008330459847990735,0.0014195098942829554,0.011701065471451121
2025-04-24,0.0025092158872282557,0.015697798002658848,0.005285173539472577,0.006374220149686427,0.016920831363054046
2025-04-25,-0.000347535157548684,-0.0004123470549415198,-0.002506948685640431,-0.0004928957396290956,0.003916659603657757
2025-04-28,0.002054202999028276,0.0019961165432655693,0.0017365772193182582,0.0015103262923563676,0.00262211702472146
2025-04-29,-0.00013543476957970091,0.0029480493246033302,6.410965854964923e-05,-0.0009738925467677295,0.005155095266520604
2025-04-30,-0.0015575542427367583,-0.0030014025250371668,-0.001718406770720604,-0.0007482221012837242,-0.0023708314085628124
2025-05-01,-0.002584249113033421,0.0008196416803239681,-0.0022794547309836653,-0.002077228754256477,0.001486990743818095
2025-05-02,-0.00022182718171384063,0.005313576168822554,0.0037266418654674062,0.00017481999132260562,0.012101310492313134
2025-05-05,-0.0005585654972934506,-0.0042353063223196765,0.00047932230186426006,0.0029867754776654156,-0.006642088906269728
2025-05-06,0.0003324277391654862,-0.0006178045803082565,0.0026743455976481314,0.002802400275899264,-0.006235739277559871
2025-05-07,0.0008251912760369962,0.0011482740165326354,0.0013280684228640593,-0.0014993060801348657,0.001977611211857977
2025-05-08,-0.0020162166628765023,0.0008895371062588642,0.0011036698427877023,-0.001969427229987941,0.0019010848465270235
2025-05-09,-0.0009388544099804607,0.00018526258513004156,0.0015044334831791572,0.0007254674259445481,6.734200192006767e-05
2025-05-12,0.0015416163638177992,0.009182895558786952,-0.00172388306897745,-0.0028190568373488768,0.007454645650319303
2025-05-13,-0.0034140848011563587,-0.00029071529271745833,0.000432881348952463,0.00042589925995975,-0.0029457542912347478
2025-05-14,-0.003014419129443546,-0.0008914165940176577,-0.003041510932882785,-0.0021037827999516923,-0.003014419129443546
2025-05-15,0.0021914528250932984,0.0015757559946085297,0.0031428970338076125,0.0015963953531585196,0.0021914528250932984
2025-05-16,0.0022831400269967663,0.001068808415520106,-0.0003369854916702608,-0.0012087047232674287,0.0022831400269967663
2025-05-19,0.0006720874570552371,5.965909450397211e-05,-0.00031361897512700577,0.0012880671121226594,0.0006720874570552371
2025-05-20,-0.0004749218193101035,-0.0009704926852243889,0.00036623910221210697,0.0018622245464218201,-0.0007532922909272988
2025-05-21,-0.004025244196682076,-0.00463412618044109,-0.004858625080731227,-0.000262061191796481,-0.00899342708662949
2025-05-22,-0.00025881844072350724,0.000566854603739042,-0.0008714814765959922,-0.0008599912495597661,-0.0003219505439282622
2025-05-23,4.998497447672445e-06,-0.0015318322450023959,0.002316249332964393,0.0010874606199822723,-0.0016304588776093088
2025-05-27,0.0027919822151112996,0.005578347051511412,0.0023249247254607864,0.0006815329199371222,0.008435554197839323
2025-05-28,-0.0009461282339107147,-0.0014183496146065512,-0.0008923709377089307,-0.0013159451633235509,-0.0027655696868246205
2025-05-29,0.0015948065661542498,0.0013409193366062944,0.002031911494460159,0.0009576981116524941,0.0027502624611927206
2025-05-30,0.0003624370204793337,-6.760780102303965e-05,-0.0004629039075220831,-0.0011262461253842115,0.0005592320104732762
2025-06-02,-0.0008703503406329638,0.0001561541314754944,0.0030790921286269813,0.0043313760889267085,-6.443913125837586e-05
2025-06-03,5.7453395061213276e-05,0.0018691790400911068,-0.0008429153515733367,0.0013986206319859696,0.001366715767601312
2025-06-04,0.0018187637700216364,0.0015201888502407225,0.0016997750870563987,0.0010710173903285326,0.0009729970821416689
2025-06-05,-6.559301467345957e-05,-0.00044177066884322215,-0.0018950484934664002,-0.0015406426378238637,-0.0010527954125297944
2025-06-06,-0.0003182989863748986,0.0007121856891312506,0.002752482315628901,0.0005803214505146869,0.0029926374017954505
2025-06-09,-6.568391576698973e-05,0.0005916373114460916,0.001014021373894225,0.0011099148906501765,-0.0005262654959828806
2025-06-10,0.0016554317487792458,0.0013661703199612462,0.0006619508488727055,0.0012501677060424265,0.002631868748238153
2025-06-11,0.0003543719990962479,8.03948263515153e-05,0.00029225725611343735,-1.5763680468949825e-05,-0.0012092083498827066
2025-06-12,0.001976582341449462,0.002330769728877602,0.0012420200248043577,0.00240466532846928,0.0037438328583528913
2025-06-13,-0.0014606749410713382,-0.004149330450493582,-0.0007291586252417103,-0.0013470986740121925,-0.009159952717934938
2025-06-16,-0.0013163129401888795,0.0014310270620692678,-0.0008156723596470239,0.0015831985766978306,0.004344153864032474
2025-06-17,-0.0004336305590128098,-0.00023436526513263,-4.925297490503411e-05,-0.0016315077827280034,-0.0042884899923003265
2025-06-18,1.1412299154023309e-06,0.00022979839024852566,6.146998540361715e-05,-0.00043538529404923976,-1.4355775284025096e-05
2025-06-20,-0.000665040748736001,-0.000599343625262938,-1.1463809295875205e-05,-0.000893112317745115,-0.001444138064945144
2025-06-23,0.00046773545013876203,0.0024028534170765113,0.004932904102448532,0.002474741616412257,0.005822104489718205
2025-06-24,0.0019518257927175764,0.0037120702542580153,0.0018851187361981435,0.00175237088778053,0.00906726769174664
2025-06-25,0.000215587817625007,0.0007634099619832746,-0.0006775179678442433,0.0012329224489263436,0.0008352029482797229
2025-06-26,0.0007417575216325023,0.002139411663184454,0.0033673481364463686,0.0022965088937510593,0.005705732728513602
2025-06-27,-0.0008528025986666132,0.00018173065399850196,-0.0017463046929258597,-0.000752474800705949,0.0012464346582436447
2025-06-30,0.0016262201202968062,0.0025700823939769357,0.0030409804220549617,0.0019164506173441232,0.004328792037645623
2025-07-01,0.0016723916186731635,0.0003176868889812168,0.003581848696546075,0.0019240730810949236,0.0037887251885297957
2025-07-02,-0.001622832783311845,0.00038009242431777943,0.001974415158870291,0.003970639320026647,0.002500637161520103
2025-07-03,-0.0005930742208831941,0.0013804798350256942,0.0010646467958289828,0.0043759196604284175,0.004050165543265904
2025-07-07,-0.0017956950652985749,-0.002661010258207441,-0.003496237704119498,-0.004089089633881137,-0.005525966973469965
2025-07-08,0.0003263156085314689,4.4868731185998546e-05,0.00027575011992421184,-0.0015089582323282724,-0.0020119606699132596
2025-07-09,0.0014314079662548274,0.0021307530220340933,0.002642130804391696,0.004287932415347839,0.004634587935573742
2025-07-10,0.0006816131876257625,0.00018480147827636405,0.001610680506851292,0.0015823834147974947,0.002277568196193025
2025-07-11,-0.002208406877255986,-0.0024754091210543285,-0.0030280530462963528,-0.0031348416022511814,-0.0035393301087978
2025-07-14,-0.0003281464082365293,-6.420971433754863e-05,0.0015948051194286882,0.0017533619461231886,0.0007531368035837094
2025-07-15,-0.002500444963908677,-0.0008093241706693344,-0.009542767836263243,-0.004530293494951032,-0.0050727788928010996
2025-07-16,0.0013854776393033008,0.0009534261606721328,0.003972403901571597,0.0034501756265522543,0.0038302705364071875
2025-07-17,-0.001163151547136121,0.001531393300247086,0.004484414664953839,0.0050322163991683875,0.00255697147177103
2025-07-18,-0.0005103267322702498,-0.000312088144988043,-0.0010735487832135738,-0.0010270414441190035,-0.0008272891939691718
2025-07-21,0.00032273575774068866,0.0010624915091401066,0.0004244699093305604,0.0017257195556002359,0.002453251940978929
2025-07-22,0.0024659867005122128,2.1084362515844112e-05,0.004182331062062538,0.0012461440417389502,0.0028811667434543555
2025-07-23,0.0014971809175824524,0.0011969081464199172,0.005517540773974072,0.004143025654850319,0.0041129101047091225
2025-07-24,-0.0005486042130898872,-0.0004402854030803649,-0.001177468187767028,-0.002069142557613657,-0.0012369469460362659
2025-07-25,0.0011590665184410653,0.0012854430014193952,0.0016529727040848208,0.0014633496985307914,0.0022511310479598643
2025-07-28,-0.0015198486615916496,-1.6284301511015897e-06,-0.0007524805054175965,-0.0005219159780864513,-0.0019258778824371436
2025-07-29,0.0010529134063863798,0.0012775143033589066,9.597005083801235e-05,-0.0017014906234672055,-1.0536426473051197e-05
2025-07-30,-0.0006938404753914606,-0.0006771499654981472,-0.003093265210321372,-0.0025779366035114217,-0.0027643416829656207
2025-07-31,-0.0033293401105090937,-0.0020315113329543054,-0.0028243461964824967,-0.003350303665861565,-0.00511534248936304
2025-08-01,0.003988309597068395,2.2449544577463065e-05,-0.00933372253479282,-0.008897784543643672,-0.004901978344806735
2025-08-04,0.002289298771692616,0.004283866485260401,0.010657298304039409,0.010605989562593177,0.010074916286309276
2025-08-05,3.6027443506614353e-06,-0.0005919439999646836,-0.0015439427313233335,-0.0019793617527011143,-0.0025658736380474558
2025-08-06,-0.0022913949294499636,0.0005250586142699798,0.002104302835064964,0.0034789868475881836,-6.38293157939951e-05
2025-08-07,-0.0004763382981409103,0.0002551539336240527,-0.002356324953987532,-0.0007622655608642171,-0.0021454890186640707
2025-08-08,0.0004356233909277085,0.0010434329108119477,0.004548612031487198,0.004342156074187686,0.0052216840904872
2025-08-11,-0.0012230344142207695,-0.002432010575674015,-0.003787537131950569,-0.003101433060848746,-0.0036649585647863248
2025-08-12,9.654310164706193e-05,0.0020156464148044285,0.00900834516378477,0.009025182987077473,0.006730033596209539
2025-08-13,0.0027336893648839842,0.002236166115934801,0.0063022846030868825,0.004316666925014601,0.005958638752387535
2025-08-14,-0.0008726206559452332,-0.0016493163266098176,-0.0026525499733262457,-0.0017540030153972651,-0.0008344386043096175
2025-08-15,0.0010257439773006638,-0.0012703756244582753,-0.0034681228429918167,-0.0029794634408933152,-0.0013022070356763504
2025-08-18,-0.0006804310297031324,-0.0003377601151432263,4.231312918374641e-05,0.00033168532889172876,-0.0011541209131696651
2025-08-19,0.000673281282531768,-0.0016598364111894636,-0.003868072234504705,-0.004716672877979467,-0.0026931124368517858
2025-08-20,0.0017725772844628285,0.0005705021736822635,0.0007052419234367835,-0.000348537781260061,0.0015999915216268312
2025-08-21,-0.0011767019724297611,-0.0015176678178274727,-0.002679725754450135,-0.001959799487498859,-0.002350227473125077
2025-08-22,0.002635883669992922,0.0051069160549342294,0.01375706711357405,0.013016415148534221,0.012698291923507798
2025-08-25,-0.001954446592091519,-0.0015352980232441692,-0.0038943757963583736,-0.002899041163667626,-0.004007368185049464
2025-08-26,0.0012926533096186076,0.0014403066909459694,0.0038566274672251046,0.003848869901503282,0.0034959677273807
2025-08-27,2.8252163268072117e-05,0.0009653296724582483,0.0022603608865004897,0.0034976914575598926,0.002615523204121217
2025-08-28,0.0010054452284500859,0.002356686992237389,0.003585666919810082,0.0036900235908513546,0.003834885120273401
2025-08-29,0.0009871406853695364,-0.001433584529016052,-0.003371988531909664,-0.0026666648855213637,-0.0016494450876659017
2025-09-02,0.0017146724187245166,6.6616963681021e-05,-0.0024331342119598533,-0.0020491905966531832,-0.00201492235046683
2025-09-03,0.001408459387443961,0.0022333847328808386,0.0012202399061466474,0.0008570077665434161,0.002243662931246504
2025-09-04,0.0007002866763300309,0.002092135669861106,0.006354249593424843,0.005591885942599284,0.005422725497522818
2025-09-05,0.003201314826918056,0.0011577446295616633,-0.0005149904318045295,-0.0024411184383166364,-0.0010731497736572338
2025-09-08,0.002434958890716643,0.002347827973928562,0.00423213415953696,0.0029359819959807187,0.00403025715128229
2025-09-09,-0.0002584862091174922,2.1023925004770573e-05,0.0011726692269740323,0.0012041648892305967,0.002596996887847014
2025-09-10,2.1623456594965785e-05,0.0019301657736160438,0.0029342300301440694,0.0032718271374601927,0.00275234857812513
2025-09-11,0.002259772393908199,0.0023192428812388146,0.007962055272617919,0.006421953943525871,0.007498411588349763
2025-09-12,-0.0013868250804434212,-0.0010609432411989306,-0.003055150461600964,-0.002065797209825071,-0.0025409341911646344
2025-09-15,0.00041955493670866597,0.0012975042604969067,0.003072417969223429,0.0033547377641065857,0.001992261516952565
2025-09-16,0.0004113626820168692,-0.000417232278274271,-0.0008269962340240356,0.0006383947010236368,0.0010137922015305057
2025-09-17,-0.000828890183678721,-5.913650429931749e-05,0.0002695879837655402,0.0005608692736531418,0.00024749413049197645
2025-09-18,-0.001235793371973437,0.0009929500022616722,0.004741182071639582,0.005265188743357541,0.001939335485485627
2025-09-19,0.0007391562433764598,0.0011763792769056702,0.0014525495649332476,0.0017354223250686807,0.0021735422509805424
2025-09-22,0.0013456030132373731,0.0012693220312251397,0.004371571892147219,0.00475661197223598,0.002122314824719529
2025-09-23,0.0013345053714230559,0.00033854516915471367,0.0001430543128586259,-0.0007828135532777058,0.0007040288636213198
2025-09-24,-0.001688611482532154,-0.0007803303000807448,-0.0032717796183984625,-0.002489473108533402,-0.002654389514351485
2025-09-25,-0.0012404710562667898,-0.0003448971444773519,-0.002974463592665055,-0.0013174736486916028,-0.0027985299260347317
2025-09-26,0.0015087122239961337,0.0005304168270314991,0.005922843503867625,0.004991358323925143,0.005450505618501245
2025-09-29,0.0027659587240626672,0.000985560987960743,0.002989054339867803,0.002964518322499865,0.001479757351102684
2025-09-30,0.002970133129358954,-0.00013891821778116986,0.0029149105358870163,0.0016220754042339247,0.0029149105358870163
2025-10-01,0.00350554191006478,0.0003704144326704073,0.0020581197514843996,0.001397402609843823,0.004734697434411572
2025-10-02,-0.0002522576568221857,0.00047426148971114747,0.000741973287504627,0.0004507800917724181,0.0008950874652153939
2025-10-03,0.0017517991309249025,0.0003261486677452408,0.0021704681195473196,0.0023603217896224437,0.0030495654269445116
2025-10-06,0.0006068451305856093,-0.0009376718812717288,0.003924389441870524,0.004718751070255811,0.00016241389071292023
2025-10-07,0.0011674352324660298,0.00038881372528177806,-0.001446811816711413,-0.0020219806567124076,-0.0007544997118161479
2025-10-08,0.0019217318741086898,9.99558313172999e-05,0.005229312794945607,0.0050385989922954065,0.003489061218707312
2025-10-09,-0.0021451591910489733,-0.0006298589255760212,-0.005413957945070014,-0.005556962972299162,-0.0037901128412993314
2025-10-10,0.0011819435359602393,-0.0002472171564236403,-0.017545399730142196,-0.020602645917852148,-0.019997706057808352
2025-10-13,0.0022623452160685066,0.0012221456382547902,0.014847958705332231,0.014790527522800323,0.012305259131008005
2025-10-14,0.001309065540261245,0.0007608421585361347,0.0019210141177856688,0.001875557682013529,0.0014816402866361766
2025-10-15,0.001667674791425633,-0.0002201256100404114,0.004576171879726587,0.004950857534235309,0.002997491567197197
2025-10-16,0.00292041010437184,6.924396458227733e-05,-0.00465937673932868,-0.0055777349365905395,-0.007166442327633316
2025-10-17,-0.0008782328299585584,0.0008529577010449763,0.0008410151002417709,0.0015569981965398271,0.003390220365268315
2025-10-20,0.006253940350507592,0.004070969490873999,0.012753445763209248,0.01381437447566929,0.010174177036764065
2025-10-21,-0.005814166878425097,-0.0033190084890700965,-0.006255123549655161,-0.006020300852256399,0.0004065884084097471
2025-10-22,-0.0011714447869110467,-0.0012368610187394435,-0.0038953496899449156,-0.003323436422961734,-0.0033340420177972565
2025-10-23,-0.00041973624402075194,-0.00015036203643111756,0.0055427770065489155,0.005597578999275233,0.004791239435107087
2025-10-24,0.0011217764314969346,0.0021815077291128747,0.005494380282870581,0.005487528474317116,0.005829663553970743
2025-10-27,0.0009860005109065817,0.0014181153102271083,0.0041698596844081835,0.004261133018470653,0.006953812734286635
2025-10-28,-0.001004583997149988,2.64379489592903e-06,-0.000895460854431851,-0.000895460854431851,-0.00073411001596414
2025-10-29,-0.0037197598805084886,-0.002872565477328548,-0.003152468923751639,-0.003152468923751639,-0.0034923936322963202
2025-10-30,-9.081360950832229e-05,-0.0005985760665405571,-0.0036675646566310394,-0.0036675646566310394,-0.0044020153076442135
2025-10-31,-6.4754726424876e-05,0.00010885595058064412,0.0017332138424368203,0.0017332138424368203,0.0021797402796966845
2025-11-03,-0.0005315351957714043,-0.0011327084435996837,-4.905707524860414e-05,-4.905707524860414e-05,-0.0006374206393156889
2025-11-04,0.0011906012096132956,0.0001978113071468668,-0.009764248279851862,-0.009764248279851862,-0.005372681365833731
2025-11-05,-0.0003603069804778092,-0.0002769126206635497,0.004360605655251792,0.004360605655251792,0.0028129313534866695
2025-11-06,0.000730304424391981,-0.0002714772957146949,-0.005941859868687971,-0.005941859868687971,-0.003812247784032774
2025-11-07,0.0006313189678237796,0.00061786482044901,0.002766891547139161,0.002766891547139161,0.002500831623856281
2025-11-10,0.0011177367517285596,0.001180487902692684,0.012931368457306969,0.012931368457306969,0.0076396361832576365
2025-11-11,0.0032194747287862314,0.0020907000782628194,0.005294998842311704,0.005294998842311704,0.005753923024746333
2025-11-12,0.002462572914667138,0.00174112553407757,0.0034157066450652197,0.004087124403792719,0.0021654650975540535
2025-11-13,-0.0021591204642938955,-0.0037680587014213506,-0.013380298284258362,-0.013635147204260966,-0.010956989736698586
2025-11-14,-0.00044339043124115297,-0.00046688123735847407,-0.001993835630456764,-0.003695858112306194,-0.001359377850625909
2025-11-17,-0.003732204326077837,-0.004808095765446008,-0.011216631625117757,-0.011148302206023619,-0.006593790788743781
2025-11-18,0.000702533549145623,-0.0009606555107581127,-0.0025331283788772806,-0.0025331283788772806,-0.0025146990919506116
2025-11-19,-1.9762458522043503e-05,0.0002503497841612301,0.0006256285356017188,0.0006256285356017188,0.0010632686539038482
2025-11-20,-0.002927002881405094,-0.0031222415111026858,-0.01191432573167348,-0.01191432573167348,-0.007611033309272997
2025-11-21,0.008066340941376527,0.006453491935352607,0.010049266886451181,0.010049266886451181,0.009187972583460092
2025-11-24,0.0100574297094552,0.009637019684756188,0.011362279575060141,0.011362279575060141,0.007674572360008148
2025-11-25,0.009225340459018062,0.006964602598673375,0.008565744801528297,0.008565744801528297,0.0069747939008331095
2025-11-26,0.005318889474026112,0.0045714740702509134,0.006874847613519452,0.006874847613519452,0.004355564023560255
2025-11-28,0.0031564963348090667,0.0030562131964366746,0.00570940430344441,0.00570940430344441,0.002782720880327383
2025-12-01,-0.006381125125704434,-0.003625839588270807,-0.004937147891910865,-0.004937147891910865,-0.004929546169436949
2025-12-02,0.0015763359622016804,0.0023584204931347942,-0.0003598335374210726,-0.0003598335374210726,0.0005220216638555985
2025-12-03,0.005613120714756814,0.0033275250704571046,0.00739502858557457,0.00739502858557457,0.00537461968956503
2025-12-04,6.442621079219001e-05,-5.1947367420102084e-05,0.0005537434297505639,0.0005537434297505639,-0.00030800209921741926
2025-12-05,0.0002715063755877045,0.0011042880535499621,-0.00031879874990486945,-0.00031879874990486945,-0.0004602799280578829
2025-12-08,-0.0020370272267160373,-0.0008828319505795434,-0.003389818286911872,-0.003389818286911872,-0.002739623405278291
2025-12-09,-0.0010955995638392113,-0.00033213835329575224,3.4601663848998765e-05,3.4601663848998765e-05,-0.0013597671725146144
2025-12-10,0.006932769115379722,0.004118620734817546,0.008409003888806277,0.008409003888806277,0.007205910221585787
2025-12-11,0.0045553512830304845,0.0024354336537686814,0.00515593708426002,0.00515593708426002,0.006143325499141472
2025-12-12,-0.008423456804506891,-0.0072038146114861475,-0.00884311423679095,-0.00884311423679095,-0.004971527760495043
2025-12-15,-0.0009584682865961813,-0.00152626592465136,-0.0015705795073580387,-0.0015705795073580387,9.992424473432848e-05
2025-12-16,-0.002410733595183079,-0.0006371501921820233,-0.005441759185850881,-0.005441759185850881,-0.002570696240006487
2025-12-17,-0.006985491844652747,-0.005739326096960651,-0.003912559580917551,-0.003912559580917551,-0.0036420550480646963
2025-12-18,0.004880829220618077,0.004208219749894671,0.003248968287451859,0.003248968287451859,0.0027305676766331334
2025-12-19,0.006405358748745038,0.004899825988115824,0.006518257783088821,0.006518257783088821,0.004469716433789262
2025-12-22,0.004904464302446743,0.0031328000565858383,0.008247883461630977,0.008247883461630977,0.006673091417041921
2025-12-23,0.0011968335340934888,0.0019879753619408192,0.0031780244624667444,0.0031780244624667444,0.0011094075827337568
2025-12-24,0.003377709976816301,0.0026051781296072773,0.00267217082583453,0.00267217082583453,0.0031378930166704676
2025-12-26,-0.0007320662375966625,-0.00038206709864024857,5.24606092070945e-05,5.24606092070945e-05,-0.0007777547329423928
2025-12-29,-0.002721412844982729,-0.001955083904184485,-0.0061240065725733815,-0.0061240065725733815,-0.0022670852134874407
2025-12-30,-0.0021910698062770017,-0.0013672746512120582,-0.001356330539221784,-0.001356330539221784,-0.001875722740785224
2025-12-31,-0.006041212167411214,-0.004722009764299484,-0.007244057597332931,-0.007244057597332931,-0.005050905343221668
2026-01-02,0.0025215413306276637,0.0009985394165401452,0.0051210769094960475,0.0051210769094960475,0.002292328520110998
2026-01-05,0.006915798384113403,0.0056302843213740465,0.012263422172376814,0.012263422172376814,0.006694050328110013
2026-01-06,0.007433275789518112,0.004140505289924911,0.005848769069074944,0.008699058081908162,0.006029596255824332
2026-01-07,-0.0013056215319065534,-0.002064434920583469,-0.003379046693650267,-0.002261616923617771,-0.0012238050579010617
2026-01-08,-0.001469557348764161,-0.0015970491685830869,0.00222915586329363,-0.000917305757391429,9.326205946762478e-05
2026-01-09,0.00409358749830604,0.003846964738428038,0.005075566959464828,0.0045967462663473405,0.002769414858035968
2026-01-12,0.00030302433822195776,-0.00022952055378713254,0.001468224697976972,0.001468224697976972,-0.00013488937225036857
2026-01-13,-0.0035680249381900508,-0.0031039991235121468,-0.002285880004740848,-0.002285880004740848,-0.0033568403662334045
2026-01-14,-0.0009963606220244614,-0.0024149545874469604,0.002281184385892021,0.002281184385892021,0.00021882428084908369
2026-01-15,0.0024424486222070496,0.0021310757258065525,0.0008933476153199394,0.0008933476153199394,0.0019172171050564012
2026-01-16,-0.0013675481850753957,-0.000684447664102994,-0.001681404401801101,-0.001681404401801101,-0.0014861868931383415
2026-01-20,-0.013489379835992733,-0.012074482262962195,-0.009894485504422013,-0.009894485504422013,-0.01011899876726854
2026-01-21,0.01019069188716033,0.006366126137399642,0.01406355570296045,0.01406355570296045,0.01019069188716033
2026-01-22,0.004437896401910812,0.0036720796109334986,0.006612368409703096,0.006612368409703096,0.004402444380059123
2026-01-23,-0.0035212262784155126,-0.001163628375440473,-0.0015742228719639595,-0.0015742228719639595,-0.0016753471891046256
2026-01-26,0.003466374659949678,0.0033860910934191855,0.004990251470594842,0.004990251470594842,0.0033187996841861243
2026-01-27,-0.0009383343483366002,0.00045371610525657413,0.0024291197275550513,0.0024291197275550513,-0.0009383343483366002
2026-01-28,-0.000387807746728519,0.0008857254706627571,0.004254577536847182,0.004254577536847182,-0.000387807746728519
2026-01-29,-0.0015734146703562768,-0.0012824575937021797,-0.0003833852555060746,-0.0003833852555060746,-0.0015734146703562768
2026-01-30,-0.00535487192479781,-0.00454052068235804,-0.01456002814939883,-0.01456002814939883,-0.00535487192479781
2026-02-02,0.00557193851422515,0.00398363890811666,-0.0003918665470372451,-0.0003918665470372451,0.00557193851422515
2026-02-03,-0.006394398649534361,-0.0056020169826687,0.0032010820811526285,0.0032010820811526285,-0.006394398649534361
2026-02-04,-0.0035807305500258012,-0.003973133049850863,-0.0014061520013440854,-0.0014061520013440854,-0.0035807305500258012
2026-02-05,-0.008390020186060443,-0.0058270908240045105,-0.012226760888720989,-0.012226760888720989,-0.008390020186060443
2026-02-06,0.017900986496145445,0.013833095751475021,0.022966174285178664,0.022966174285178664,0.017900986496145445
2026-02-09,0.0020670135831915015,0.00212146502761712,0.0053396958808068495,0.0053396958808068495,0.0020670135831915015
2026-02-10,-0.0016221601494280868,-0.0007190598287218242,-0.002725389178930682,-0.002725389178930682,-0.0016221601494280868
2026-02-11,-0.0014796648469976414,-0.00037837842389181197,0.0022642972572382456,0.0022642972572382456,-0.0014796648469976414
2026-02-12,-0.01040127863205369,-0.00832211367994402,-0.015692953510256846,-0.015692953510256846,-0.01040127863205369
2026-02-13,0.0035182251370244667,0.0011299890205384022,0.006691535220808897,0.006691535220808897,0.0035182251370244667
2026-02-17,0.0011883328135881555,0.0013481976411816366,-0.0030326429241267273,-0.0030326429241267273,0.0011883328135881555
2026-02-18,0.0034282359181424193,0.0028764309262022556,0.0075935070003530945,0.0075935070003530945,0.0034282359181424193
2026-02-19,-0.0024357437839266803,-0.0024067756027663758,-0.001426244282906519,-0.001426244282906519,-0.0024357437839266803
2026-02-20,0.0026959820808490687,0.0029720028381005404,0.004123756501901854,0.004123756501901854,0.0026959820808490687
2026-02-23,-0.008982734503898249,-0.008522505346432752,-0.0057891977154651,-0.0057891977154651,-0.008982734503898249
2026-02-24,0.005213792523525007,0.004546143114153245,0.0037372295598997463,0.0037372295598997463,0.005213792523525007
2026-02-25,0.007032585727716034,0.006583220467064432,0.006364446559730952,0.006364446559730952,0.007032585727716034
2026-02-26,-0.0012641917929461677,-0.0015373407350588787,-7.855431024583748e-05,-7.855431024583748e-05,-0.0012641917929461677
2026-02-27,-0.004831423827477754,-0.00487553743935284,-0.0019379091036174079,-0.0019379091036174079,-0.004831423827477754
2026-03-02,-0.0007286631703277924,-0.0006043057581529121,0.002566197607064391,0.002566197607064391,-0.0007286631703277924
2026-03-03,-0.0073998594527448945,-0.0045384339852620244,-0.012772729970613217,-0.012772729970613217,-0.0073998594527448945
2026-03-04,0.00581193980746485,0.004642090755427064,0.006009889930107082,0.006009889930107082,0.00581193980746485
2026-03-05,-0.007072966388114488,-0.0031634642052345784,-0.0077586329494270245,-0.0077586329494270245,-0.007072966388114488
2026-03-06,-0.010569781016571033,-0.007599752509074043,-0.008827185460020714,-0.008827185460020714,-0.010569781016571033
2026-03-09,0.0070739428744789334,0.008370074851569199,0.0064250411392564825,0.0064250411392564825,0.0070739428744789334
2026-03-10,-0.002619958414847412,-0.002619958414847412,-0.002770401488082408,-0.002770401488082408,-0.002619958414847412
2026-03-11,-0.0027917798512674175,-0.0027917798512674175,-0.0006487722303358589,-0.0006487722303358589,-0.0027917798512674175
2026-03-12,-0.012361152285781251,-0.012361152285781251,-0.013396395999055167,-0.013396395999055167,-0.012361152285781251
2026-03-13,-0.003091492766682036,-0.003091492766682036,-0.004054807706084429,-0.004054807706084429,-0.003091492766682036
2026-03-16,0.007793014823291489,0.007793014823291489,0.008050673740060599,0.008050673740060599,0.007793014823291489
2026-03-17,0.001954311483718807,0.001954311483718807,0.002755904203411974,0.002755904203411974,0.001954311483718807
2026-03-18,-0.010632420791043273,-0.010632420791043273,-0.013175576334671169,-0.013932865893142798,-0.010632420791043273
2026-03-19,0.00030372125587304624,0.00030372125587304624,-0.0018661011641951553,-0.0022261379364279963,0.00030372125587304624
2026-03-20,-0.014713613893416622,-0.014713613893416622,-0.01436911344119719,-0.01436911344119719,-0.011229140631923772
2026-03-23,0.006363962821096325,0.006363962821096325,0.007560392167923547,0.007560392167923547,0.008623384231800113
2026-03-24,-0.0016227030436330003,-0.0016227030436330003,-0.0006172638786918538,0.00040648191254121223,-0.0016449771590639872
2026-03-25,0.008626019072327452,0.008626019072327452,0.008060481556940025,0.008182231225496096,0.005617085433352686
2026-03-26,-0.013751041898168781,-0.015597283454225818,-0.013441091382155457,-0.014028848112580827,-0.011837886501321148
2026-03-27,-0.011818311491457456,-0.010350446138446013,-0.00818951501501316,-0.008659940832677659,-0.013859830384782834
2026-03-30,-0.0002595725700949347,-0.0014050396133928112,-0.0023641221443604366,-0.0023641221443604366,-0.0013760968520635131
2026-03-31,0.02041576710819335,0.022898520813179536,0.023075390971698428,0.023075390971698428,0.02041576710819335
2026-04-01,0.005431871994314807,0.003443687085230718,0.004122440591582499,0.003443687085230718,0.005431871994314807
2026-04-02,0.0017819515720475577,-0.0013385710931239636,0.00015385981017108642,0.00033589329836534174,0.0017819515720475577
2026-04-06,0.0026331463691427583,0.0033588878562076374,0.0019715812953112976,0.002949020887432985,0.0026331463691427583
2026-04-07,0.0007485406708339304,0.0015528238255999472,0.0020503679236604454,0.002525582792390979,0.0007485406708339304
2026-04-08,0.019544185132093394,0.016036867756809237,0.010920662476091737,0.01666677471498106,0.019544185132093394
2026-04-09,0.0024390546521831035,-0.0036750198506546373,0.0014545069177397951,-0.0028971667927972346,0.0024390546521831035
2026-04-10,-0.003022592818484182,-0.00227519827515863,-0.00310106762179303,-0.002453316786444959,-0.003022592818484182
2026-04-13,0.008653363722984508,0.001047206302137349,0.0036632447171746074,0.0006422879685801464,0.008653363722984508
2026-04-14,0.008051982324471019,-0.0009197094048611354,0.0046076127439062305,0.001315225204131687,0.006049478298082267
2026-04-15,0.0034802593206028076,-0.0014875479215674114,-0.0016479467543376591,-0.002350944243355768,0.0008825017566609806
2026-04-16,0.0005805985115701406,5.217239368726645e-05,0.0006072486919827091,-6.183913482076253e-05,-0.0005033108276550902
2026-04-17,0.011199545099378195,-0.0003477738171671074,0.0061617937223523486,0.0009815313732553844,0.005558609559382366
2026-04-20,-0.00035881281269747325,-0.0008595353063576173,-0.00132908515903577,-0.001720656199986914,-0.001156128871705331
2026-04-21,-0.004771618133133449,-0.00011618825474718486,-0.0052276721719584085,-0.004316812244606083,-0.0015688898288113485
2026-04-22,0.00663277916649242,0.0024233375264724353,0.005457670450020014,0.004465560205900299,0.0005116083026691865
2026-04-23,-0.004177487272628644,-0.0003115264787390548,-0.0015970293639155253,-0.0011412469282363392,-0.0003146817428935411
2026-04-24,0.0037907523255730656,0.0008376418036355804,-0.00023937345316912272,0.0013503532483431057,-0.0012237803309869898
2026-04-27,0.00030660169140745986,-0.0011160129190912027,-0.0009159348426714065,-0.001673305640549716,-0.0009952704641411514
2026-04-28,-0.003988706870587377,-0.0001461849012887373,-0.0015182777753323551,-0.0032292633449564345,-0.0008824419274210182
2026-04-29,-0.001169549596981001,0.0008857930375826828,-0.0007470429706694315,-0.00018078513334021106,-0.001911018483155813
2026-04-30,0.008486928312781371,0.003999132720187315,0.009545706398513987,0.008002137935455811,0.0071745646349455905
2026-05-01,0.0022520227818783934,0.0027061539779068334,-0.0002855020984924961,0.0011185413529864797,-3.1286257709206566e-05
2026-05-04,-0.003758152596762443,-0.0016339803327582003,-0.005189903373989102,-0.0030842356060067242,-0.003994663203199156
2026-05-05,0.007653937996862181,0.006137827038216193,0.008613390861259295,0.00789950419392076,0.0054447463301884325
2026-05-06,0.010174087767139905,0.005715420689099138,0.009086905895913632,0.006018180690888886,0.005734777534488989
2026-05-07,-0.004364649945419441,-0.002483823851947564,-0.00603968212679572,-0.004850074986866138,-0.002039639312058761
2026-05-08,0.006377188430392033,0.00032880927709924015,0.006414510044201982,0.00619250377262065,-0.0005890275430800341
2026-05-11,0.001432897763319374,-0.0005095056952591048,0.004274910965198375,0.004194491352583418,-0.0010458213521962524
2026-05-12,-0.001236849225655068,0.00033100296308523624,-0.0009329069398045786,-0.00187138497889906,0.0022367704751822147
2026-05-13,0.0016644947579859237,0.0004014757165116567,0.00020457569961820354,0.002501914087161383,-0.0004586571673874107
2026-05-14,0.00503989355411204,0.000716695584215421,0.005093692919707538,0.0037146027012924356,0.0022009614342423213
2026-05-15,-0.010852215594013725,-0.004935330242191049,-0.009771609020252791,-0.009414874638484916,-0.005130267101624808
2026-05-18,-0.0002744722768238561,-0.002163916216602224,0.002283209972404576,0.00033311145322217905,0.0018208767880112608
2026-05-19,-0.004395711672048297,-0.0012667816467655467,-0.004879888529603205,-0.0030332898231491103,-0.0020609125638054613
2026-05-20,0.011980808758043915,0.00693638423891435,0.009986111804873665,0.007394736625703713,0.004331125746435027
2026-05-21,0.0038230618981223265,0.0027248221802465113,0.0020094147757208636,0.001993443616437196,0.001970224743088722
2026-05-22,0.004715158710341083,0.002893704054622204,0.004149505641502882,0.004319755373441392,0.0031180611495678747
2026-05-26,0.0062366259243418765,0.004142433287710035,0.004400524484076429,0.0038250293667776436,-0.00010601374982884825
2026-05-27,-0.001976728270041872,-0.0004440941984441116,-0.0036346514230662375,-0.0029566246232651584,-0.00010044334600649574
2026-05-28,0.00598869668152704,0.004582296503927541,0.005918510049106618,0.006176682468419981,0.0022139731340666156
2026-05-29,0.0037843223639716372,0.000871375076742642,0.003490059824632985,0.0012851410311258914,0.000678221201384388
2026-06-01,0.0002513440475995554,-0.002940804743325742,0.0026285221408763547,0.002207212864766994,-0.0009259669778504565
2026-06-02,0.002748187946623537,0.0003317428111436205,0.0039000188958485116,0.004257149442771923,-5.8975347190715065e-05
2026-06-03,-0.006204739358852285,-0.0019698756011472416,-0.004910749118827318,-0.003764231324812317,-0.00305064083886345
2026-06-04,0.008225279641477123,0.005635122061395226,0.008293416636468431,0.005698567729404846,0.007442409440160902
2026-06-05,-0.022293020285069843,-0.007105457926912817,-0.023835341774153907,-0.02434208391043059,-0.010490090857915569
2026-06-08,0.003534804612388942,0.0003808132311957424,0.0055455144187015245,0.005310223731491037,0.0005094216991084255
2026-06-09,0.00102098722423144,0.0005353149578041672,-0.005531469127893507,-0.004273669547983095,-0.0009524760628205952
2026-06-10,-0.012393140282589444,-0.006582330191836861,-0.011633623244862334,-0.012746386595404835,-0.010238335659731746
2026-06-11,0.015850477051669244,0.008205405063139604,0.016543419892021773,0.0168891567528356,0.012075209417631605
2026-06-12,0.0037295980643314184,0.0005056134419331615,0.004759483171801015,0.00398195638811547,0.003036685589118293
2026-06-15,0.009115124911468365,0.0027492869348781147,0.0096080337490984,0.009009898342381018,0.008897182702398355
2026-06-16,0.00014564484099968133,0.0005887051980993929,-0.005097799303569406,-0.005065095789601981,0.0003775938308999471
2026-06-17,-0.009359760775375026,-0.0055662138218947835,-0.0076929599368342205,-0.00915104975055554,-0.005902067466627992
2026-06-18,0.0023395457686526066,-0.0004400295265210463,0.007132358569035724,0.004417514644519083,0.002885222607468574
2026-06-22,0.0019417210759368087,0.0016110088057244786,0.0009537039657981361,0.002432275147736929,-0.0010836410462645163
2026-06-23,-0.005067881151709186,-0.000569029358947204,-0.010542511229226248,-0.009210474161253424,-0.006261405993909386
2026-06-24,-0.001838511724783376,-0.002053868510366008,-0.003631894642024702,-0.003072910047721522,-0.002052500517158351
2026-06-25,0.003923465498039391,0.004138809040004343,0.0036589968859564227,0.005564397532543008,0.0015282886156385623
2026-06-26,0.0032227137781430716,0.004012137746454358,-0.003054686672752371,-2.8275130465305053e-05,-0.0010256504272808775
2026-06-29,0.0009176902419901767,-0.001843921916480995,0.0055278766308130885,0.005702287117964699,0.00392337458023736
2026-06-30,-0.0021982326260620577,-0.0016142257353593426,0.003596448818172948,0.0035533191883990846,0.0011794171369269523
2026-07-01,0.001589447804891897,-0.001014284668063825,-0.0036244369602022597,-0.0031559412477281668,0.0004507845577818026
2026-07-02,0.007298780635310054,0.002215199685521585,0.0021844464056836157,0.0028555675256245585,0.0027377689770019865
2026-07-06,0.001843321038567869,0.0012621335478767315,0.004700198190831928,0.005621556480911882,0.004076571025491749
2026-07-07,0.0014685377884491534,-0.0003320649095623129,-0.004384392469532994,-0.0055986427480109735,-0.0049045291324015475
2026-07-08,-0.0037018912090582058,-0.00018802212260119467,8.584388817496346e-05,-0.0022385316433122804,-0.002130486113832664
2026-07-09,0.003103500074315424,0.0018061460537060925,0.005170861664255999,0.007203912496802722,0.003932611376769923
2026-07-10,-5.900338588301635e-05,-0.0007535866126519908,0.00042047930416002635,0.0004813001329905142,0.00015976739500742632
2026-07-13,-0.0010609244023173869,-0.004060535374171603,-0.005592920706811888,-0.005381127217567505,-0.005479110807737242
2026-07-14,0.0008796699387492058,0.0018493256298039995,0.0030912852070618,0.0032874743917429617,0.0028270831784118155
2026-07-15,0.0011945771466293498,0.0006718516256742912,-0.0008637563116738022,-0.00018736183365520854,0.0017137917381211288
2026-07-16,0.0006377640144572649,-0.002081162476024567,-0.0036457494402092117,-0.0032422147188440388,-0.0041765985351914225
2026-07-17,-0.0010831901369430575,0.0007890674436420775,-0.0036733493012046426,-0.0036733493012046426,-0.002792489493583328
2026-07-20,-0.004266907983103729,-0.002471913498037559,-0.0031752709828881233,-0.0031752709828881233,-0.0025521548657504224
2026-07-21,0.008231786037859868,0.00498903036759476,0.011117220350149604,0.011117220350149604,0.006637328194490266
2026-07-22,-9.702787501530974e-05,-0.0005510336495323731,-0.0004430404703710478,-0.00037913534559022024,-0.0007819083566228846
2026-07-23,-0.0058669426740941884,-0.004805226175266408,-0.0048718997359728285,-0.006876543701313254,-0.007431745736775153
2026-07-24,0.0013161168098968056,-0.000913426905113246,-0.00010404924259878045,-0.0001240608694593859,0.000211991850412363
2026-07-27,-0.000497177227068979,-0.0025235552662546622,0.0006385332425921985,0.0006385332425921985,0.0031397133747973482
2026-07-28,0.00011844810178044396,-0.004829225529707604,0.00013317870023223932,0.00011844810178044396,0.000951466791855593
2026-07-29,-0.011550824180295105,-0.005626196052135002,-0.011306601872965694,-0.011056735116130822,-0.009165803920043935
2026-07-30,0.01408483974675615,0.0130122199043198,0.01408483974675615,0.015836336031042,0.00912871143713816
2026-07-31,0.0005151493073772606,-0.00047542238104016923,-0.0008698274762543367,-0.0006350644588073884,-0.0005423211701768293
2026-08-03,0.0059011836554793695,0.005537216398247391,0.007774291729977534,0.007435246542430917,0.007368124683531607
2026-08-04,0.010538245340209852,0.012995822860813766,0.015514662887257169,0.015514662887257169,0.011083800720745463
2026-08-05,0.0024579424495089542,0.0026463543150108014,0.0006259963205687335,0.0027040113833797564,0.00325478915221461
2026-08-06,-0.0011257763678223954,0.000311872221395737,-0.0014454496710247678,-0.0007845872792057396,-0.0027855900407529055
2026-08-07,0.004958678517161363,0.0002658451795501504,0.0041248435266312946,0.003977969327299502,0.005345542170656037
2026-08-10,0.0058977258558562395,0.003291108753226768,0.003998520395752281,0.003998520395752281,-0.00042901981934753144
2026-08-11,0.00010378976924861894,0.0017413709433440339,0.00037284747560908384,0.00037284747560908384,-0.00032119851731299276
2026-08-12,0.0030464313615844673,-0.00033047818535409946,0.003547330555982908,0.003547330555982908,0.001638730657837728
2026-08-13,0.0019699950977885685,0.0008455509213154855,0.004453228470800419,0.004453228470800419,0.0034283522348230065
2026-08-14,0.0005692616614428436,-0.000142042321950131,-0.0006847364248666165,-0.00046077657819357796,-0.001077499017870054
2026-08-17,-0.0014091687247826611,-0.0011786530749025692,-0.00124601522236506,-0.002244814449802435,-0.0034901924032158306
2026-08-18,-0.0013850924168748002,-0.0008785377760767377,-0.0029178007351925105,-0.002143113933802665,-0.0014313290510246767
2026-08-19,0.00898992863738396,0.0021617027897175454,0.005266617328468293,0.0040868323892712995,0.005310551550211628
2026-08-20,-0.007170102046565585,-0.0009488371098620218,-0.008765396856152763,-0.00683226907040102,-0.006805589775907339
2026-08-21,0.006158072936211035,0.002367694026321909,0.004322180784622642,0.004554216181704762,0.003086462331618511
2026-08-24,0.00022199030505776207,0.0011334344451404022,-0.002342983823463063,-0.002342983823463063,0.00022241427785718582
2026-08-25,0.0019175367573606382,0.0015251063734828207,0.0025327461416199126,0.0025327461416199126,0.0029201642647671555
2026-08-26,-0.002443710342002625,-0.00030392375347464417,-0.00026161002255470356,-0.00026161002255470356,-0.00046471384461574947
2026-08-27,0.0005979711863381421,9.028674726567765e-05,0.0038227013557633805,0.0034499294464096384,0.0016478290204486102
2026-08-28,-0.005043539921379403,-0.0016549203144976877,-0.006591707608686159,-0.0033475071219214005,-0.0021806606031212427
2026-08-31,-0.0010612458139203306,-0.0010497555710359929,-0.0006250372627617295,-0.0005100916285164847,-0.002626175563059552
2026-09-01,-0.00604075479372721,-0.001550629807458781,-0.007574262921900232,-0.004716907002979454,-0.005112416736762082
2026-09-02,0.006074355729359149,0.0012815857633989847,0.0060525771805974736,0.004532728717006574,0.0032993880947548514
2026-09-03,0.006822339377611675,0.0005477860450973759,0.008113186691955487,0.006266023857665126,0.005533269700238397
2026-09-04,-0.003825886909402976,0.00044837495346436993,-0.0036851498618112764,-0.0022804578567218957,-0.001073597607835386
2026-09-08,-0.006751765879278049,-0.0004648566561580858,-0.005704630614463668,-0.004703575910592927,-0.0036072520326940307
2026-09-09,-0.0024455793346791375,-0.0019393994944108205,-0.0024455793346791375,-0.0033537162484505003,-0.00428948830578566
2026-09-10,-0.007670748651583625,-0.0021739304778010337,-0.009081290747564918,-0.007348299388650892,-0.0053854723808528515
2026-09-11,0.004637307567625815,0.0005250509147178394,0.005960058519443834,0.005352024471816197,0.004210368786686058
2026-09-14,-0.0031182665404311917,-0.0002650500227298402,-0.004924628139170428,-0.0034375571862011014,-0.003076528161975689
2026-09-15,-0.0005760525452638942,-0.0009752781247127973,-0.000869083315567265,-0.0012025517940332463,-0.0008558766289984531
2026-09-16,-0.006831693939954619,-0.00021723201806290727,-0.006728297977901154,-0.006116854695031959,-0.006285855279831431
2026-09-17,0.008040355072377048,0.00044090664387165247,0.010285781457875032,0.008595886302359556,0.0057305689932691025
2026-09-18,-0.0004434301761141457,-0.0013969438125852828,0.00015198218445082733,-0.00032994012197213874,-0.0008787551462629883
2026-09-21,0.004569654605723372,0.0023796403051086212,0.008154042769450831,0.008154042769450831,0.005265122475089557
