date,evolved,buy_and_hold,sma_cross,momentum,ml_signal
2016-01-04,-0.008146135306643942,-0.01032199632840305,-0.00829736819720025,-0.006141811024670407,-0.0003280549150415091
2016-01-05,-9.278357255396719e-05,0.0011376957133738097,0.000178929385692006,-0.0008371691113344016,-0.0001989113829068967
2016-01-06,-0.008759313156412984,-0.009817031057750104,-0.0064193817890110475,-0.0008463896898397216,-0.006445748757177216
2016-01-07,-0.018855907476062396,-0.019200329648227276,-0.013598238944429287,-0.005905784269784364,-0.012710883562817955
2016-01-08,-0.009377390493070148,-0.009820161302252417,-0.004863434629904096,0.0003303043897518676,-0.008590167787965276
2016-01-11,-0.0033070415027738552,-0.004196521478825888,0.0004580086933210437,-0.00044629217406300103,-0.0019140972464631756
2016-01-12,0.007867078082941247,0.007361064344057833,0.006050639886373732,0.001442520042998674,0.005418546305328742
2016-01-13,-0.021014237699974493,-0.02052483923465346,-0.009480619769367139,0.000985691446889092,-0.012500767168163585
2016-01-14,0.015355417438782071,0.013732036463018071,0.006111266697640849,-0.0009360536690771526,0.010797263967406889
2016-01-15,-0.019677038156043235,-0.015970557367841597,-0.008846668763582134,0.0015586755413867115,-0.013471352474790487
2016-01-19,-0.0052637494940234175,-0.0033030221890810174,0.0013169963964022812,-0.0003101458415412761,-0.002191034460244301
2016-01-20,-0.006832120407121089,-0.005495325499664716,-0.0015472035627332348,0.0010529788132083162,-0.00539181567293232
2016-01-21,0.0033223843156420575,0.0034362640860317816,0.000611618516206569,-0.0006789105097350534,0.004350502218490792
2016-01-22,0.018992604119066482,0.018528107130070148,0.0066939050688581084,-0.0003648017576133644,0.014615272829051017
2016-01-25,-0.006096627263099364,-0.013721707653636162,-0.0021054617684411526,0.00157109218011926,-0.010018718832178275
2016-01-26,0.007275598966058694,0.014436675502387386,0.0019247527923321518,0.0011882753001861701,0.010149481653626969
2016-01-27,-0.002722617542774164,-0.010037464019629938,-0.004574839291000854,0.0003490121019241843,-0.007272116214000956
2016-01-28,-0.00015154403289101558,0.0037992854585156112,0.002846776204314816,-0.0009250489234825299,0.0027486403830424776
2016-01-29,0.0025714514488488272,0.021940552986403607,0.006087449031562752,0.001232480309395645,0.01640416666147724
2016-02-01,-0.000155733817100856,-0.0010861497167495959,0.00032644199060689606,0.0007223889323990429,-0.0009448704267549623
2016-02-02,0.0010995480147298676,-0.015354454021785846,-0.002097246464338509,0.0018921913709561977,-0.0075478339913021
2016-02-03,-0.0005147581512102595,0.005790309219206602,-0.0014319462518032288,0.00024386902209615479,0.0018667063140304862
2016-02-04,0.00014573100771541058,0.0031602455639871186,0.0005732323781521331,0.0016928037372115456,0.000962211819091574
2016-02-05,-0.00530486601844885,-0.01615197453916356,-0.0061611653537784195,0.0016993942322701904,-0.012751497255670952
2016-02-08,-0.0026108069302645974,-0.007860294474312145,-0.0008198428903554933,0.003496308492277711,-0.008370589301913844
2016-02-09,-0.0007001951819159968,-0.0034381795372798395,-0.0017403529644093307,-0.00011316297720386226,-0.0032341623835121514
2016-02-10,0.0008019458289909686,0.001576727691318236,0.0016824554603110276,0.0016560364214765588,-0.00021422844822699405
2016-02-11,-0.008754949896209351,-0.0047360799757873995,0.0007003720692740246,0.004719241989695977,-0.00954554042896798
2016-02-12,0.015441712533461938,0.014853776230256733,-0.0016601792664797,-0.0022481155696849053,0.014095180470803891
2016-02-16,0.01028071849402028,0.009878734283699153,-0.001057039965932005,-0.004090162599230796,0.006840253958422815
2016-02-17,3.262290916200561e-05,0.015092585970849625,-0.0006148405459355355,3.7938834748785233e-06,0.004189966068639572
2016-02-18,0.0012295909750051682,-0.0014418510432975707,0.0012295909750051682,0.0036629105774548033,0.00032111800559293525
2016-02-19,8.40600047508966e-05,-0.00015355424510993254,8.40600047508966e-05,-0.0005161590154346585,-0.00152971396811582
2016-02-22,-5.345779138086204e-05,0.010602949190634292,-5.345779138086204e-05,-0.001830974320329548,0.003935148726478777
2016-02-23,0.00040470133614658457,-0.010524969594261524,0.00040470133614658457,0.0006833797798118435,-0.0003267288368127952
2016-02-24,-0.0001976752471155807,0.004698213035417409,-0.0001976752471155807,0.002121918862558081,0.007812475812805708
2016-02-25,0.00035816435341902154,0.009022229189483167,0.00035816435341902154,0.0047996225554253645,0.002961020589499086
2016-02-26,-0.0009644350801176315,-0.0008463178442094987,-0.0009644350801176315,-0.0026084566649987816,3.288225115671839e-06
2016-02-29,0.00043701813674545953,-0.005686808901971985,0.00043701813674545953,-0.0014366477586226778,-0.000980447146808272
2016-03-01,-0.0017608228629926504,0.018479772692395348,-0.0017608228629926504,0.004246125003497869,0.0011645121088262101
2016-03-02,0.0004127325696246631,0.006914844663780362,0.0006499000327123028,0.0023871347709358837,0.003636429080980874
2016-03-03,0.0003644236676821677,0.005527443925761067,0.0020917602420724712,0.002567097210609259,0.002279747695506362
2016-03-04,-0.0006413154241525665,0.0019000961041100606,-0.0007986934048725081,0.00021998275346057916,0.00014017119179927652
2016-03-07,-3.1076833840448795e-05,0.0038595587347390547,0.00046668197615125085,-0.00032851064879745316,0.000996272522751529
2016-03-08,0.0011045844197107968,-0.011933340772216005,0.0006423113790840374,-0.002480715553219126,-0.003513808307420063
2016-03-09,-0.0006078468158434603,0.0032417821920173616,-0.0014371717327572142,0.0007950548876495933,0.0009763592453128523
2016-03-10,-0.0004102410269308576,0.0002880748674679356,0.0011953770860860136,0.0010518962952221988,0.0003897526459028633
2016-03-11,-0.0010104512717769355,0.012720167466368493,-0.0027306128667486385,0.003447211097465608,0.010574031603717204
2016-03-14,-0.001730407007850654,-0.002363889674805342,-0.000975574636064891,-0.0007135839710738611,-0.001280475883472465
2016-03-15,0.00017025189860506718,-0.002871107236210735,0.00017025189860506718,0.00047591307503864756,-0.00036505371088965124
2016-03-16,0.0035732233877955764,0.0076132505626528065,0.0025267882877942236,0.006712670134407306,0.004448192992878153
2016-03-17,-0.0011810527138713556,0.004769728939596829,3.174238090259962e-05,0.0031921496605283985,0.003017477943923852
2016-03-18,0.0011111457764080511,0.004543535436659707,-6.501933048048691e-05,0.002001023068995722,0.0024230739632222107
2016-03-21,-0.0014286043324005294,-0.0005852609088039751,-0.00146829337436587,-0.0004090133499581539,-0.00018728239115328726
2016-03-22,0.0002707991671086374,0.000386045261800394,0.0002707991671086374,0.0012925857439980205,5.2985314402165254e-05
2016-03-23,-0.001130557967432644,-0.009192019822220742,-0.001130557967432644,-0.006111655061260146,-0.0038804994355149504
2016-03-24,-0.00020148502293834136,0.00025133365060688864,-0.00020148502293834136,-0.0010784624722777302,0.001390576956139844
2016-03-28,0.0004922670004135155,-0.00024738703647565475,0.00036329672200845485,-0.00039789560119547486,8.680360044600599e-05
2016-03-29,0.004009585944875815,0.012124630685107851,0.002901041662538728,0.008541652233324926,0.010149783754802489
2016-03-30,-0.0022565079221011143,0.0003268903548474422,-0.002450696524661844,-0.0003245695143783034,0.0009349522873357885
2016-03-31,0.0011220894535704518,0.00013974013226432104,0.0011705378319824434,0.00016059165039793432,-0.000311154411109682
2016-04-01,-0.0016838105283405458,0.003905426208180085,-0.00034269321725293177,0.003905426208180085,0.004652394809430427
2016-04-04,-0.001342850482435165,-0.002890518103571893,-0.0006058700397835182,-0.002890518103571893,-0.0024565531754890957
2016-04-05,0.0017172258038540722,-0.005793820595551657,0.002027356909044098,-0.005793820595551657,-0.0025894772228180042
2016-04-06,0.0025322795754808116,0.009581791381571291,-0.0003631038346840976,0.006229262389875256,0.006701158669136231
2016-04-07,0.00011632524636074892,-0.0073053366706639315,0.001225355785504545,-0.003491637750702925,-0.006060008441837505
2016-04-08,-0.0010725290796262722,0.0021217101176583377,-0.0007840534895337204,-0.0006498560026110489,0.0015833112950803363
2016-04-11,0.000740238867367915,-0.0008627391008464325,0.0009487763156480367,-0.0005423844687075241,-0.0017960413888946868
2016-04-12,0.00797140665911159,0.008854274285721974,1.1874502684927624e-05,0.0035353145785182007,0.003082411065433821
2016-04-13,0.007228224172674813,0.009464504914154782,0.00030616059030417195,0.0045649544517115895,0.005120814747614166
2016-04-14,-0.0016708473373651667,-0.0013957167805480509,-0.0019049315128622623,-0.0017225412723754774,-0.0022003042863042886
2016-04-15,-0.00046543998050957436,-0.000884884146477427,0.0009986543409102656,-9.29790335790992e-05,0.0005357156684569486
2016-04-18,0.004103674120111767,0.005774317624378011,0.0004593105155092037,0.0044941005276916135,0.0022558636199803694
2016-04-19,0.0027701715113157997,0.004381018267752945,0.0009894585087102058,0.001435834475996578,0.0028953129587730663
2016-04-20,5.376343898924052e-05,0.0013600647186551296,-0.0011684338942617334,0.000307356002213921,0.00013687491988865209
2016-04-21,-0.0027755737942202095,-0.0030785959844684017,-0.0017551138034055946,-0.001989913958652445,-0.0033412738368473805
2016-04-22,-0.0022333673387068933,-0.001081135845626191,-0.003168063178643532,-0.004432413961602788,-0.0007418140812108676
2016-04-25,-0.002302469876781932,-0.0029044325392970304,-0.0004739312570153142,-0.002017492266337828,-0.0020477920118746828
2016-04-26,0.0017572924071323714,0.0020183892658922177,-0.00033511007063080633,0.00028304858080622217,0.0003447939712639014
2016-04-27,0.002815224350895251,0.002872235239249754,0.0013672747127050021,0.001719356642973291,0.0012127601757154771
2016-04-28,-0.004832613914925721,-0.0063651760826841765,-0.0009969882707246303,-0.0024293369942217312,-0.005513783585413689
2016-04-29,-0.0011396287451277299,-0.003259862737829433,0.00044869405642190553,-0.0013077027743365944,-0.0033087867883503596
2016-05-02,0.0036484634233377665,0.004022505143830524,0.0008172426852496861,-0.00018412626063059047,0.001760528209956591
2016-05-03,-0.008053908875978743,-0.008053908875978743,-0.001540282817213212,-0.002333262390969382,-0.0031584655173273134
2016-05-04,-0.006124059475893895,-0.006124059475893895,-0.0015691167002918505,-0.0011612191811180117,-0.004176075075382734
2016-05-05,0.001415975046730733,0.001415975046730733,-0.00029173629643776123,0.0008400874114850021,0.0012756996445458357
2016-05-06,0.002835552763904292,0.002835552763904292,0.0024010155920945243,7.0809778315306104e-06,0.003594270333962779
2016-05-09,-0.0018630059857347337,-0.001860320678124805,-0.0030313919835234905,-0.0019418607491493822,-0.0033899391181575365
2016-05-10,0.008125066572272032,0.010487583918061216,0.007206980911183991,0.0015355213611816688,0.004161169835556533
2016-05-11,-0.0050162811480811255,-0.005320626341075019,-0.0018103376453056708,-0.00028030563198684356,-0.00019839017983669383
2016-05-12,-0.0014364713192204447,-0.0026720977112565714,-0.0015954637617430656,-0.001145298461819555,-0.003113033272217214
2016-05-13,-0.0039188204229494315,-0.004664800113577727,-0.0025634934742500117,-0.0005415142606440493,-0.0004413581197537875
2016-05-16,0.00605746054359928,0.008706431108692958,0.005554630190180943,0.00027419307929490435,0.002790225598856488
2016-05-17,-0.004855549884690313,-0.006361979221691527,-0.0031699317819987582,-0.002532314431319349,-0.00043499924194536634
2016-05-18,-0.0016734431110485225,-0.0008148348341273981,-0.0035037258547211737,-0.0034458626450519004,0.001007381199626145
2016-05-19,-0.003225109394239134,-0.004286532231085716,-0.0016927443016634403,-0.002609221260494965,-0.0010890325111479692
2016-05-20,0.00612497048263363,0.007175657327872553,0.004373232057048671,0.0009727353494719982,0.002874576239956683
2016-05-23,-0.001172793496302804,-0.001366932193686432,-0.0013127302131520247,-0.00010577768254870224,-0.0004689622733330956
2016-05-24,0.007693674333842671,0.00969685131166651,0.008950904669483829,-0.0021787071804607594,-8.002056029070559e-05
2016-05-25,0.005665844409181331,0.006095362406728355,0.006095362406728355,0.0009050056870295254,0.0013458096212760283
2016-05-26,-0.00039910164648377934,-0.00039910164648377934,-0.00039910164648377934,-0.00013162122703826994,-5.344997762894988e-05
2016-05-27,0.0028785734608759105,0.0028785734608759105,0.0028785734608759105,-0.0003533798176421632,-0.0003233907153149196
2016-05-31,0.0002961818218040868,0.0002961818218040868,0.0002961818218040868,0.00015688245659917222,-0.0003303066481581851
2016-06-01,0.0015954404767484997,0.0015954404767484997,0.0015954404767484997,0.0012646379033828593,-0.00015541632654091363
2016-06-02,0.0033484520393112006,0.0033484520393112006,0.0033484520393112006,0.0015178817033262627,0.0006416882202230801
2016-06-03,0.000333459687432025,0.000333459687432025,0.000333459687432025,0.003218528235052398,0.002599103554757698
2016-06-06,0.005395971742276751,0.005395971742276751,0.005395971742276751,0.002319769272225947,0.0030017563398760496
2016-06-07,0.002305058287033479,0.002305058287033479,0.002305058287033479,0.0026600033456478543,0.0007613354279442319
2016-06-08,0.0040387120652496614,0.0040387120652496614,0.0040387120652496614,0.003781515887897169,0.0021605571880464747
2016-06-09,-0.0014669162421207527,-0.0014669162421207527,-0.0014669162421207527,-0.0005841055009186413,-0.0016689488119067896
2016-06-10,-0.008173025087684405,-0.008173025087684405,-0.008173025087684405,-0.005801979131029378,-0.005013813707862913
2016-06-13,-0.005159616280777668,-0.005159616280777668,-0.005159616280777668,-0.0036333645105656397,-0.005049716895970413
2016-06-14,-0.001915314888460462,-0.001915314888460462,-0.001915314888460462,-0.00043710168567943073,-0.001320453881757222
2016-06-15,-0.0004120258716522662,-0.0004120258716522662,-0.0004120258716522662,-0.00025743488393921156,-0.0009803368425400417
2016-06-16,0.0008724058764197906,0.0008724058764197906,0.0008724058764197906,0.00031090902612114225,0.0014177120628790728
2016-06-17,-0.0024106055225092127,-0.0024106055225092127,-0.0024106055225092127,-1.8069599103509582e-05,-0.001265488853765573
2016-06-20,0.003907404538110315,0.003907404538110315,0.003907404538110315,0.0024892997237677904,0.006080132534601668
2016-06-21,0.00028157692919867917,0.00028157692919867917,0.00028157692919867917,-0.0006189679880773457,0.0005543492290933649
2016-06-22,-0.0015605959275009963,-0.0015605959275009963,-0.0015605959275009963,-0.0012814694971726714,-0.0015853573542916831
2016-06-23,0.010519741934490933,0.010519741934490933,0.010519741934490933,0.0065162001663617965,0.004603573892897084
2016-06-24,-0.022697175752256604,-0.022697175752256604,-0.022697175752256604,-0.010428184575162569,-0.0030993097550681913
2016-06-27,-0.014826906414648056,-0.014826906414648056,-0.014826906414648056,-0.00514919709813616,-0.0018733441401430407
2016-06-28,0.015479003143188796,0.015479003143188796,0.015479003143188796,0.0028328583234072504,0.008691262422076362
2016-06-29,0.014633435313481857,0.014633435313481857,0.014633435313481857,0.003176696841971649,0.009208926651193628
2016-06-30,0.0077340260961682224,0.011023428127168455,0.011023428127168455,0.004367396906878285,0.00791365690842052
2016-07-01,0.005245376489491127,0.005025129813573237,0.005025129813573237,0.004189705151723388,0.00402573811485063
2016-07-05,-0.005200966334096391,-0.005679149360189428,-0.005679149360189428,-0.0030247126559872937,-0.002720934117973173
2016-07-06,0.004232272698900396,0.0058438677425682204,0.0058438677425682204,0.004756792098973927,0.0040210077627951925
2016-07-07,-0.001360846335942334,-0.0010847031173121468,-0.0010847031173121468,-0.0015136980121392973,-0.0008447861956516034
2016-07-08,0.012241630567924933,0.014153627811988301,0.014153627811988301,0.011651787355255827,0.010497484677039925
2016-07-11,0.0012152178128352787,0.0017890556409363655,0.0017890556409363655,0.0012152178128352787,0.0003283729826331183
2016-07-12,0.0050023419915252165,0.0050023419915252165,0.0050023419915252165,0.0050023419915252165,0.0017524280722469032
2016-07-13,0.000683040952219316,0.000683040952219316,0.000683040952219316,0.000683040952219316,0.0014316251516376722
2016-07-14,0.002388988496378641,0.002388988496378641,0.002388988496378641,0.002388988496378641,0.0007484434637092585
2016-07-15,-0.0016303651163484755,-0.0016303651163484755,-0.0016303651163484755,-0.0016303651163484755,-0.0012938880958585197
2016-07-18,0.0023889610299781426,0.0023889610299781426,0.0023889610299781426,0.0023889610299781426,0.0018198047875222834
2016-07-19,-0.0010418274678827388,-0.0010418274678827388,-0.0010418274678827388,-0.0010418274678827388,-0.0006900120665745968
2016-07-20,0.0026906267108762205,0.0026906267108762205,0.0026906267108762205,0.0026906267108762205,0.002878566898903956
2016-07-21,-0.0015116876451832574,-0.0015116876451832574,-0.0015116876451832574,-0.0015116876451832574,-0.0005083951856475144
2016-07-22,0.003060788233885392,0.003060788233885392,0.003060788233885392,0.003060788233885392,0.0021267467963781207
2016-07-25,-0.003997534996658836,-0.003997534996658836,-0.003997534996658836,-0.003997534996658836,-0.003108476248011327
2016-07-26,0.0018224122349702276,0.0018224122349702276,0.0018224122349702276,0.0018224122349702276,0.0024307543862244763
2016-07-27,0.003976139069178453,0.003976139069178453,0.003976139069178453,0.003976139069178453,0.0008759491980670608
2016-07-28,-0.00017547478639686753,-0.00017547478639686753,-0.00017547478639686753,-0.00017547478639686753,-0.00039183277743863875
2016-07-29,0.0037272463090090246,0.0037272463090090246,0.0037272463090090246,0.0037272463090090246,0.0025879247452597954
2016-08-01,-0.00322681384308271,-0.00322681384308271,-0.00322681384308271,-0.00322681384308271,-0.002603006304849209
2016-08-02,-0.00457969634849279,-0.00457969634849279,-0.00457969634849279,-0.00457969634849279,-0.00030855068969612984
2016-08-03,0.00425501991030407,0.00425501991030407,0.00425501991030407,0.00425501991030407,0.004225013610165485
2016-08-04,0.0014439674095764854,0.0014439674095764854,0.0014439674095764854,0.0014439674095764854,0.0005777433713651581
2016-08-05,0.005407454384412602,0.005407454384412602,0.005407454384412602,0.005407454384412602,0.006127056061576708
2016-08-08,0.000478962195714705,0.000478962195714705,0.000478962195714705,0.000478962195714705,0.0007778318052027999
2016-08-09,0.00183769337133729,0.00183769337133729,0.00183769337133729,0.00183769337133729,0.0005171578748981998
2016-08-10,-0.0030205256718802255,-0.0030205256718802255,-0.0030205256718802255,-0.0030205256718802255,0.0003467743947199953
2016-08-11,0.0030419627680635885,0.0030419627680635885,0.0030419627680635885,0.0030419627680635885,0.0017251802771571568
2016-08-12,0.0003999011397526786,0.0003999011397526786,0.0003999011397526786,0.0003999011397526786,-2.4217378407864754e-05
2016-08-15,0.0035750396757425417,0.0035750396757425417,0.0035750396757425417,0.0035750396757425417,0.0016300374862075252
2016-08-16,-0.0037843895590809586,-0.0037843895590809586,-0.0037843895590809586,-0.0037843895590809586,-0.0016193265138502943
2016-08-17,0.0016757252430998682,0.0016757252430998682,0.0016757252430998682,0.0016757252430998682,0.0006703926746379873
2016-08-18,0.0038044068078485816,0.0038044068078485816,0.0038044068078485816,0.0038044068078485816,0.0025814021825525725
2016-08-19,-0.0026637892818858642,-0.0026637892818858642,-0.0026637892818858642,-0.0026637892818858642,-0.0009285798435492376
2016-08-22,-6.169220783405204e-05,-6.169220783405204e-05,-6.169220783405204e-05,-6.169220783405204e-05,-0.001650634607666035
2016-08-23,0.002551617591778366,0.002551617591778366,0.002551617591778366,0.002551617591778366,0.00076807260856675
2016-08-24,-0.006225346541010512,-0.006225346541010512,-0.006225346541010512,-0.006225346541010512,-0.0017329712497510918
2016-08-25,-0.001355692142276288,-0.001355692142276288,-0.001355692142276288,-0.001355692142276288,-0.0008718045121385409
2016-08-26,-0.0010608665002923789,-0.0010608665002923789,-0.0010608665002923789,-0.0010608665002923789,-0.0003026371647529835
2016-08-29,0.0053841118984510935,0.0053841118984510935,0.0053841118984510935,0.0053841118984510935,0.003085878477954984
2016-08-30,-0.0019868131158857993,-0.0019868131158857993,-0.0019868131158857993,-0.0019868131158857993,-0.001971233149670082
2016-08-31,-0.0032879732917593606,-0.0032879732917593606,-0.0032879732917593606,-0.0032879732917593606,-0.002206962360861553
2016-09-01,0.00030019405012262637,0.00030019405012262637,0.00030019405012262637,0.00030019405012262637,0.0009276729503703174
2016-09-02,0.0044928912554010325,0.0044928912554010325,0.0044928912554010325,0.0044928912554010325,0.0026873032706621
2016-09-06,0.005897495825094789,0.005897495825094789,0.005897495825094789,0.005897495825094789,0.0014493373583897462
2016-09-07,0.001044298948816702,0.001044298948816702,0.001044298948816702,0.001044298948816702,-5.229296490997237e-05
2016-09-08,-0.002011669155122342,-0.002011669155122342,-0.002011669155122342,-0.002011669155122342,-0.0029078677740727475
2016-09-09,-0.02176379944641015,-0.02176379944641015,-0.02176379944641015,-0.02176379944641015,-0.011266968338694028
2016-09-12,0.011132424483400072,0.011132424483400072,0.011132424483400072,0.011132424483400072,0.007225703923826932
2016-09-13,-0.013433094867809825,-0.014099960504823894,-0.014099960504823894,-0.014099960504823894,-0.00720981647198109
2016-09-14,-0.00022913723571911239,-0.00022103157697254128,-0.00022103157697254128,-0.00022103157697254128,-0.0008591286712509305
2016-09-15,0.008196830336687434,0.008196830336687434,0.008196830336687434,0.008196830336687434,0.0060174431448875906
2016-09-16,-0.0028063749327264078,-0.0025898947211215662,-0.0025898947211215662,-0.0025898947211215662,-0.0033419482995317162
2016-09-19,0.0005232708750319559,0.00016265407672051425,0.00016265407672051425,0.00016265407672051425,0.0005713181541253554
2016-09-20,-0.0004853161253018379,-0.00017914737831411509,-0.00017914737831411509,-0.00017914737831411509,-0.002298629320653789
2016-09-21,0.009784018499858637,0.011775287517701783,0.011775287517701783,0.011775287517701783,0.005433016466133389
2016-09-22,0.004868842381062666,0.006127511263342589,0.006127511263342589,0.006127511263342589,0.0031419545503050374
2016-09-23,-0.0055377464384772646,-0.0056327410857689,-0.0056327410857689,-0.0056327410857689,-0.0030809938883000765
2016-09-26,-0.006695571472846584,-0.0067930422142703836,-0.0067930422142703836,-0.0067930422142703836,-0.005124671808820524
2016-09-27,0.004000295290301293,0.004636594537419947,0.004636594537419947,0.004636594537419947,0.004835994140559563
2016-09-28,0.006185460152262079,0.006331248056132987,0.006331248056132987,0.006331248056132987,0.006290477048585774
2016-09-29,-0.0063321033325620555,-0.007919933974073024,-0.007919933974073024,-0.007919933974073024,-0.005353555745014882
2016-09-30,0.006889781375056414,0.006504254563568979,0.006504254563568979,0.006504254563568979,0.006341656305659205
2016-10-03,-0.002652965071392288,-0.0024473196744981716,-0.0024473196744981716,-0.0024473196744981716,-0.002531505594925465
2016-10-04,-0.006368967135861814,-0.007410629437983307,-0.007410629437983307,-0.007410629437983307,-0.0074981064824387374
2016-10-05,0.005401875166144277,0.005311600001778827,0.005311600001778827,0.005311600001778827,0.004149462845976515
2016-10-06,-0.0014901789318249703,-0.0014819004729214936,-0.0014819004729214936,-0.0014819004729214936,-0.0008593800542217478
2016-10-07,-0.0023144391322174386,-0.0023617730469493335,-0.0023617730469493335,-0.0023617730469493335,-0.0027983022874072394
2016-10-10,0.005839335680897772,0.005839335680897772,0.005839335680897772,0.00543857085224152,0.0042815138217200625
2016-10-11,-0.010013434343168403,-0.011985836152872142,-0.011985836152872142,-0.011836559893862975,-0.007105861800005053
2016-10-12,-0.0006170304038222718,-0.0005107587224911448,-0.0005107587224911448,-0.0005107587224911448,-0.0009205593898918507
2016-10-13,-0.003302316841392439,-0.003302316841392439,-0.003302316841392439,-0.003302316841392439,-0.0021191688609173863
2016-10-14,-0.0023932577251267405,-0.002351865685096688,-0.002351865685096688,-0.002351865685096688,-0.002383136514537909
2016-10-17,-0.0019714668311754504,-0.0016366732925634842,-0.0016366732925634842,-0.001514226096895488,-0.001793901387461838
2016-10-18,0.006035567331847869,0.006369822293233307,0.006369822293233307,0.005173699252628094,0.005361056700623934
2016-10-19,0.0028632442250449697,0.0037938601851688846,0.0037938601851688846,0.00416413843427429,0.002638222415063396
2016-10-20,-0.0006977532176900114,-0.001158165669952671,-0.001158165669952671,-0.0016299257494596486,-0.0014120493085311935
2016-10-21,-0.000665317980564617,-0.0007341387477802774,-0.0007341387477802774,9.102137335560423e-05,-0.001056237660259629
2016-10-24,0.0021337204435113223,0.002800284088433713,0.002800284088433713,0.002986774384152302,0.00036947818208896697
2016-10-25,-0.0025525819123949135,-0.0018453956862441666,-0.0018453956862441666,-0.0015579564689447213,-0.000797263709187579
2016-10-26,-0.002236214041530282,-0.0032798418735573765,-0.0032798418735573765,-0.0026744599687551717,-0.0015543421293157667
2016-10-27,-0.0020543773847856105,-0.0026885144620620526,-0.0026885144620620526,-0.003119917194628552,-0.0012706026712651641
2016-10-28,-0.004456735119644406,-0.004043560751827635,-0.004043560751827635,-0.003377778264881026,0.00012193893741114792
2016-10-31,-0.0009724146419730961,-0.0007810454025231395,-0.0007810454025231395,-0.0005369855442913463,-0.002364505290826302
2016-11-01,-0.005303432790605167,-0.0044142843594448975,-0.0044142843594448975,-0.0045276621899058124,-0.004130483767558657
2016-11-02,-0.005597276726117051,-0.004855814974447137,-0.004855814974447137,-0.005221833813565635,-0.00455280532386283
2016-11-03,-0.004146180200880756,-0.0036994781603513437,-0.0036994781603513437,-0.0027542035826067625,-0.0025023555177199007
2016-11-04,-5.894192615588656e-05,0.0006016570180198078,0.0006016570180198078,-9.512307896574202e-05,-0.00019653527700708162
2016-11-07,0.017658869233187647,0.01580902445272958,0.01580902445272958,0.013251854325444267,0.012118087991342485
2016-11-08,-0.0008146655566126593,0.0020474206815653483,0.0020474206815653483,0.0017687297162125026,0.0006651484124958751
2016-11-09,0.0018843833021159107,0.010978517402235866,0.010978517402235866,0.011643208185923338,0.0002500263224528454
2016-11-10,-0.0009802547924597006,0.0020524969933891635,0.0020524969933891635,0.001832831367835397,0.0014428373666427574
2016-11-11,-0.0022545822113750223,-0.00322484969516057,-0.00322484969516057,-0.0005831957771033402,-0.0007437298240763557
2016-11-14,0.0032423914674645006,0.00036495672128391556,0.00036495672128391556,0.0018085669246272972,0.0006307853280923869
2016-11-15,0.006743241340532935,0.008570783198206578,0.008570783198206578,0.007206298135863387,0.006027949206139693
2016-11-16,-0.0027298496318079236,-0.0008318598152505686,-0.0008318598152505686,-0.00143528131374292,0.0009806871470360967
2016-11-17,0.001213892177993059,0.0017472672036576986,0.0023074046967315074,0.003732505682836118,0.0011824747389707734
2016-11-18,-0.001072212043666565,-0.002136807854248979,-0.0018480616349481505,-0.0009700409246585218,-0.0023773988080754817
2016-11-21,0.007099744324143997,0.0074584216570784175,0.007281570572258977,0.006836811833720202,0.004447510342439976
2016-11-22,0.0020058530103778784,0.0005619785413586764,0.0006296077429948533,0.0006296077429948533,-0.000313784861774713
2016-11-23,0.0008499278961785261,-0.0008020710243960005,0.0015679318931739682,-0.0005409937496388406,-0.0007126800717705328
2016-11-25,0.0014282573216750749,0.0014282573216750749,0.0016929568444969735,0.0014541150765932098,0.0006230623007305369
2016-11-28,-0.0036872144248545125,-0.0036872144248545125,-0.004732218992672066,-0.004732218992672066,-0.002534120871541734
2016-11-29,-0.00027582969045435445,0.0004149256579673022,-0.00019091146989712592,-0.00019091146989712592,-0.0005235830297350974
2016-11-30,0.002095443277854059,-0.0004973925808258173,0.003415375671739851,0.003415375671739851,-0.0020904139123244514
2016-12-01,-0.003353758193245604,-0.004380282723765861,-0.002409148971894104,-0.002409148971894104,-0.0032665378602544813
2016-12-02,0.001186314805333899,0.001186314805333899,-0.0003188553506265568,-0.0003188553506265568,0.0017487054054546648
2016-12-05,0.005566666664205788,0.005566666664205788,0.006385827994104187,0.006385827994104187,0.0036680368956150235
2016-12-06,0.002867181883813552,0.002867181883813552,0.0027629419622292374,0.0027629419622292374,0.0019018906608575415
2016-12-07,0.008188290424650102,0.00970978363549475,0.00935799275421365,0.00935799275421365,0.007194585410247867
2016-12-08,0.002995273006630772,0.0029117331862913874,0.004132093054980124,0.004132093054980124,-0.0006022167724872407
2016-12-09,0.0030108385237362922,0.0024798483024685014,0.0035522066383531837,0.0035522066383531837,-0.0013859333614435032
2016-12-12,-0.0017140945606064274,-0.001184789224858407,-0.002231714568897214,-0.002231714568897214,0.0004191221681134283
2016-12-13,0.0051824676352466015,0.00599195125275317,0.005159513348660649,0.005159513348660649,0.0006814977927933952
2016-12-14,-0.00823068192607378,-0.008746853335460669,-0.005646649525865377,-0.005646649525865377,-0.005228216237269934
2016-12-15,0.002240138567100114,0.0028887248946000478,0.0031042414684802956,0.0031042414684802956,0.0018415370908248184
2016-12-16,-0.0013017157553905534,-0.0012225929210003539,-0.0017332068459158356,-0.0019266461031579364,-0.0006275102249566955
2016-12-19,0.003370305489755665,0.00295349030006391,0.0017949291931521282,0.0018167188426438385,0.0025814853356768363
2016-12-20,0.001978292653820568,0.0021078415544425245,0.0034150288328152257,0.0034150288328152257,0.0002822439035672253
2016-12-21,-0.0013791402276638665,-0.0015009048557852235,-0.001434801752929793,-0.001434801752929793,-0.0006370004267907791
2016-12-22,-0.0017047939266705225,-0.001752948228014295,-0.0014637163745991112,-0.0014637163745991112,-0.0015050003810643698
2016-12-23,0.0019565621605716842,0.00223989588624659,0.0009658484776563836,0.0016405439629156749,0.0013480484384353563
2016-12-27,0.00271023500169123,0.0025143219556906238,0.0020509999205527095,0.0022525538267690105,0.0010906615004623865
2016-12-28,-0.00619221031082291,-0.005946469752598382,-0.00619221031082291,-0.006953685792783215,-0.0024760773954589864
2016-12-29,-0.0009602220846255394,0.0008158301847430271,-0.0010259243410761121,-0.0010180157844694726,0.00040788553466466484
2016-12-30,-0.0029105520915122087,-0.003701596522881767,-0.002874955001410562,-0.002874955001410562,-0.003056476625516269
2017-01-03,0.00646744485482198,0.008271382349242806,0.005753148507156691,0.005753148507156691,0.005729000980925658
2017-01-04,0.004228262473054867,0.005645863834412823,0.00412082517888891,0.00412082517888891,0.004006489800211277
2017-01-05,-0.0019677109752158973,0.0016605865755379035,-0.0019677109752158973,-0.0019677109752158973,-0.0007050824303997949
2017-01-06,0.0024173957349094776,0.0010446695694389496,0.0024173957349094776,0.0024173957349094776,0.000891830046443165
2017-01-09,-0.003183311526549426,-0.001134687645791632,-0.003183311526549426,-0.003183311526549426,0.0001147893141473011
2017-01-10,0.0003214963025186646,0.001032734368067134,0.0003214963025186646,0.0003214963025186646,-0.0006732093848958121
2017-01-11,0.0033822254202075853,0.003021251042439721,0.0033822254202075853,0.0033822254202075853,0.0013117268618079714
2017-01-12,-0.0029706031593904614,-0.00273143691577451,-0.0029706031593904614,-0.0029706031593904614,0.0005049101075293438
2017-01-13,0.001835082938095345,0.0017214072934063518,0.001835082938095345,0.001835082938095345,0.0005314062236940642
2017-01-17,-0.004463585457691354,-0.0024883343040185803,-0.004463585457691354,-0.004463585457691354,-0.0006176373346923891
2017-01-18,0.0015447842431419057,-0.0007094761962841645,0.0015447842431419057,0.0015447842431419057,6.883075131566274e-05
2017-01-19,-0.0036629187769428584,-0.004107185793879853,-0.00269570943968086,-0.00269570943968086,-0.000991223682659459
2017-01-20,0.0024885758139799653,0.0027325475983150495,0.002945392153581006,0.002945392153581006,0.0016213810574293385
2017-01-23,-0.0016282929528286805,-0.0009850962173738932,-0.002213590066971538,-0.002213590066971538,0.0006855378443954341
2017-01-24,0.005316304572700559,0.004537334119945291,0.006361744900051591,0.006361744900051591,0.002736856058211101
2017-01-25,0.007251112775123425,0.005624070166057271,0.006762213322782107,0.006762213322782107,0.0014300117197978746
2017-01-26,-0.0006328007402934376,-0.0015600204406287844,-0.0001949234839849656,-0.0001949234839849656,-0.00044025501613214056
2017-01-27,0.0002525527923106563,9.98929090109124e-06,-0.00137776135685016,-0.00137776135685016,0.00014262833268144926
2017-01-30,-0.007032398423840269,-0.007226245358061889,-0.006860873224061248,-0.006860873224061248,-0.0025176287883673432
2017-01-31,0.003059188183008077,0.0025657154995220475,-0.0011156520807839687,-0.0011156520807839687,-0.0003766779720639879
2017-02-01,0.00033076358669976714,0.0008973936515862757,0.0009535907348512063,0.0009535907348512063,-0.0014455312420911914
2017-02-02,-0.0011121459198259465,0.00018481747461158716,-0.00030063273569933544,-0.00030063273569933544,-0.00042363854914463374
2017-02-03,0.007332292243106808,0.007582638345226345,0.006938378846187932,0.006938378846187932,0.0036863819379008957
2017-02-06,-0.0014107494672139231,-4.211140658393342e-05,-0.0021110784582936692,-0.0021110784582936692,-0.00034415752138017286
2017-02-07,-0.0010990968693351255,-0.0005679193052302467,-0.0011969828019560923,-0.0011969828019560923,0.0005072744866252199
2017-02-08,-0.00033446478520773317,0.0016468699464287973,-0.00018081596448066284,-0.00018081596448066284,0.00043348830573247676
2017-02-09,0.006139701181729129,0.004224757587474282,0.005775854140615056,0.005775854140615056,0.001093638346817638
2017-02-10,0.0035214360849265434,0.0037369722398737483,0.0033353917385840147,0.0033353917385840147,0.0006730866128181745
2017-02-13,0.004632820230084667,0.003482539984887445,0.0038651941000633627,0.0038651941000633627,0.0002466347617968934
2017-02-14,0.004152085310900477,0.003540686530306603,0.003363721368684569,0.003363721368684569,0.0010716509752275005
2017-02-15,0.004219579179974476,0.004085762536401583,0.0030171662572569978,0.0030171662572569978,0.0005589066527396325
2017-02-16,-0.0013128098053516001,-0.0007764071666269024,-0.0017234329369915202,-0.0019362216784572506,-0.0008689346894627081
2017-02-17,0.0012631948522095371,0.0007324027336207517,0.0003416129512425092,-8.887079960666622e-05,0.0006805491226989479
2017-02-21,0.00458667415952958,0.0044716147512907315,0.004138635769056776,0.004138635769056776,0.0020672052452022417
2017-02-22,-0.0007810739851630055,-0.00147772534592715,-0.001631470012045666,-0.0017085258576638785,-0.001634440298267481
2017-02-23,-0.0007547986587427502,0.0015809269966047812,-0.000322764033672962,-0.0002645039136232374,0.0018459508216725929
2017-02-24,-0.0006947328243020578,0.001054669492024729,-0.00117847304723524,-0.0005827722262795598,0.0010971346135039916
2017-02-27,0.003241909472272664,0.0021672741133231255,0.002760516042524153,0.003241909472272664,0.0002589495097053196
2017-02-28,-0.003291161904565465,-0.0028278020534281633,-0.0030915427626152514,-0.003291161904565465,-0.0005430633771868032
2017-03-01,0.013051350191762867,0.011233132584718974,0.012398654355139649,0.013051350191762867,0.003252656953911426
2017-03-02,-0.005904677136377534,-0.007886379425316836,-0.006283345152980568,-0.006283345152980568,-0.004370583732059341
2017-03-03,0.0019807658291768225,0.001312401102755767,0.0011114672801410541,0.0011114672801410541,7.111129226277102e-05
2017-03-06,-0.003853969083037423,-0.003631713685612603,-0.0024818061308025884,-0.0024818061308025884,-0.0012383749300200586
2017-03-07,-0.0033612244020899797,-0.0042482744751240805,-0.0031398641885357127,-0.0031398641885357127,-0.002072240703070738
2017-03-08,-0.0015432224307332931,-0.004144235645146788,-0.0029819591670586674,-0.0029819591670586674,-0.003584934328275191
2017-03-09,0.0005318136468257073,7.400288201999671e-05,0.0013849672275889624,0.0013849672275889624,4.853395461018595e-05
2017-03-10,0.0027033288236049113,0.0027033288236049113,0.002133951617720298,0.002133951617720298,0.002001527618720189
2017-03-13,1.065861199933682e-05,1.065861199933682e-05,0.000624334600018528,0.0004601234992973713,-0.0003511994009655073
2017-03-14,-0.003358422896183,-0.003358422896183,-0.0032986724453565653,-0.002580056940044495,-0.0009352275924496723
2017-03-15,0.010615176090509026,0.010615176090509026,0.007527222958847435,0.00610456351499652,0.003443573069121286
2017-03-16,-0.00044064880225525016,-0.0017492464723016354,-0.0016558557514332994,-0.0019154169482888729,-0.0012751403994036513
2017-03-17,-0.0013011099710659169,-0.0004310683530919457,-0.0012814187015644629,-0.0012814187015644629,-4.586317841925869e-06
2017-03-20,-0.0009020511035632728,-0.000615469966279547,-0.001489825868525685,-0.001489825868525685,0.0002675016813317499
2017-03-21,-0.01097582808410722,-0.010847916816212699,-0.012555345067485712,-0.012555345067485712,-0.006257058263650838
2017-03-22,0.0017607701430138456,0.00190643515588651,0.001262274566696342,0.001262274566696342,0.0013667566883610483
2017-03-23,-0.0007261263610473856,-0.0008671056939357213,-0.0005914771481854375,-0.0005914771481854375,-0.0005742262134721399
2017-03-24,-0.0002945265862727586,6.251193549027257e-05,-0.00045463650818895475,-0.00045463650818895475,-0.00024389463481720995
2017-03-27,-2.4798686483962217e-05,0.00043019383129162537,-0.0005884855159512647,-0.0005884855159512647,-0.0009550586543588091
2017-03-28,0.004850894865474076,0.005354347369664813,0.0064313342003043065,0.0064313342003043065,0.002115879009681043
2017-03-29,0.00042833808506640423,0.0024459262407958817,0.0016054486409965095,0.0016054486409965095,-9.713336477041867e-05
2017-03-30,0.0010708880987083003,0.001512601593443319,0.003040897720214131,0.003040897720214131,-6.303756385261927e-06
2017-03-31,-0.0012089382583976515,-0.001584941647614635,-0.0020867579476681166,-0.0020867579476681166,-0.0010886365219505922
2017-04-03,-6.344006478200547e-05,-0.00018877215702730598,-0.0017281518514409067,-0.0017281518514409067,0.0005488042381379566
2017-04-04,-0.00046819334700992643,0.0006080982076208996,0.000924347464351738,0.0003583318253621903,4.724816592658332e-05
2017-04-05,-0.002443200030500392,-0.0035172783115711035,-0.0038230337533214586,-0.004702255948929035,-0.0019251810095371135
2017-04-06,0.001709424011457561,0.002473120513150373,0.0029892306838474212,0.0029892306838474212,0.001024833696735794
2017-04-07,-0.0013741577012494899,-0.001089617351746952,-0.0009202453416269907,-0.0009202453416269907,-0.002093909466079069
2017-04-10,-0.00011536344828210199,0.0009091913073049906,0.00044524371988960974,0.00044524371988960974,0.0010145446033224981
2017-04-11,0.001005912902353845,0.0018152292874901942,-0.000581210258130993,-0.000581210258130993,8.409914590900014e-05
2017-04-12,-0.0023029162693718576,-0.002864387942421609,-0.0040965394946580694,-0.0031477176017611465,-0.002145891164416791
2017-04-13,-0.0038207544724418673,-0.005647957314915996,-0.006432067267833619,-0.005922355409550439,-0.004889724341945656
2017-04-17,0.006391001228138804,0.006412208942026565,0.007013673322068948,0.006424777160331696,0.0038697778954163266
2017-04-18,-0.0024498567426655014,-0.002164423112639069,-0.00394693281419396,-0.0030780863285904125,-0.0023350829899742354
2017-04-19,-0.004296917493385888,-0.0032562583743812714,-0.0018234751088230805,-0.0010462051938276095,-0.0001727383846024888
2017-04-20,0.00607511428812676,0.007349161947176108,0.0075472532002996305,0.0072494982951405,0.002856562137087426
2017-04-21,-0.0018619259333816584,-0.0027348650865183675,-0.003021843175029737,-0.002235836460990592,-0.0018357268889281797
2017-04-24,0.006184078517939939,0.008429332714175031,0.009601700525376233,0.00833306131139494,0.004971384808674706
2017-04-25,0.0029703000490135744,0.003857139677335053,0.0054222351985911965,0.004210551303797471,0.0010279725746997648
2017-04-26,0.0011665207792179943,0.0012715335956850148,0.0005636015878706547,0.0004803534256506259,0.0001162614667072348
2017-04-27,0.0004530459546249643,-0.0006412098857358495,0.0008581773782641133,0.0007832780423040142,0.0004949102615973477
2017-04-28,-0.0013834497047949478,-0.0014449862753774135,-0.00205545444615427,-0.002146967902824515,-0.0003863338107477854
2017-05-01,0.0005975046952227502,0.0012349720427178746,0.0032571493629123373,0.0032571493629123373,-0.00013638311437913497
2017-05-02,0.00028747585735721114,0.00016078996903016174,0.0001680812779288776,0.0001680812779288776,-7.53562281894049e-05
2017-05-03,-0.002733970297068067,-0.0019305861574774208,-0.0008829252295528445,-0.0008829252295528445,0.00028215817795868015
2017-05-04,-0.002746959342675659,-0.0025792134602805163,0.000759085601206988,0.000759085601206988,-2.110180039309739e-05
2017-05-05,0.0038565705747839797,0.0036891056079751184,0.0018253857586310596,0.0018253857586310596,0.001771314574712224
2017-05-08,-0.00037972066001271674,-0.0004635888321796733,-0.00041035968905006603,0.00026735627325232827,-0.00034010241494133455
2017-05-09,-0.0001352412277998427,-0.0014956054809841524,-6.167858926054981e-05,-0.0008877735559406408,-0.0007939691996893816
2017-05-10,0.0007563881636925118,0.0024173602657064364,0.0012182260630013264,0.0025420649481896263,0.0007136976216310376
2017-05-11,-0.0007526881782003114,-0.0015882335174504437,-0.0017790829609303227,-0.0014769890939412944,-0.0007081583928087775
2017-05-12,0.0005113133710330509,-0.0002420730575699248,-0.0009423747360027158,-0.0009423747360027158,0.0009285108606042813
2017-05-15,0.004329230632645986,0.004836529641026455,0.0040608227430047,0.0040608227430047,0.0023598967495322976
2017-05-16,0.000986098331356078,0.0010578729060831903,0.0007487265047759761,0.0007487265047759761,0.0014589677328525675
2017-05-17,-0.011253063118716045,-0.013570190712373443,-0.01585969124458949,-0.015069830452741916,-0.005586150900803976
2017-05-18,0.002640311581315924,0.002563105861742221,0.0032973765697007495,0.002592856552635747,0.001956657751454183
2017-05-19,0.00538856460605226,0.0059333046587232595,0.0039675198691975,0.0046990706929722625,0.0023008130534199144
2017-05-22,0.004391646123930093,0.0036927886496685215,0.003769177804794266,0.003913110207377024,0.002127925631307914
2017-05-23,-1.395118858568134e-05,0.0010855318206821284,0.0012829480711953668,0.000850005461357084,-0.00013577035116855152
2017-05-24,0.00258515076643242,0.0021440830343658623,0.0021097021114988568,0.0026728053993742675,0.0016865827619263695
2017-05-25,0.00287064012905488,0.0012242327213988213,0.0030078555732173107,0.0030402742108572743,0.0019601589893097236
2017-05-26,0.0010441307893654494,0.0010518973453795156,0.0007161114020428405,0.000886488815938713,0.0002755246199699801
2017-05-30,-0.0018371649339310014,-0.002514838906912642,-0.0016726919327766487,-0.0011786863700629646,0.0004157398141334645
2017-05-31,0.0005284731994316227,-0.0006553641909203267,-0.0004791746679341458,-0.0002293497889751084,-0.0008973262445939323
2017-06-01,0.004556900074927639,0.007099481967194565,0.006462532513827934,0.006472983114368525,0.0024974852473299337
2017-06-02,0.0035159248622067428,0.004316473556068612,0.004286473386907829,0.005470587952656569,0.0028049069832881248
2017-06-05,-0.0012750470571488148,-0.0011044920187499251,-0.0006678524402410124,-0.0012888093782600252,-0.0014300191878757085
2017-06-06,0.0013707588492345324,0.0009450343194031818,-0.0007804953380659452,-0.00023581766895715007,-0.0014192887380662157
2017-06-07,0.0005061807368226146,-0.00022199454773804694,0.001665547078794871,0.0011875461320258961,0.0010988417361367908
2017-06-08,0.0006966955492407112,0.0014648632750267731,0.0020211316602174235,0.0017569532935133524,0.0011215456135037383
2017-06-09,-0.002208334903591258,-0.0003207716674377248,-0.002573455559777471,-0.002725944675688996,-0.00482858295400862
2017-06-12,-0.0009073787616292628,-0.0008317509689699576,-0.0015072666975344707,-0.0015394005845150826,-0.0018782400613326367
2017-06-13,0.003307230084832491,0.004588788242970798,0.0038252848127260817,0.0038413288996994367,0.0013825200868758936
2017-06-14,5.9101893763369163e-05,-0.0015877675207204955,-0.0013210759435180464,0.00022257550353610434,0.0011420207356859446
2017-06-15,-0.0023420709420359787,-0.0035057062920840322,-0.0025917724690569187,-0.002750087966309711,-0.00025438938258318664
2017-06-16,-0.00033248061115538353,0.0012108594061360557,-0.0006417044891739554,-0.0004435101405947606,0.0010049225863953959
2017-06-19,0.005505154701210391,0.005900930484241396,0.006676816281132547,0.006534394201155524,0.0033510147069034215
2017-06-20,-0.0024989292340486967,-0.0046297417706424706,-0.004250294766932361,-0.0033546693695127305,-0.0007342210447538466
2017-06-21,0.0014360666960480106,0.0003599275246461087,0.0020739126601092006,0.0019743012507934645,-0.0006824363640906328
2017-06-22,0.0018024463082278008,0.0011808042268702356,0.001243323267059282,0.001243323267059282,0.0005366188451364273
2017-06-23,0.00199931779554009,0.0023279323459236114,0.0016555311381249104,0.0016555311381249104,0.0006513641948936444
2017-06-26,-0.00014081452116257998,-0.001045883314189955,-0.0008284227667420763,-0.0008284227667420763,0.0006389095351483021
2017-06-27,-0.00683293430743096,-0.00683293430743096,-0.006677258076878867,-0.006677258076878867,-0.0032825112600437857
2017-06-28,0.008211382041662774,0.008126821789158745,0.007581140497119543,0.007581140497119543,0.00414419273123301
2017-06-29,-0.0065717001719741595,-0.007086895407856753,-0.007303985060329354,-0.007303985060329354,-0.0052584244289403895
2017-06-30,-0.0002798709061587079,1.609346258967248e-05,-0.000432631189530841,-0.000432631189530841,-0.0006728501263692288
2017-07-03,-0.00047617656812825037,0.0014492548305669595,-0.00047617656812825037,-0.00047617656812825037,-0.0017236977774143236
2017-07-05,0.0030383391465398034,0.0010132786468440512,0.0030383391465398034,0.0030383391465398034,0.0028250780634540675
2017-07-06,-0.007622140063244765,-0.00873276287985062,-0.007622140063244765,-0.007622140063244765,-0.005669751365942643
2017-07-07,0.003974555155546089,0.0036965131578192145,0.0038524963019921253,0.0038524963019921253,0.002279485093879552
2017-07-10,0.001356136525202667,0.001356136525202667,0.001028038218162164,0.001028038218162164,0.0012597714223721579
2017-07-11,0.0001408385456805883,0.0005646361816007861,1.9643558517135062e-05,1.9643558517135062e-05,0.0005501900128763837
2017-07-12,0.006640083523653151,0.0069188355096228005,0.006640083523653151,0.006640083523653151,0.004606790217210821
2017-07-13,0.0007958689257880347,0.001057822321428381,0.0006562660455419755,0.0006562660455419755,0.001110286493968493
2017-07-14,0.003042510452636682,0.004462671496527504,0.0038627461206951707,0.0038627461206951707,0.0005490338206196709
2017-07-17,-0.0001382802553801077,0.00018469238835494561,0.0003070432758437991,0.0003070432758437991,-0.0004469198844275657
2017-07-18,0.0014646137240522327,0.0016891577964391446,0.00216373529317454,0.00216373529317454,0.0001443303269274998
2017-07-19,0.003812453201014021,0.005248366292624418,0.003787054183875882,0.003787054183875882,0.0013132560503738456
2017-07-20,0.001301431749872739,0.001133696246856808,0.0014369297429569273,0.0014369297429569273,0.0007358586483723562
2017-07-21,-0.0005901702421528543,-0.0007159352208409908,0.0002724856195600034,0.0002724856195600034,-0.000498840882864815
2017-07-24,0.0006301809572705986,0.0004878060325607114,0.0006721023235859769,0.0006721023235859769,-0.0002048085200011984
2017-07-25,0.00029123474791783457,0.0012260720843654481,-3.564430465854418e-05,-3.564430465854418e-05,-0.0026193906174604375
2017-07-26,-0.0002511322309653896,0.0006625214141025348,0.0005561324000925461,0.0005561324000925461,0.0005414080952937383
2017-07-27,-0.0033640938542588428,-0.002114183112228785,-0.003131178729071393,-0.003131178729071393,-0.0027177571737395656
2017-07-28,0.0014125311767887005,0.0012923029814772779,0.0014125311767887005,0.0014125311767887005,0.0009633671758765061
2017-07-31,-0.000167484422596198,5.818730565436692e-05,-0.000167484422596198,-0.000167484422596198,-0.0002972506151228127
2017-08-01,0.0025692093822216044,0.0025541860969734765,0.0025692093822216044,0.0025692093822216044,0.0013385376521103053
2017-08-02,-0.00047612251394874017,-0.0008514149844467522,-0.00047612251394874017,-0.00047612251394874017,-0.0004384253441028885
2017-08-03,-0.00023041626523089275,-0.0016318949085326717,-0.00023041626523089275,-0.00023041626523089275,-0.00027338817656370474
2017-08-04,0.00035310578902560954,0.00044923488266133125,0.00012826572251258827,0.00012826572251258827,0.0002222864650088696
2017-08-07,0.001007544817428241,0.001007544817428241,0.001769290038553295,0.001769290038553295,0.0014623243094810557
2017-08-08,-0.0019806767143707325,-0.0019806767143707325,-0.0017504318195683322,-0.0017504318195683322,-0.0007431668958696735
2017-08-09,0.0008233619290005878,0.0008233619290005878,0.0007310566219082881,0.0007310566219082881,0.001063292109751246
2017-08-10,-0.010695810109462944,-0.010695810109462944,-0.00963510080841481,-0.00963510080841481,-0.0038781734139848867
2017-08-11,0.0015340169216419897,0.0015340169216419897,0.0021866012374803234,0.0021866012374803234,0.0008188450926565171
2017-08-14,0.006499701960047966,0.006499701960047966,0.006796862264102621,0.005808638358166951,0.005662640224102578
2017-08-15,-0.0010526596577770109,-0.0020131106310798397,-0.0016366282510020592,-0.0018718766087672868,-0.00028005026416240143
2017-08-16,0.0007856728061163221,0.001031759906339802,0.0019922329867194223,0.002109526085924229,-0.00022304358864898565
2017-08-17,-0.0117162979366221,-0.0117162979366221,-0.010301355732163864,-0.008475111015160297,-0.004988510811983438
2017-08-18,-0.0007827339697349056,-0.0007827339697349056,-0.001282661837725796,-0.0012752358983238788,-0.0008951021078749455
2017-08-21,0.00021788872287481498,0.00021788872287481498,0.000731389617220235,0.0007980696203099824,-0.00013555957744770808
2017-08-22,0.008182027609878384,0.008182027609878384,0.007520727415285533,0.00643789849453189,0.005348805821335745
2017-08-23,-0.0015056520792599449,-0.0010597106117987477,-0.001492359561799339,-0.001330957854780246,-0.0023851271799785302
2017-08-24,-0.0015208362991895208,-0.0007475611484504485,-0.0008113957912491588,-0.0011200375920288996,-0.0008738763901483315
2017-08-25,0.001242591923378611,0.0019747285356070733,0.0015283234969273086,0.001242591923378611,0.0010735962821501355
2017-08-28,0.0018717531482960402,0.0018510887625691863,0.002295509882974489,0.0018717531482960402,-0.00010461207285973328
2017-08-29,0.0012085039230004258,0.0011027341102196164,0.0012303219505748642,0.0018907919732416233,-0.00041932970859410724
2017-08-30,0.0033708302261009292,0.004058743283629884,0.004010845696856824,0.0029320189131609832,0.0007434448391554161
2017-08-31,0.005836041936945424,0.0072976603128775295,0.006818940669231522,0.006002500645779019,0.0040139522413843
2017-09-01,7.29135656510449e-05,0.0012713776359762452,0.00030267730222706125,9.066951716665272e-05,-0.0011193354081411532
2017-09-05,-0.004358204568288582,-0.0038077171312826397,-0.004358204568288582,-0.0036510476964000116,-0.0018602850234282985
2017-09-06,0.0009634042241226104,0.002439200255918872,0.0008124170988322299,0.0008859966625094695,0.0002853924545000774
2017-09-07,0.0019445405027934126,0.0018782466692955913,0.0016935532619960282,0.003421955458970549,0.0008850294105779199
2017-09-08,-0.0007141311609929369,-0.0016951545155207582,-0.0006350539606392869,-0.001556334476242227,0.0006706644505815485
2017-09-11,0.004718704962504672,0.006714654568952538,0.005767420081378616,0.0040246930988307224,0.004715336422945182
2017-09-12,0.0025848456859242086,0.003507105265541699,0.002891801844955988,0.001709088395960201,0.0026537853249456677
2017-09-13,-0.0008562036564987663,0.0003974283355129726,-0.0008562036564987663,-0.0007446157593670177,-0.0012958881533497446
2017-09-14,-1.698946027647308e-05,0.0004661704912131248,-1.698946027647308e-05,-1.698946027647308e-05,0.0011928695719053972
2017-09-15,0.0010764265032155661,0.0013123880660165122,0.0010764265032155661,0.0010764265032155661,1.5617785029575782e-05
2017-09-18,0.0008062178920510421,0.0012314795756631636,0.0008062178920510421,0.0008062178920510421,-0.0002944034250160654
2017-09-19,0.0008364969414054402,0.0012448665801375381,0.0008364969414054402,0.0008364969414054402,0.0012372502592222334
2017-09-20,-0.00025426425791934547,0.000423533526222597,-0.00025426425791934547,-0.00025426425791934547,-0.0005237342328659356
2017-09-21,-0.002812643862320896,-0.002782711806841398,-0.002812643862320896,-0.002812643862320896,-0.001330026022972841
2017-09-22,0.0009026808918502826,0.001411207563955963,0.0009026808918502826,0.0009026808918502826,0.0017344532986755313
2017-09-25,-0.0012077126062951193,0.00023570703827121564,-0.0012077126062951193,-0.0012077126062951193,0.00032447482165485206
2017-09-26,-0.0005540154058411128,-0.0005979927593764533,-0.0005540154058411128,-0.0003982368912034295,-0.001134371601244799
2017-09-27,0.0031923930739581772,0.003617985015704006,0.0031923930739581772,0.003617985015704006,0.0017577795713169086
2017-09-28,0.0008184593142169571,0.0009061284727098107,0.0008184593142169571,0.0009875459235411555,0.0003997640763432786
2017-09-29,0.0028546027046161605,0.00284000937871699,0.0028546027046161605,0.0028546027046161605,0.0001733798292145261
2017-10-02,0.003555175877863648,0.0035259606538874055,0.003555175877863648,0.003555175877863648,-0.0001777989760098131
2017-10-03,0.0017945095677255663,0.0016922709870422104,0.0017945095677255663,0.0017737426289248903,0.001310365213258924
2017-10-04,0.00021859317949407542,0.00014547117586515278,0.00021859317949407542,0.00016858574090038435,-0.00021048124793154876
2017-10-05,0.0035446383913307787,0.00399827621144927,0.0035446383913307787,0.0035446383913307787,0.0010663947412484442
2017-10-06,0.00016477413677036258,-0.0006801024288102808,0.00016477413677036258,0.00016477413677036258,-0.0018146620484469466
2017-10-09,-0.0007392547639037406,-0.00012000271807789397,-0.0003256595403118845,-0.0003256595403118845,6.955557491418185e-05
2017-10-10,0.0016665391948266883,0.002245965847924447,0.002157989503984714,0.002157989503984714,0.0008373776864274874
2017-10-11,0.001454296899141172,0.001618027845257275,0.001383660282033683,0.001383660282033683,0.0007408193254442974
2017-10-12,-0.0015630048730011393,-0.0015024320749275288,-0.0011370763311622013,-0.0011370763311622013,-0.0009187223076630557
2017-10-13,0.0008334441556924754,0.002186388931646055,0.0022450357902989216,0.0015537665741374273,0.0014722567483208327
2017-10-16,0.0009491286030607227,0.0007444726103925103,0.0005243750764964417,0.0007444726103925103,0.0011567971415942235
2017-10-17,0.0004332151216584146,0.0004332151216584146,0.000374622087500609,0.0004332151216584146,0.0002109765755504256
2017-10-18,0.0003427815492357822,0.0003427815492357822,0.0010452344449971228,0.0003427815492357822,-0.00047073703289973734
2017-10-19,0.0007304809658863376,0.00043698807706490375,0.0007465021609740607,0.00023060816117824733,-0.001488525854752476
2017-10-20,0.0034815781751708188,0.0024202650677112468,0.0022280529446866205,0.002950072115673619,0.0007946140185206896
2017-10-23,-0.0031719901734961085,-0.002976809176835704,-0.0024603543919947566,-0.002976809176835704,-0.001754232000861844
2017-10-24,0.0007691290740197809,0.0007691290740197809,0.0005763226953990452,0.0007691290740197809,0.0013465404641918254
2017-10-25,-0.0042779327017662405,-0.0042779327017662405,-0.003582156864344266,-0.0042779327017662405,-0.0020976453194243238
2017-10-26,-0.0006755635554042017,-0.0006755635554042017,-0.0008842638233159117,-0.0006755635554042017,0.0005980194875845557
2017-10-27,0.008467085985084577,0.008467085985084577,0.0082885914699106,0.00798491673198155,0.0059206505173026395
2017-10-30,-0.0011519375686507515,-0.0011519375686507515,-0.0016717315992771597,-0.0007694583184511217,0.0010116877843182603
2017-10-31,0.0014100703322917907,0.001329890608277362,0.001004903760984288,0.001329890608277362,0.0011193854911922484
2017-11-01,0.00127989906985273,0.002032344526070884,0.0008984730105342509,0.002032344526070884,0.002048387071529634
2017-11-02,0.0008121042694635205,0.0012204798567575724,0.0015117004840988213,0.0012204798567575724,0.000179234528772243
2017-11-03,0.002911928789869589,0.00262752660082165,0.00233545540190262,0.00262752660082165,0.002354863373073224
2017-11-06,0.0038884736515271247,0.004022401236512196,0.0017364324386530128,0.004022401236512196,0.002723712659730071
2017-11-07,-0.002203169598289667,-0.0023998387702492074,-0.0026199587827002713,-0.0023998387702492074,0.0003605209726344705
2017-11-08,0.00031038478298930363,0.0006568893388160691,0.0006568893388160691,0.0006568893388160691,-0.0007218381292782405
2017-11-09,-0.002666094406012942,-0.0022550116046557655,-0.0022550116046557655,-0.0022550116046557655,-0.001067379356337561
2017-11-10,-0.003226651422104998,-0.0040454510802471425,-0.0040454510802471425,-0.0040454510802471425,-0.0027807390230024987
2017-11-13,0.00019778184158542045,0.00034638277385427017,0.00034638277385427017,0.00034638277385427017,-0.000447962610087449
2017-11-14,-0.0026216565364440836,-0.002415572944793487,-0.002415572944793487,-0.002415572944793487,-0.00013746927865413428
2017-11-15,-0.003181721931747561,-0.002855408531911574,-0.002855408531911574,-0.002855408531911574,-0.0007877762610462913
2017-11-16,0.006025782559047221,0.005634641333683188,0.005634641333683188,0.005634641333683188,0.003499718042873101
2017-11-17,-0.0005410992541778903,0.0006615358908978131,0.0006615358908978131,0.0006615358908978131,-0.0008739281128906984
2017-11-20,0.0007852186153450181,2.648987395384994e-05,2.648987395384994e-05,2.648987395384994e-05,0.00043196984133306857
2017-11-21,0.0058839456924618,0.006398034407914111,0.006398034407914111,0.006398034407914111,0.0031101356316663776
2017-11-22,-0.00032890223239312455,0.0005928285695961488,0.0005928285695961488,0.0005928285695961488,-0.00011960991821367007
2017-11-24,0.0014432748572168696,0.0012731587121941113,0.0012731587121941113,0.0012731587121941113,0.0004494443050180319
2017-11-27,-0.0007201017122479336,-0.0010212546758080587,-0.0010212546758080587,-0.0010212546758080587,-5.5233968316747985e-06
2017-11-28,0.008270004293769295,0.008498667749913869,0.008498667749913869,0.008498667749913869,0.002837578088958326
2017-11-29,-0.0020851286415745187,-0.0020851286415745187,-0.0020851286415745187,-0.0020851286415745187,-0.0045468365998859285
2017-11-30,0.006238854711442143,0.006010008461057615,0.006010008461057615,0.006010008461057615,0.002247605674408781
2017-12-01,0.0009699497522841161,0.000887389464118582,0.000887389464118582,0.00030071406638361166,7.533860373176715e-06
2017-12-04,-0.003014008884160979,-0.003014008884160979,-0.003014008884160979,-0.0026768133540488793,0.0010088584615168816
2017-12-05,-0.0030604195517614508,-0.0030604195517614508,-0.0030604195517614508,-0.002350730982537341,-0.0006265249306077969
2017-12-06,-0.0011251364969923738,-0.0011251364969923738,-0.0011251364969923738,-0.0009173572411462327,0.0007776783606801118
2017-12-07,0.0008210548354850355,0.0008210548354850355,0.0008210548354850355,0.0021369554227012475,0.0013043991701579439
2017-12-08,0.004721689115948502,0.004721689115948502,0.004721689115948502,0.0047301240108899465,0.0009705907913703515
2017-12-11,0.002419363391360241,0.002419363391360241,0.002419363391360241,0.0028160558351367436,0.00010545249865450135
2017-12-12,0.0014250416660558595,0.0014250416660558595,0.0014250416660558595,0.0013064081713400455,0.0015859340504496
2017-12-13,0.0017370954846199216,0.0017370954846199216,0.0017370954846199216,0.000873788984498558,0.0007707823670538572
2017-12-14,-0.0037093476868027887,-0.0038020288745222674,-0.0038020288745222674,-0.0036006376959898056,-0.002486920672802928
2017-12-15,0.007326059092026671,0.007536266776680256,0.007536266776680256,0.007326059092026671,0.004815448581731163
2017-12-18,0.005128468081632742,0.005589957467728945,0.005589957467728945,0.00516202245993147,0.002386416292866467
2017-12-19,-0.004238868058685341,-0.004163701988888846,-0.004163701988888846,-0.004163701988888846,-0.004013707467884808
2017-12-20,-0.00032437365772859384,-5.730664417555875e-05,-5.730664417555875e-05,2.8603658693304725e-05,0.0009807687227202267
2017-12-21,0.004028391387223595,0.004169891445329954,0.004169891445329954,0.003587068642677904,0.0013184464614383051
2017-12-22,-0.0007534615954500557,-0.00022981028167984308,-0.00022981028167984308,-0.0003662671716030519,-0.0006338581756072381
2017-12-26,-0.00041710044327900595,0.0002691854711456054,0.0002691854711456054,-2.7302909806525833e-05,0.0008499125147577669
2017-12-27,0.0005165809576432423,0.0017916252207563544,0.0017916252207563544,0.001281841077018342,0.0011552981638429326
2017-12-28,0.0018949847905005645,0.002262790342409715,0.002262790342409715,0.002262790342409715,0.0011472877760852263
2017-12-29,-0.004109692323174374,-0.003458489179752,-0.003458489179752,-0.003458489179752,-0.0025350892521501245
2018-01-02,0.007847629107955311,0.007847629107955311,0.007847629107955311,0.007847629107955311,0.003082378072550118
2018-01-03,0.006123424615544393,0.006123424615544393,0.006123424615544393,0.006123424615544393,0.0038258967364938833
2018-01-04,0.004199761314412842,0.004199761314412842,0.004199761314412842,0.004199761314412842,0.002522017423412759
2018-01-05,0.004480564975233847,0.004480564975233847,0.004480564975233847,0.004480564975233847,0.003614352112131969
2018-01-08,0.0010688500693827319,0.0010688500693827319,0.0010688500693827319,0.0010688500693827319,0.0002809694689483777
2018-01-09,0.00022926468116487574,0.00022926468116487574,0.00022926468116487574,0.00022926468116487574,-0.0010802227103462903
2018-01-10,-0.00013432649979459033,-0.00013432649979459033,-0.00013432649979459033,-0.00013432649979459033,-0.0007626098153311167
2018-01-11,0.008030996955240077,0.008030996955240077,0.008030996955240077,0.008030996955240077,0.006335829937970572
2018-01-12,0.007301985125834043,0.007301985125834043,0.007301985125834043,0.007301985125834043,0.003579590274890687
2018-01-16,-0.002793833899681486,-0.002793833899681486,-0.002793833899681486,-0.002793833899681486,-0.00034149979589349623
2018-01-17,0.0073992389461653985,0.0073992389461653985,0.0073992389461653985,0.0073992389461653985,0.004463455671677152
2018-01-18,-0.003091329146578825,-0.003091329146578825,-0.003091329146578825,-0.003091329146578825,-0.0028090738320649122
2018-01-19,0.003357461692168495,0.003357461692168495,0.003357461692168495,0.003357461692168495,-8.019763433976257e-05
2018-01-22,0.0078530461441215,0.0078530461441215,0.0078530461441215,0.008022290089467265,0.003252739890934886
2018-01-23,0.0021468525256068904,0.0021468525256068904,0.0021468525256068904,0.0017165682282634486,0.0012474183484382784
2018-01-24,-0.00043902310640975273,-0.00043902310640975273,-0.00043902310640975273,0.00020713078144771747,0.0005085913147417798
2018-01-25,0.00034148398674920254,0.00034148398674920254,0.00034148398674920254,0.00034148398674920254,0.0009568777661026151
2018-01-26,0.00859393784954916,0.00859393784954916,0.00859393784954916,0.00859393784954916,0.0021346847259499312
2018-01-29,-0.006719379340122966,-0.006719379340122966,-0.006719379340122966,-0.006719379340122966,-0.0026268113552333936
2018-01-30,-0.011487891986247523,-0.011487891986247523,-0.011487891986247523,-0.011487891986247523,-0.0023398209129918855
2018-01-31,0.0011842929056904872,0.0011842929056904872,0.0011842929056904872,0.001248684705412151,-0.0025279158962823512
2018-02-01,0.00039025309943911956,0.00039025309943911956,0.00039025309943911956,0.0018395403962052192,0.0013694591277614299
2018-02-02,-0.021641126748999828,-0.021641126748999828,-0.021641126748999828,-0.020713203421806305,-0.011803500507237774
2018-02-05,-0.03319143933178993,-0.03319143933178993,-0.03319143933178993,-0.034136365026682526,-0.02930083870862841
2018-02-06,0.013086972596436153,0.013086972596436153,0.013086972596436153,0.013708265491774108,0.006852366064239834
2018-02-07,-0.004587185566385177,-0.006239879420555816,-0.006239879420555816,-0.005289539414047006,-0.00572349247109043
2018-02-08,-0.009615627878790134,-0.029956087955337152,-0.029956087955337152,-0.029846707076001556,-0.022516993982140954
2018-02-09,0.003581968418162729,0.010462844590393627,0.010462844590393627,0.01109475236927936,0.007720957290828834
2018-02-12,0.008275165839300635,0.012598480805706136,0.012598480805706136,0.01215756828857113,0.008164005299423538
2018-02-13,0.0012296690414083766,0.0024912032273359474,0.0024912032273359474,0.002043836328948634,-0.001620990209989448
2018-02-14,0.0023941786193597435,0.013521399798649891,0.013521399798649891,0.014630696671219722,0.0027553384561880946
2018-02-15,0.0011144626031612149,0.009288030548880555,0.009288030548880555,0.008948126644316934,0.0006029273070247698
2018-02-16,0.0002149352549219774,0.00037663101909329866,0.00037663101909329866,-0.00016546250219829918,-0.00020828476740556435
2018-02-20,-0.0017822647481026133,-0.005930862380186075,-0.00590486935354958,-0.0054927686488147835,-0.0033565867045675657
2018-02-21,-0.001686289957207876,-0.005614563812119366,-0.004387711601643751,-0.004387711601643751,-0.002821098504305608
2018-02-22,0.0011315925126175186,0.0017149894748519246,0.0014151547794139074,0.0014151547794139074,0.0012380946326289832
2018-02-23,0.0029297008359005284,0.01442921267129892,0.013540944139724675,0.013540944139724675,0.004359054982509392
2018-02-26,0.0008754803045068815,0.00994772219275768,0.00991392799733557,0.00991392799733557,0.0016671238656988275
2018-02-27,-0.0024880848444930213,-0.010563966918730927,-0.010420135308606571,-0.010420135308606571,-0.002739158026727628
2018-02-28,-0.0017666469321527267,-0.010195717415449956,-0.010831336883870678,-0.010831336883870678,-0.0038759896009577855
2018-03-01,-0.003088996154916479,-0.009712793250746055,-0.010395381338218846,-0.010395381338218846,-0.0018820090238270914
2018-03-02,0.009081149741590244,0.0051833958840651895,0.005996324313342105,0.005996324313342105,0.003715506038146543
2018-03-05,0.008536538632577162,0.008536538632577162,0.00880692831590658,0.00880692831590658,0.003530303599206397
2018-03-06,0.0034805915458086647,0.0034805915458086647,0.0033873664441138374,0.00307333718339291,0.0014794730748488917
2018-03-07,0.00017174064556657598,0.00017174064556657598,0.0002818439810747697,0.0004760707815828491,0.0023942435914951375
2018-03-08,0.002972932836450226,0.002972932836450226,0.002396644238036194,0.002561422530454871,0.002365262582311434
2018-03-09,0.014148664449315085,0.014148664449315085,0.014805844462051954,0.014710163750575322,0.010537228878721727
2018-03-12,4.607379858300176e-05,4.607379858300176e-05,-0.0005306037540306563,-0.0005306037540306563,0.00024832671632527557
2018-03-13,-0.0053143967506795176,-0.0053143967506795176,-0.005820362794212441,-0.006011535218953002,-0.004888472192460825
2018-03-14,-0.0034106501499752253,-0.0034106501499752253,-0.004291629151449284,-0.004228024578519484,-0.0031847284140924083
2018-03-15,-0.0014714599620225476,-0.0014714599620225476,-0.0014714599620225366,-0.0008350276296552606,-0.0008696005152490583
2018-03-16,0.0008721379623878089,0.0008721379623878089,0.0012298052522435432,0.0014699998463930442,0.0009639666465862784
2018-03-19,-0.011701936621818875,-0.011701936621818875,-0.01138479473714149,-0.011601491587677204,-0.009575179525321543
2018-03-20,0.001295272120470703,0.001295272120470703,0.0016971929881831826,0.0021456635380916246,0.0010346285617178542
2018-03-21,0.0031703912906562493,0.0031703912906562493,0.0030610951997085078,0.001315454590780829,0.0027798005476398213
2018-03-22,-0.020699541623781414,-0.020699541623781414,-0.021690445502190802,-0.0214323161871141,-0.01779404102018466
2018-03-23,-0.015856059467721107,-0.015856059467721107,-0.015781277799638928,-0.0136558051600567,-0.014306522985198777
2018-03-26,0.022533083632391326,0.022533083632391326,0.022915883451115594,0.02084484533031523,0.016534509877718963
2018-03-27,-0.005235846883499784,-0.015160232979838862,-0.01622946319334939,-0.016629835613428724,-0.016758536909436895
2018-03-28,-0.003975224716484716,-0.0044915420071710895,-0.004756031760101298,-0.0050550606679525935,-0.003763025556931343
2018-03-29,0.00949116366888727,0.012164478062298745,0.011678113735728912,0.009378159636146677,0.008612461676619021
2018-04-02,-0.010441348395508698,-0.017162058076113006,-0.017359375413279733,-0.015356686408454324,-0.007790271060645582
2018-04-03,0.004928870286555498,0.010020817348891587,0.010792115001747805,0.007626879108294904,0.0031952479484571917
2018-04-04,-0.003138177733662595,0.008539463951275129,0.008746107239919731,0.00745554634726322,-0.0026998421834269703
2018-04-05,-0.0004279025717323304,0.004869531000399785,0.005615323384811299,0.003892781018371971,0.002698623332662886
2018-04-06,0.001562608896467288,-0.016596218507785032,-0.017689831916511432,-0.014712906921825763,-0.0034879224033338985
2018-04-09,0.0009034156384316816,0.0048679399191500885,0.004702780935813111,0.0036635465312582216,0.0012790837232633857
2018-04-10,0.0017410416851968203,0.016483402395325353,0.016664784954399093,0.01166874234991222,0.00862117911052196
2018-04-11,0.0003171632257577328,-0.0021771956177289776,-0.002532348932677131,-0.0016069462122613952,-5.424175094361772e-05
2018-04-12,-0.0012194871517137273,0.005641060143638932,0.006373513985588886,0.005697485975650262,0.0004273656601276099
2018-04-13,0.000838746435538329,-0.0017310176828601032,-0.001963100562026554,-0.0019142640523296284,0.003450503497355084
2018-04-16,0.0009682818052830112,0.0065408308899585375,0.006507721851207094,0.00571378118313437,0.0009905522985900529
2018-04-17,0.0011424126145378021,0.008583596615273293,0.00831077329177773,0.007497230949061839,0.0029721183058472713
2018-04-18,-0.0006374100085668854,0.0005776805233612458,0.0013775120497497074,0.0013775120497497074,-0.0005793413983618878
2018-04-19,-0.0018511652904010024,-0.003797100796026287,-0.0029825038701699613,-0.0029825038701699613,-0.0003815880350961587
2018-04-20,-0.0020140929306047828,-0.007600844936471685,-0.006880085739508335,-0.006312168456913359,-0.0032119227093254433
2018-04-23,-0.00038241417730624507,-0.0007071719131514942,-0.0007325172151087967,-0.001122352720242714,-0.001497239860246391
2018-04-24,-0.0030772883812866803,-0.009965075774566212,-0.009509329811196243,-0.008756993967260674,-0.00827183188979691
2018-04-25,-0.0007676424909527912,0.0003431524163881927,0.001012957444667173,0.0005605865516088327,0.0009557704975805103
2018-04-26,0.00802280155509133,0.009513915721587319,0.008813992484676857,0.007548138877941779,0.007292141471712155
2018-04-27,0.0013658702328891547,0.00045167855185592745,-0.0003196258816403175,-0.00029737480705562815,0.0005241059952459604
2018-04-30,-0.005677757064254341,-0.006593845170693858,-0.006770489388226508,-0.006770489388226508,-0.0045186499419803796
2018-05-01,0.0018302626633025843,0.0010515721124391031,0.0014117127103067339,0.0014117127103067339,0.0018380950389473405
2018-05-02,-0.0036769740536989003,-0.003928637052896889,-0.003818816507802436,-0.003818816507802436,-0.001655139575782516
2018-05-03,-0.0015742031318611294,-0.0015742031318611294,-0.00202230126282642,-0.00202230126282642,-0.0004325375734563042
2018-05-04,0.010716639206107414,0.010716639206107414,0.010565135991209207,0.009420216731605568,0.008175439590681687
2018-05-07,0.003594846359422954,0.003594846359422954,0.0037545344961537274,0.0033852396093327687,0.002550194241247361
2018-05-08,0.001260462754956504,0.001260462754956504,0.0013530185453937027,0.0013530185453937027,0.0007107540572353632
2018-05-09,0.007928400245750578,0.007928400245750578,0.008526606667585401,0.00809031000708993,0.003766893908465507
2018-05-10,0.009045580285508392,0.009045580285508392,0.00824040342872887,0.006902642915632473,0.004051043269557186
2018-05-11,0.002371199170129723,0.002371199170129723,0.002118926705396007,0.001981467128237513,0.0013435112382967017
2018-05-14,0.00046254701095331806,0.00046254701095331806,0.0009909403817423335,0.0009909403817423335,0.0005714448229597546
2018-05-15,-0.0077045774247875174,-0.0077045774247875174,-0.006566274879735601,-0.006566274879735601,-0.004678628451249822
2018-05-16,0.0033842495246922733,0.0033842495246922733,0.003768038715394895,0.003768038715394895,0.0019833681809248715
2018-05-17,0.0002645874481688959,0.0002645874481688959,0.0007697115374906471,0.0007697115374906471,-0.0011357636763073332
2018-05-18,-0.0015102538785216613,-0.0015102538785216613,-0.002370813468733757,-0.002370813468733757,-0.0006965007570295612
2018-05-21,0.005980010621523713,0.005980010621523713,0.006251159486336144,0.00592880082430669,0.00244574616502804
2018-05-22,-0.0030393492724789194,-0.0030393492724789194,-0.002693704541779729,-0.002885773623155119,-0.0012340648784399666
2018-05-23,0.0026747356135741417,0.0026747356135741417,0.0016239418100408188,0.001572125173493344,0.0013722123713239887
2018-05-24,-0.0017687390445635942,-0.0017687390445635942,-0.0021700108168676733,-0.0030747841840158665,-6.471462132323635e-05
2018-05-25,-0.00335683719659422,-0.00335683719659422,-0.0038348116612901494,-0.003979271496628212,-5.985139787261229e-05
2018-05-29,-0.006356046975010609,-0.006356046975010609,-0.007521493676549818,-0.008546363113334909,-0.002405888860651251
2018-05-30,0.011525762326731892,0.011525762326731892,0.010698213266749291,0.012196587127071968,0.00830864654614848
2018-05-31,-0.005540446349980332,-0.005540446349980332,-0.004283606964937414,-0.005375780477701553,-0.0036558188150605632
2018-06-01,0.007510410907611631,0.007510410907611631,0.00688604322145866,0.00803883848100818,0.005672470416316499
2018-06-04,0.0024720274997826253,0.0024720274997826253,0.0028233625657716143,0.0031951958876870303,0.0021506670199027966
2018-06-05,0.001081160457035746,0.001081160457035746,0.0010498543494129597,0.0008467256085552099,0.0004437458491916346
2018-06-06,0.006825574218854702,0.006825574218854702,0.006510155019779806,0.0076358694755712,0.002781585172739809
2018-06-07,0.0011183813918667408,0.0011183813918667408,1.957563107036764e-05,0.00014984952143574093,-0.0002618554681043661
2018-06-08,0.001077602868005878,0.001077602868005878,0.0007983838343015414,0.0013779123106124503,-3.0074776146282732e-05
2018-06-11,0.001201051304392009,0.001201051304392009,0.0011969717435196924,0.001385117513328149,0.0005444591807394871
2018-06-12,0.00018380467123791934,0.00018380467123791934,0.00021729137710402302,0.00015863145076046027,0.0011094621215597456
2018-06-13,-0.002135374005375501,-0.002135374005375501,-0.0021085626422110313,-0.002085089039612298,-0.0012053280475237572
2018-06-14,0.002856378841522944,0.002856378841522944,0.0015097664381477304,0.0020264059685375147,0.0011583344184608602
2018-06-15,-0.004695031809382233,-0.004695031809382233,-0.004981098053657129,-0.005455018126416677,-0.0016176153173285024
2018-06-18,-0.0005086346607477088,-0.0005086346607477088,0.0005422722270320146,-0.00023526191812492936,-0.0009698400993393474
2018-06-19,-0.002213362764554183,-0.002213362764554183,-0.0030553315293098014,-0.0018167076748017096,-0.002780964536986008
2018-06-20,0.0008016102551767878,0.0008016102551767878,0.001465804065580223,0.0027974772674547845,0.0007937124011041629
2018-06-21,-0.006365016084788999,-0.006365016084788999,-0.0068466151778220465,-0.006597173563610004,-0.0026226538086297157
2018-06-22,0.0019906196140097145,0.0019906196140097145,0.0018405939765182122,0.00252066304873213,-0.000777812535097866
2018-06-25,-0.012847972428032362,-0.012847972428032362,-0.012698106914153805,-0.011440489196620895,-0.007426192792339114
2018-06-26,0.001997073449138809,0.001997073449138809,0.002381838289899252,0.0022124238515242923,0.0006748862723751192
2018-06-27,-0.0061634930855765544,-0.0061634930855765544,-0.006535673989981827,-0.004660512151500973,-0.006792477627676629
2018-06-28,0.003952888333783755,0.003952888333783755,0.004231941015553642,0.002961276541020874,0.003539036828530462
2018-06-29,0.0014176221848134717,0.0014176221848134717,0.0013977155005365117,0.001129211253871254,0.0003399117577563837
2018-07-02,0.0007106012874076196,0.0007106012874076196,0.0017918442026802484,0.0013029574807755684,0.003704950295798004
2018-07-03,-0.001219158135034848,-0.001219158135034848,-0.0027679355985761435,-0.0014289351785458204,0.0018650846871655746
2018-07-05,0.007174784128434653,0.007174784128434653,0.006550733871319758,0.005542048629432983,0.0015077648942682486
2018-07-06,0.007552716581976593,0.007552716581976593,0.007385398171978008,0.006464469626154079,0.00016241478891649842
2018-07-09,0.008628223974873218,0.008628223974873218,0.007215236928780811,0.0054159203520036,-0.00019491283499736278
2018-07-10,0.0013403020446986047,0.0013403020446986047,0.0018997906568330892,0.0013389622914911415,0.000614441761330553
2018-07-11,-0.007430994276976455,-0.007430994276976455,-0.0062533936610377205,-0.005390735449285955,-0.005125918023174192
2018-07-12,0.007471172064191056,0.007471172064191056,0.0068779135674998495,0.006125761318529354,0.006282344384655536
2018-07-13,0.00019639896752529084,0.00019639896752529084,0.0008261398950464849,0.0007183573119550312,0.0005414720585653066
2018-07-16,-0.0012114867265176853,-0.0012114867265176853,-0.0025239853693186376,-0.003127336555812499,-0.00253912243312997
2018-07-17,0.0014413023070309894,0.0014413023070309894,0.0026006487775853794,0.0023891507374453336,0.002214067562540467
2018-07-18,0.0018077833285998547,0.0018077833285998547,0.0005830959185682772,0.0002179968169966462,7.09305616024003e-05
2018-07-19,-0.0028520029821179184,-0.0028520029821179184,-0.0015521335998908258,-0.0008163193284184689,5.063764928182612e-05
2018-07-20,-0.0014687253767110553,-0.0014687253767110553,-0.0010712205624175408,-0.0012409388549547873,-0.0011578210343410555
2018-07-23,0.000498443717580277,0.000498443717580277,0.0008339643139126495,0.0007744569054454753,0.0007423654550593906
2018-07-24,0.004009960839817051,0.004009960839817051,0.0033453885159673404,0.00041069920837718545,0.0016534944846658627
2018-07-25,0.007305898976535408,0.007305898976535408,0.006698986999945355,0.00392013720345139,0.004031454643257881
2018-07-26,-0.0025154493308152002,-0.0025154493308152002,-0.0015074424915278884,-0.0029120096455674594,-0.0018451765974083268
2018-07-27,-0.006656767038159717,-0.006656767038159717,-0.007090083711940776,-0.004960622761194899,-0.0009598198368216959
2018-07-30,-0.004230771451416482,-0.004230771451416482,-0.003803201066451789,-0.002809097323177545,-0.0031323423384203688
2018-07-31,0.004051412951308264,0.004051412951308264,0.003921912367996249,0.0018696565780080498,0.0036213045657616295
2018-08-01,-0.0022808057652707547,-0.0022808057652707547,-0.0007333119115503384,-0.00044149907223955953,-0.00113451065889405
2018-08-02,0.0033487120716114704,0.0033487120716114704,0.0037079179930413764,0.0037118733165731332,0.003368403142583054
2018-08-03,0.002752956310981991,0.002752956310981991,0.0013340238086665956,0.0008243289483034766,0.0021265312284946547
2018-08-06,0.0028603492878818914,0.0028603492878818914,0.0027816048731317934,0.0025394635874665507,0.0018037109407504025
2018-08-07,0.002735032934790027,0.002735032934790027,0.002567569294702432,0.0021740523594829587,0.0020301578510487084
2018-08-08,0.0001264767001409761,0.0001264767001409761,-0.0005004192968647181,-0.00015278618008037758,-0.00018440501833152378
2018-08-09,-0.0010206525307238535,-0.0010206525307238535,-0.0011174062107995875,-0.0008727056219066332,-0.00027237800654814623
2018-08-10,-0.003546201175543262,-0.003546201175543262,-0.003062797673326234,-0.003502628382015205,-0.001872649340057686
2018-08-13,-0.0056268937764883285,-0.0056268937764883285,-0.002946000794764381,-0.004118476896109047,-0.0032322288477237724
2018-08-14,0.004859006322592474,0.004859006322592474,0.00404723897966266,0.00413382895158817,0.0031037036234100035
2018-08-15,-0.010219543934396658,-0.010219543934396658,-0.008352696544806849,-0.007770027627086329,-0.006965636392577068
2018-08-16,0.007112073626404214,0.007112073626404214,0.005867510025450229,0.005859201043937034,0.006053404898265257
2018-08-17,0.003209843835550541,0.003209843835550541,0.0018043580627491117,0.002069281596751793,0.0012994732563584189
2018-08-20,0.0031049802230109004,0.0031049802230109004,0.002286110510855599,0.002286110510855599,0.002358560099427853
2018-08-21,0.0030154800785878065,0.0030154800785878065,0.0023334029310374095,0.0023334029310374095,0.0020058639599866202
2018-08-22,0.002091055490316185,0.002091055490316185,0.002222335005772047,0.002222335005772047,0.0025066605420313915
2018-08-23,-0.002382515199071189,-0.002382515199071189,-0.00097801255047002,-0.00097801255047002,-0.001972890117247572
2018-08-24,0.0071222330050982885,0.0071222330050982885,0.005019970299795795,0.005019970299795795,0.005557290449750308
2018-08-27,0.006175512181834786,0.006175512181834786,0.00445323401295723,0.00445323401295723,0.004485654721930243
2018-08-28,-0.0013869189625593582,-0.0013869189625593582,-0.0004879534706905164,-0.0004879534706905164,-0.0008712572969659438
2018-08-29,0.004973181692064921,0.004973181692064921,0.00455072063004971,0.00455072063004971,0.0044918982283598695
2018-08-30,-0.002871121053768899,-0.002871121053768899,-0.001610969386873784,-0.001977156206203412,-0.0020455132271612665
2018-08-31,-0.0007128921463744886,-0.0007128921463744886,-0.0004927038010307805,-0.0005984982233578129,-0.0013414332152916985
2018-09-04,-0.003083053232598887,-0.003083053232598887,-0.003066279531697591,-0.003327939077602127,-0.002672285198470903
2018-09-05,-0.002586145291982966,-0.002586145291982966,-0.003001753744167124,-0.003001753744167124,-0.0010432803397620871
2018-09-06,-0.004195429110790438,-0.004195429110790438,-0.003933248821198642,-0.003933248821198642,-0.0032643587373529237
2018-09-07,-0.00234884496075517,-0.00234884496075517,-0.0019700211601525576,-0.0019700211601525576,-0.002237731485182548
2018-09-10,0.0006074609501914519,0.0006074609501914519,0.0007839902326419734,0.0007839902326419734,0.0006571167371112518
2018-09-11,0.0028068789556213282,0.0028068789556213282,0.0026390272173653305,0.0026390272173653305,0.00368038521133397
2018-09-12,0.00033127494884379607,0.00033127494884379607,0.00040994661611665206,0.00040994661611665206,0.00013693958725531364
2018-09-13,0.004375486947496598,0.004375486947496598,0.004436389895451509,0.004877092475537114,0.0031797053575901234
2018-09-14,-0.000109538842695589,-0.000109538842695589,0.0005409582382361666,-0.0001725751663087527,0.0006468699155719237
2018-09-17,-0.00473847570502337,-0.00473847570502337,-0.005260510729629209,-0.0048354238239724625,-0.004652844670190892
2018-09-18,0.0037038587113917163,0.0037038587113917163,0.0038534918141397536,0.0033554438998208867,0.002540148259185182
2018-09-19,0.0016438449030548806,0.0016438449030548806,0.0012559792449604256,-6.683448489208654e-05,-9.832915157329536e-05
2018-09-20,0.007691690180310529,0.007691690180310529,0.007349224954586497,0.00610409495991886,0.003548493066669023
2018-09-21,-0.0015951604357383297,-0.0015951604357383297,-0.000912567627292471,-0.0008699174636547791,-0.0007200909770142761
2018-09-24,-0.00028535030467097267,-0.00028535030467097267,-0.00026773056421560695,-1.1440439117083035e-05,0.0019065346769206125
2018-09-25,-0.0001787102903527238,-0.0001787102903527238,-0.00033734279519042064,-0.00023465743982762355,-0.0007929558248446989
2018-09-26,-0.003643477394438643,-0.003643477394438643,-0.003115542096536783,-0.0038182950731883935,-0.0015479828276663832
2018-09-27,0.0012345234494139268,0.0012345234494139268,0.0021190877775919327,0.0020509867524002743,0.000787616520104939
2018-09-28,8.07384846986614e-05,8.07384846986614e-05,-0.00010973833599112748,-0.0002892816214238092,-0.0002403018677256008
2018-10-01,0.001970437254400703,0.001970437254400703,0.0028730914708305355,0.0028730914708305355,0.0034917255893121
2018-10-02,0.0007173187514639134,0.0007173187514639134,-0.0010487938691824295,-0.0010487938691824295,0.00046713360658603433
2018-10-03,0.0009083071655373697,0.0009083071655373697,0.0030406236664656137,0.0030406236664656137,0.001439700162553481
2018-10-04,-0.007905201693074316,-0.007905201693074316,-0.00725267561347287,-0.00725267561347287,-0.00597083723984686
2018-10-05,-0.005877010804190297,-0.005877010804190297,-0.005299556496741941,-0.005299556496741941,-0.003746392631275619
2018-10-08,-0.0026397489701519227,-0.0026397489701519227,-0.0011964024677920237,-0.0011964024677920237,-0.0026314358649960788
2018-10-09,0.0016590920178055635,0.0016590920178055635,0.000593927444002551,0.000593927444002551,0.002161786062526416
2018-10-10,-0.026995366061059723,-0.026995366061059723,-0.026971623639259236,-0.026971623639259236,-0.017884173162957186
2018-10-11,-0.014157147970865036,-0.014157147970865036,-0.01794220232068643,-0.01560308142310125,-0.014075908228286249
2018-10-12,0.009711449234280956,0.009711449234280956,0.010534696878963069,0.010421071168739382,0.01074858023097569
2018-10-15,-0.002743130589182674,-0.004774625431071977,-0.005399190432001033,-0.005522433979105368,-0.005336052709179395
2018-10-16,0.01259545113523033,0.01851889828583919,0.01846409830991975,0.013892350821767074,0.018691309448116967
2018-10-17,-0.0004743278302032916,-0.0008946125940194949,-0.0002930571346632882,-0.001062778550517629,-0.000271633681763761
2018-10-18,-0.007817743544638822,-0.012095678003668998,-0.012172807681972675,-0.010984327147123718,-0.009963467966398742
2018-10-19,-0.0023604949036089007,-0.002495709379651612,-0.0023539701113356793,-0.001843497022035745,-0.0029806948629924057
2018-10-22,-0.005619075055762213,-0.0042762368192068466,-0.0038857355369658177,-0.00011399673488241558,-0.0037744825851496076
2018-10-23,-0.0050007298600803106,-0.005751222996806082,-0.006655920429746676,-0.0023408233194991855,-0.005797500855634396
2018-10-24,-0.01796414968771094,-0.027020357436423104,-0.025701050540865845,-0.017783286676073783,-0.027583291657061117
2018-10-25,0.012818915347309357,0.01596189779424261,0.015057812799744896,0.011668508927487099,0.015980446025936967
2018-10-26,-0.012570445903562145,-0.011121317244914108,-0.010599308974694965,-0.008759624661104781,-0.012561209477584346
2018-10-29,-0.00633460714889994,-0.007048575101384347,-0.0072994283780318135,-0.004884955639948585,-0.00688385646209555
2018-10-30,0.010199228427134898,0.012245434731786364,0.01145384931806559,0.007052980446921242,0.012278745830308446
2018-10-31,0.006465477112459062,0.008067983864548944,0.007748453504473507,0.006933856351796464,0.007058888590790513
2018-11-01,0.005172544445644589,0.01081540841745452,0.008980855668523158,0.005825870800446409,0.0023164434684273204
2018-11-02,-0.0030181656067947427,-0.00644866581880138,-0.005146731361384127,-0.005227944556092467,-0.002557194224582682
2018-11-05,0.0039818435987242105,0.005226718720657641,0.00348175685961738,0.0018870833597170122,0.002950503639538038
2018-11-06,0.0020077695301466527,0.004351283875151313,0.00417476931876426,0.0032150297391731362,-4.812547653449961e-05
2018-11-07,0.008669891263803586,0.018173143399727587,0.016749097787664934,0.013320360402610643,0.00013347454008163506
2018-11-08,6.320399303592073e-05,-0.0030929578154186956,-0.003161767634850543,-0.000727837646127194,0.0009931649912820139
2018-11-09,-0.003322912586357274,-0.008767274423818593,-0.007477691290036614,-0.005449188579632658,-0.003523878382987711
2018-11-12,-0.007535595516043892,-0.018136324515981583,-0.016081755909932816,-0.012029266022194474,-0.007394636904566288
2018-11-13,-0.0037811200252410694,-0.0032139464597771283,-0.0037521243860217266,-0.0007353975465114737,-0.003059000528717881
2018-11-14,-0.0048928839873408235,-0.0056558138570060755,-0.005197139537178708,-0.002335032674247861,-0.006366338756010048
2018-11-15,0.011680178174217282,0.011546069253583069,0.009997575661851731,0.002850068531567174,0.007064355082823559
2018-11-16,0.0024494713535004654,0.004183021663238251,0.0012017940259134608,0.0024166559905269393,0.002631504004104157
2018-11-19,-0.009216019256232189,-0.013443447387527474,-0.011671431013425226,-0.005139320283347159,-0.008203828260284606
2018-11-20,-0.013484591796739276,-0.01624183125831674,-0.008869755031806082,-0.004519706526064348,-0.012804381910340844
2018-11-21,0.004501359123698723,0.004501359123698723,0.001327912136362208,-6.874166342847321e-05,0.003063617397333784
2018-11-23,-0.0071210182989174696,-0.0069169170105277235,-0.002910372258165517,0.00014520209669481864,-0.004745824531301746
2018-11-26,0.01087156809124309,0.013134350014003749,0.00863358432275636,0.0009705848604607325,0.0068432478880963155
2018-11-27,-0.0005648219743870974,0.0008483163282496208,0.002361598559145017,0.0026573857533912504,-0.0010626503772600438
2018-11-28,0.011548036315224709,0.019985111845436665,0.013991009585967485,0.00536414953776736,0.006809947564777185
2018-11-29,-0.00039999772370867824,-0.001043690005655218,-0.0012831822929599945,0.00011949261102414121,-0.0011691548264622042
2018-11-30,0.004642925165011325,0.006138250102582188,0.005075978782460777,0.0030514567394701597,0.0015389368037952212
2018-12-03,0.0051545937409403384,0.01133364909418728,0.006060053760724782,0.002104569505987275,0.002885245515409085
2018-12-04,-0.014886057842395717,-0.025379861594536403,-0.016187873603434943,-0.008564762699313434,-0.014489767464320513
2018-12-06,-0.004334263106253356,-0.003115247840112001,-0.005393046293030601,-0.0027745967005747387,-0.0019176838331091627
2018-12-07,-0.007776038643802818,-0.01750236820216523,-0.007040318714980276,-0.0029957335121733155,-0.011492142301033403
2018-12-10,-0.0011014645161861903,-1.4775459876914532e-05,0.0007398989769376696,0.0003616906547532328,-0.002091263084149908
2018-12-11,-0.0026076889941333836,-0.0005900078072960779,0.00013457431691779042,0.0002911523295044849,0.0018452432955994302
2018-12-12,0.003715037257819498,0.0053816542420915825,0.0020345352486058842,0.0004095304355052898,0.0020516686648470285
2018-12-13,-0.0006489633902473258,-0.001867767694786826,0.0006055597160671722,-0.00013871918593337805,-0.0014679896354005573
2018-12-14,-0.011338116372946683,-0.01689359475686749,-0.005336733165806351,-0.0030110536652452335,-0.007069391413318371
2018-12-17,-0.00978117584747994,-0.01416887165111158,-0.004056621506466507,-0.001989632024061849,-0.008498630752876846
2018-12-18,-0.0028419681552711573,-0.0011927428472882195,-0.00047828061790659013,-0.000476750363781242,-0.0018199138679910964
2018-12-19,-0.01091340127130348,-0.012700209818179476,-0.0029674392678334938,1.3632762403836817e-05,-0.007574507962766985
2018-12-20,-0.011973024550040378,-0.012350219521421424,-0.0033474837304692364,-0.001769969056406795,-0.008277217639141975
2018-12-21,-0.017279619392656886,-0.017279619392656886,-0.0030751025359793903,8.870662432195476e-05,-0.006953081737953892
2018-12-24,-0.019358350958053196,-0.019358350958053196,-0.005067846566481326,0.0004970587702343377,-0.01453928524730278
2018-12-26,0.04074649067916356,0.04074649067916356,0.004811431077291939,-0.001917095651869638,0.031213637589806154
2018-12-27,-0.01134835861280068,0.007013380520655787,0.001104261383695948,0.0030329112674621684,0.0011010167321536368
2018-12-28,0.0012477372694496003,9.831229825209009e-05,0.00011744730541463078,0.0007735474905518735,-0.0005776268946433794
2018-12-31,0.0005369514598368097,0.008142552147125426,0.0014780122254790084,0.002297410943722866,0.004842688209156232
2019-01-02,0.0005927000517212289,0.0030950892811194898,-0.0015143057915402935,-0.0009216057398190647,0.0011239442951671119
2019-01-03,0.002044569417843989,-0.018561113615988688,-0.0020304848649719044,1.4084552872084544e-05,-0.01023043860976729
2019-01-04,-0.0019661546945018314,0.026871261460780227,0.0029830743544686732,0.0010169196599668418,0.016853835054643107
2019-01-07,5.102507595332595e-05,0.0071288507217385335,0.0003839159446613172,0.0004349410206146431,0.0032619843890271173
2019-01-08,-0.0005336327189802593,0.0064016434247660126,0.0007764485774224283,0.00024281585844216914,0.002065412861517979
2019-01-09,0.0004853345979104029,0.006834197498491235,0.0004484966740718521,0.0009338312719822551,0.00037370731734345244
2019-01-10,-0.0012319946616822564,0.0013434984702077935,0.00019463971766626732,-0.001037354944015989,0.0004081645536627598
2019-01-11,0.0005629071010326391,8.762982736554292e-06,0.00033134999530937126,0.0007610896507351805,-0.00014997324474682605
2019-01-14,-0.00013405097693819368,-0.004596198953103958,-0.0011046664741736767,-0.0012637960797775905,-0.0019409965912340788
2019-01-15,-0.0005371696306458063,0.008669649510372524,0.0017964051443540852,0.0016408065828337314,0.001643186090783222
2019-01-16,0.0004198943965431967,0.0038096146336661697,-0.0001810207803070174,0.0001389655984566307,0.0012528822192383383
2019-01-17,-0.00010582908634041433,0.00614490769190471,0.0008090014677530233,0.0007530875297796392,0.0016336269304514594
2019-01-18,-0.0014168313545275368,0.009802617304831996,0.0006665747469573935,1.4597014896844396e-05,0.0014678978317426816
2019-01-22,0.001032797614638792,-0.010840066137429693,-1.076720730480707e-05,0.0002440442320252978,-0.0029712822404699747
2019-01-23,-0.00018150190500676455,0.00013259054588364848,7.022186059030266e-05,0.00028862840437710036,0.0008164109477770909
2019-01-24,0.0011953025063139665,0.002467753762379665,-0.0002886083478167656,-0.00033752063548305735,0.0005652785537874627
2019-01-25,0.0022541063115476324,0.008716080233556921,0.001106646126070765,0.001106646126070765,0.0008065215388150193
2019-01-28,-0.0007506761606654089,-0.006985996047077903,-0.0008854314973859578,-0.0008854314973859578,-0.001080489597048473
2019-01-29,0.0018101501635944262,-0.0006298355758192154,0.0015554032247429462,0.0015554032247429462,-0.001622168313640171
2019-01-30,0.004620939786144207,0.014005514459614565,0.0018680745979526292,0.0018680745979526292,0.008263619765816766
2019-01-31,0.004302674680423802,0.005749948115335535,0.002158811838134778,0.002158811838134778,0.00199372704203834
2019-02-01,0.0006019998746500832,0.0018870210509656538,-0.0007161524653514606,-0.0007161524653514606,-0.0008341379083825484
2019-02-04,0.0003066330934823003,0.004965196322917887,-0.0011666828756236591,-0.00046235244541875664,0.0022338984330288135
2019-02-05,0.001609781870140381,0.0033588189264812662,0.0005712277833168411,0.0012212343035354234,0.002346080334850664
2019-02-06,-0.0012075787609345245,-0.0012788745157737646,-0.00017254171878858804,-0.00020801543598588656,-0.0004962385257907042
2019-02-07,-0.0037522051138879743,-0.00867224667148676,-0.00019767536277730534,-0.0009736818517809386,-0.005346797252133051
2019-02-08,0.0007224905759376954,0.0008053362242513518,0.0009960471175848307,0.00039452504714005966,-0.00030282284711692365
2019-02-11,-0.00031234460122497865,0.00038203557721026014,-0.00100575603054196,-0.00100575603054196,0.0007351348732021256
2019-02-12,0.005544588514999971,0.010836238443008161,0.0013252365566636115,0.0013252365566636115,0.008125982529958064
2019-02-13,0.0010328915566492514,0.0022683681858558513,-0.0005543820819666311,-0.0004987705014813937,0.0012919755464486427
2019-02-14,0.0006153770291423055,0.0005455238188040168,0.0013592005047593058,0.00110902487624035,0.0015268161530893388
2019-02-15,0.006420524090909363,0.011545629340196761,0.0022611720924743837,0.003906949191360631,0.00599245232295933
2019-02-19,0.002191225268284425,0.0027301348894709252,0.001539653079367731,0.0016015455605337236,-0.0012294875784547466
2019-02-20,0.00046836716790068513,0.0015237526799845246,-0.0005786452572816625,-0.000312068105068497,-2.2884221627972322e-05
2019-02-21,-0.00533773258070297,-0.006405319213541571,-0.002899946599697123,-0.0032737027547252275,-0.0021425528942874195
2019-02-22,0.002750437358432045,0.0061482709204291885,0.0018716320591925183,0.0025059593486438823,0.004824894862043827
2019-02-25,0.0006881312521525684,0.0016075471483274484,-0.0002592771167050145,1.7446575676194342e-05,0.002703465022760443
2019-02-26,-0.0002098240254845507,-0.0008931832760643132,0.0003063610083913759,0.00017224505849398054,-0.00021733968568767858
2019-02-27,-0.001612271423060252,-0.0018708503931771814,-0.0022270376662691604,-0.002564331973700962,0.0007924257605433027
2019-02-28,-0.002690624305161415,-0.003728596850909538,-0.0009018630623331081,-0.0010243505447140367,-0.0014857222278013894
2019-03-01,0.0019653510171935506,0.0046380372227148746,-0.0026260606661785866,-0.00045481984065597335,0.0038986525614192248
2019-03-04,-0.0012734515865600148,-0.0037410663093200513,-0.0012324701161063544,-0.0019591590957902306,-0.0020756990728974523
2019-03-05,-0.0010062787598918211,-0.0012788724142475671,0.00028610964070362454,0.00047126480754471344,-0.0009030050174363869
2019-03-06,-0.006133805323431362,-0.007261619159148369,-0.0011854384403847229,-0.0003034756228745605,-0.00615167015314787
2019-03-07,-0.006174292257729308,-0.006535953612689683,-0.00021999636163911874,0.0003333814211872732,-0.004741899261479177
2019-03-08,-0.0010396647965869588,-0.0010396647965869588,0.00130378063299732,0.0015158674946326833,0.0015211895791889308
2019-03-11,0.0111918727420949,0.0111918727420949,0.0003563370238199859,-0.0007845954946315903,0.00846125975072698
2019-03-12,0.004129278045081164,0.004129278045081164,0.0020366122163389512,0.0013066732602814656,0.0023522487560143413
2019-03-13,0.006327644939315935,0.006327644939315935,0.0015867817666057715,0.0005108105820423314,0.0039334967150064125
2019-03-14,-0.001914641810274631,-0.001914641810274631,-0.0020399547729129997,-0.002025772834041972,-0.0013752497166170884
2019-03-15,0.005660228117246191,0.005660228117246191,0.0018235728732537426,0.002102031957092776,0.004315642601670566
2019-03-18,0.004167014320821283,0.004167014320821283,9.886414189245186e-05,9.886414189245186e-05,0.0017983180169687141
2019-03-19,-0.00018653833469911563,-0.00018653833469911563,0.000806693418367066,0.0003101353096545023,0.0008263238535943795
2019-03-20,-0.0018061942250022333,-0.0018061942250022333,0.00038906878666308267,0.00045747829717320834,-0.0003485249159095205
2019-03-21,0.008012469236196607,0.008012469236196607,0.0010989598325247818,0.0009734585058034817,0.0015357749449453895
2019-03-22,-0.017396553035614437,-0.017396553035614437,-0.001811955791653741,-0.003586770494666125,-0.007165992228839469
2019-03-25,0.00026519418370409833,0.00026519418370409833,0.0009144421115402479,-2.0370196167751598e-05,-0.0007734678901328285
2019-03-26,0.006095847292272183,0.006095847292272183,0.0006612103347149901,-0.0005682790901537449,0.0036827627280878183
2019-03-27,-0.003836867305616609,-0.003836867305616609,-0.0011417780551549405,0.00039725856696219973,-0.002445960763847088
2019-03-28,0.0027242036236881373,0.0027242036236881373,-5.416771593756975e-05,-0.0010663627878008453,0.0016740270207997953
2019-03-29,0.004795201711012653,0.004795201711012653,0.002625591486631884,-4.613199692782289e-06,0.001232831845815341
2019-04-01,0.008329419019093998,0.008329419019093998,0.001120698775248019,-0.0018137844762723288,0.004415283225252508
2019-04-02,-0.00018647993791883754,-0.00018647993791883754,0.0006742832121585662,0.0006032384385163847,-0.00037469483750117715
2019-04-03,0.00037575113407724016,0.00037575113407724016,0.0005154916438497859,-8.548265967081025e-05,-8.428129833497611e-05
2019-04-04,0.002745931240068178,0.002745931240068178,0.0008153080683240277,0.00015005596031372192,0.00032258459946462594
2019-04-05,0.005181927103343376,0.005181927103343376,0.0023339501756818094,0.0004992150180625377,0.0012960076919735553
2019-04-08,0.0008061895082774661,0.0008061895082774661,0.00041489373249197213,0.0004616751019815957,-0.00032838830200527803
2019-04-09,-0.004678899530995084,-0.004678899530995084,-0.0014085766194482541,0.00011235292416368336,-0.004206413245626639
2019-04-10,0.004229169526153176,0.004229169526153176,0.0021940692864944157,0.0019624576948065074,0.002560191942964374
2019-04-11,-0.0030189784294329504,-0.0030189784294329504,-0.003570122679477239,-0.002190058888417168,0.00014021964792948483
2019-04-12,0.0035674924400333043,0.0035674924400333043,0.0010989400512321334,0.0010189498940571195,0.00044101653396551034
2019-04-15,-0.001263979267924531,-0.001263979267924531,0.0002778527082284543,-0.0013791879297731734,-0.0006090947902923193
2019-04-16,-8.399385628173883e-05,-8.399385628173883e-05,-0.0023834782512021867,-0.0015956783200240855,0.0015094788762422206
2019-04-17,-0.003155939773679861,-0.003155939773679861,-0.0023647692755130235,0.00014258690156069287,-0.00572526733806662
2019-04-18,0.0007590912858304489,0.0007590912858304489,0.0018196047753034962,0.0010699014434936594,0.00024584160800018574
2019-04-22,0.0015512956283527668,0.0015512956283527668,-6.092284529612968e-06,-0.0006187792378895774,-0.0006090752951809387
2019-04-23,0.007350211894633729,0.007350211894633729,0.0053794471883592985,0.004421097434663013,0.004472346784289483
2019-04-24,-0.0012668330047218123,-0.0012668330047218123,0.00028340144798736364,0.0005175749605190628,-0.0005828585132680031
2019-04-25,-0.00019298693129604638,-0.00019298693129604638,0.0013751353485168204,-0.0009127470018911454,0.0004816375128967043
2019-04-26,0.003066787873715482,0.003066787873715482,0.003393845918985172,0.003365077578594411,0.0026640740225715607
2019-04-29,0.0005516357895231305,0.0005516357895231305,0.00037040756782742436,0.0008219837784384287,-0.0007995357148680605
2019-04-30,0.0004553930308944243,0.0004553930308944243,0.0005309598926832137,-0.0008946746262727179,-0.0002155473216044035
2019-05-01,-0.006136514860514608,-0.006136514860514608,-0.004139849929072859,-0.006136514860514608,-0.0017878188633101088
2019-05-02,-0.003255313632469392,-0.003255313632469392,-0.0015112334322769816,-0.0021937184452380577,-0.0016454480259674553
2019-05-03,0.009688213696582283,0.009688213696582283,0.0087614606892922,0.0087614606892922,0.005675532473908529
2019-05-06,-0.0016151968753805868,-0.0016151968753805868,-0.0017086174464135072,-0.0017086174464135072,-0.004371289552166624
2019-05-07,-0.01288524510240201,-0.01288524510240201,-0.01201444724027868,-0.01201444724027868,-0.007765455578234071
2019-05-08,-0.0016284056967254656,-0.0016284056967254656,-0.0016284056967254545,-0.001937162869820408,-0.0006149586888911651
2019-05-09,-0.002137295963161734,-0.002137295963161734,-0.002137295963161734,-0.001294659442351065,-0.0020135219835948903
2019-05-10,0.003008310738247322,0.003008310738247322,0.0025377026357374043,0.002127821648266881,0.002072615118779364
2019-05-13,-0.02011846288074749,-0.02011846288074749,-0.018401034930894088,-0.016522762295838024,-0.01676505374227194
2019-05-14,0.007843417997991653,0.007843417997991653,0.006620213259425712,0.0038049972489368256,0.005258757869687947
2019-05-15,0.0048448091930310185,0.0048448091930310185,0.004326909944870472,0.00364262303536228,0.0052380452452154055
2019-05-16,0.005629414210028905,0.005629414210028905,0.004464293352088322,0.002062423006332803,0.005831390457396457
2019-05-17,-0.006655027070867669,-0.006655027070867669,-0.005431333424156137,-0.0036930343839247093,-0.006099049858351069
2019-05-20,-0.005180984460171012,-0.005180984460171012,-0.0051828223182638355,-0.0051828223182638355,-0.005174532110137886
2019-05-21,0.00808558577590952,0.00808558577590952,0.005986462424123084,0.005986462424123084,0.006224283220081961
2019-05-22,-0.0036565167263671984,-0.0036565167263671984,-0.002678155916312097,-0.002678155916312097,-0.003128188145786548
2019-05-23,-0.010875769325672547,-0.010875769325672547,-0.007177059457602242,-0.007177059457602242,-0.007122149099523323
2019-05-24,0.0031760349068693738,0.0031760349068693738,0.0026560243325266077,0.0026560243325266077,0.0017479158787730986
2019-05-28,-0.00671251666596222,-0.00671251666596222,-0.004244686395880337,-0.005811108327274684,-0.005729440056456148
2019-05-29,-0.005240011727546945,-0.005240011727546945,-0.003637623691275638,-0.004174445931239468,-0.004613368498449222
2019-05-30,0.0017519608972573098,0.0017519608972573098,0.0024737766034509724,0.0024737766034509724,-3.159492181710188e-05
2019-05-31,-0.008846834284710092,-0.008846834284710092,-0.006374964107758707,-0.006201296225081909,-0.011427897723067326
2019-06-03,0.0005362106759208673,0.0005362106759208673,-0.0009805181103447857,-0.002187465486476592,-0.000946255363588544
2019-06-04,0.01798108007149555,0.01798108007149555,0.014593242428425236,0.008066420767524018,0.015561149233695393
2019-06-05,0.003720554176478652,0.003720554176478652,0.004073761830006184,0.0031464821345125182,0.003438989251348545
2019-06-06,0.00651230095808768,0.00651230095808768,0.004145261028969638,0.0044049477657446936,0.0024003039386227944
2019-06-07,0.009264161954160044,0.009264161954160044,0.0077614181863429055,0.007053802251138363,0.006736335835476126
2019-06-10,0.003024349875655552,0.003024349875655552,0.0024339404411699017,0.001991983011902254,0.002466168303628458
2019-06-11,-0.0002173069225691049,-0.0002173069225691049,-0.00024827207151185694,-0.00024827207151185694,-0.0007035920813434849
2019-06-12,-0.0026867160460985694,-0.0026867160460985694,-0.001756547177537693,-0.0013460006467275298,-0.0015251173889437974
2019-06-13,0.005125956688938849,0.005125956688938849,0.004076434033869303,0.003956277466565461,0.0022206362006747414
2019-06-14,-0.0027431858421687384,-0.0027431858421687384,-0.0018622473287616015,-0.00209184756845332,-0.0011463349439276404
2019-06-17,0.0019531366696533105,0.0019531366696533105,0.0006679304478942827,0.001117226910075586,0.0002658479891415766
2019-06-18,0.011443317300099199,0.011443317300099199,0.009210677120347422,0.010061660568378672,0.005230887285106167
2019-06-19,0.0027583203629749863,0.0027583203629749863,0.0019726491821309257,0.0028526386866940755,0.0021972381455579006
2019-06-20,0.010647686572488269,0.010647686572488269,0.007993003782734487,0.010647686572488269,0.005546663364791193
2019-06-21,-0.0012133889793401798,-0.0012133889793401798,-0.0024162560437493543,-0.0012133889793401798,-0.0016483226503313686
2019-06-24,-0.000709220300225577,-0.000709220300225577,0.0007103706183160142,-0.000709220300225577,0.0017997528704974508
2019-06-25,-0.006888734335121205,-0.006888734335121205,-0.005687394405389912,-0.006888734335121205,-0.0055855438210391075
2019-06-26,-0.00026894052016455115,-0.00026894052016455115,-0.0005452437787958675,-0.00026894052016455115,-0.0015585464021535711
2019-06-27,0.004297980046655181,0.004297980046655181,0.004340699731946685,0.004297980046655181,0.004224366339283503
2019-06-28,0.005243096348748777,0.005243096348748777,0.0037482722569699865,0.005243096348748777,0.0033245417296133505
2019-07-01,0.004269092069718028,0.004269092069718028,0.0036783180059759,0.004269092069718028,0.005150000935609622
2019-07-02,0.0021656360056465096,0.0021656360056465096,0.0032281036763568303,0.0021656360056465096,0.002687917545549334
2019-07-03,0.0066652613579666785,0.0066652613579666785,0.005412183639071699,0.0066652613579666785,0.0042888012467680705
2019-07-05,-0.0030456805471036686,-0.0030456805471036686,-0.0028158211384722966,-0.0030456805471036686,-0.0014859649512817042
2019-07-08,-0.0050226700557991725,-0.0050226700557991725,-0.005165308076239938,-0.0050226700557991725,-0.004468686352725371
2019-07-09,0.0017061059147510326,0.0017061059147510326,0.001626941210619115,0.0017061059147510326,0.0016108263063362104
2019-07-10,0.0050455054992806555,0.0050455054992806555,0.0037644727195870085,0.0050455054992806555,0.00370711057090769
2019-07-11,-0.0005055957669658606,-0.0005055957669658606,-0.0007085793654704964,-0.0005055957669658606,-0.0009932230439933965
2019-07-12,0.004167797535100781,0.004167797535100781,0.0037470443684056833,0.004167797535100781,0.0019608732443031516
2019-07-15,-0.0004348225958507479,-0.0004348225958507479,0.0004652317473302525,-0.0004348225958507479,-0.00035119452286835884
2019-07-16,-0.004823180062169197,-0.004823180062169197,-0.0037583406608378113,-0.004823180062169197,-0.003411891471484707
2019-07-17,-0.0018105950444314955,-0.0018105950444314955,-0.0006709913192276095,-0.0018105950444314955,-0.0006156107711790648
2019-07-18,0.00435244971581974,0.00435244971581974,0.004336422471357015,0.00435244971581974,0.004167445876341968
2019-07-19,-0.005221176927831273,-0.005221176927831273,-0.005685404132982075,-0.005221176927831273,-0.0029049788513575204
2019-07-22,0.002821354741817006,0.002821354741817006,0.00235928102929176,0.002821354741817006,0.002150592434809895
2019-07-23,0.004027107425804088,0.004027107425804088,0.0037574859471276923,0.004027107425804088,0.0022730684823138113
2019-07-24,0.005833760865920068,0.005833760865920068,0.00540668509762301,0.005833760865920068,0.0022381894069250174
2019-07-25,-0.0069991448161565994,-0.0069991448161565994,-0.00586509715453748,-0.0069991448161565994,-0.00299098608688384
2019-07-26,0.004618855428870072,0.004618855428870072,0.0051286328746310336,0.004618855428870072,0.0018124463446004047
2019-07-29,-0.001212347765856403,-0.001212347765856403,-0.0008120237329284797,-0.001212347765856403,-0.0004896757614224478
2019-07-30,0.0006718670815136329,0.0006718670815136329,-0.00045354550774892035,0.0006718670815136329,-0.0021968391009716147
2019-07-31,-0.008353724965155273,-0.008353724965155273,-0.008035756963006258,-0.008353724965155273,-0.0060070969062830494
2019-08-01,-0.004363616337886867,-0.004363616337886867,-0.002098867435321783,-0.004363616337886867,-0.005265555192834603
2019-08-02,-0.0064807660613781185,-0.0064807660613781185,-0.005044729877321486,-0.0046869798796849715,-0.003353916363704035
2019-08-05,-0.022165504005643634,-0.022165504005643634,-0.01918536965194776,-0.01918536965194776,-0.013833285400247187
2019-08-06,0.011023168443044507,0.011023168443044507,0.011142650424470468,0.0099439681306964,0.007612131712245784
2019-08-07,0.000684811237945504,0.000684811237945504,0.0014365338231917657,0.0022303592287999164,0.0016247206715995998
2019-08-08,0.017072622360551893,0.017072622360551893,0.014197773080862518,0.012041338142836745,0.011768722293111922
2019-08-09,-0.005726632801916254,-0.006218559160947557,-0.005114131087985552,-0.004871514327548942,-0.004512685372292191
2019-08-12,-0.006112922013134692,-0.007425208104568437,-0.006240799263576746,-0.006240799263576746,-0.0071374878834835846
2019-08-13,0.008804086558199054,0.011308611988698914,0.010383999921235964,0.009035928530101522,0.009551755243075166
2019-08-14,-0.01795299255488958,-0.022356976230110938,-0.018437769598064646,-0.01564281710865877,-0.018224112150678474
2019-08-15,0.0023765116438971613,0.0020797426730041367,0.002697795443108564,0.003123158115517788,0.000942065063255193
2019-08-16,0.007747943024330706,0.011253520482244839,0.009938663116504065,0.00655073864515745,0.012054592540197594
2019-08-19,0.004348090639549618,0.00786182156197619,0.0056520774802004455,0.003682039186195074,0.009396617986130795
2019-08-20,0.00032938158026520894,-0.004549821148237998,-0.0037090535032241355,-0.0022030856977105053,-0.004874901739562476
2019-08-21,0.0006573094158818127,0.005453027680491662,0.004812754235969085,0.003248891912314933,0.0029786811256558464
2019-08-22,-0.0012086037278196348,-0.001803452387810045,-0.0013563965777849574,-0.00135824614778588,-0.00018048125844908336
2019-08-23,-0.0010968305561907198,-0.019093863613112928,-0.015743227767830846,-0.010591944898464767,-0.014916578463490583
2019-08-26,0.0018908961270196368,0.008243584726053965,0.007814693403308015,0.005220326676550979,0.005740288711250474
2019-08-27,0.0006614647901439508,-0.0020640745422264794,-0.0014413208762524277,-0.0003810422036045091,-0.003604967045222818
2019-08-28,0.004859552407978962,0.00624772700944719,0.004815333672957911,0.0014189587992720297,0.006119061942676052
2019-08-29,0.005554283121639703,0.010287831397646774,0.008822680715549392,0.005347934651776099,0.011161402809484567
2019-08-30,8.904635111451897e-05,-0.00017556504283076091,-0.00017556504283076091,-0.00011601980642071963,0.0021958255258966997
2019-09-03,-0.0031799070930025653,-0.005857516904623328,-0.0053703864005419264,-0.003320726839787047,-0.0021413134390618873
2019-09-04,0.0047161576174546745,0.009263984080192711,0.007865406348291516,0.006994167768359194,0.003932653377572981
2019-09-05,0.003387472649245926,0.008550850600468517,0.007309468425341947,0.004543803545296177,0.010615071419446865
2019-09-06,-4.445964914756573e-05,0.00029858369969787413,-0.0002293415576242741,0.00022884108908337585,-0.0009976218251266933
2019-09-09,3.0374365633145662e-05,0.0010721970977130902,-0.0009268146204224781,-0.0022676776841934476,0.0001694738578664423
2019-09-10,-0.0004889562560264404,-0.00010436818071666299,-0.0012835678427066232,-0.002560670796855846,0.0009423352370332317
2019-09-11,0.005605499857727414,0.007686698754236632,0.0075882080045178825,0.007094947623670034,0.006747251276571498
2019-09-12,0.00065503683871313,0.0009886513573002186,0.001611838229080864,0.001611838229080864,0.0020350488825630064
2019-09-13,-0.0020317815606943125,-0.0023306251698553384,-0.003122712078580947,-0.003122712078580947,-0.0009255159878074126
2019-09-16,0.0010811935227184378,0.0037443674809602423,0.00038808962637920663,1.0534807537343482e-05,-0.0006917263971857324
2019-09-17,0.0011368483479451852,0.0006304544638486397,0.002024408250647958,0.0018711044139086974,0.001916686072030771
2019-09-18,-0.0002683779726062374,-0.0008041085469486231,-0.00032216782436457204,-0.0003112302638561548,-0.0005387741071634644
2019-09-19,2.5906716092238823e-05,0.00015530902359137678,0.00041356731958932527,-5.6685873904238623e-05,0.0004238104053055136
2019-09-20,0.0012260629099383636,-0.0009163069603026596,-0.0009979676346604572,-0.0015554143575525648,-0.0032057164524040616
2019-09-23,0.00039656503651173123,0.0005124756085003624,0.0004798447960305596,0.0007227189734868578,0.0007228600585606149
2019-09-24,-0.005250797141196584,-0.006833164426603311,-0.005250797141196584,-0.005250797141196584,-0.009408773765231393
2019-09-25,0.0022074356258232177,0.0017906933599846075,0.001624944247960225,0.001624944247960225,0.004617530840689188
2019-09-26,-0.003550077696915355,-0.003550077696915355,-0.0022427634985565325,-0.0022427634985565325,-0.00278734944212784
2019-09-27,-0.00458642678641683,-0.00458642678641683,-0.004569680212253691,-0.0038397327168920524,-0.005238595659548951
2019-09-30,0.0016504643150880738,0.0016504643150880738,0.002371570543391888,0.0014457763197522565,0.0023892443242048535
2019-10-01,-0.010815467111001476,-0.010815467111001476,-0.008501264471353364,-0.0055624100739655735,-0.007942060319683041
2019-10-02,-0.012464729377495853,-0.012464729377495853,-0.010009276964494607,-0.007797818377978205,-0.008264136451389592
2019-10-03,0.007725227112274924,0.007725227112274924,0.006643881493171811,0.005412868847990105,0.00654615603321197
2019-10-04,0.011610323161184799,0.011610323161184799,0.010978977190266415,0.008464981787660553,0.0079943294402799
2019-10-07,-0.005089021937077609,-0.005089021937077609,-0.004200217434368348,-0.00369305031447108,-0.0019150182896895962
2019-10-08,-0.012144532782365025,-0.012144532782365025,-0.010438903904586894,-0.006909841608695688,-0.004244189367952988
2019-10-09,0.00667526201024472,0.00667526201024472,0.005992470474667322,0.004579203134659771,0.0032694133586869344
2019-10-10,0.0035677166921315507,0.0035677166921315507,0.0019080686724431638,0.0014123242305733696,0.001620766271363905
2019-10-11,0.008216208991912166,0.008216208991912166,0.0051757984176705185,0.0043461759484506035,0.004198885020715015
2019-10-14,0.0005134353265878189,0.0005134353265878189,0.0009313723073259506,0.0009481481033354333,-0.00017529965934353075
2019-10-15,0.007173651299070738,0.007173651299070738,0.005609700653034133,0.005609700653034133,0.0012716743765327054
2019-10-16,-0.0021260735983528734,-0.0021260735983528734,-0.0008376461638143651,-0.0008376461638143651,-0.0002952891333774965
2019-10-17,0.0024402177358467834,0.0024402177358467834,0.001189261196226965,0.001189261196226965,-0.00025549606949788474
2019-10-18,-0.004529110720269169,-0.004529110720269169,-0.003529719010747401,-0.003529719010747401,-0.001972884799549701
2019-10-21,0.005627811122762072,0.005627811122762072,0.0029022458716927656,0.0029022458716927656,0.002332147255945083
2019-10-22,-0.0003956556929160415,-0.0003956556929160415,-0.001798044794024478,-0.001798044794024478,-0.00083968923799288
2019-10-23,0.0030624986398168907,0.0030624986398168907,0.0021059864471219434,0.0021059864471219434,0.0010663443086380785
2019-10-24,0.0017987717527107483,0.0017987717527107483,0.0023629147292693053,0.0023629147292693053,0.0011981257725059758
2019-10-25,0.0047104592760683125,0.0047104592760683125,0.00336557165451018,0.00336557165451018,0.00139527956382407
2019-10-28,0.003344532897353936,0.003344532897353936,0.0030513101108480154,0.0030513101108480154,0.0004195140187571278
2019-10-29,0.0004953493360382755,0.0004953493360382755,-0.00023641092040844748,-0.00023641092040844748,-0.0014786619655934642
2019-10-30,0.0018625107914661653,0.0018625107914661653,0.00423038702875288,0.0038871530986311132,5.311455580586655e-05
2019-10-31,1.102700490903663e-05,1.102700490903663e-05,0.0010033908060381846,0.0008063981734303449,-0.001448373080152099
2019-11-01,0.009442914808546032,0.009442914808546032,0.005460762893027049,0.005460762893027049,0.005375769310687395
2019-11-04,0.004725044691489155,0.004725044691489155,0.0009317045780613542,0.0009317045780613542,0.004338052576762186
2019-11-05,-0.0028983120446471776,-0.0028983120446471776,-0.0031548697245217363,-0.0033616294544890125,-0.0007508275133950582
2019-11-06,-0.0009865728959540187,-0.0009865728959540187,0.0016309815788130067,0.0010529029257175693,-0.001000670380852431
2019-11-07,0.001660174242587431,0.001660174242587431,-0.0008362902212667555,0.00016118349923642804,0.0013893648535448166
2019-11-08,0.0007142548232624169,0.0007142548232624169,0.0011245012320024838,0.0011245012320024838,0.0009589838900179281
2019-11-11,-0.0018465948421371725,-0.0018465948421371725,-0.001286366542126227,-0.001286366542126227,-0.0012807835717546846
2019-11-12,0.0018659828327127648,0.0018659828327127648,0.002379632329359249,0.002379632329359249,0.0016971353437146952
2019-11-13,0.0002167278331759781,0.0002167278331759781,0.0006497848454758981,0.0006497848454758981,0.0006384574969797496
2019-11-14,0.001382728868929095,0.001382728868929095,0.001650369166229315,0.001650369166229315,0.0006627829166781285
2019-11-15,0.006393723623985015,0.006393723623985015,0.005622152404141489,0.005622152404141489,0.005263702270174042
2019-11-18,-0.0005568532763587042,-0.0005568532763587042,0.0006582115387244181,0.0006582115387244181,0.00042131154595649313
2019-11-19,0.0006316358458557381,0.0006316358458557381,0.002114361923683572,0.002114361923683572,0.000555883062270035
2019-11-20,-0.0008652091273210316,-0.0008652091273210316,-0.0018742849704010633,-0.0018742849704010633,-0.0018051479110056112
2019-11-21,-0.0009292099825939148,-0.0009292099825939148,-0.0025715745469619077,-0.0025715745469619077,-0.0015066130929361932
2019-11-22,0.0015866678470302653,0.0015866678470302653,0.0019197967684351559,0.0019197967684351559,0.0015072917914072282
2019-11-25,0.007953152673690612,0.007953152673690612,0.007852896513843955,0.007852896513843955,0.005344073435692187
2019-11-26,0.0007435196826487301,0.0007435196826487301,0.001661859194878801,0.0005618574360597873,0.0011604307762073552
2019-11-27,0.0029471395771957674,0.0029471395771957674,0.002694363587321935,0.0029471395771957674,0.0008101798515725567
2019-11-29,-0.0032301567984911795,-0.0032301567984911795,-0.002221593460387583,-0.0032301567984911795,-0.0005471843039366764
2019-12-02,-0.007714548248584141,-0.007714548248584141,-0.007714548248584141,-0.007714548248584141,-0.004816880373557564
2019-12-03,-0.0036889504621150705,-0.0036889504621150705,-0.0021946338258230225,-0.003127198716544444,-0.003922295019243916
2019-12-04,0.005021041475672672,0.005021041475672672,0.003521300361588009,0.003521300361588009,0.002970252767501724
2019-12-05,0.0005240171392986825,0.0005240171392986825,0.0009995755813906216,0.0009995755813906216,0.0009304477901500796
2019-12-06,0.007823323182584496,0.007823323182584496,0.0059120533282679185,0.0059120533282679185,0.005433897730568927
2019-12-09,-0.0026745619370659003,-0.0026745619370659003,-0.0025573445754542125,-0.0025573445754542125,-0.001333848370415669
2019-12-10,0.0005850501599429236,0.0005850501599429236,0.00038386280323385866,0.00038386280323385866,-0.0005350293908801373
2019-12-11,0.002717551676003016,0.002717551676003016,0.00288486245953361,0.0028181112277788746,0.0015216858297198987
2019-12-12,0.00706180453462577,0.00706180453462577,0.005218336480428065,0.005319082760097338,0.0017111913735366135
2019-12-13,0.001146892996969251,0.001146892996969251,0.0019038288593865916,0.0007556603207052759,0.0008138168532683566
2019-12-16,0.005505557881837509,0.005505557881837509,0.004162512957518083,0.004825128107452126,0.0032680670807479937
2019-12-17,0.0006510549200551052,0.0006510549200551052,0.0005855968663434963,0.0005855968663434963,0.0008551749830448596
2019-12-18,-0.000521880797553409,-0.000521880797553409,-0.000897931031680288,-0.000897931031680288,0.0006647462393015391
2019-12-19,0.003374400655371046,0.003374400655371046,0.003406998473023981,0.003406998473023981,0.0013289375708264272
2019-12-20,0.0038894192880674972,0.0038894192880674972,0.00293015844231872,0.00293015844231872,0.0022236862827927474
2019-12-23,0.0025669945086665537,0.0025669945086665537,0.0015402786960483361,0.0015402786960483361,0.001521279950258747
2019-12-24,0.0014876176582465871,0.0014876176582465871,0.001535985445300414,0.0012124992393940937,0.0005812157738853463
2019-12-26,0.004009051155594101,0.004009051155594101,0.004041353609880738,0.004426878561131109,0.0025365149500664263
2019-12-27,-0.0010929887990424603,-0.0010929887990424603,-0.0006732295780123576,-0.0015109935787555484,-0.0011740424807092143
2019-12-30,-0.0040270779536560886,-0.0040270779536560886,-0.0037115006195492907,-0.0033759764326645294,-0.0005062455415041466
2019-12-31,0.0013902407635808078,0.0013902407635808078,0.0008207307336384861,0.0008207307336384861,0.0009071156110894929
2020-01-02,0.009785428153581743,0.009785428153581743,0.008886034361527817,0.00906755852751564,0.002843458028977186
2020-01-03,-0.003349964099588154,-0.003349964099588154,-0.0030528219497690024,-0.003349964099588154,-0.0008550805345557744
2020-01-06,0.0034443793565230086,0.0034443793565230086,0.002666222617114877,0.0034443793565230086,0.0031893836777686867
2020-01-07,-0.002311089288447421,-0.002311089288447421,-0.0020482523974394316,-0.002311089288447421,-0.0015747276963088864
2020-01-08,0.0014908454705343632,0.0014908454705343632,0.003138033094768211,0.0014908454705343632,0.00044162146618482724
2020-01-09,0.005102522703926316,0.005102522703926316,0.0043656163038494735,0.00426540787428531,0.0020192207545462137
2020-01-10,-0.0013948105431162094,-0.0013948105431162094,-0.000829536202602943,-0.000829536202602943,0.00029262137897536624
2020-01-13,0.003333837612121493,0.003333837612121493,0.0033003818675262585,0.0033003818675262585,0.0006722800498531357
2020-01-14,0.00027253101061597285,0.00027253101061597285,0.0002558087328808911,0.0002558087328808911,0.0012446152991657967
2020-01-15,0.002077187963075833,0.002077187963075833,0.00281251010502237,0.00281251010502237,0.0012328757210704033
2020-01-16,0.006410050442448556,0.006410050442448556,0.006241667727456601,0.006241667727456601,0.0013036063269496133
2020-01-17,0.0003538693466502929,0.0003538693466502929,0.0009925452934787637,0.0009925452934787637,-0.00025831677988170655
2020-01-21,-0.0029667513626513097,-0.0029667513626513097,-0.002464878615390875,-0.0011737924934267173,0.001190251756956384
2020-01-22,0.0004020191019309949,0.0004020191019309949,0.0004020191019309949,0.0013665401199180471,0.0003974287165583679
2020-01-23,0.0005273033143337713,0.0005273033143337713,0.0005273033143337713,0.0009099266430591002,0.0010396767778832806
2020-01-24,-0.006723392136895034,-0.006723392136895034,-0.006723392136895034,-0.005571174518988942,-0.001327916630477588
2020-01-27,-0.011561317542251759,-0.011561317542251759,-0.011561317542251759,-0.008788439581619956,0.00024558004279444655
2020-01-28,0.006445445030311403,0.006445445030311403,0.006445445030311403,0.0059912975209203915,0.002403179442782832
2020-01-29,-0.00020062551511462745,-0.00020062551511462745,-0.00020062551511462745,0.0008482003466718013,-0.001157246081422436
2020-01-30,0.003336271726092366,0.003336271726092366,0.003336271726092366,0.0025321566442834563,0.002155381113737154
2020-01-31,-0.016055450640237223,-0.016055450640237223,-0.016055450640237223,-0.0129372274109122,-0.010700690790799017
2020-02-03,0.004811259019873659,0.004811259019873659,0.004811259019873659,0.006121157692266144,0.003185054687022526
2020-02-04,0.009804374724989873,0.009804374724989873,0.010834427106787992,0.009444128962563147,0.007580647029844512
2020-02-05,0.01200183370608674,0.01200183370608674,0.00824213045947062,0.00824213045947062,0.010889796786186701
2020-02-06,0.0035564578570743467,0.002113614316814905,0.003133280965836227,0.003133280965836227,0.002430519124516928
2020-02-07,-0.0035956958275175977,-0.00429475259143951,-0.0035956958275175977,-0.0035956958275175977,-0.002857239281755264
2020-02-10,0.00583659820098763,0.005336444381076999,0.00583659820098763,0.00583659820098763,0.001149697527302551
2020-02-11,0.0006491937580113017,0.0017662958253967243,0.0006491937580113017,0.0006491937580113017,0.0013002477642291787
2020-02-12,0.003939818826658459,0.0052839721087531545,0.003939818826658459,0.003939818826658459,0.0036929867713173968
2020-02-13,-9.1439097371937e-05,-0.0004003303627833743,-9.1439097371937e-05,-9.1439097371937e-05,-1.2324790128093178e-05
2020-02-14,0.0014605613823022833,0.0009320615542727784,0.0014605613823022833,0.0006348385332147321,-0.000528184200366355
2020-02-18,-0.0006017911543385934,-0.0014262903274332773,-0.0006017911543385934,-0.002111177861439806,-0.0015075915753908543
2020-02-19,0.005317840121619932,0.006647961556780579,0.005317840121619932,0.006171799192578931,0.0035075179769370247
2020-02-20,-0.0022304013135610147,-0.0023397806286704847,-0.0022304013135610147,-0.0022304013135610147,-0.0012253606889394252
2020-02-21,-0.005441991003257885,-0.006628311897145134,-0.005441991003257885,-0.005441991003257885,-0.004222658140358359
2020-02-24,-0.022772610664413086,-0.026457814804802506,-0.02184013638726161,-0.02184013638726161,-0.020995051790734298
2020-02-25,-0.027769794780879063,-0.027769794780879063,-0.02335461620251721,-0.02335461620251721,-0.027535662752673808
2020-02-26,-0.004761593226299432,-0.004761593226299432,-0.0017429465651983666,-0.0017429465651983666,-0.005399427471634776
2020-02-27,-0.0348655633051199,-0.0348655633051199,-0.0295177436146129,-0.0295177436146129,-0.031475569458167305
2020-02-28,-0.00802819795159584,-0.00802819795159584,-0.007939906800767537,-0.007939906800767537,-0.002073860367556113
2020-03-02,0.03704438527803021,0.03704438527803021,0.03300194681590406,0.028897466421029694,0.028746238839787486
2020-03-03,0.006140355303634093,-0.019405610892867554,-0.01634827690113444,-0.016675886003668795,-0.007019675796306824
2020-03-04,-0.0007806334975903884,0.03053536948902582,0.028170045148469082,0.026020902411653824,0.021124896162361507
2020-03-05,0.002489242432408512,-0.02233174031525521,-0.018673188297495924,-0.016304825448420036,-0.017870287605495028
2020-03-06,0.005204361301018734,-0.012745602394715982,-0.007127122575321621,-0.00830906641083412,-0.002847968253651867
2020-03-09,0.0031935281070990308,-0.07303554912240348,-0.05289438429884095,-0.038578608631846714,-0.05905579636508527
2020-03-10,0.01702796240987795,0.032147034452419884,0.027403367618153186,0.012054264066506715,0.01706907183474584
2020-03-11,-0.027823530703039133,-0.04472501228913459,-0.03943667615792259,-0.01693628212555196,-0.036320686783832754
2020-03-12,-0.038694271806912116,-0.08373273500919727,-0.07125872513501504,-0.02976442695722421,-0.05297499981451361
2020-03-13,0.06524318864437476,0.06888851646488756,0.05965881708782644,0.010966401629547396,0.05951409841348072
2020-03-16,-0.09453345150143753,-0.09460847570627315,-0.08100178515382266,0.005433587735342605,-0.07617155721073035
2020-03-17,0.02585053620688187,0.03687600954640187,0.036192798103856116,-0.0009902374626144183,0.021297734522488752
2020-03-18,-0.043685534522792405,-0.0600145699289477,-0.045657435274649105,-0.007633400103052068,-0.06271382307203957
2020-03-19,0.01597841379623397,0.013808405281820191,0.0070110939683420085,0.001521689729516351,0.01648078497772233
2020-03-20,0.009715670506784102,-0.01699214500148477,-0.01347526896787512,0.007519576151228269,-0.006519767083108918
2020-03-23,-0.002842358613682483,-0.01717346252518571,-0.008878319616335072,0.004120875722125739,-0.02038872749195416
2020-03-24,0.01374565198597708,0.08634954417784152,0.05465479890225135,-0.0019765294723007587,0.0778768801295759
2020-03-25,0.0007010647307466144,0.011665646166004694,0.002213783867663066,-0.0015961681135587158,0.00921851049899669
2020-03-26,0.0,0.05045806364753345,0.025715206627051245,0.0017745273564895969,0.008274956298890145
2020-03-27,0.0,-0.028392774230287833,-0.011055825521316032,-0.0004145861154064345,-0.0038258344951123124
2020-03-30,0.0,0.023647571767487885,0.015396775637141391,0.0018019165570176022,0.002772981420530818
2020-03-31,0.0,-0.012104593637508165,-0.008647347207219125,-0.0070011414377117555,0.0004694732482932396
2020-04-01,0.0,-0.03733544901740023,-0.014310825925627213,-0.010057708568444257,-0.004893426431752612
2020-04-02,0.0,0.026519903183972748,0.00941166940279461,0.0012346803239596028,0.012995847150056094
2020-04-03,0.0,-0.01204027046545374,-0.0031343937587122394,-0.0022915681548226876,-0.006009527149608151
2020-04-06,0.0,0.057847535101659034,0.023434646844102035,0.013807755830058532,0.021451781943214954
2020-04-07,0.0,0.00018039903627297126,-0.003340675755824185,-0.012225710327394123,0.010213783257396048
2020-04-08,0.0,0.02968522143599126,0.007311147121977735,0.007311147121977735,8.313124250396431e-05
2020-04-09,0.0006253382142015207,0.015476576485844407,0.003513529272178806,0.003513529272178806,0.0001817311924760201
2020-04-13,-0.000913029274097299,-0.007692541684246146,0.0012291133995647296,0.0012291133995647296,-0.004637454778408645
2020-04-14,-2.4421832392529374e-05,0.020014822767631647,0.012623120898962581,0.012623120898962581,0.0017132255128364583
2020-04-15,0.002648941807972327,-0.01885433637941958,-0.002566300634796659,-0.001703537057141069,0.00018403376998408217
2020-04-16,0.0011357467053170422,8.407227245843529e-05,0.004091216750218429,0.006275053749345038,-0.0035720719462258633
2020-04-17,-0.0013404880796285545,0.027143163604338993,-0.0009974443920905073,0.0010788960725319318,0.021489104118687506
2020-04-20,0.0008044739451687378,-0.0122572452348776,-0.0012694121159262273,-0.0020632065178813664,-0.011291590351914894
2020-04-21,0.001259151323111185,-0.023471453400296292,-0.007303251788691301,-0.0103438655688051,-0.007266495681926488
2020-04-22,-0.0010216749868176666,0.01933968268714519,0.007763115755936934,0.0092898195736139,0.012235295712731497
2020-04-23,0.0005308727607367114,0.005087142726651161,0.0006265039383951731,0.001175191303895462,0.004198347826207327
2020-04-24,0.00023466601083153016,0.01081347801777358,0.0035032044696494346,0.004847165627063077,0.006620563319375416
2020-04-27,-0.001861350017396146,0.012864463253323499,-0.0008635464301903206,0.0004227547539885079,0.007675776597710659
2020-04-28,0.001151137816925285,-0.00027123565491581346,-0.00250922716903097,-0.00452739576435014,0.0005429689404860994
2020-04-29,-0.000518927191109908,0.028419688337028282,0.007684803016053565,0.008347948666329218,0.0070074921648840775
2020-04-30,-0.0011676854706336726,-0.014706210754697524,-0.0028635617631563525,-0.003926056218830276,-0.0022417052563019737
2020-05-01,0.001932412584448473,-0.02391408562014351,-0.0013450148802573558,-0.0059959855788600195,-0.006719600255656433
2020-05-04,8.629191345220777e-05,0.005640653404965346,-0.0007712802751414283,0.0023220357514467604,0.0011295533707776251
2020-05-05,0.0019521166212328246,0.006500028217722165,-0.00021602548528956155,0.004462391088926232,0.0036497645090334263
2020-05-06,-0.0038901391671679274,-0.009491689394365677,-0.002899130699940566,-0.0024970173787244197,-0.001475548342653943
2020-05-07,0.0030077465304989446,0.014368594557397973,0.0032057026696342915,0.005982830012334494,0.003440272114983789
2020-05-08,0.0005860187294000063,0.015648807784151297,-0.001901132716061893,0.0014516204619267725,0.007486681559631947
2020-05-11,-0.00011891952386752224,-0.0027210565846342515,-0.0014039847387005034,0.0018747728137093911,-0.002725361645947222
2020-05-12,-0.001954561241798569,-0.01606371182196418,0.001415363919212842,-0.004266085874840763,-0.0018469692523611302
2020-05-13,-0.0016319560492564556,-0.017223355817268006,0.001661939881747987,-0.002397212646845137,-0.006198395047750871
2020-05-14,0.016544577362794088,0.012265033057630426,0.0018637048327266204,0.0053694672597382805,0.0010234267516743057
2020-05-15,-9.319649661185814e-05,0.0035719282098251037,0.0003071177347777398,0.0023051929707361475,0.001855172068405997
2020-05-18,0.004727976797078204,0.02841679430369729,-0.0029518350331562025,0.002187878593741488,0.007800022031848342
2020-05-19,-0.001138085284651502,-0.01023236820535125,0.0013390976446588266,-0.00048194434355189884,-0.0005435609435936462
2020-05-20,0.0023556889960184126,0.01723530278691523,0.001309993461793102,0.004844183360815468,0.0025206176347567057
2020-05-21,-0.00263719299652061,-0.007149149014965062,-0.0022969622645618304,-0.0044307158460543785,-0.0033335118904108006
2020-05-22,0.0015944679814337004,0.001747282769358094,0.0015384624462142726,0.0021137840116111526,0.0013728983264619243
2020-05-26,-0.0017111065483685795,0.01097340460242321,-0.003032409741237407,-0.0033167639393234414,0.0015731939597970145
2020-05-27,0.0025202819586123025,0.0145741270886664,0.0005423206384549517,0.0021487375742096472,0.0022671910737716017
2020-05-28,0.0010863190195456451,-0.006539439919478207,-3.733306396804803e-05,0.0009445871071284362,-0.0006972334508534295
2020-05-29,0.003104068545467675,0.003631609882985232,0.0041762579090517836,0.0053847349739682745,0.0034621257698153273
2020-06-01,-0.0007988780740105228,0.003721156607410736,-0.00035484593590945357,-0.0009337428211053766,0.0007623007377711488
2020-06-02,0.0003952382622637307,0.007434612875409319,0.0011773495730735828,0.0011773495730735828,0.0012245452401321133
2020-06-03,-0.002038885707627691,0.010328751263192503,-0.002140964876821938,-0.002140964876821938,-0.00021048659867731745
2020-06-04,-0.0014491034367721035,-0.000852868435290799,-0.0027108339895361433,-0.0026805167346214075,-0.0017241713089672928
2020-06-05,0.0014377068065370314,0.024178031301242055,0.003488850838764379,0.0060517608512126175,0.0026745115881766203
2020-06-08,0.0033631699271408745,0.014735703233404762,0.0034332938434968874,0.004642060710290741,0.004068786654575529
2020-06-09,0.00031514272826919096,-0.007275181433954492,0.0022562758597711287,0.001511838917665298,0.0031995618861257237
2020-06-10,0.0022016427435049835,-0.007378837839400953,0.005629701418946942,0.0049558773391989,0.002335693701934205
2020-06-11,-0.010157149614673044,-0.05288770145343592,-0.015081498452124998,-0.020846366670917695,-0.01992338403125139
2020-06-12,-0.0004924949408068091,0.012931391102365065,0.0019160493763609066,0.005795623403630634,0.0019687533151326432
2020-06-15,-0.005312436041310531,0.007843836734226594,0.00228504205009894,0.0020596339959135347,0.005894776741252039
2020-06-16,0.0007173758618010285,0.015629048018901102,0.0047303390943620235,0.0022666095284642695,0.011868707166956649
2020-06-17,0.0006038567403327866,-0.007094455637170161,0.0008016633598560863,0.00025608695582948207,-0.0008315693360771093
2020-06-18,0.0008619952053168789,0.0022145462768300315,0.0012421963435233717,0.0009627761664138257,0.000722397798628649
2020-06-19,0.0011834333414321608,-0.002555908762249981,0.0014393443972874342,0.0004773667756147182,0.0027505944193643274
2020-06-22,0.0006584444804591083,0.005555098771873146,0.0033580802734907156,0.003721840407532129,0.0038725457151629673
2020-06-23,0.0001585463435684109,0.004062735405467433,0.002161898039938237,0.002371703428730021,0.002239060273945326
2020-06-24,0.0007241932791410832,-0.023700989304269705,-0.006203291854490256,-0.003592937864604251,-0.010803804952787288
2020-06-25,0.006021716028669022,0.011696841933002234,0.003442988767161592,0.002460857997415122,0.007139257935222276
2020-06-26,-0.0031020164117473658,-0.01958412981323976,-0.004030044302187485,-0.00281435073977786,-0.011864701610423922
2020-06-29,0.007906435533042423,0.012223976222580858,0.0028257130181948862,0.001923241087401284,0.00789525151999133
2020-06-30,0.0056468439525373835,0.012565972210892761,0.005418542723324216,0.003711058408138246,0.004552930479638173
2020-07-01,0.0019404097885236226,-0.0023044247690227836,0.0014570862257778038,0.000687614990302654,-0.00044107412749513355
2020-07-02,0.0033172830543137578,0.0049672708008575706,0.002335249218727897,0.0015815649176947888,0.002904310955505329
2020-07-06,0.008725482012413932,0.011658871791634062,0.005409413667764362,0.004209498618366503,0.005023474150119023
2020-07-07,-0.003102134795645484,-0.010100946804396271,-0.0011221549977911804,-0.0005650822361371599,-0.005985893333945003
2020-07-08,0.00459425388639525,0.006303430500288176,0.00394573375574776,0.00318089050086654,0.0007241248796792888
2020-07-09,-0.004730891389759728,-0.009241616415788145,0.0011706117936444826,0.0017398954011512702,-0.005211111604673557
2020-07-10,0.00526216434150979,0.010312048964317233,0.0006764518305518274,-7.76390695573559e-05,0.007488795696394712
2020-07-13,-0.003012329404339231,-0.005265455473063796,-0.003974695388493166,-0.003674784098078143,0.003960454877596909
2020-07-14,0.009547722544215565,0.013550071905993066,0.005751152768725065,0.0024706621728622924,0.00995385164976299
2020-07-15,0.007119396943457768,0.01126326399063221,0.0025827628169054926,0.0008738376173424434,0.006510813219337219
2020-07-16,-0.004090931769709483,-0.00446205930219824,-0.002880001127820253,-0.0025506229610996354,-0.0023289272154282227
2020-07-17,0.002684005389583366,0.0007525874838592239,0.0028782046104958046,0.0025883123168795375,0.000996608074224714
2020-07-20,0.006939760647486426,0.004388109640139337,0.006909745282781899,0.006101564073080224,0.0030971507036968602
2020-07-21,-6.49468001944764e-05,0.009366857774325988,-0.0006345832210299495,-0.0008473338137252485,-0.0022575169458057265
2020-07-22,0.005051831187465172,0.0038774246540137615,0.004440603271343724,0.0038713927483902343,0.004391965937328957
2020-07-23,-0.006020447935839534,-0.0060221130343139475,-0.00480176534962925,-0.0036086029519497133,-0.005796402255138266
2020-07-24,-0.0038038017308854033,-0.006077539054481218,-0.0030539144052820323,-0.0024098787681839815,-0.0029039549201689387
2020-07-27,0.006923381618950009,0.007246472545156845,0.006447338178243322,0.005718115778041888,0.00458772034140611
2020-07-28,-0.002423448211875401,-0.005373076992086912,-0.001663859160224479,-0.001470192954726901,-0.0032648281719705797
2020-07-29,0.009597317197853806,0.012220191785353418,0.0054614180268382495,0.00447718535953,0.006754969907458141
2020-07-30,-0.0030769537698126515,-0.007004758055024074,-4.6833847376381855e-05,0.0008995866114279494,-0.0017645418463446915
2020-07-31,0.005863669065285948,0.004378655244846585,0.00551491246807505,0.005099657947682435,0.005307213661196175
2020-08-03,0.008329127239065726,0.008329127239065726,0.0060482813936571286,0.004549543621817864,0.0038026734061413327
2020-08-04,0.004178682099962183,0.006994002819147194,0.004287588616036009,0.0036539670804783485,0.0025100817675419718
2020-08-05,0.006456878532752996,0.007509765573732586,0.003092325168647203,0.0017548021446089357,0.0047037274166755625
2020-08-06,0.00536794701853055,0.00456645561910205,0.005448072669113268,0.004749568697900974,0.0025042943395877093
2020-08-07,-0.0005183262155010193,-0.00038368457347138786,-0.004243715008423521,-0.00450659293813257,9.930989592543682e-05
2020-08-10,0.001502248292641295,0.004595343397331475,-0.0002597089897174998,-0.0015414735926957857,-0.0004412408897337183
2020-08-11,-0.011467119759949018,-0.011806285204072198,-0.01204946658367142,-0.011707909044854414,-0.005150040822452328
2020-08-12,0.007643803814458816,0.008638569827880915,0.006738007198551332,0.006484255746623968,0.006671645968279139
2020-08-13,0.0001885752456406986,-0.0017554505579307378,0.0008224930341113601,0.0012533660108909773,4.7852292309380486e-05
2020-08-14,-0.0002905434275811136,0.00022019900293028803,-0.0011301626467270288,-0.0012025093302317047,0.0001331260179028071
2020-08-17,0.0015310947943940056,0.0031244174340926078,0.005368476981920866,0.005156612078438783,4.6418533202496894e-05
2020-08-18,0.0003695417756698238,6.179760412838853e-06,0.001916549135329071,0.0031417112301557306,0.0005724196108176205
2020-08-19,-0.003590097522385982,-0.00677633797393532,-0.005588731096063471,-0.005318262190012679,-0.004375595116923992
2020-08-20,0.00027159112408826626,0.0009629840503703968,0.0040569816901786845,0.004307504210852298,0.0006677462208063978
2020-08-21,0.0021728967208096694,0.0013718061373202306,0.0022114176782953134,0.0022197417765669747,0.0009476677837619518
2020-08-24,0.009455517197103979,0.008889677068441626,0.003756100554853281,0.0017835205710811431,0.0044860017274658825
2020-08-25,0.00034002976397802255,0.00046157739972561005,0.0015849665332769215,0.001164834900416023,0.0012776475943919174
2020-08-26,0.003403334854842932,0.0029153378985480203,0.005505676409997684,0.005505676409997684,0.0011339431587736315
2020-08-27,0.0006168072773645838,0.0006168072773645838,-0.0012699051849582531,-0.0012699051849582531,0.0003475258375379542
2020-08-28,0.007530293298202128,0.007530293298202128,0.005346710242042285,0.005346710242042285,0.002406589367355849
2020-08-31,-0.003369367617878749,-0.003369367617878749,-1.847425398144864e-05,-1.847425398144864e-05,-0.0025452802144727005
2020-09-01,0.0065623320796904805,0.0065623320796904805,0.006956245867869182,0.006956245867869182,0.005010683877723266
2020-09-02,0.008214450930908446,0.008214450930908446,0.00726195480088212,0.00726195480088212,0.005208106600428963
2020-09-03,-0.025383937656149057,-0.025383937656149057,-0.023116125762179796,-0.023116125762179796,-0.011346553809259164
2020-09-04,-0.0052045561932857805,-0.006628866723379823,-0.007071356877018364,-0.007071356877018364,-0.0020672501941799925
2020-09-08,-0.014346562909816497,-0.02367374851395705,-0.01746147674460081,-0.020603729374444657,-0.01400092861550103
2020-09-09,0.010785880245601953,0.015469611239316238,0.013770482927034321,0.01569397198487955,0.00770866339484918
2020-09-10,-0.006248099807033525,-0.015157364902922266,-0.010085793157208168,-0.015489308108451717,-0.007910075904161184
2020-09-11,0.000617569795872508,-0.00021600129415803027,-0.0010007587126824257,-0.00021600129415803027,0.00041274994410502865
2020-09-14,0.009212437923265182,0.01339291837926695,0.011250497516591152,0.01339291837926695,0.008049558258235145
2020-09-15,-0.0022307602978707264,0.0006803520719971479,0.0027678412581527145,0.0006803520719971479,0.0009661139300597421
2020-09-16,0.006069067734642175,0.0025320291752476075,-0.0026158659742095635,0.0025320291752476075,0.002263590205851185
2020-09-17,-0.004503412015042063,-0.005986014995564082,-0.005092918343014008,-0.005986014995564082,-0.0025639127883441137
2020-09-18,-0.0031045881070989488,-0.006916922870304876,-0.005596764817255994,-0.006916922870304876,-0.004768691647214274
2020-09-21,-0.007804629048544343,-0.01455097428793537,-0.008730793292921025,-0.01455097428793537,-0.007202504964869572
2020-09-22,0.0026365687558029816,0.0030897831776918296,0.0049577637983719055,0.003143176166106043,-0.0012129350228485048
2020-09-23,-0.012505024685683586,-0.023194892622502107,-0.016441837826473415,-0.023263316878285388,-0.014655622090392695
2020-09-24,0.004146628359384197,0.0019235677164650133,0.0017411633912865598,0.0019235677164650133,0.0010469005071195193
2020-09-25,0.011587645448599748,0.011587645448599748,0.010621608655085324,0.011587645448599748,0.005248175556903989
2020-09-28,0.013680097720548822,0.016023402607831805,0.011286854464853857,0.016106715547484683,0.009253548731022854
2020-09-29,-0.0014949493827509318,-0.005486674990951091,-0.0014875790011003697,-0.005602012657056077,-0.002907946058390465
2020-09-30,0.0032678146481963767,0.004792641107324547,0.0037448899926535327,0.005250133829480008,0.0009743176949435717
2020-10-01,0.0017546017269202574,0.00291952586038271,0.0058251485238606905,0.0023485185997609626,-0.001493476866029564
2020-10-02,0.0016809214602965029,-0.005963097308444187,-0.007715689676457649,-0.00928970115110872,0.002528672497565998
2020-10-05,0.006545585096001017,0.0157972725272287,0.011148798378758318,0.016794471925731337,0.008857254253760072
2020-10-06,-0.005743709785734063,-0.010854889706088411,-0.008352191109085727,-0.008496555423286988,-0.007636975724549489
2020-10-07,0.0064032655528808435,0.013562328843912752,0.010473174015136633,0.012879420051534007,0.008904062441872685
2020-10-08,0.004120184612390965,0.010054373443999865,0.004940076775412727,0.005767651376324156,0.007899520801553784
2020-10-09,0.0042895912488942756,0.00626770701770144,0.007746606228844333,0.007884410220293181,0.004045265572172574
2020-10-12,0.004317796254154083,0.011063836779777347,0.009694203292885051,0.010485409149091162,0.005483161953041526
2020-10-13,-0.004787377907852985,-0.00765103493360606,-0.004175322936919379,-0.006812209119162504,-0.008142487530970521
2020-10-14,-0.002192728651178233,-0.004119657437469604,-0.003588172626583186,-0.004776132213140038,-0.0005938177743880835
2020-10-15,7.879110316019177e-05,0.0011997734455323483,0.0008806489766885583,0.0030753565487178338,0.0017948763567887439
2020-10-16,0.0007546538114103774,-0.0025934366855623002,-0.00032732249791435076,-0.0002934979791982317,0.000639930371496611
2020-10-19,-0.006330812511246365,-0.013111120742750771,-0.010991199798885243,-0.010613183505292357,-0.00808030336276595
2020-10-20,0.0017571459753165986,0.003164196142011644,0.0019797541561955567,0.0029313759733358147,0.0017654761351184156
2020-10-21,-0.0029204030485404766,-0.0041432257286917575,-0.0022368876713034004,-0.001891514753128165,-0.004379343421178949
2020-10-22,0.007770176505286497,0.007999337850921962,0.0038738804297180907,0.004913555181852625,0.008033675154136133
2020-10-23,0.002566235192846977,0.00160143034285114,0.0020925819265777746,0.0014813164127680523,0.0014934428835639002
2020-10-26,-0.012404149417765197,-0.015990885296148404,-0.012404149417765197,-0.013334422545740732,-0.011287068751603369
2020-10-27,-0.0035856328658522953,-0.0036373724041821043,-0.002340465883249132,-0.0030114275405832003,-0.003121800243000039
2020-10-28,-0.029416657594724237,-0.029416657594724237,-0.025232721126461,-0.025326162541245156,-0.02359534876370878
2020-10-29,0.007670178336322497,0.007670178336322497,0.004602718504447057,0.00557345964320507,0.006903535947467199
2020-10-30,-0.008703741057255965,-0.00739359167432887,-0.00795380273229418,-0.006967261989895957,-0.0032276402775108016
2020-11-02,0.010347010631489706,0.013759270876971885,0.010347010631489706,0.009597988184937534,0.011061024386716568
2020-11-03,0.013787913103115645,0.01321553980197181,0.013787913103115645,0.014368062300609052,0.009662566472653445
2020-11-04,0.012962338888455627,0.017626773807890506,0.017491313437366606,0.015322099050457828,0.01560023559774817
2020-11-05,0.007687631801506223,0.01751736651695839,0.01751736651695839,0.017343541207961354,0.0101612807977144
2020-11-06,-0.0012406788703550164,-0.00460766561622461,-0.002443288006952038,-0.0012347901438449882,-0.005819401431497795
2020-11-09,-0.006528553021845007,0.022012337501798086,0.007736488460258284,0.009837943658931647,0.026928008483255973
2020-11-10,0.0003266210823381632,0.002809776917498341,-0.0004267918489911371,0.00014995875727253917,0.0030865352391587497
2020-11-11,0.0003609506661557349,0.003547603727197468,0.0045731226768327745,0.00421217201067704,-0.0006180751058154965
2020-11-12,0.00160636370062488,-0.007857627520561827,-0.004630867168753328,-0.006332644742377813,-0.002170736750946567
2020-11-13,0.0005493715977390679,0.013698738420489454,0.010058489696759177,0.01019108951437333,0.006665941823782306
2020-11-16,-0.00024586795705691113,0.015397222722681802,0.008733690381718751,0.009055387794869618,0.0050341016499423795
2020-11-17,0.0002858282233290432,-0.0009866673418575834,-0.0026640590631304196,-0.0026640590631304196,0.0006759500166916843
2020-11-18,-0.0002825745116284417,-0.011593865611113308,-0.008977813196138695,-0.008977813196138695,-0.002122440512614077
2020-11-19,0.00020355870970482082,0.005190120933792675,0.0030377354936151233,0.0030377354936151233,0.0011142679542237243
2020-11-20,0.0009603543721826257,-0.0034632730087848173,-0.0038224947647746534,-0.0038224947647746534,-0.002840486648907481
2020-11-23,-0.0025631516914620843,0.00985343849364384,0.0032465973308586473,0.0032465973308586473,-0.00023206506728925546
2020-11-24,0.0006918691973702539,0.01422986982064094,0.010086785621519101,0.010086785621519101,0.005515467569444455
2020-11-25,-0.0010714992822746904,-0.0036338858030150025,-0.0009940801087192975,-0.002741109616760484,-0.0010021964167418406
2020-11-27,0.0015781503519877948,0.0017194987449148825,0.0019173762912979675,0.000748964836858157,0.002037930631014617
2020-11-30,-0.0007252536351947669,-0.010378885475010858,-0.004728512119400808,-0.010254063057360175,-0.0008088394939963939
2020-12-01,0.003362974348300185,0.008671143171515993,0.00968320020055997,0.012406529584079284,0.0034395015703974517
2020-12-02,0.0008045863867319869,0.005591894096027195,0.0031361427258562056,0.0031361427258562056,-0.0005851701691857114
2020-12-03,0.001698299598243136,0.0034597087146457594,0.0016042334887402365,0.0019172429576674865,0.0013814516481716276
2020-12-04,0.001163394173552834,0.011432591641482193,0.007448876261707593,0.0059822771748296085,0.0019750092499382977
2020-12-07,0.001573537796195501,-0.0009983573248430466,0.00043775038217097606,0.001128370523660216,0.0016590033208164878
2020-12-08,0.002270957589015787,0.005638853978477354,0.0036794072449081506,0.0036794072449081506,0.0013769854679211325
2020-12-09,-0.0047390077608192695,-0.008648364482724491,-0.008541332203400675,-0.008541332203400675,-0.005480026635632074
2020-12-10,0.0005576542616831159,0.005139301105671701,0.0011805500331899866,0.004073889879482507,0.0003714018338526803
2020-12-11,6.834381618568975e-05,-0.0029245054198027585,-0.0021245975473194066,-0.003278451098323143,-0.0006112428023192118
2020-12-14,-0.001559492023107556,-0.006092700814924334,-0.002313580925883507,-0.005815531791337192,-0.004590971091340668
2020-12-15,0.007472558293459131,0.013585094032710032,0.011954077315179012,0.012458232191615837,0.00769745811282202
2020-12-16,0.0013955868024658092,0.0005416590754861117,0.0013021530624496402,0.0005128704192557731,0.0008175339305782403
2020-12-17,0.004588195819575436,0.005307178472403617,0.006043692380126675,0.00557179741422501,0.0019984565105542695
2020-12-18,-0.00264164103371054,-0.004797719060593397,-0.002825861715354494,-0.004497946998092162,-0.0012575213624377636
2020-12-21,6.165158324683562e-05,-0.0019185502761760232,-0.0003862008399254546,-0.002315204796371595,-0.0016930025872557986
2020-12-22,-0.0027904982187224705,-0.0018108809374633218,-0.0021695018751185626,-0.0009082065774027482,-0.0005088348991782565
2020-12-23,0.0031433571775229983,0.003994151267450119,0.0046850996627628375,0.0037693812702781606,0.0005388501230505604
2020-12-24,0.0030397922449610037,0.002372174245734537,0.0019764393403404077,0.0019764393403404077,0.00184053655839711
2020-12-28,0.003027480473988986,0.0030687336699073086,0.003024228341487578,0.003024228341487578,0.0015590480460553001
2020-12-29,-0.0010461463370890379,-0.002982904862366986,-0.002855841752407662,-0.002855841752407662,0.00044998766891779507
2020-12-30,0.003940031772364405,0.004311488671742303,0.00409516794970578,0.00409516794970578,0.0004380836034131752
2020-12-31,0.0032356916731048234,0.0032356916731048234,0.0030897065955567404,0.0030897065955567404,0.000583195692857641
2021-01-04,-0.006369544807443161,-0.006369544807443161,-0.006249146542810691,-0.006249146542810691,0.0013966202637967552
2021-01-05,0.009415012160703017,0.009415012160703017,0.010157687908889313,0.010157687908889313,0.0029799944540413346
2021-01-06,0.007044416531605357,0.008179616281503843,0.010232448357471113,0.010232448357471113,-0.0012074057969642781
2021-01-07,0.010751547811608132,0.012219640834949497,0.013101055325224775,0.013101055325224775,0.007061666686557877
2021-01-08,-0.0008692543399039909,-0.0009898640495805688,-0.0006671416327183599,-0.0006671416327183599,-0.0019743794007078485
2021-01-11,-0.0028808093544723133,-0.0013115003433069705,-0.0011462619765249538,-0.0011462619765249538,-0.0018421681696763504
2021-01-12,0.0018744883130220491,0.005368689945237948,0.005448125165630047,0.005448125165630047,0.001602374750678226
2021-01-13,0.0017356982105565355,0.0009547857615816336,-0.0001713995174452032,-0.0001713995174452032,0.002405024785300314
2021-01-14,-0.0008097421499928869,0.002153210176225151,0.0030899397809182384,0.0030899397809182384,-0.0028522453311084716
2021-01-15,-0.006807358031064315,-0.010696750128389765,-0.011093477377919204,-0.011093477377919204,-0.003138060057720138
2021-01-19,0.007295647689893414,0.009410154188497045,0.009087465194310607,0.009087465194310607,0.0050843918402343705
2021-01-20,0.008344470310510433,0.009151748815237582,0.009053282725870726,0.009053282725870726,0.006422162219729332
2021-01-21,-9.082243361007159e-05,-0.0043397066307116925,-0.0036379482234390912,-0.0036379482234390912,9.611901952615298e-05
2021-01-22,-0.0031139236113365888,-0.002471934586686175,-0.002795637365477233,-0.003421173373103137,-0.0009325534145039449
2021-01-25,0.0031479450880436467,0.0020281447105257254,0.0008496256122082491,0.0007633638752683857,0.0033921247746975915
2021-01-26,-0.00467876756688429,-0.004462039040246191,-0.004273289099267963,-0.004026229100973999,-0.0010808728931250733
2021-01-27,-0.016810676348112407,-0.018643757682288997,-0.018898062666838168,-0.018264500360846793,-0.006155760363125229
2021-01-28,0.005765699424829518,0.006500713729869168,0.007053503836426778,0.0069607676902650574,0.0035965272755680623
2021-01-29,-0.01495550843868626,-0.016824081501962594,-0.01622248358341586,-0.01618195076641423,-0.011301863509341004
2021-02-01,0.012059776735624018,0.013324119394223576,0.013208167078123712,0.012269637959614244,0.006861295774807363
2021-02-02,0.010606338879223964,0.009344405705355763,0.00998916128219145,0.011205940923570057,0.0080034822919548
2021-02-03,0.002276752493961398,0.002872792076666908,0.0037600896688794625,0.003911152655291583,-0.0015679713118777806
2021-02-04,0.007971601815215733,0.008381344340935747,0.008648531561803873,0.010801579030887187,-0.001520109754668597
2021-02-05,0.0031713416794235893,0.003394736997473946,0.004232117007064518,0.003244900996143163,0.0004713313298373101
2021-02-08,0.00731660149647162,0.012793825435781492,0.012354740061289626,0.011347728260775857,0.0019179344272431508
2021-02-09,0.0008230168942571336,-0.0002050115695035548,-0.0002790010853077951,-0.0006054921910940148,0.0016063429907444693
2021-02-10,0.00032255072699863827,0.0022372547126354946,0.001571921663039988,0.0012058100428000928,0.0011203585499927281
2021-02-11,0.0005274237169901941,-0.0013352782303078681,-0.0007878235294598746,8.068434019997683e-05,-0.00039066988188628525
2021-02-12,0.0011662893226178194,0.0036685279817876503,0.004910468549073299,0.005214191609682705,0.0003485446835610584
2021-02-16,-0.005086746923397711,-0.0008662792158354304,0.0006564220602120141,0.002091770887442368,-0.002080342345932129
2021-02-17,-0.001939128894236497,4.496819070115565e-05,-0.0005900906700365804,0.0005451943987617502,0.001342904079555729
2021-02-18,-0.004266431517802161,-0.007115641768202385,-0.0063643095970009386,-0.006704899924893803,-0.0014948175056924585
2021-02-19,-0.000809764297236304,0.0020498681849124957,0.0029641213373356678,0.0029641213373356678,-0.00275257119587623
2021-02-22,-0.005622425789137397,-0.0012320574720063094,-0.0019681154098871055,-0.0019681154098871055,-0.003008766231401416
2021-02-23,-0.0019627271994931083,0.00030210204396214914,0.0008205647182690345,0.0008205647182690345,-0.001446077291495207
2021-02-24,0.007098140374542494,0.01258413500479313,0.013311050158321503,0.013311050158321503,0.004191024481667194
2021-02-25,-0.01934208391504686,-0.02308903679565879,-0.019574357269759746,-0.019574357269759746,-0.008739465102270472
2021-02-26,-0.0011208491811098287,-0.005405717450121639,-0.00629333393550815,-0.00629333393550815,0.0011123083693097557
2021-03-01,0.014003911299009918,0.01972590303854608,0.02121973168494804,0.02121973168494804,0.006461736894622638
2021-03-02,-0.0008905066835993125,-0.006982475143108136,-0.007534371051429389,-0.007534371051429389,-0.00273183109185422
2021-03-03,-0.00515927760595245,-0.009410861382946034,-0.007224081718766729,-0.007224081718766729,-0.008054571999201687
2021-03-04,-0.008820723490626747,-0.010690131523101398,-0.00906148221683164,-0.00906148221683164,-0.008331039496375314
2021-03-05,0.009651601809171928,0.017090474553452917,0.016832837538605074,0.016832837538605074,0.009128959724249364
2021-03-08,-0.0012719014633210345,-0.004918467942250504,-0.003104198894945842,-0.003104198894945842,-0.005084986641967615
2021-03-09,0.007977116229088232,0.012426577244848636,0.008913663485728928,0.008913663485728928,0.009877669356930352
2021-03-10,0.005426197836902724,0.008667724770566487,0.007957550513695188,0.007957550513695188,0.0015349466545030999
2021-03-11,0.0014315879447836743,0.00782046798397249,0.008628419924933383,0.008628419924933383,0.004858324225261501
2021-03-12,-0.0008713210312007336,-0.0005877176072407342,0.0015529938065466874,0.0015529938065466874,-0.002630093103040554
2021-03-15,0.0028553935982833954,0.0036304750001822537,0.0026028684696030036,0.0026028684696030036,0.0020257104902601355
2021-03-16,-0.0008687894085892767,-0.00513174074977778,-0.004822353476012231,-0.004822353476012231,-0.0009535805015478904
2021-03-17,0.0005238029942180478,0.0030883229701027526,0.0031220981487926403,0.0031220981487926403,0.0008058012309566376
2021-03-18,-0.003683751149585157,-0.016536078161280842,-0.014942414195416054,-0.014942414195416054,-0.004892924574456514
2021-03-19,0.0004061273674972332,6.761538837479764e-05,-0.0009704641326245267,-0.0009704641326245267,-0.000512374094786039
2021-03-22,0.002060717731280015,0.0038602534141693235,0.0028866325027293916,0.0028866325027293916,0.0024267250491289303
2021-03-23,-0.0076998489457101305,-0.01014350876394785,-0.010316089437412124,-0.010316089437412124,-0.0012849052497086566
2021-03-24,0.0008267105713688716,-0.0020730847328082613,-0.0029574214861050386,-0.0029574214861050386,-0.003847684078146918
2021-03-25,0.003687869280837075,0.004667221861842774,0.005819149069090823,0.005819149069090823,0.003596505614638634
2021-03-26,0.011410394658735145,0.014701683578350399,0.01476731547448642,0.01476731547448642,0.007949281869855818
2021-03-29,-0.0027227414369714762,-0.006727461776453636,-0.004689003025697569,-0.004689003025697569,-0.005612231446731342
2021-03-30,-0.0033513122900806656,-0.0025304694418615157,-0.0013452772425568082,-0.0013452772425568082,0.0012280864804544932
2021-03-31,0.0037316121591224327,0.004387328712105243,0.00342854481273801,0.00342854481273801,0.002784603899030613
2021-04-01,0.00903582558056607,0.012851042028596582,0.009928500786305371,0.009928500786305371,0.005459598798320286
2021-04-05,0.007635788389418641,0.005800283551465268,0.0062736147076161266,0.0062736147076161266,0.005883380136006344
2021-04-06,9.377597116955183e-05,-0.00046426753243469234,-0.0019463458413804923,-0.0019463458413804923,-0.000511713295163907
2021-04-07,0.0001771339209602263,-0.0010896266626873041,-0.00011133057605129393,-0.00011133057605129393,-9.540755352572816e-05
2021-04-08,0.005274170493261399,0.0048193599702648585,0.002918590187323278,0.002918590187323278,0.004114902088534533
2021-04-09,0.00326187486641778,0.0033045774259744753,0.004420613643570626,0.004420613643570626,0.0015554916617643078
2021-04-12,-0.0015754807337905242,-0.001966339429621855,-0.0013163300862623962,-0.0013163300862623962,-0.001885074252785779
2021-04-13,0.003223834501828504,0.0029622346686781877,0.0015042203598696013,0.0015042203598696013,0.0036789771806963745
2021-04-14,0.00023603048409504002,0.0012218370171481307,0.0019740047093138257,0.0019740047093138257,0.0016726222061882678
2021-04-15,0.009273058669769896,0.009707426558657717,0.006417718388182847,0.006417718388182847,0.006029615399938071
2021-04-16,0.0013669389737469117,0.001527405871133647,0.0016992627219171385,0.0016992627219171385,-0.0010462033470806874
2021-04-19,-0.00348645331446753,-0.004786226467300536,-0.004222445325865476,-0.004222445325865476,-0.0030161137446456767
2021-04-20,-0.008103992746709,-0.008480743125775191,-0.00929732109178304,-0.00929732109178304,-0.00635982970515826
2021-04-21,0.01122861344358932,0.01122861344358932,0.010036759088013093,0.010036759088013093,0.009403722179208596
2021-04-22,-0.007580605332259971,-0.007580605332259971,-0.007368693317831132,-0.007368693317831132,-0.004940063397085304
2021-04-23,0.00923181627430586,0.00923181627430586,0.009850024155906145,0.009850024155906145,0.008982339677550766
2021-04-26,0.003098765517874957,0.003098765517874957,0.0029771235238264192,0.0029771235238264192,0.002986188076092233
2021-04-27,-0.00026151134931916563,-0.00026151134931916563,0.0008625318692701556,0.0008625318692701556,-0.0005756216161550753
2021-04-28,0.0023408312806019738,0.0023408312806019738,0.0019814829629973495,0.0019814829629973495,-0.0009190552213277469
2021-04-29,0.0029796026553155163,0.0029796026553155163,0.0036885218377601726,0.0036885218377601726,-0.0007185414740849439
2021-04-30,-0.008315905332095475,-0.008315905332095475,-0.008210341699749523,-0.008210341699749523,-0.006502792490011611
2021-05-03,0.004628412830741402,0.006278505873811624,0.004920704591746738,0.004920704591746738,0.0033291145905721465
2021-05-04,-0.004447082634550648,-0.004387954476627787,-0.00433356787858824,-0.00433356787858824,-0.0049404252701609865
2021-05-05,0.0008616830179876689,0.004091297208784683,0.0035121467968853514,0.0035121467968853514,0.0026289556375320377
2021-05-06,0.007033100043377938,0.007548158090644286,0.005715551291969878,0.005715551291969878,0.003623751577365486
2021-05-07,0.005967546428394299,0.007751582130819124,0.007345074293327624,0.007345074293327624,0.007608548943787918
2021-05-10,-0.00928276076292025,-0.009245458835116382,-0.008535799164880986,-0.008535799164880986,-0.007893977885701797
2021-05-11,-0.00644286165634188,-0.009015110876214493,-0.008466599209189397,-0.008466599209189397,-0.004335118801281323
2021-05-12,-0.016800475322417373,-0.01632216715473871,-0.014278021620947334,-0.014278021620947334,-0.01736476643069197
2021-05-13,0.009541628294516857,0.008323022239877898,0.007757422747201892,0.007757422747201892,0.006317549149191193
2021-05-14,0.013440810552351735,0.016544143974123137,0.014697439394649759,0.014697439394649759,0.009301283658415305
2021-05-17,-0.001433601788419847,0.0016310724030773826,0.0006786652769203094,0.0006786652769203094,-0.00035726650481564536
2021-05-18,-0.00450119021231229,-0.007580762788077844,-0.007519485697953821,-0.007519485697953821,-0.00383368907802627
2021-05-19,-0.0012441908111215593,-0.004501453324165683,-0.004328168855652614,-0.004328168855652614,-0.0009771347890406012
2021-05-20,0.0079172614038584,0.008429067969305393,0.007149490143753601,0.007149490143753601,0.004865493886500827
2021-05-21,0.0005523297550056316,0.0010234451403718036,0.000657373813420814,0.000657373813420814,-0.0015060591544316382
2021-05-24,0.006161646332006288,0.007808678311900863,0.007262121540272015,0.007325611297782442,0.006352796323029608
2021-05-25,0.00024846987441594636,-0.002749225632036667,-0.0045828366687808205,-0.0036755552458432096,-0.00012555361028698808
2021-05-26,-6.624526692724508e-05,0.0026904604250014065,0.003036762461130582,0.002862557592397763,0.00033577687919016385
2021-05-27,0.00010468215206359544,0.0012112319083811608,0.0015740044731651025,0.0016134141356618837,0.0006640319884969048
2021-05-28,0.0019442105422929456,0.0020696365731434742,0.0018513253902799232,0.002228343084069162,0.0011531856197558032
2021-06-01,-0.002173899325415729,0.002811203692614972,0.003102727263934113,0.002833632649521778,0.0021453416159313288
2021-06-02,0.0018641982073549057,0.003845363951146674,0.0031248010823265336,0.0036138457174167637,0.0029020046712288305
2021-06-03,-0.004233225147425135,-0.004798135712564333,-0.002464939998113802,-0.0044227628522575555,-0.0031311410852566724
2021-06-04,0.008105468495372924,0.00920635372127614,0.006758527577200302,0.007836863483845446,0.005860927083193346
2021-06-07,-0.0003930772640578506,0.0005177053145957733,0.00042431184016892274,0.0008250746762502925,0.0015934947782138887
2021-06-08,-0.00017455623276154685,0.0017489758698394642,0.0013555391122158755,0.0010463313716937207,0.0014347618552809193
2021-06-09,0.00021130590488762646,-0.0010793567833879193,-0.0017705048337257501,-0.001962255105909072,0.0014034210628469212
2021-06-10,0.0038720517278666767,0.0030046527013928514,0.0019753462720101256,0.002404778854207179,0.0010128240511719123
2021-06-11,-0.000290408359856531,0.0004231494279467674,0.0017097249332773345,0.0005844858547419563,0.002372802107768868
2021-06-14,-0.00034315091984363775,-0.0010699850420252122,0.0002820455637786434,-0.0003040468153620468,0.0004987098448358096
2021-06-15,-0.0019864705646373327,-0.00036795293596898483,0.00013017398100150234,-0.00024759697472303,-0.0006375805479076901
2021-06-16,-0.004502091191731128,-0.005248709778298955,-0.003474401000420868,-0.005163572152306439,-0.003259428265577091
2021-06-17,-0.0019947000928844383,-0.006516601398920618,-0.004939787944341167,-0.007378865920578614,-0.0040644211275954745
2021-06-18,-0.008500983788572346,-0.012044529897905998,-0.013370387317515808,-0.013370387317515808,-0.011015210126628506
2021-06-21,0.014358568280336959,0.014358568280336959,0.014808146860011995,0.014808146860011995,0.012763352248322113
2021-06-22,0.002943749053002842,0.003899864375390616,0.004074876534543748,0.004074876534543748,0.0010979399029608095
2021-06-23,-0.0005957591184033272,-0.0003201635662929414,3.5768608683484083e-06,3.5768608683484083e-06,-0.0006836177603298133
2021-06-24,0.00605984650539122,0.006920963187443818,0.0068206490889879175,0.0068206490889879175,0.004037092197230285
2021-06-25,0.0019600645334307497,0.0024868610776333953,0.0031939395977555575,0.0031939395977555575,0.0008069324296274272
2021-06-28,0.001635432243503454,-0.0017436808638664147,-0.002765814118104104,-0.002765814118104104,0.0011334134929638195
2021-06-29,-0.00044172922104908087,-0.0009279886725428454,-4.4743657666690416e-05,-4.4743657666690416e-05,-9.497987426190235e-05
2021-06-30,0.0017460213577332184,0.0029863824552408434,0.0020556977391718136,0.0020556977391718136,0.00261186953032464
2021-07-01,0.004081217984297747,0.005826167555417494,0.005476538455354141,0.005476538455354141,0.004146493364639792
2021-07-02,0.0048471873621190875,0.004628251257717086,0.0033689605773030485,0.0033689605773030485,0.00351163835164271
2021-07-06,-0.001427239025543392,-0.004681966003561666,-0.006350201542900946,-0.006350201542900946,-0.001145032385322109
2021-07-07,0.0010081464124007677,0.0009084587277963907,-0.00035815489089348064,-0.00035815489089348064,0.000602981030009464
2021-07-08,-0.006822056144640654,-0.006822056144640654,-0.007148696805343302,-0.007148696805343302,-0.004241514217396591
2021-07-09,0.010268125891844315,0.010268125891844315,0.011511433272515581,0.011342394313258296,0.005211180278132199
2021-07-12,0.0010213029175848098,0.002054652830502679,0.0021842692196629154,0.0023083793228096507,-5.0621184764720886e-05
2021-07-13,-0.003917302997137928,-0.004675314045512258,-0.003909960782236976,-0.004040139019339417,-0.0027977765116688367
2021-07-14,-0.0020275075345453806,-0.0016836248858716819,-0.002819826601633757,-0.0038953448927936617,0.0025359392866907914
2021-07-15,-0.0025795565100312336,-0.0025795565100312336,-0.0036826181820423408,-0.0037001661470002834,-0.0009066851663445564
2021-07-16,-0.009755503902538232,-0.009755503902538232,-0.00956689917690109,-0.008596534068443896,-0.01043352481986115
2021-07-19,-0.01221804258144662,-0.01221804258144662,-0.014410886584122717,-0.014528941565480891,-0.009868755470396362
2021-07-20,0.012655492019820547,0.012655492019820547,0.01361949797831744,0.012041348068668956,0.009911294474901822
2021-07-21,0.00787942362859374,0.008846997322581884,0.010113626837767209,0.009222854040189988,0.007837918223605734
2021-07-22,0.0018213861956700717,-0.00023678356662075738,-0.001182044552661532,-0.0013775896117965702,8.463505284572737e-05
2021-07-23,0.004587911259478772,0.004287915236804307,0.004956748631958763,0.005270190462212165,0.002304869171843571
2021-07-26,-0.0006679257839700026,0.0026759299316924,0.0029722239706871266,0.003209524577164258,0.0024403711522965944
2021-07-27,-0.0010272025188443501,-0.0031469538261003514,-0.00421409182124004,-0.004380599179231948,-0.003119537610398959
2021-07-28,0.0007290596082536571,0.002975899221424205,0.0029692351358458825,0.002464609849449184,0.002162053395752872
2021-07-29,0.002273876319855295,0.005107937915656358,0.005662574807246213,0.0045520514701491875,0.004122221288433892
2021-07-30,-0.001681414169429385,-0.004723833968147795,-0.005194165610258028,-0.004405481343641338,-0.004499190380378848
2021-08-02,2.1082530416349778e-05,-0.0011982971844431644,-0.0020902811482580996,-0.0019666168538229668,-0.0005786515825242367
2021-08-03,0.004220211015985775,0.007469887913020568,0.007416822682280277,0.007487570348547412,0.003960757147370664
2021-08-04,-0.0012243826842467053,-0.006016288604911812,-0.006221975058288476,-0.006585856747774699,-0.004599571122290957
2021-08-05,0.0030084538064266255,0.0054967301428994865,0.006006503585504408,0.005891939352932895,0.0027711474398418147
2021-08-06,-0.002656917739419051,-0.0006358701619851636,0.0010342665327460864,0.0010900168583926728,0.0008611215906192627
2021-08-09,-0.0041994559674405465,-0.003935337418438512,-0.00284273062876359,-0.0032013187757274574,-0.0013317428527475639
2021-08-10,0.0006396289207475147,0.0016933971084631017,0.0021242185823950764,0.002205076923479565,0.0007121785681218573
2021-08-11,0.002316681804396681,0.0034637122738287564,0.0021466652823578292,0.0016570126653160822,0.0009311661090565914
2021-08-12,0.0016287008793272272,0.0018091004052054993,0.0019485694195762627,0.0021854884517273354,0.0003725585344426796
2021-08-13,0.0026704136856660955,0.0019243163955074527,-0.0010878415584011814,-0.0001781797292079612,-0.0020583852154508198
2021-08-16,0.00016769828158486044,-9.148037172930223e-05,-0.0008326950392689048,-0.0001386985047921563,-0.0029097546765833983
2021-08-17,-0.004389214337843661,-0.0050908834519367676,-0.004971253119691677,-0.003722587143772926,-0.0032216486376790863
2021-08-18,-0.008547910045688768,-0.009777935838666874,-0.009855797060360605,-0.009116091378951108,-0.0056224563175294225
2021-08-19,-0.0011655207443826755,-0.0022055165488129246,-0.001912275689886489,-0.001007439731848281,0.0010567271889652453
2021-08-20,0.006986947812575561,0.006986947812575561,0.006932931644541873,0.005307762863124799,0.003602592118229264
2021-08-23,0.011979096744798278,0.011979096744798278,0.010761341006070124,0.007478486405526896,0.005824085215895569
2021-08-24,0.0016330107886136202,0.0025025931653662515,0.002550007278493993,0.0006691312048866971,0.0014030014922555955
2021-08-25,0.00012365973858088352,0.0008881209470249507,0.0015818643275693045,0.00020916503913203098,0.00011015471125055409
2021-08-26,-0.003977175122647369,-0.005494517070127203,-0.005607964912408825,-0.004726312675822353,-0.0034277108677215674
2021-08-27,0.009732473958738297,0.012397514436635403,0.010894559644495561,0.012397514436635403,0.0052206757919548204
2021-08-30,0.0010107022675378218,-0.00016555427296438552,0.0003280095826327267,-0.00016555427296438552,-0.0008203732503905381
2021-08-31,-0.0013486487950996606,-0.002025845753239386,-0.00222661122453367,-0.002025845753239386,-0.002328336901544137
2021-09-01,0.0004425308692737606,-0.0010244300550414475,-0.0010303199169614974,0.0002892574353045241,-0.0006361704460393636
2021-09-02,0.002805333075177485,0.005342583264601586,0.005607755307226558,0.002805333075177485,0.004453808462665587
2021-09-03,-0.0003451173040167066,-0.0009177309884953466,-0.0019871534751090937,-0.0003451173040167066,-0.0010990571320612097
2021-09-07,-0.005632753936681223,-0.006229191030262737,-0.004270819176797058,-0.005632753936681223,-0.004929901703314232
2021-09-08,-0.0019974735499973862,-0.0032803290301728905,-0.0030298887398383044,-0.0019974735499973862,-0.0021646275424279547
2021-09-09,2.12754377405755e-05,-0.0006049428292971504,-0.0010472917580213847,-0.0009850443769857775,0.00039930144144865174
2021-09-10,-0.007343237513261125,-0.007343237513261125,-0.0068373718287460085,-0.006322897559955465,-0.0025423308057862747
2021-09-13,0.0058739458927770435,0.0058739458927770435,0.0055389699136424555,0.002438755942388726,0.0028010409880236398
2021-09-14,-0.003980878919984688,-0.003980878919984688,-0.004624733573428496,-0.0012624368444975275,-0.0023911860161559217
2021-09-15,0.00844520443846708,0.00844520443846708,0.009031631076432312,0.0038050220612562803,0.00680629310037838
2021-09-16,-0.0035618187426575076,-0.00454648929915018,-0.0022822915929599174,-0.003484428804167383,-0.0013361552746402495
2021-09-17,-0.005095847082995153,-0.005840452977034549,-0.0056819487346576715,-0.005518945351022686,-0.004943025139404278
2021-09-20,-0.011146876943015093,-0.01420056355472361,-0.014914978977830517,-0.011822841713967424,-0.00932426091035975
2021-09-21,0.0007308616720972938,0.0009636946784118749,0.00029679105985679354,0.001713745086484264,-0.0016409211802385858
2021-09-22,0.007895899194382761,0.01097932900795926,0.011352730081349493,0.008534474240703638,0.010065980695350685
2021-09-23,0.006484628362082157,0.009988056458158335,0.011142695367148459,0.009988056458158335,0.007778484964408261
2021-09-24,-0.0010515559542699892,-0.00029941072628992816,-0.00017098343613467515,-0.00029941072628992816,0.001376651884852298
2021-09-27,-0.00054498918117033,0.0030110097448525887,0.0028028062350321627,0.0030110097448525887,0.0032775401716678585
2021-09-28,-0.01761102356757055,-0.01726954053136892,-0.016297897691096953,-0.01726954053136892,-0.008404497713170044
2021-09-29,0.0005053664794356427,0.0005053664794356427,0.00095584208189885,0.0005053664794356427,0.0004649889530380258
2021-09-30,-0.005854977373306147,-0.0073675557809090965,-0.009165221144670211,-0.0073675557809090965,-0.0035476029359441607
2021-10-01,0.00911709313280995,0.012476661063012484,0.012251356523713253,0.011361243196954062,0.006135262512359474
2021-10-04,-0.009712081219332369,-0.008077592052630488,-0.008545423810084418,-0.007168839711285191,-0.007890993796834899
2021-10-05,0.0062016015910439145,0.006786392198157498,0.007252045481671532,0.006441334254319042,0.004865599811373656
2021-10-06,0.0022299870662294886,0.0011762009496196768,0.0009088685167888633,0.002153672927729067,0.0011241771400682722
2021-10-07,0.005606192771281137,0.006377393827363131,0.006904567749451673,0.00554018982416391,0.004295791490329504
2021-10-08,-0.002505530671503042,0.0005739217075038661,0.0005312852163560256,0.00046657085070268557,-0.002109238028641114
2021-10-11,-0.00557253085053031,-0.005943748898343837,-0.005754990713689167,-0.005943748898343837,-0.002670795654196467
2021-10-12,0.0004567928494461415,0.0005454909005259467,9.404781766221282e-05,0.0005454909005259467,-0.0016902642491108178
2021-10-13,0.004618810382738614,0.004530190935381473,0.0027507711548537374,0.004173133788966221,0.001489521872675481
2021-10-14,0.012505985025868837,0.013730255369007339,0.013485608509965274,0.012247588976165735,0.009902267545912325
2021-10-15,0.002791032813315009,0.0032818364237125587,0.00487112104808477,0.0023098470078367185,0.002858625126567105
2021-10-18,0.0015576332382236657,0.0016273942618972859,0.001875385344924274,0.0018797924934910505,0.0011374645955881447
2021-10-19,0.004692383403483024,0.00582538813043344,0.005504020931075393,0.005504020931075393,0.005835399894540405
2021-10-20,0.003524407992767142,0.004334465548993194,0.003458069674113973,0.003458069674113973,0.0025748132476660192
2021-10-21,0.0012664480423854375,-0.0005800243349401768,-0.0004901538124898241,-0.0004901538124898241,-4.370176583525787e-05
2021-10-22,0.0022073662567800635,0.0031479862853902364,0.0025362895702712327,0.001952973681671344,0.0002801862303494662
2021-10-25,0.0036023819150145632,0.0050691513267207226,0.004377735475388644,0.0050691513267207226,0.002135193416266967
2021-10-26,0.0005744508791388992,0.0011526804879599117,0.0018926319792259227,0.0011526804879599117,0.0015341749290899375
2021-10-27,-0.0032036137472314153,-0.006078140426960832,-0.006340546474566644,-0.006078140426960832,1.3243133651097417e-05
2021-10-28,0.008639486721321255,0.00814361797966715,0.008167406516006892,0.006613370935028773,0.006489364428605327
2021-10-29,0.0007331661552912539,0.0007331661552912539,0.0015839562070474877,0.0008191495783567371,0.0019082508003722132
2021-11-01,0.004662898352769018,0.004662898352769018,0.004140839902219684,0.004528671289893304,0.0007058339915176681
2021-11-02,0.0024782064814875882,0.0024782064814875882,0.002693106553819269,0.002481932313259161,0.0028929873292596665
2021-11-03,0.0025826522850992185,0.0025826522850992185,0.0034141905473608737,0.0022759533610099527,0.0019596823415298113
2021-11-04,0.0035508047895013274,0.0035508047895013274,0.002416709612105128,0.002416709612105128,0.004372389139076893
2021-11-05,0.005905762102319479,0.005905762102319479,0.004599467726455408,0.004599467726455408,0.0029264530329720984
2021-11-08,0.0033050751838565205,0.0033050751838565205,0.002945913252918886,0.002945913252918886,0.0011380730399974449
2021-11-09,-0.0010068233296888773,-0.0010068233296888773,-0.001499634331701205,-0.001499634331701205,-0.00044941144247531153
2021-11-10,-0.00938279763270954,-0.00938279763270954,-0.01046867578278018,-0.010817946972855907,-0.008125587214708185
2021-11-11,0.0019142562574622657,0.0019142562574622657,0.001354047620502663,0.0019142562574622657,0.0021463599194596616
2021-11-12,0.0038574946275421575,0.0038574946275421575,0.0036679691047366903,0.0038574946275421575,0.0023759301629632246
2021-11-15,-0.0016946267952177574,-0.0016946267952177574,-0.0015398522023921447,-0.001790377198335813,-0.00210846276091764
2021-11-16,0.002035202982835904,0.002035202982835904,0.002758589456494387,0.002758589456494387,0.0025426251369920715
2021-11-17,-0.0032060331813440813,-0.0032060331813440813,-0.004119751575853326,-0.004119751575853326,-0.0028094217722828387
2021-11-18,0.0008046275027352112,0.0008046275027352112,0.0011255430090926666,0.0011255430090926666,0.00045973583580020125
2021-11-19,-0.0058736778299188445,-0.0058736778299188445,-0.005109045305837612,-0.005109045305837612,-0.004989273274731398
2021-11-22,-0.0035835975744126893,-0.0035835975744126893,-0.0013415518624011358,-0.0013415518624011358,-0.0008498650533397045
2021-11-23,0.0022197107288277063,0.0022197107288277063,0.003084951137941205,0.003084951137941205,8.143693587976397e-05
2021-11-24,0.0021029768066658907,0.0036522803443318486,0.003747930549542855,0.003747930549542855,0.003934835499953615
2021-11-26,-0.014230234721063051,-0.01825371654339143,-0.018092162557297453,-0.018092162557297453,-0.016615502940292716
2021-11-29,0.0060966725482604735,0.006672422826652013,0.006810277772959561,0.008334569853366235,0.007964832317157578
2021-11-30,-0.0115867788505439,-0.013930235201538832,-0.013258049899648872,-0.011219515418907122,-0.010281523073506415
2021-12-01,-0.01136447693568977,-0.009049456025111657,-0.009448249778652074,-0.004377167403466176,-0.003935452252769267
2021-12-02,0.013715933395159053,0.013715933395159053,0.014269615477891873,0.004134725525930793,0.007875227616675796
2021-12-03,-0.00284491993434034,-0.006644167983237204,-0.00748536826370193,-0.007387282532614547,-0.0054007530637690485
2021-12-06,0.004586825705320629,0.008804520341649979,0.009050576664097854,0.007043203340090431,0.007781159421472494
2021-12-07,0.010801565123263556,0.017249045181242727,0.016894096117617562,0.014574700433283527,0.013547788463892629
2021-12-08,-0.00015459179686818647,0.00044943966736065154,0.0005795909602688387,-0.0002872570082960935,7.525365808682682e-05
2021-12-09,-0.0019332120936023322,-0.006250006294884458,-0.006250006294884458,-0.0033740976065770533,-0.004768873647930982
2021-12-10,0.0027482617807032318,0.005723273795874784,0.005723273795874784,0.005577899816174303,0.002254411949805335
2021-12-13,0.0009022512753665945,-0.007343830848996047,-0.007343830848996047,-0.0061345688695501055,-0.005912565074688514
2021-12-14,-0.002508943145562459,-0.005865578466808507,-0.005865578466808507,-0.004070477763022639,-0.003310544195229648
2021-12-15,0.006395868555624828,0.010411590496099687,0.010411590496099687,0.00839496277195927,0.0065323521341591586
2021-12-16,-0.0019972179617859243,-0.004678207825473501,-0.004678207825473501,-0.0032274554766128618,-0.0041018195191086515
2021-12-17,-0.005271315103701779,-0.0067672659399540145,-0.0067672659399540145,-0.007686692617424329,-0.003359906497708398
2021-12-20,-0.005550590568447556,-0.010818717154967772,-0.010818717154967772,-0.009414987158729505,-0.009153616316095136
2021-12-21,0.014795442735179876,0.015930654781681743,0.015930654781681743,0.01119343246776754,0.013124028634182262
2021-12-22,0.007373337830441096,0.008866482396078079,0.008866482396078079,0.007743078579515483,0.005806766244980876
2021-12-23,0.003067442913079399,0.0036256445824191298,0.0036256445824191298,0.0028266323537750604,0.002057944630513009
2021-12-27,0.009745963516370559,0.011891197897031813,0.011891197897031813,0.010954417082417178,0.008844240933334913
2021-12-28,-0.0019720810871812545,-0.0024928746292876445,-0.0024928746292876445,-0.001881596976100508,-0.002257316617839733
2021-12-29,-0.0008677045324693711,-0.0007823262127171993,-0.0007823262127171993,-0.0008900656141351049,-0.0011667924659361617
2021-12-30,0.0001594641682009401,-0.000500076456268661,-0.000500076456268661,-0.00047315245126848814,-0.00043670641235862286
2021-12-31,-0.0007686972804809566,-0.0012552109504215593,-0.0012552109504215593,-0.0010398988255128083,-0.0004804214033436005
2022-01-03,0.0026171500873057086,0.0035661493848112014,0.0035661493848112014,0.0022759630534198716,0.004399689606390767
2022-01-04,0.004210026255414989,0.0031503080618167866,0.0031503080618167866,0.002687986267323328,0.0009301749885725852
2022-01-05,-0.012138003328837299,-0.015212978851938596,-0.015212978851938596,-0.014670249042128481,-0.013445621783287953
2022-01-06,0.0017620518929089778,0.001013762789663941,0.001013762789663941,0.0003459455775541187,-0.00030629256172888254
2022-01-07,-0.0018010765505767634,-0.0018010765505767634,-0.0018010765505767634,-0.00020251453956521281,-0.004299723027938573
2022-01-10,0.00012031403606653779,0.00012031403606653779,0.00012031403606653779,-8.268793471924996e-05,-0.0006707375961562013
2022-01-11,0.012107835631361908,0.012107835631361908,0.012107835631361908,0.00917172382435818,0.00570913947755991
2022-01-12,0.00036438922667779704,0.00036438922667779704,0.00036438922667779704,2.0463812164817075e-05,-0.0002418443887425181
2022-01-13,-0.009765287869885387,-0.009765287869885387,-0.009765287869885387,-0.009067484985453289,-0.006921962091456224
2022-01-14,0.0004144792856054402,0.0004144792856054402,0.0004144792856054402,0.002744115183198781,0.00046012572297911004
2022-01-18,-0.015958564592250167,-0.015958564592250167,-0.015958564592250167,-0.014551103383745444,-0.010635613386172148
2022-01-19,-0.006681091192798727,-0.006681091192798727,-0.006681091192798727,-0.0063738415385199195,-0.008047387259167005
2022-01-20,-0.008209856931481064,-0.008209856931481064,-0.008209856931481064,-0.0071997492714911075,-0.0067669080727069345
2022-01-21,-0.01413099126884274,-0.01413099126884274,-0.012800924246445123,-0.0113475439985951,-0.01232428874900161
2022-01-24,0.004488151702082066,0.004488151702082066,0.002183477833828118,0.0003052349794635978,0.0017830797447384028
2022-01-25,-0.0036215299593998274,-0.0036215299593998274,-0.0022867316466154584,0.0010832767430682066,-0.0063260345648758045
2022-01-26,-0.0037834656194691172,-0.00495786915005757,-0.0035145040321286404,0.0025300686007113105,-0.0034479450741576544
2022-01-27,-0.004536339490214347,-0.003447371178544922,-0.001176597989138628,-0.003429580965383572,-0.0010081007968692824
2022-01-28,0.016654989417251964,0.01623017063825104,0.01391069360687135,0.0014044618708752067,0.014031184644634176
2022-01-31,0.010714130726145799,0.013693362455090341,0.010033015185759653,0.007151357861877527,0.0022994311271935185
2022-02-01,0.0033794027780671533,0.00844896359591799,0.007312223346774361,0.006697047430696301,0.001850192543699125
2022-02-02,0.004290301259438367,0.005244620170385295,0.00587534441516302,0.0033788837216614407,0.0038466767349767395
2022-02-03,-0.006222748670062605,-0.016020006623734817,-0.013985532365089393,-0.010504112885781925,-0.008008266090801852
2022-02-04,0.00045652072122209786,0.00411347514838597,0.003528946270602418,0.0038415574417042684,0.004302885966128644
2022-02-07,0.0006181032125512353,0.0009207183178379985,-0.0003135619945450419,0.0007654444963912765,0.00074083211910424
2022-02-08,0.0037073209619063463,0.005622920946799392,0.003611823744740583,0.0020650676962056247,0.005021779957283356
2022-02-09,0.004285637642348794,0.011356406723008505,0.009117645845685685,0.006618119188768245,0.00662381373707549
2022-02-10,-0.007639127286508429,-0.014676132492548644,-0.012762162263615661,-0.009642353227529144,-0.00995269917019267
2022-02-11,-0.002862363859289607,-0.00719290499132802,-0.00808583595053074,-0.004540949449659626,-0.005513742039997704
2022-02-14,-0.003160734234361451,-0.006195754971757816,-0.006383209390194244,-0.003620539916251009,-0.0025561776298784755
2022-02-15,0.008380404573376975,0.010013957722636269,0.0082215119691313,0.0008182802423091883,0.005312505162380743
2022-02-16,0.0003412367240801628,0.002695495734645359,0.002562391334303893,0.002995320659123024,0.0006739471991747514
2022-02-17,-0.005993017877466811,-0.014521378131037576,-0.01270338457800264,-0.0075363914849900125,-0.0055571241708341265
2022-02-18,-0.00455544137244136,-0.004703213400797002,-0.004896074891912882,-0.002498771100856656,-0.0024535653447418037
2022-02-22,-0.007334601591452672,-0.007776835112285463,-0.006628496232439352,-0.0036051407864910122,-0.004491420652232736
2022-02-23,-0.01218846623496823,-0.01218846623496823,-0.008939009238475116,-0.0002613563365995164,-0.00375702817432505
2022-02-24,0.00899116368390187,0.00899116368390187,0.006303245170131233,-0.002628377201814347,0.014233960018834391
2022-02-25,0.01587728559414613,0.01849566479050907,0.01617048078254112,0.002914039038517069,0.013266024268591737
2022-02-28,0.0017969427985861542,0.003370324685393844,0.0007735054021604792,0.004371104995425634,0.0006129437996452713
2022-03-01,-0.0036061485164794347,-0.009020161274421911,-0.008292601359947605,0.0018122515673271832,-0.007040859366285579
2022-03-02,0.005516511130229429,0.011741259336132515,0.012778393253764852,0.0012457820989991374,0.00828657420083887
2022-03-03,0.0020407477951192798,-0.00247715484538501,-0.00015218130048716416,6.145570313709214e-05,-0.0006219954011572381
2022-03-04,0.005402096832475234,-0.001235964631434272,5.260935934987554e-05,0.002607204672750585,-0.0010269323178608736
2022-03-07,-0.007683523568875561,-0.01835706565235169,-0.011419317709233722,0.0019989670081052126,-0.011247268221498918
2022-03-08,-0.0010250549418090893,-0.001072957199017266,-0.0001545034272496748,0.004307825918998609,-0.003922593117868944
2022-03-09,0.012606687571703135,0.013715116098142466,0.008276740834272633,-0.006027619647430327,0.01456497863866959
2022-03-10,-0.006421382166754685,-0.002819263371120084,-9.23008931175029e-05,0.003371864740143371,-0.0049807609071685355
2022-03-11,-0.0036734961304267567,-0.009954012969001402,-0.006619166013050315,-0.0015030943200877722,-0.003560776478208583
2022-03-14,-0.006197719922459821,-0.011398583970858666,-0.0046410489036459055,-0.0045002127330970535,-0.004537863396069241
2022-03-15,0.010306149414755383,0.00984067206289312,0.003431356653345541,-0.005532551511223438,0.009060815525449883
2022-03-16,0.00891892884512364,0.019017479208871747,0.009643861021600631,0.002262226660148292,0.00786166825146679
2022-03-17,0.007215541261021452,0.011954098397993473,0.00565837045026768,0.006760683741332896,0.006052152038149539
2022-03-18,0.001024958387468755,0.008066367864900604,-0.00012539658608081705,0.0008630244520603902,0.0035342588691227085
2022-03-21,-0.00213167690029894,0.00042158868549642127,0.004621280384746573,0.004379115939856337,0.0017484784658669318
2022-03-22,-0.0012026346214649819,0.005260214607231528,0.00018464919316334426,0.0035733849303331232,-0.0007329731662049199
2022-03-23,0.00040378529498298344,-0.005724702128221237,-0.0005597285028734356,-0.004744092837530312,-0.0017171809256040337
2022-03-24,0.0021993247836868957,0.010726135741260268,0.0029676797138334264,0.008136830481793145,0.0036711845142197498
2022-03-25,-0.0009059497873225242,0.003052690330471841,0.003529465704361301,0.004387365891169381,-0.00046304515087907115
2022-03-28,3.3646974236023475e-05,0.0007597978351230772,-0.0038484406551957174,-0.0016763332371156014,-1.4828485722873097e-05
2022-03-29,0.0023858217085136026,0.01011266009267473,0.0006027782448015274,0.00495928431708208,0.006320511224662461
2022-03-30,0.0015386790880352551,-0.0030711501505673146,0.0014523733494567037,-0.0013820421558374484,-0.002097509968270883
2022-03-31,-0.002196521577743038,-0.011161980415077067,-0.004586845157493713,-0.010349237817319324,-0.007094673149313935
2022-04-01,0.0005138509107558864,0.002340593016422754,0.0007019352640532994,0.0008395000894993787,0.0008977418915552149
2022-04-04,-0.0009707572417130605,0.003974093010943214,-0.0006632636250906377,0.004505214533338142,0.00019226305601341976
2022-04-05,-0.006501461912100426,-0.013658889884715985,-0.002613618577331234,-0.009033194537062916,-0.006535448924159503
2022-04-06,-0.002162009235153195,-0.006561893891422,0.0016624669877509767,-0.004489132517523586,-0.004895570449912723
2022-04-07,0.004561725726320198,0.0036777075793273384,0.0035046811312149815,0.004285965085218247,-5.185927098695364e-05
2022-04-08,0.00045186816471617377,0.00045186816471617377,0.004990256792270875,0.0027169953148893033,-0.002356099959393021
2022-04-11,-0.014995677920241358,-0.014995677920241358,-0.00494618785225257,-0.009926690044326369,-0.009232297786052845
2022-04-12,-0.0009768612820672874,-0.0009768612820672874,0.00036849335952590103,0.001987194134898629,-0.0024429615388741666
2022-04-13,0.010388195295393898,0.010388195295393898,0.0024613378885926405,0.0046411453379673565,0.006972364513905993
2022-04-14,-0.010934820447594617,-0.010934820447594617,-0.0016103046617135352,-0.002118691365676584,-0.007852914460181114
2022-04-18,0.0004874233897628977,0.0004874233897628977,0.001267735986416152,0.0002257688347996112,0.0006273160500511188
2022-04-19,0.008432815168723707,0.008432815168723707,3.907094732724659e-06,-0.001370419167476955,0.007899754675022796
2022-04-20,0.004368976469314778,0.004368976469314778,0.0029100463059987145,0.0016746859327230856,0.0036761279321493533
2022-04-21,-0.01554418346504961,-0.01554418346504961,-0.003998088920953713,-0.005638178424639306,-0.004467768510028947
2022-04-22,-0.022137956260903834,-0.024136556087786455,-0.00706483530081563,-0.0075086713151948595,-0.013919927107092134
2022-04-25,0.00448085386235556,0.001386313390566296,-0.0044308528512094995,-0.0044308528512094995,0.0013978710356765344
2022-04-26,-0.015822470549825753,-0.018907078787145905,-0.0014729946460513177,-0.0014729946460513177,-0.008300031049952384
2022-04-27,0.00044067494046257094,0.0005220829578221564,0.0004888109064376644,0.0004888109064376644,0.0001397697631692507
2022-04-28,0.01530609082883878,0.020203089635120318,0.0049518535366412705,0.0049518535366412705,0.011603374403188638
2022-04-29,-0.018098773851236725,-0.027969946278374336,-0.005150730379740676,-0.005150730379740676,-0.007972933290889338
2022-05-02,-0.0004555353733386447,0.002575948032973363,-0.0008789663138444425,-0.00039166347841675944,-0.0012282573814488384
2022-05-03,0.0027137084220564046,0.007111894071932712,0.0033844638965768504,0.0030678096864906745,0.003512347962714035
2022-05-04,0.009629901638568384,0.026389683549262365,0.00735293277820277,0.005135675069962775,0.004118929688841732
2022-05-05,-0.007138871222025167,-0.0299776393964879,-0.0038289379767479257,-0.0018857304010573062,-0.007359696648802527
2022-05-06,-0.002325330076723131,-0.003974745927767753,0.0028313051829040093,0.003146238802479795,-0.0019196209899138839
2022-05-09,-0.00704691091413574,-0.030976398932339035,-0.012310000053888492,-0.009721005544468808,-0.01246314022575784
2022-05-10,-0.003921871723695636,0.0032012045441582202,0.0004186235221144141,6.26711030077054e-05,-0.0023278626384765854
2022-05-11,-0.005737081309853476,-0.008742692492982462,0.0014966321687685745,0.002158729899651113,-0.006038873765416897
2022-05-12,0.0009525003429569079,-0.0015355162371113562,-0.000141087679191354,-0.0011091189813068226,-0.000505658587209068
2022-05-13,0.00893780633453325,0.017676971692821297,0.0036682462815682106,0.002275813009277994,0.008375787752873887
2022-05-16,4.3462551656925366e-05,0.0006360142584937778,0.00432934146395596,0.0026367623517100647,-0.0008087475516965093
2022-05-17,0.0035526824401298286,0.015312280256466559,0.001903960297526075,0.001157902449548076,0.009535624297670709
2022-05-18,-0.004914216625044021,-0.026264262842467256,-0.005091644563534481,-0.00256348883486478,-0.012449560795530269
2022-05-19,0.0018289221498041463,-0.001933169538680024,0.0013214467671192275,-0.00036713875247922355,0.0009806784498003873
2022-05-20,0.0022347525142166758,0.0023643199243609915,0.001716327950316443,0.00042987412709638573,0.002526321010603516
2022-05-23,0.005003252099749433,0.014684969239688895,0.003985050970676118,0.00264158323567294,0.009219647604486592
2022-05-24,0.0025577093243616456,-0.0024841817839441394,0.0014313235791381107,0.0007115331329697217,-0.00075712021622103
2022-05-25,0.00035370784188613056,0.008463768907465207,0.001431818985845057,0.001462274513795625,0.003670491673758258
2022-05-26,0.0013983910670959943,0.014217455302215687,0.00134649097976558,0.0009199023036705389,0.00424759517778911
2022-05-27,0.0036789735893636433,0.018989751161765024,0.003542193939892457,0.0033143843377592573,0.00951115396538027
2022-05-31,-0.005004269731943045,-0.009569851698979327,-0.003827251227484274,-0.003827251227484274,-0.006277112519859551
2022-06-01,-0.001471529609871458,-0.0038641747516853673,0.0008284554645274,0.0008284554645274,-0.003491456802128301
2022-06-02,0.003415899708361159,0.013981280302329691,0.0017052537950612457,0.0017052537950612457,0.006557035437729786
2022-06-03,-0.003430231577489018,-0.011082528260874691,-0.0008630971470939275,-0.0008630971470939275,-0.003281535981166972
2022-06-06,-0.0022390150295614085,-0.0009861570222054472,-0.0005367240672622175,-0.0005367240672622175,-0.002143531619629846
2022-06-07,0.0038590589225223626,0.012244786087337988,0.004939682119099098,0.004939682119099098,0.00644611004659974
2022-06-08,-0.0026091858890753272,-0.008632921071733335,-0.0006659872259650035,-0.0006659872259650035,-0.004465653766695799
2022-06-09,-0.006631938114433422,-0.01870635001350358,-0.004789694070439143,-0.0029160050589983944,-0.008567158901254113
2022-06-10,-0.013515110649375139,-0.021851643387579344,-0.001961587569582346,-0.000354246529533353,-0.012742011061648795
2022-06-13,-0.03216159947140439,-0.0373808392034435,-0.01088859668327472,-0.00786046855504825,-0.020438674742462092
2022-06-14,-0.006093205479011599,-0.004069982908155445,-0.0015632860209095379,-0.0006100456215082595,-0.004529421578609217
2022-06-15,0.01155335104714511,0.01155335104714511,0.00010931815590317084,-0.000902879133039669,0.0039572807046292955
2022-06-16,-0.02001439792230051,-0.02614523787533841,-0.00638884153028163,-0.0045081309525581426,-0.012955824632852896
2022-06-17,-0.003722906799937531,-0.0027691012309085327,-0.006289230712739591,-0.006289230712739591,-0.0006360209557440211
2022-06-21,0.016270754994757674,0.019376003418188813,0.004806937058381533,0.004806937058381533,0.005744487108286056
2022-06-22,-0.0017460448582412025,-0.0008549475245158145,-0.0036046335729611025,-0.0036046335729611025,-0.000634069188685249
2022-06-23,0.0031523719544758744,0.004226651164618489,-0.004319641397071028,-0.004319641397071028,-0.0010260618991728588
2022-06-24,0.0014572831007082288,0.02117589078721339,0.0012163185772294804,0.0012163185772294804,0.012320883808629345
2022-06-27,0.00021478185389870453,0.00037244521902755066,0.0028216400230507534,0.0028216400230507534,0.0027123236938212058
2022-06-28,0.0003011257779460985,-0.01129382532528792,0.0025356959478041842,0.0025356959478041842,-0.0021025975898541606
2022-06-29,0.0014842006238271477,-0.00225678599227902,-0.003551769400489624,-0.003551769400489624,-0.0021084037523334876
2022-06-30,0.0002704934115717927,-0.007831852163590192,-0.0027158574110521805,-0.0027158574110521805,-0.00308536753789157
2022-07-01,0.0009435435671313996,0.009070566079368025,0.0014131947004348388,0.0006631187869206356,0.007641352785985767
2022-07-05,-0.0013352584074737494,-0.0026084078849629598,-0.006089005600781494,-0.003968041265661082,-0.006715976682040515
2022-07-06,-0.003951101501974497,-0.003222789806167292,-0.0032915238757207145,-0.0017073049923510219,-0.0027083873153419978
2022-07-07,0.0027807641443857167,0.013868046288754677,0.0037340689350132904,0.00360530472471301,0.003944882494778335
2022-07-08,9.65633036031699e-05,-0.0011043091126632931,-4.2262522696523416e-05,-4.2262522696523416e-05,-0.0013517825987414134
2022-07-11,0.001188400729216843,-0.008060910666454812,-0.0009584340548005055,-0.0009584340548005055,-0.0006142737047241442
2022-07-12,0.000222524267653168,-0.007746056933399725,-0.001949624712544984,-0.001949624712544984,-0.0021426488849224934
2022-07-13,0.001767096921797151,-0.0021886329420301664,-0.00015962582399620118,-0.00015962582399620118,0.0014272170714980993
2022-07-14,-0.0010352543875489007,-0.006751501732038789,-0.0018898222244101315,-0.0018898222244101315,0.0009169383968843037
2022-07-15,0.010423156745679129,0.01744225932906913,0.0016298546510169487,0.0016298546510169487,0.012298715887250644
2022-07-18,-0.0025721506265877657,-0.004713051934894974,0.0022889945460254245,0.0022889945460254245,0.0002044687869885431
2022-07-19,0.013034271041372248,0.02223937128382958,0.003078665873009112,0.003078665873009112,0.013836969278175747
2022-07-20,0.0011050395394112788,0.005220406173413172,0.0009679166407204675,0.0009679166407204675,0.0016802579314639798
2022-07-21,0.0074166860922982416,0.008505826276005646,-0.0017529724987961793,-0.0017529724987961793,0.004976325383463353
2022-07-22,-0.0020047272857910193,-0.005960565992223876,-0.0008223804699258874,-0.0008223804699258874,-0.0004365209876148413
2022-07-25,0.0008343003713220165,0.0032990111139343135,0.0036682889887170054,0.0036682889887170054,-0.00042969413199558384
2022-07-26,-0.0034787426486394433,-0.007972802943418867,-0.0009083507018601944,-0.0007292570375218022,-0.006593235174347378
2022-07-27,0.00889972961346972,0.019684680929872078,0.0022575103629078664,0.0028826102212330174,0.014166223166835046
2022-07-28,0.0070063920732599035,0.0100685551824508,0.0005619447265282629,0.001198301644397981,0.0032905676770392358
2022-07-29,0.004314539755342239,0.012010430581174836,0.004337411689863591,0.004006191390445069,0.008462172016580283
2022-08-01,0.0008821621781917366,-0.0014588508011811774,-0.0020658145330800016,-0.0028059910885473217,-0.00042198105832740306
2022-08-02,-0.006149509081870586,-0.007390757676102167,-0.00023434746851019872,-0.0005919883773842893,-0.002481947181511901
2022-08-03,0.00855504815066448,0.011066365248075371,-0.0028713294900010065,-0.0019549597085112167,0.005483096067689719
2022-08-04,0.00027875091401013963,-0.0025055183378213776,-0.0037086620268895866,-0.004200509610308456,-0.003927011613634323
2022-08-05,-0.002042460179024963,-0.0011085051138010505,0.0019815740773813316,0.0013083055456962756,0.003851925319718541
2022-08-08,0.0037174648641487675,0.0030639393426547977,0.0005199583561511956,0.0005199583561511956,0.002156547973459777
2022-08-09,-0.001797784738806718,-0.002175144189999345,0.0017560748638219658,0.001274249576908615,-0.0016366351025304815
2022-08-10,0.008998817251555536,0.01524255573993214,0.0007224053805804153,0.0018109948134210185,0.01028148693975527
2022-08-11,-0.001531167464110117,0.0009499956290227374,0.0034400308324708862,0.0027924094440597734,0.0013836196504328768
2022-08-12,0.009755580656150542,0.01445117945180745,0.0007576008268104006,0.0009500356057000836,0.008737360371152159
2022-08-15,0.00032236028338488153,-0.00018857042115483225,-0.0019498288767380244,-0.0014460136596981643,-0.002814935197596713
2022-08-16,0.0015584733753471914,0.0008198632431663189,-0.00023392104347397247,-0.0003077243289208442,-0.0005159887639243799
2022-08-17,-0.005617692971292121,-0.006639106509138548,0.0008337406928939917,-0.0014303390898671498,-0.0007401677916092586
2022-08-18,0.0006209233694124183,0.004068538353229822,0.002687343446260737,0.002330809010205115,0.0036844819098135083
2022-08-19,-0.008399985819198574,-0.012191226130103917,-2.5154456997944495e-05,0.0002464169249792314,-0.007446024385141747
2022-08-22,-0.011866256676597664,-0.016127071336745614,-0.0001887889160594014,-0.001497849474302182,-0.00831304002281873
2022-08-23,-0.0024361513503325717,0.0010256199600754746,0.003606117617206217,0.0022110987641415503,0.0013509997910693627
2022-08-24,0.001880314646977066,0.0031094516135501847,0.0012291369665731189,0.0013528292449861868,0.0019873858274971567
2022-08-25,0.011774826704195607,0.012544249601598435,0.0007694228974028273,0.003744197151828521,0.011609697916096206
2022-08-26,-0.024348387094155256,-0.02551755584441957,-0.0011691687502643155,-0.0071050628950284685,-0.01189554936663353
2022-08-29,-0.0066332020292411255,-0.00512427896198836,0.0015089230672527653,6.456493554772847e-05,-0.0016275315975682325
2022-08-30,-0.007394653332681744,-0.010783850749035474,-0.0033891974163537284,-0.0033891974163537284,-0.0048624507398001395
2022-08-31,-0.006790743138280408,-0.007701630325424124,-0.0009108871871437163,-0.0009108871871437163,-0.0013908958407019667
2022-09-01,-0.0015379594315432453,-0.003997614213846567,-0.0024596547823033223,-0.0024596547823033223,-0.00031434040800629723
2022-09-02,-0.007017223883019707,-0.0045245094630247725,0.0018339476289250367,0.0018339476289250367,0.000811186061645186
2022-09-06,-0.0055640546445658075,-0.007377015169651635,-0.000925435805914232,-0.000925435805914232,-0.0026292965621568243
2022-09-07,0.01512439198581621,0.013963045575427857,-0.001161346410388353,-0.001161346410388353,0.006237526551675432
2022-09-08,0.0047659106334050905,0.005262837749478633,0.000434216200665527,0.00249872543540679,0.00393430069461771
2022-09-09,0.014029491068724153,0.014029491068724153,0.0024923744537742156,0.003373659893942427,0.006630588723628472
2022-09-12,0.008368680897712899,0.008791625125486546,0.0018362294955664104,0.002502897374668178,0.0038871864143902313
2022-09-13,-0.0311044364583997,-0.03362636986673846,-0.0025219334083387613,-0.005825578764354966,-0.018507311072073197
2022-09-14,0.001094618432098593,0.00457268074621695,0.00282464721316984,0.0031051090588303685,0.0026031948027545825
2022-09-15,-0.0027233651031184913,-0.009994767661540971,-0.0025768893992218823,-0.0025768893992218823,-0.0054320120863048825
2022-09-16,-0.002433498686217628,-0.007457680886446905,-0.002133490570593044,-0.002133490570593044,-0.006576120356242765
2022-09-19,0.003178560794083141,0.004871437955941915,5.928503836034604e-05,5.928503836034604e-05,0.0015949002548174996
2022-09-20,-0.0073544738998804985,-0.009812701806462742,-0.0006955224683466322,-0.0006955224683466322,-0.005923946653912215
2022-09-21,-0.005035733940102605,-0.011381566868052983,-0.001465632535344985,-0.001465632535344985,-0.00928727712442957
2022-09-22,-0.009327056947934597,-0.009890452301453568,-0.00035538869708181544,-0.00035538869708181544,-0.007458621749580552
2022-09-23,-0.016701542467988505,-0.018853090892018774,-0.006895642713920458,-0.006895642713920458,-0.016533784235498783
2022-09-26,-0.011893977323926608,-0.012588987455078271,-0.002454595446980379,-0.000673975504190838,-0.00514480088540491
2022-09-27,-0.0036271462489849693,-0.0022668893046214,0.0011199854609635685,0.0,-0.0036498655476496
2022-09-28,0.024055836179339152,0.024055836179339152,0.004430416739361865,0.0,0.01724176209502426
2022-09-29,-0.01565829338797996,-0.013976255803428072,-1.1102230246251566e-17,0.0,-0.010298503097710443
2022-09-30,-0.009849973681811286,-0.011939985217290384,-0.0007989540712117771,0.0,-0.007584362739816286
2022-10-03,0.02052897561931639,0.02776914165398723,0.0056512341513973,0.0,0.017224689579030006
2022-10-04,0.021816770814824405,0.02788844452118385,0.004297526482614167,0.0021774100430668186,0.014184002633600002
2022-10-05,-0.007066770372337883,-0.0006926129219258726,0.0020665506766383234,0.0020665506766383234,-1.9958259420749247e-05
2022-10-06,-0.0013893269348784654,-0.005944192873834875,0.0017777754861840079,0.0017777754861840079,-0.003826857340871548
2022-10-07,-0.0030832526983876397,-0.023075384285044354,-0.0007763153270323841,-0.0007763153270323841,-0.011656500738311704
2022-10-10,-0.003702701332661695,-0.010555986618196855,-0.002053794079392146,-0.002053794079392146,-0.006941152876230816
2022-10-11,-0.0007001996775627517,-0.004693876260159491,-0.0007988055925513771,-0.0007988055925513771,-0.0006976140447707447
2022-10-12,0.0001491884902831364,0.00011976038546950285,0.0008052378777521962,0.0008052378777521962,-0.0007761613361665587
2022-10-13,-0.0020991865743556605,0.022329300427140618,0.004081395288224221,0.004081395288224221,0.012351741294497953
2022-10-14,-0.002135929942005754,-0.020173637675250277,-0.0037294895395725723,-0.0037294895395725723,-0.006012073770081117
2022-10-17,0.001406777902022227,0.019042239465780774,0.001245654429198262,0.001245654429198262,0.007805219370684524
2022-10-18,0.0010056779034608887,0.008610705618167657,0.0008735364341403873,0.0008735364341403873,0.003131248159055788
2022-10-19,-0.004558702037255125,-0.0066758005687768684,0.002951565131479117,0.002951565131479117,-0.0066697097337831465
2022-10-20,-0.0027167281227182373,-0.0071330897328754864,9.479140993562396e-05,9.479140993562396e-05,-0.004231066744178724
2022-10-21,0.002226740506077274,0.020268617265124855,0.0028879057374714854,0.0028879057374714854,0.016083398304099238
2022-10-24,0.0007774388123208964,0.008061839592158216,0.0004716279080009489,0.0004716279080009489,0.005558431245285012
2022-10-25,0.0038988477101255413,0.014593747598090134,0.00010304793352731157,0.00010304793352731157,0.006560809424968494
2022-10-26,0.003185176992455885,5.8789129722314205e-05,0.001361103484129944,0.001361103484129944,0.0016168103871837202
2022-10-27,0.00036708060312264925,-0.0012732865630576517,0.00036108416558993105,-0.0004402410145060598,-0.001004984444595669
2022-10-28,-6.354323865691569e-05,0.017367129836027638,0.0003485445077581639,0.00045148735208588864,0.006750019769536398
2022-10-31,-0.0016117971896367877,-0.004850671585029387,0.0008403261397807338,0.0013112211163100573,-0.0013155836559249567
2022-11-01,0.002015169516906745,0.0007784894390195585,0.0009666985763980174,0.0014921136193440598,0.0028336674406634456
2022-11-02,-0.002832692369717449,-0.020760917290276848,-0.0024100622812389004,-0.004452411355939334,-0.006684713724223889
2022-11-03,-0.0025229541674861465,-0.007560853864145389,0.001849362258088516,0.0010721443018394394,0.00040312536784977706
2022-11-04,0.004563657840695612,0.012605866098691488,0.0012178843840716658,0.001022916872479629,0.003445093151165468
2022-11-07,0.0015637709117421017,0.007895636832324537,0.0017173655760726269,0.00278761594591308,0.0028225640743526183
2022-11-08,0.004481162038007391,0.00785167336053556,9.676808445975293e-05,0.0013082615169314415,0.002119285360497525
2022-11-09,-0.006055031744137696,-0.019455745836241732,-0.004888242854805902,-0.0123140270023278,-0.005666382586674934
2022-11-10,0.021084208438118868,0.04761846193830939,0.002225209335439704,0.019634765776613293,0.012619659586235588
2022-11-11,-0.000597224461842616,0.00828995115124601,0.002906089270796741,0.005915465446929391,0.007080573190769946
2022-11-14,6.371241322874476e-05,-0.005688648513872985,-3.221376787289065e-05,-0.004769144464728714,-0.0031721064057211646
2022-11-15,0.0018421461369654169,0.008183526240885886,0.0010526212494333942,0.0042403025322225955,-0.0007194433888759288
2022-11-16,0.001912131978722742,-0.005907129431639613,-0.002040816704016324,-0.0043667368535960874,-0.0021466518345766962
2022-11-17,-0.0018270283099826369,-0.003465540332258199,0.00021701255304233945,0.0013313966655953192,-4.593562113350824e-05
2022-11-18,-0.00016626335674702064,0.0016693575098977842,-0.0007903721149317034,0.003042969640603943,0.0001435355553889406
2022-11-21,-9.291141369690558e-05,-0.004219943364712908,-0.0013532771783997476,-0.0030537263367784173,-0.001981923452255341
2022-11-22,0.002405605796508281,0.013500339464759748,0.0031308781454109313,0.008973358224587691,0.00611355007355574
2022-11-23,0.0027650051421553414,0.005170059094047585,-0.0010834676377967534,0.001968566645521841,0.0005503552916973243
2022-11-25,0.0003409697565281533,-0.00028529405617288005,-0.0003687288634579455,0.00062567393969849,-0.0006185003090848573
2022-11-28,-0.00161067518057878,-0.014402775221809116,-0.0027429746683369505,-0.011465889730591271,-0.002145515733641179
2022-11-29,-0.0010290872674405982,-0.0004449006333617,0.0015108878990980567,0.0018512079447045248,-0.0009774214908100155
2022-11-30,0.020247724516660327,0.024341711421872823,0.0004961428750270391,0.006856992103337167,0.008445854586968716
2022-12-01,0.004867549591378739,0.0038807210844272965,-0.000329144876246823,-0.002194461292787264,-0.00017651808212266752
2022-12-02,0.0006451764444051156,-0.0003101743454114847,-0.000594361723411474,-0.0034544884844799452,0.0003780006023780924
2022-12-05,-0.013274664743851795,-0.018780126648812068,-0.002967553112209942,-0.009953668957901295,-0.00742390140331658
2022-12-06,-0.005732033317586161,-0.010953168749797858,-0.00325753111883863,-0.005373717646956278,-0.0036379632176911313
2022-12-07,0.0030198190627590883,0.00205974679861739,0.0005880556219345801,0.00029018012370208847,4.408133330841002e-05
2022-12-08,0.0024606848806566608,0.005279908057813631,0.0004559468604106054,0.001251124206876697,0.004171564184210286
2022-12-09,-0.009106191695216282,-0.010358708428016217,-0.0037115993393115,-0.002453568101029269,-0.004944804779369727
2022-12-12,0.008698673742252827,0.012138514984409533,0.0036899409098121614,0.008105539650127946,0.0067847187248311295
2022-12-13,0.007071389005799999,0.009327510321416498,0.0003272104993939928,0.0008396825490413872,0.007235822851424711
2022-12-14,-0.0020417583352644875,-0.004870479660872551,-0.0009208700916132795,-0.0046400503491246916,-0.0012234968364416843
2022-12-15,-0.012173231912546312,-0.019876397195720107,-0.004620508592506812,-0.018225818582168728,-0.006912030717379158
2022-12-16,-0.0071114238019550306,-0.008826285020402013,-0.0036111610278387607,-0.008580102432934111,-0.0023171069485224405
2022-12-19,-0.008028052347113391,-0.008040037219357966,-0.0008687243751821838,-0.006077720999266611,-0.003938548291852806
2022-12-20,0.0024690843900930016,0.002834812415693644,0.0017721927187473786,0.0018105166776089532,0.0022922494555469796
2022-12-21,0.012767146679385822,0.012767146679385822,0.006356272558306619,0.009574856255979359,0.00809068315452528
2022-12-22,-0.012036740546453572,-0.01325606100388801,-0.004325822087891252,-0.007059990560060525,-0.008983652379154938
2022-12-23,0.0044045682959633296,0.004508998567289047,0.004315578315062463,0.00443974637728235,0.00045402694460005
2022-12-27,-0.003381193988071363,-0.0036462698186912946,0.0009141631133136486,0.00024325294401871255,-0.001606910673410822
2022-12-28,-0.008722863151044336,-0.011152161588108911,-0.004384031068006144,-0.007211043500972259,-0.003540476597078346
2022-12-29,0.014626423193464567,0.015672721906510943,0.0045881422198597475,0.007859559439284403,0.0027465897090119375
2022-12-30,-0.0031746642623834307,-0.0015936387436550348,-0.0002089368963228755,0.00010522281137307355,-0.00099808284647811
2023-01-03,0.0011285927712174515,-0.003329394986858314,-0.003479091926336475,-0.0036135735509164268,0.0008195133388236408
2023-01-04,0.006769926000387849,0.007325828711161886,0.0022609413494923624,0.005219811350283566,0.002016694241460204
2023-01-05,-0.00932014721175739,-0.007495298966082397,-0.0009485158637612789,-0.0044058531220984905,-0.001989902406495825
2023-01-06,0.019230482171322283,0.021127369954814144,0.007188575532563912,0.010742567615365007,0.005962983266459165
2023-01-09,0.00034406637812558485,-9.9719605036519e-06,-0.002689017069045796,-0.003838094318892393,-0.0029433161327503286
2023-01-10,0.004342531660994265,0.005053143849367314,0.0026961498507890314,0.0052435360400068685,0.0029629621623209037
2023-01-11,0.009776677018191926,0.010083950141962205,0.00255331779632999,0.0049959107490564645,0.0022751996650904106
2023-01-12,0.006989625272256339,0.008895681420946534,0.0024431082365602096,0.006180986698556501,0.004872653640190383
2023-01-13,0.00378198072020105,0.003926715823799542,0.0016469386714793143,0.004175960609711993,0.0029300715448651203
2023-01-17,-0.00321263445610086,-0.0030013939487827934,-0.002447110381304385,-0.0031979082580340214,-0.001953940850165725
2023-01-18,-0.008750349279627923,-0.010580855895175578,-0.007219395861259826,-0.01230723532063851,-0.005620198796819598
2023-01-19,-0.004500577960724073,-0.003257488568205469,0.0012034853337740015,-0.0013122326369373715,-0.004210337144534093
2023-01-20,0.010086847801488863,0.011080282962310705,0.0037481754663609814,0.0057216426988731086,0.009930231453661476
2023-01-23,0.00890698963459442,0.009039580080696075,0.0035489298278285285,0.0047474470566775786,0.007817394618399254
2023-01-24,0.0009004337872255075,0.0005141397630813338,-0.0005676891480946078,-0.000675040143682859,-0.00038590504796999215
2023-01-25,0.0014658325133842021,0.001476901925468621,0.0016274079519277285,0.0016648876650736221,-0.0017982409757684504
2023-01-26,0.0051861905382969975,0.008343753430406619,0.004163063490879482,0.005825237343721412,0.007953278712259926
2023-01-27,0.0011866129674917626,-0.0008325305008568762,-0.0017739401672570154,-0.002675740393170345,0.0012733592672458216
2023-01-30,-0.009351041777558966,-0.011641963109691789,-0.007345353942159749,-0.007345353942159749,-0.006364897303871531
2023-01-31,0.012899566875354073,0.012609522687898478,0.008916909674084584,0.0075313108831387195,0.008411773019910052
2023-02-01,0.008104445085633006,0.008104445085633006,0.0024103472058300767,0.0013475718381576241,0.002058300492438625
2023-02-02,0.00498418321800731,0.00498418321800731,-0.0014648728030944858,-0.0025080167952214573,0.0005688147848142755
2023-02-03,-0.00946491715641753,-0.00946491715641753,-0.005359762818518465,-0.005359762818518465,-0.003957054548906302
2023-02-06,-0.005918887739836653,-0.005843199742255767,-0.00303659274795679,-0.00303659274795679,-0.0024755854005137135
2023-02-07,0.009777653892888493,0.011849525205275269,0.00808095904391488,0.006488971538038191,0.00945248835667326
2023-02-08,-0.004670465977091554,-0.0072135648229922685,-0.004706111304722038,-0.004262633755340861,-0.0048902910277675345
2023-02-09,-0.00728329866104086,-0.009023639080429347,-0.006642545912872477,-0.006642545912872477,-0.00687961148363665
2023-02-10,0.0029783025486345926,0.004068738332261746,0.0063049685506865625,0.004269775294229639,0.004179651093352466
2023-02-13,0.006991454253658569,0.008897751198672066,0.004723688098219636,0.0022808444315306044,0.005392414608146534
2023-02-14,-0.0013652259588946892,-0.0005929657273606836,-0.001528890385042514,-0.0014361393763205666,0.00022505089800710641
2023-02-15,-0.0003598261507326672,-0.0012935335094553025,-0.001594276118912208,-0.002876316742797036,-0.0009858738408786594
2023-02-16,-0.008822556413139459,-0.011682290878573597,-0.006654019624158547,-0.0033217603004755845,-0.0071811204980608
2023-02-17,0.0012044448889986126,-0.003062336488662121,-0.0018843766466401734,-0.002804059958784311,-0.005708583605976159
2023-02-21,-0.016332516216575353,-0.017951673642354903,-0.012366468597227709,-0.005634945352625232,-0.009387191331580646
2023-02-22,-0.0009200180799865288,-0.0009200180799865288,-0.0019112732787902932,-0.0011826847091492732,-0.001968130096897014
2023-02-23,0.006911157178058814,0.006911157178058814,0.005060545735737598,0.0014358194274807778,0.005288525679875422
2023-02-24,-0.011280379073865332,-0.009886292537503083,-0.00691177465534486,-0.0019238892095846173,-0.006465039649526249
2023-02-27,0.0025693623738410887,0.002864675371030989,0.0018712752472593408,0.0014558255618061012,0.00322749666586315
2023-02-28,-0.0035786218332414244,-0.0025415800325532143,-0.002866632670657765,-0.0011688445638294964,-0.0026525829213166264
2023-03-01,-0.0006874219465082598,-0.0006874219465082598,0.001190788315167912,0.0027951755932600466,0.0007793206033215649
2023-03-02,0.0041988446396808545,0.0041988446396808545,0.004257988550046421,0.00224794859605888,0.005481720250543043
2023-03-03,0.015908921423362178,0.015908921423362178,0.011418917286665465,0.010183572340479351,0.009137250929719131
2023-03-06,-0.0018576696496357848,-0.0018576696496357848,-0.001195766604952886,-0.0015513269869428358,0.0008973730205516395
2023-03-07,-0.013967727603150926,-0.013967727603150926,-0.013354373502902172,-0.014580973548371045,-0.007379396196534072
2023-03-08,-0.0004584752880523735,-0.0004584752880523735,-0.001056224828645569,-0.0005567883607050406,-0.0014679882831467928
2023-03-09,-0.014697184436824873,-0.014697184436824873,-0.013210158216340372,-0.014942721395986635,-0.014175363516861194
2023-03-10,-0.00675333598459138,-0.00675333598459138,-0.008797497628059415,-0.0070242913628917655,-0.008421538035455289
2023-03-13,-0.003293950986022709,-0.003293950986022709,-0.0029325711782441587,-0.005205595846046051,-0.0019192142435344283
2023-03-14,0.010849960569098626,0.010849960569098626,0.01249410173041109,0.0037294896326622307,0.009155326669960395
2023-03-15,-0.00812878191693186,-0.007925251600599093,-0.009856241646700358,-0.0037496524535175603,-0.005377654735601279
2023-03-16,0.013706418138386378,0.013071786103068606,0.013854076373027935,0.006474784179075021,0.014648097232712199
2023-03-17,-0.005120389772182388,-0.007351394533321243,-0.008852323016840547,-0.0010643232579591988,-0.00557755651148778
2023-03-20,0.006503481711892844,0.007616134659081497,0.008495878574181303,0.0019768312414172873,0.003624211223515006
2023-03-21,0.006183920179045299,0.01028081522369555,0.011140012806637078,0.0033262656497061727,0.003555148110751216
2023-03-22,-0.004205976574947123,-0.011484639420558062,-0.012817942680726668,-0.008040086224380938,-0.00841274988232894
2023-03-23,0.004351853663817939,0.001850011515200367,0.001850011515200367,0.0039030903421685913,0.00245647474421361
2023-03-24,0.0041806779032794615,0.0036567837203240862,0.003233838344114515,0.0029919549909803835,0.004225238528950492
2023-03-27,-0.0023785001664069273,0.0011094106328642717,0.0034584869804410332,0.00010309375506933893,-7.292806329507462e-05
2023-03-28,-0.0009807422330983418,0.00038968342888503484,0.00020760524166454352,0.00046707901441329637,-0.0007727404869177113
2023-03-29,0.005960267500815586,0.009947045615056804,0.010147937026477327,0.009947045615056804,0.007991371510126489
2023-03-30,0.005027703715837828,0.005110772709840628,0.004650649945735041,0.005110772709840628,0.004810242480258331
2023-03-31,0.007809997701267624,0.01144164822728706,0.00994355728955736,0.01144164822728706,0.00921119539825157
2023-04-03,0.003279023349470145,0.008037863547164936,0.006474710489799307,0.008037863547164936,0.005208240089721006
2023-04-04,0.00034736724446350343,-0.004151068278162107,-0.004663489709510549,-0.004151068278162107,-0.0034115562051220683
2023-04-05,0.0005658730038107463,0.0009653520336143195,-0.0018062429546106707,0.0009653520336143195,-1.87486544979798e-05
2023-04-06,0.0014478515070258102,0.00045595393510798886,-5.047085575918819e-05,-0.0003066815107740428,0.0017884660758596626
2023-04-10,-0.00211100319433426,-2.230380059211612e-05,0.0016576061063450775,0.000732809985011551,0.0010059592417833163
2023-04-11,-9.943630084093824e-05,0.00251037503475694,0.001967043920741196,0.00251037503475694,0.0005138736731800542
2023-04-12,-0.0015305813696304016,-0.002411545920049407,-0.0023386269426655115,-0.002411545920049407,0.0006031918208539322
2023-04-13,0.008128814299498976,0.010976604132193424,0.01046317723051795,0.010976604132193424,0.008927506504824722
2023-04-14,-0.004926254392657314,-0.004691344125894015,-0.002973157980705443,-0.004691344125894015,5.7083496179366476e-05
2023-04-17,-0.0005910102779641879,0.0006699362094647832,0.00194117052531525,0.0006699362094647832,0.00033386319142245655
2023-04-18,0.0004046180081544337,0.0006746267413860862,0.001002545347163686,0.0006746267413860862,0.0008455826102970132
2023-04-19,-0.0008563415713315981,-0.0008340464860339125,-0.00104512834773971,-0.0008340464860339125,-0.0020984540898759453
2023-04-20,-0.0014335852380328085,-0.003129976594820072,-0.003574317184289355,-0.003129976594820072,-0.0022881090036836584
2023-04-21,-0.0019096508002508395,-0.0017310917015621707,-0.001843797785571455,-0.0017310917015621707,-0.0011302225453776015
2023-04-24,0.003004831901538363,0.0026964236120624817,0.001170567997766847,0.0026964236120624817,0.0009239852353042144
2023-04-25,-0.007582559832005909,-0.011770993419325481,-0.011138593805212371,-0.011770993419325481,-0.012308321281997348
2023-04-26,-0.0046712643344672174,-0.005323563408952103,-0.0018839089529248843,-0.004747176896922634,-0.002294944258269782
2023-04-27,0.011252593985906657,0.011252593985906657,0.009096199150628804,0.0098805405826907,0.008595033490268755
2023-04-28,0.00957514940507469,0.00957514940507469,0.005043678859342826,0.007149234330252563,0.003642000739728568
2023-05-01,-0.004510327713524076,-0.004510327713524076,-0.0019293430564903292,-0.0034397099712471513,-0.0012268183437178725
2023-05-02,-0.008635367318366626,-0.008635367318366626,-0.006374364943692312,-0.0022334009006086063,-0.006932238650328271
2023-05-03,-0.004396935612806041,-0.004396935612806041,-0.004042985285520983,-0.0016577756073750671,-0.002751734143601259
2023-05-04,-0.006967967313400025,-0.006967967313400025,-0.0028139780711845088,-0.003451123934935141,-0.0034492335142622178
2023-05-05,0.014678921198417294,0.014678921198417294,0.008931083895311165,0.007115782328624376,0.010589278363137911
2023-05-08,-9.285752251632084e-05,-0.0015004333930522696,-0.0012087193488989235,-0.0014257929920751477,0.000908771389159202
2023-05-09,-0.0029592622502152997,-0.0029218781234793935,-0.0015848291495441202,-0.0022898772936240097,-0.0021646973195054487
2023-05-10,0.0037481127623026135,0.0026142964877535644,0.002385712426022013,0.0037989364228897095,0.003639592186534779
2023-05-11,-0.001974106116974117,-0.003171323512164026,-0.0019384074509724459,-0.0010499531944613393,-0.0006832264293971435
2023-05-12,-0.002413007813552581,-0.0022599482364249026,-0.001852343646120369,-0.00180488786784051,-0.00026712407858262564
2023-05-15,0.003016187661245684,0.0034360884962171155,0.0012091204151560286,0.0008899895059509055,0.0015283377566000622
2023-05-16,-0.006768462982019052,-0.0087080538583166,-0.003858520162254531,-0.0026297914823593116,-0.003101372458538465
2023-05-17,0.009605263641523065,0.010691028826333493,0.004530758819848801,0.003118933150038472,0.004550691688059749
2023-05-18,0.005090780444385512,0.005090780444385512,0.0030183045458993087,0.0034257763463021564,0.004858422497426273
2023-05-19,-0.0002722567378969698,-0.0002722567378969698,-6.949537782807713e-06,-0.00047366279286861215,-6.36695382607244e-05
2023-05-22,0.0006802369418494658,0.0006802369418494658,-0.0003103249180245071,-0.00040931342349698197,0.0002282890840278995
2023-05-23,-0.005805217085478698,-0.005805217085478698,-0.005242230631115119,-0.004146669776319755,-0.003296482467152184
2023-05-24,-0.006667655004854256,-0.006667655004854256,-0.004743537717911495,-0.0035069245226862613,-0.0022856456490959686
2023-05-25,0.0022356219450384686,0.0022356219450384686,0.00482363049649962,0.00592521119806978,0.005617147595981642
2023-05-26,0.010197470955454369,0.010197470955454369,0.008636353139361707,0.007897080302447911,0.008126446138164389
2023-05-30,0.0004992198561165728,0.0004992198561165728,0.0019276726161556734,0.001901208935728893,-0.00014074739492512257
2023-05-31,-0.004175447576086022,-0.004175447576086022,-0.0003731958567235294,-0.0008723275319466262,-0.002078263397346081
2023-06-01,0.008784763019759634,0.008784763019759634,0.005392015561961716,0.004303964890030132,0.002814423150171552
2023-06-02,0.012485659020965156,0.012485659020965156,0.0036348257019430787,0.00019802021754783405,0.0056807833810601175
2023-06-05,-0.003015904754846055,-0.003015904754846055,-0.0004937737049437562,-0.00028057775293177656,-0.0013058767977369267
2023-06-06,0.004751217219876047,0.004751217219876047,5.442573700865649e-05,0.00027578693933745236,-0.0005782969371066704
2023-06-07,-0.0014041104259323034,-0.0014041104259323034,-0.006318303245320356,-0.004738214010364328,-0.001737805985897911
2023-06-08,0.0056584648073288776,0.0056584648073288776,0.006548917096262308,0.004506283827647539,0.0032605181589579813
2023-06-09,-0.00023361712735425755,-0.00023361712735425755,0.0010959531239224552,0.00011596276392529248,0.0012851623665763201
2023-06-12,0.005325248095328394,0.005325248095328394,0.005898307082799004,0.005659743853694421,0.004428619176222148
2023-06-13,0.003461006051618043,0.003461006051618043,0.0012393623936955867,0.0028695983944432846,0.0029445547768384593
2023-06-14,-0.001425863916881942,-0.001425863916881942,0.001064519079245796,0.00021558606552395386,-0.002220403564016682
2023-06-15,0.011458458509853452,0.011458458509853452,0.008211934669002451,0.0065228147168227,0.006222087261673592
2023-06-16,-0.003804275311690397,-0.003804275311690397,-0.0026478243493893495,-0.0030521353092203387,-0.0010807456204471322
2023-06-20,-0.0059409275544837995,-0.0059409275544837995,-0.0025192736528253934,-0.0035345789873082014,-0.002991820860172223
2023-06-21,-0.0031064538601319525,-0.0031064538601319525,-0.003544812741074188,-0.004034237153463916,-0.0013417517716870719
2023-06-22,-0.0020525608140685827,-0.0020525608140685827,0.0008157856099270888,0.0005969215721416621,0.000723736975446665
2023-06-23,-0.005184265203073713,-0.005184265203073713,-0.0025342726989491804,-0.004704540953284408,-0.0024749926547108724
2023-06-26,-0.001077665803372474,-0.001077665803372474,-0.00276032975824253,-0.002422588081089383,-0.0017940002591301796
2023-06-27,0.006925963291312132,0.006925963291312132,0.004457543702981648,0.006130143934679533,0.002519688707116907
2023-06-28,0.0012637054195494325,0.0012637054195494325,2.27275475166433e-06,0.0008138329154512847,0.0011811966162910581
2023-06-29,0.0038954258481586844,0.0038954258481586844,-0.00014419075697781337,0.0003551482847362064,0.0016184834441514083
2023-06-30,0.0099632927771661,0.0099632927771661,0.007973285272941787,0.0074232744886548515,0.004551405733798974
2023-07-03,-7.354071073917279e-05,-7.354071073917279e-05,-0.0010741658562335222,0.00046331375775774395,0.0003935349588983117
2023-07-05,-0.004246946203471047,-0.004246946203471047,-0.0032618932455336425,-0.00407387183018264,-0.0019260530561721722
2023-07-06,-0.010087604088749747,-0.010087604088749747,-0.006980933044356419,-0.006182885622417445,-0.002042238045158218
2023-07-07,0.0007868430885739852,0.0007868430885739852,-0.0015117169149961752,-0.00029656920770314564,-0.0014997064930125092
2023-07-10,0.005123301277402082,0.005123301277402082,0.0038969387564565137,0.002975039254369949,0.000760930259773529
2023-07-11,0.007570764557935772,0.007570764557935772,0.00418675471209935,0.0036495984938622163,0.0019984460316760932
2023-07-12,0.008348596646776073,0.008348596646776073,0.0067788365763366,0.0059348623476702,0.004381474081213121
2023-07-13,0.00581806088681075,0.00581806088681075,0.005849849551956843,0.004760013832775601,0.0015504865438110472
2023-07-14,-0.0035579744864710715,-0.0035579744864710715,-0.0002492676445029041,-0.0011632723525080713,-0.0029733912180039622
2023-07-17,0.004259341904588698,0.004259341904588698,0.0034922529884342636,0.003898505620175197,0.0012341358136384595
2023-07-18,0.00948362627209418,0.00948362627209418,0.006595291611340948,0.006153223134089369,0.0025871011555664513
2023-07-19,0.00331186271671835,0.00331186271671835,0.001836462875872935,0.0007068076129139067,0.0003315320401873989
2023-07-20,-0.003490694380807047,-0.003490694380807047,-0.007063565643005853,-0.005849406464211282,-0.00010955765723473787
2023-07-21,0.0006027783996450764,0.0006027783996450764,-0.0009519593359627043,-0.0006784987029589851,-0.0010763930641339626
2023-07-24,0.003142853098285692,0.003142853098285692,0.000785496826767762,0.0018932916133602596,0.001556403089440428
2023-07-25,0.0023604964045455755,0.0023604964045455755,0.00252536080216047,0.002022593692715202,0.0016615231933331809
2023-07-26,0.000539460813203907,0.000539460813203907,0.0003321641178356649,-0.00035094079410277204,0.0009092767307727012
2023-07-27,-0.009338246349770207,-0.009338246349770207,-0.0047532694756457165,-0.006803828953700264,-0.00604629753455842
2023-07-28,0.008052557738761412,0.008052557738761412,0.006739149465384587,0.007521625942571175,0.004434860595171952
2023-07-31,0.003949824669625767,0.003949824669625767,0.0022106581794032023,0.0010781085845736448,0.001803184453427764
2023-08-01,-0.004296355970269261,-0.004296355970269261,-0.0016671874296468546,-0.002188974930339471,-0.0013348039121912846
2023-08-02,-0.012028375662064517,-0.012028375662064517,-0.008867471047442866,-0.008800051334201153,-0.0046199924483488084
2023-08-03,-0.003121599169583644,-0.003121599169583644,-0.0013822773614065031,-0.0018839902737205038,-0.0008157976549763469
2023-08-04,-0.0013433149066593097,-0.0013433149066593097,-0.002499630159030386,-0.0031579786869894155,-0.0006418413557907621
2023-08-07,0.004661680891774067,0.004661680891774067,0.0029715885596203195,0.003994637114545197,0.0006768780771108429
2023-08-08,-0.002246827813773178,-0.002246827813773178,-0.00333338243926965,-0.0018762511208343935,-1.6509980800560876e-05
2023-08-09,-0.0038062714272958263,-0.0038062714272958263,-0.005581269170302228,-0.003523893621279994,-0.0023129628712510787
2023-08-10,-0.001782313060834062,-0.001782313060834062,-0.00012479907744794572,0.0005210336489753886,0.0004290451333353373
2023-08-11,0.0011533678840999428,0.0011533678840999428,-0.0001525272119584975,0.001041053426288563,0.0013886958371167046
2023-08-14,0.0023094432770776386,0.0023094432770776386,0.002952397501760928,0.0032318325949227678,0.0027531996325120935
2023-08-15,-0.010708461908550071,-0.010708461908550071,-0.008021227671660459,-0.008262505216513439,-0.008307386398262184
2023-08-16,-0.007627321632394113,-0.007627321632394113,-0.005977959476309002,-0.0046864076923736845,-0.005752847247916937
2023-08-17,-0.005438304211454537,-0.005438304211454537,-0.006208815632671805,-0.004532713299742819,-0.00514286948976792
2023-08-18,0.0021520247047066344,0.0021520247047066344,0.0008095527590338714,0.0018220633086818649,-8.743348367256099e-05
2023-08-21,0.0021919672333239326,0.0021919672333239326,0.004155580497155665,0.00378896013793667,0.0009834580248467395
2023-08-22,-0.0024538263067713784,-0.0024538263067713784,-0.0024507306532206563,-0.001980106751966926,-0.0027960047177588154
2023-08-23,0.010631326666052677,0.010631326666052677,0.008404857719831682,0.006105825379070862,0.00810456951159282
2023-08-24,-0.010904032291147048,-0.010904032291147048,-0.009388363824525126,-0.00850787826146152,-0.004135381799223336
2023-08-25,0.006019014897988795,0.006019014897988795,0.005692371797596474,0.00479374235913983,0.0022133140325066637
2023-08-28,0.0055965864937300045,0.0055965864937300045,0.005491576117248464,0.0040412387044795,0.0023124620204020285
2023-08-29,0.01196317604915842,0.01196317604915842,0.010924565421037813,0.008622445242263365,0.004133323470565808
2023-08-30,0.00295340796112028,0.00295340796112028,0.003057247919476036,0.0032162655669915052,0.0015505101112042285
2023-08-31,-0.0012127039381017225,-0.0012127039381017225,-0.0016596618364937642,-0.00128299971981366,-0.0008150206872932885
2023-09-01,0.0036229644349165977,0.0036229644349165977,0.005180819225623512,0.0042791661287829965,0.0023819461620152027
2023-09-05,-0.00635849272859601,-0.00635849272859601,-0.004956255681378507,-0.003947315208889512,-0.0010333576618771101
2023-09-06,-0.004322400716229724,-0.004322400716229724,-0.004568354046603817,-0.004062415824052668,-0.0031020356856776175
2023-09-07,-0.002763247958077486,-0.002763247958077486,-0.003040569467700005,-0.002298523931595564,-0.0023463716948246894
2023-09-08,0.002100323478366706,0.002100323478366706,0.0017173748383421117,0.0018100086497993217,0.0018226200560806593
2023-09-11,0.002150016198725202,0.002150016198725202,0.0028705725293488916,0.0015792811769072767,0.0005698965699772907
2023-09-12,-0.000658596198745387,-0.000658596198745387,-0.0012349347513212039,-0.0012349347513212039,-0.0005588416856221468
2023-09-13,-0.0010874091188756041,-0.0010874091188756041,-0.00106620020723478,-0.0008626777903815941,-9.085027990879402e-05
2023-09-14,0.006531570643076934,0.006531570643076934,0.007253369128364007,0.00753195927166288,0.0033494356297004146
2023-09-15,-0.009406323658981686,-0.009406323658981686,-0.008796878123823204,-0.008728733565721337,-0.007206555888012933
2023-09-18,0.00211029714101868,0.00211029714101868,0.0015401398783326913,0.0009513751181448371,0.0020629440406553347
2023-09-19,-0.0029728388419242636,-0.0029728388419242636,-0.0022347792163580405,-0.002140014642232557,-0.0025899209035701643
2023-09-20,-0.006380865872168295,-0.006380865872168295,-0.006693362663279167,-0.0067659019345251425,-0.0048870226453980314
2023-09-21,-0.014837877253761799,-0.014837877253761799,-0.012270499500783127,-0.011545658124972125,-0.009955441825008593
2023-09-22,-0.00019749772846500147,-0.00019749772846500147,-0.0010023387516609362,-0.0013224690833992581,-0.00029128440138288526
2023-09-25,0.0008441711018106867,0.0008441711018106867,0.0033050862656517355,0.0038201451583259383,0.000749073178529569
2023-09-26,-0.011119771596420325,-0.011119771596420325,-0.010772170296975848,-0.009973071707593817,-0.0095420497239036
2023-09-27,0.0012679344341706479,0.0012679344341706479,0.0017855306486872168,0.003022195438156949,0.00011866679738546937
2023-09-28,0.004499845909092493,0.004499845909092493,0.0041944666444288185,0.004694185395420281,0.004441048225666056
2023-09-29,-0.005510341762988713,-0.005510341762988713,-0.004145982706794771,-0.004494099347789382,0.00014424650743166678
2023-10-02,-0.005598283304321006,-0.005598283304321006,-0.0028743930682150086,-0.0028743930682150086,-0.0006898643034560003
2023-10-03,-0.012678394496334077,-0.012678394496334077,-0.010238388460029068,-0.009248256415442224,-0.010661828525190797
2023-10-04,0.003112133755686275,0.003112133755686275,0.001713155102003394,0.0009682797206791549,0.0014274571177462446
2023-10-05,-0.00036139734408061617,-0.00036139734408061617,0.00032037868622285525,-0.00030126069620186604,-8.78732101640134e-05
2023-10-06,0.00838779093103913,0.00838779093103913,0.009084196761936192,0.0058897557567372475,0.005361813474821319
2023-10-09,0.010769343417587885,0.010769343417587885,0.006583798685934172,0.007162942665843275,0.004229852548524993
2023-10-10,0.0037002388799729615,0.0037841465258499187,0.004090255172316426,0.002610879467784333,0.0009456725000234866
2023-10-11,0.004578216725232698,0.0032929923099684565,0.000474058722131121,0.0007816702125468256,-0.000969669009830132
2023-10-12,-0.008149848486882817,-0.008035634463557827,-0.00501784725626585,-0.00415961365776919,-0.0043268312556043135
2023-10-13,0.0019433303544979963,0.0041450199302364935,-0.000859088359844995,-0.00013619910984055127,-0.003898078988740783
2023-10-16,0.005362106666545119,0.006092413777622796,0.00818833341688272,0.005147545986325874,0.0056910171539747865
2023-10-17,0.0008736897103520213,0.0008138660928816655,-5.885316313487543e-05,0.0007522598337468489,0.00018139106325305577
2023-10-18,-0.007768202205939112,-0.007829341624424113,-0.006338915488107844,-0.005468621749505664,-0.004339183280163794
2023-10-19,-0.007858892750693115,-0.008032878755750284,-0.005619744054837439,-0.003537245232871722,-0.004844021695928125
2023-10-20,-0.0076107701399093395,-0.009288330379194566,-0.00883637910757994,-0.0063047665163773695,-0.007802074050717744
2023-10-23,-0.001549569056217215,-0.003167124712105407,-0.003183643416353954,-0.0013731943191624852,-0.0032970644396266625
2023-10-24,0.0045316756346127866,0.0048245028694739785,0.002645239556461809,0.0010075214875708838,0.0019128068942649624
2023-10-25,-0.01029702107427416,-0.01029702107427416,-0.006839865616566266,-0.005245517172121161,-0.008664154097597788
2023-10-26,-0.0058165243221912745,-0.0058165243221912745,-0.007764745296919784,-0.0065699205085711365,-0.006706077998664272
2023-10-27,-0.0068397142403185725,-0.0068397142403185725,-0.006401984630735458,-0.0020101246383151584,-0.0035077918058270207
2023-10-30,0.007162608343848453,0.007162608343848453,0.006490789534810237,0.0028949685829364412,0.0036016145905443885
2023-10-31,0.00402547734994837,0.00402547734994837,0.002833187490989686,0.0014097925330353255,0.003632664553438303
2023-11-01,0.008448088450610037,0.008448088450610037,0.005165867675697056,0.004764889873621036,0.005366641154036145
2023-11-02,0.019392869663574695,0.019392869663574695,0.01016481206678368,0.011840379701064153,0.01460535041820763
2023-11-03,0.008345691348825113,0.008345691348825113,0.0027675669974430383,0.005014814802113132,0.007813047536581574
2023-11-06,-0.0023359727613634362,-0.0023359727613634362,0.0002915325789290213,-0.0012538543559679094,-0.0015508421088462842
2023-11-07,0.0008808292595409051,0.0008808292595409051,0.0002526136894946962,-0.0003808633583472498,-0.0002899126868075363
2023-11-08,-0.0010524567794141793,-0.0010524567794141793,-0.0006719035590722067,-0.0005529895115764738,-9.087827602421994e-05
2023-11-09,-0.008840627382496403,-0.008840627382496403,-0.0029072028540500948,-0.003323020444081293,-0.008495781865599072
2023-11-10,0.010991960722611526,0.010991960722611526,0.008673956447436449,0.009807301580116534,0.00988893167769811
2023-11-13,0.0006864134207726802,0.0006864134207726802,-0.00010952816385583209,-0.00025698167981842436,-0.00018890085656440015
2023-11-14,0.01961493672696286,0.01961493672696286,0.008397452886219159,0.010287578952061737,0.018723019016394993
2023-11-15,-0.000394097351520839,-0.00010878236573375055,0.0007555642602157242,0.0014916716362635585,0.00015477778164612043
2023-11-16,0.0018900913189493606,0.000273490798749132,-0.0013146133394281389,-0.0025276111917381327,0.00035925041716526883
2023-11-17,0.002843594699208851,0.004213845732958221,0.0020714249382912777,0.003750870117735572,0.0033612194108653794
2023-11-20,0.005632284133796195,0.006215600980004421,0.004669896301924959,0.004996563795079556,0.005768083863520235
2023-11-21,-0.0004476483300233314,-0.0017357747566015714,-0.002087794690566358,-0.002296131053856043,-0.0028741432408352805
2023-11-22,0.002493207940148334,0.0031202685964410335,0.0020884105694565004,0.002385047702059162,0.0016945734750149933
2023-11-24,0.0006824571010662472,0.0013561078931988435,0.0008031178384766524,0.0025336253726102264,0.0015593288105539948
2023-11-27,0.0006179321282481331,0.0002833341854677651,-0.0011009015887941565,-0.00138705085822316,-0.0006705506698166719
2023-11-28,0.0017859422570544626,0.001399892818753834,0.0007697469449508776,0.001202729270473557,0.0008627901674454153
2023-11-29,0.001461397373521489,0.001989357086788446,2.5498790495248614e-05,0.0007322492898583554,-0.00016575542625666407
2023-11-30,0.003275165296707283,0.003655131457692562,0.003590166523351124,0.004810294204400078,0.0024506114255721688
2023-12-01,0.007230050559885082,0.010152237699244605,0.003223474010124683,0.008268810525562142,0.004501900097551459
2023-12-04,-0.005722882227506232,-0.004652096162817143,-0.0033532894661095435,-0.004254210641739253,-0.0026639059227792196
2023-12-05,2.4972733020445226e-05,-0.0013127189837999875,-0.0018801197592020146,-0.0034612735835140907,-0.0019700847326305504
2023-12-06,-0.002233603623245717,-0.0024125841103515453,-0.003641180828022894,-0.0037443653280598843,-0.0035142620700225778
2023-12-07,0.0028048302952314195,0.0035274269429294456,0.0034997462992617857,0.003475169337894146,0.00458968318928753
2023-12-08,0.0017108487073464018,0.002471412140361939,0.0023622514684082385,0.002529125990665826,0.0006771336113372661
2023-12-11,0.0026221513616042857,0.0028309309829836595,0.002174976515986804,0.003056780271070447,0.0016555380738643266
2023-12-12,0.0024024357463619307,0.0023009349435583635,0.0016768521744592202,0.002004124374992444,0.0013392824635446222
2023-12-13,0.014434824106186794,0.01781984462943862,0.010246043694243446,0.012092027652150228,0.002628085722286633
2023-12-14,0.007052303585080777,0.00983512233654551,0.004936446715672527,0.005335199269195701,-0.0006387738718028113
2023-12-15,-0.0019143207894801507,-0.002754751123599297,-0.001175498851066381,-0.002865828916648894,-0.0009017887614004017
2023-12-18,0.0025567961128254214,0.002592311661526225,0.0031903370625807614,0.003389088641075233,0.002235709463029445
2023-12-19,0.006018772147396656,0.007956779660958379,0.004807208012612851,0.007417955464067516,0.004686230942103786
2023-12-20,-0.00965998023213407,-0.01161605443518321,-0.008889653531123832,-0.012293597498045528,-0.006233781957653839
2023-12-21,0.006726782864365832,0.008428427020164664,0.006139066878285138,0.009061222352209363,0.0036517097149227464
2023-12-22,0.0014564577186042759,0.002388227291832146,0.0014126371296285466,0.0028431110296477714,0.001865503890442166
2023-12-26,0.0043951163953690475,0.0056955178438914175,0.0038885372513478124,0.005411151539036596,0.003344789204494569
2023-12-27,0.003225207735578295,0.0035779611971343273,0.0010320657378981913,0.0018059907121679263,0.0007740042960481697
2023-12-28,-0.002048071778877525,-0.0024289074717622093,-0.0015793314967765593,-0.0017025942418012474,-0.00224666722575072
2023-12-29,-0.0025704806176979457,-0.004202478332591464,-0.001771245723946413,-0.003602537574543929,-0.0014019781428135092
2024-01-02,-0.002364986738304453,-0.002957895127333232,-0.0035381812660577384,-0.0030884667602869343,0.0006717218129658087
2024-01-03,-0.0034588141783011062,-0.006125232326317754,-0.006376533998715683,-0.006542268449848477,-0.001137382865697878
2024-01-04,-0.0037553643520538025,-0.003951019518846721,-0.002929575318934985,-0.00243155808634925,-0.0027067473291295108
2024-01-05,-0.00026343351573587803,-0.0005575321532042876,0.0004852202721069676,0.0003990313006940638,-0.00017009179789544414
2024-01-08,0.007158494158962914,0.008959279211648286,0.00789325686413459,0.007972696428451654,0.008039102661971775
2024-01-09,-0.0030883405160487265,-0.003982968410366705,-0.00334538187366733,-0.00334538187366733,-0.0038649456699918925
2024-01-10,0.0015036552195843544,0.001560078737622561,0.0020258290319192128,0.0020258290319192128,0.0021838557235613456
2024-01-11,0.0013063823012507193,0.0005220711666737321,-3.94533388812901e-05,0.00019230721818102036,-0.0003069500353688359
2024-01-12,0.0015839412917919237,0.001418609914813529,0.0016150907668830983,0.0004898467648721705,-0.0009452044925779002
2024-01-16,-0.00710778713296577,-0.008344648490711792,-0.006583355821212544,-0.006419281829408941,-0.0021752175718982468
2024-01-17,-0.0036751137122573497,-0.0050549855455382375,-0.004896803303001018,-0.005653487314225858,-9.138916801817442e-05
2024-01-18,0.005367018119069211,0.005367018119069211,0.006433946295222715,0.005842861100266039,0.004950859995235613
2024-01-19,0.01017219515469634,0.01017219515469634,0.009527024105417304,0.00856690174069663,0.00851241399506717
2024-01-22,0.004809372835196146,0.004809372835196146,0.0038399568258801753,0.0017041053755705194,0.0028220630197676178
2024-01-23,0.0004432725588401798,0.0004432725588401798,0.001024393882455532,0.0001298555719717376,0.0006563867462639816
2024-01-24,-0.00022521567634151696,-0.00022521567634151696,-0.0010655692992161958,-0.0010655692992161958,0.0003879994240342466
2024-01-25,0.006189278243509444,0.006189278243509444,0.0032861685662829766,0.0032861685662829766,-0.00010844981189827019
2024-01-26,-0.00029447110543482367,-0.00029447110543482367,-0.000844253799304151,-0.000844253799304151,0.0011387715117253561
2024-01-29,0.007743129903677415,0.007743129903677415,0.006733907989059884,0.006695783297258129,0.002232978355633486
2024-01-30,0.0014586563039442723,0.0014586563039442723,-0.00028079958346572954,-0.0015181060279469082,0.0005193041538552046
2024-01-31,-0.01126583872514334,-0.01126583872514334,-0.009395265394417474,-0.010377315693317114,-0.006989070009976639
2024-02-01,0.010492209935205022,0.010492209935205022,0.010504211022374043,0.008697698030839618,0.003891383506217949
2024-02-02,0.0008468342353739388,0.0008468342353739388,0.0007029533131973298,0.0017851322031504414,0.004001927593992305
2024-02-05,-0.005375049460035875,-0.005375049460035875,-0.00512362706553946,-0.00512362706553946,-0.0014300401441784238
2024-02-06,0.00404185812733473,0.00404185812733473,0.0037177688792463305,0.0017308919914014397,0.0027261265916483147
2024-02-07,0.004077516160502703,0.004077516160502703,0.003874121363787675,0.00407383332629313,0.002831666179169923
2024-02-08,0.002033364849269359,0.002033364849269359,0.0010065027721463226,0.0009356556467455702,0.001006626495032037
2024-02-09,0.0024515055843077893,0.0024515055843077893,0.003987958931857804,0.004190031906541669,0.0007095183947021022
2024-02-12,0.0025328745606894463,0.0025328745606894463,0.0014285859671014033,0.0013252413247947237,0.00012575298018747684
2024-02-13,-0.016491754400626203,-0.016491754400626203,-0.015482608454562974,-0.015482608454562974,-0.011465929594450242
2024-02-14,0.00713151119012968,0.007927385981202628,0.00802330969176449,0.0074102650669819695,0.003078411351195365
2024-02-15,0.00822519450229008,0.010891799496438004,0.008106682745179106,0.007261791460310907,0.006417828501984735
2024-02-16,-0.0029970252129113304,-0.00435682634003598,-0.004298418259074221,-0.004813465972740727,-0.0020099090364405605
2024-02-20,-0.0032846684142566972,-0.004663230622275782,-0.00375169708979235,-0.0036965685407084337,-0.002728763177543425
2024-02-21,0.0008490872418002948,0.00037643075841006237,-0.0014987851499215332,-0.0014987851499215332,0.0020819981488741646
2024-02-22,0.012473082308437489,0.013230886541430786,0.013057223188100852,0.013057223188100852,0.010259687587880428
2024-02-23,0.00195019237606322,0.002175824589565689,0.0028345686374973366,0.003099496443607963,0.0010850966812462892
2024-02-26,-0.0016494022985738543,-0.001019054368753791,-0.0013680587871184424,-0.001019054368753791,-0.00015221423204744288
2024-02-27,-0.0009656495560947497,0.00045120370176596756,0.00030920851437929995,0.00045120370176596756,0.00047852015146677697
2024-02-28,-0.0006582350913160951,-0.0014817481326289573,-0.0014817481326289573,-0.0017293650369734626,-0.0014075538575742286
2024-02-29,0.0032662079864658523,0.0039631146503357525,0.0039631146503357525,0.0031009691969022036,0.0007053428934810868
2024-03-01,0.00922024952762448,0.01028048600375564,0.01028048600375564,0.007972710687039109,0.004056286569276102
2024-03-04,-0.0004941608617131665,-0.0005864416162900454,-0.0005864416162900454,0.0012490643062710305,-0.002141461827833535
2024-03-05,-0.004240097259117881,-0.005197813685746055,-0.005197813685746055,-0.006203350686542697,-0.003686355835538624
2024-03-06,0.005106021768852553,0.005852102674250137,0.005852102674250137,0.0054277488103086306,0.002177471073045012
2024-03-07,0.0060585280490784155,0.006891667637923493,0.006891667637923493,0.0060422640845598456,0.002173480202431688
2024-03-08,-0.002639776165568464,-0.0027025911947875627,-0.0027025911947875627,-0.0030554320706248973,0.0002892156364426524
2024-03-11,0.000659718030396661,-0.00013320177481591645,-0.00013320177481591645,-0.0011652962537077927,0.0005803140279203922
2024-03-12,0.003964936118129125,0.0038284786800727444,0.0038284786800727444,0.003985641106083171,0.004352987516755324
2024-03-13,0.0002632859025525236,0.0006536959462395741,0.0006536959462395741,-0.0009428933240767879,0.0012392626618688896
2024-03-14,-0.0028053774797046184,-0.004594323943419442,-0.004594323943419442,-0.005623541808814692,-0.0010580571686511387
2024-03-15,-0.00448465704380756,-0.004296545895551574,-0.004296545895551574,-0.004269770395007555,-0.001757771792444429
2024-03-18,0.002994497160782461,0.002421407917708185,0.002421407917708185,0.002426261208685865,0.0024743774437860355
2024-03-19,0.004600045692416987,0.005022399764586449,0.005022399764586449,0.004982927286522632,0.00352331623581994
2024-03-20,0.006260340799618469,0.00823955580671093,0.00823955580671093,0.00823955580671093,0.006518574146567457
2024-03-21,0.003231603173364195,0.004380566587324064,0.004380566587324064,0.004380566587324064,0.00292383597428133
2024-03-22,-0.0021963414483978983,-0.0035765541622032383,-0.0035765541622032383,-0.0035765541622032383,-0.0007821181004422862
2024-03-25,-0.0014755977636017991,-0.0012464177863340086,-0.0012464177863340086,-0.0012464177863340086,-0.001895331585094573
2024-03-26,-0.00041264904308874195,-0.0005926554351119884,-0.0005926554351119884,-0.0005926554351119884,-0.0004382265298240373
2024-03-27,0.008049952709764186,0.010228642168993551,0.010228642168993551,0.010228642168993551,0.0038893609056035007
2024-03-28,0.0024807438485752176,0.00279556020756877,0.00279556020756877,0.00279556020756877,-0.00020897745726730088
2024-04-01,-0.0017955305251305732,-0.002737045473167654,-0.002737045473167654,-0.002737045473167654,-0.0009848918064444545
2024-04-02,-0.003154395307409652,-0.004992917776312366,-0.004992917776312366,-0.004992917776312366,-0.0032000814870756676
2024-04-03,0.00188662556082142,0.0025419367107559097,0.0025419367107559097,0.0025419367107559097,0.0013122844139126122
2024-04-04,-0.008161175998125126,-0.009161999391954934,-0.009161999391954934,-0.009161999391954934,-0.0038648706498989327
2024-04-05,0.007338207972129607,0.007671903024508597,0.007671903024508597,0.007671903024508597,0.005287661972553348
2024-04-08,0.00012257926088721227,0.0006703851960125906,0.0006703851960125906,0.0006703851960125906,0.0008243520479173427
2024-04-09,0.0022162153542382933,0.0026102588581908724,0.0026102588581908724,0.0026102588581908724,0.0009596926888054025
2024-04-10,-0.009697513779847644,-0.012338289289961802,-0.012338289289961802,-0.012338289289961802,-0.006018496736365353
2024-04-11,0.004655661099429631,0.005332515618076905,0.005332515618076905,0.005332515618076905,0.0026405457045221236
2024-04-12,-0.011043527643029804,-0.01282315769834962,-0.01282315769834962,-0.01282315769834962,-0.01063419150081939
2024-04-15,-0.006786092753065886,-0.00825067478509386,-0.00825067478509386,-0.00825067478509386,-0.010385245552540955
2024-04-16,-0.001646673787245656,-0.0022986063160513994,-0.0022986063160513994,-0.0022986063160513994,-0.0015785710590405788
2024-04-17,-0.004284072670074746,-0.004284072670074746,-0.004284072670074746,-0.004284072670074746,-0.001125750036765394
2024-04-18,-0.002022571777094784,-0.002022571777094784,-0.002022571777094784,-0.002022571777094784,-0.0018380025397371825
2024-04-19,-0.0006408717010106702,-0.0006408717010106702,-0.0006408717010106702,-0.0006408717010106702,-0.0010071050630154122
2024-04-22,0.004224187181972416,0.004224187181972416,0.004224187181972416,0.004224187181972416,0.001139775623024808
2024-04-23,0.008812259166401947,0.008812259166401947,0.008812259166401947,0.008812259166401947,0.003603981954445212
2024-04-24,-0.0010075500558401561,-0.0010075500558401561,-0.0010075500558401561,-0.0010075500558401561,0.000175075958952986
2024-04-25,-0.003501190245636954,-0.003501190245636954,-0.003501190245636954,-0.003501190245636954,-0.0007275098485488351
2024-04-26,0.0047498509723608254,0.0047498509723608254,0.0047498509723608254,0.0047498509723608254,0.001605972735959671
2024-04-29,0.0038901679248893317,0.0038901679248893317,0.0038901679248893317,0.0038901679248893317,-0.00013153544661634876
2024-04-30,-0.016057771356074592,-0.016057771356074592,-0.016057771356074592,-0.016057771356074592,-0.004825731247465959
2024-05-01,-0.0014333507452700567,-0.0014333507452700567,-0.0014333507452700567,-0.0014333507452700567,-0.004039185630937636
2024-05-02,0.007246403831519565,0.007246403831519565,0.007246403831519565,0.007246403831519565,0.005110488762009213
2024-05-03,0.009627998538435555,0.009627998538435555,0.009627998538435555,0.009627998538435555,0.007203721474402691
2024-05-06,0.008947284141551392,0.008947284141551392,0.008947284141551392,0.008947284141551392,0.003015579217986819
2024-05-07,0.0013204772246627084,0.0013204772246627084,0.0013204772246627084,0.0013204772246627084,0.0005067789567491321
2024-05-08,-0.0008963266156714056,-0.0008963266156714056,-0.0008963266156714056,-0.0008963266156714056,0.0012585136862862667
2024-05-09,0.00770372039781575,0.00770372039781575,0.00770372039781575,0.00770372039781575,0.001263300005161283
2024-05-10,0.0005660735974350572,0.0005660735974350572,0.0005660735974350572,0.0005660735974350572,0.0011689386870907593
2024-05-13,-0.000890953529081151,-0.000890953529081151,-0.000890953529081151,-0.000890953529081151,-0.0019078234529624094
2024-05-14,0.005775786426034912,0.005775786426034912,0.005775786426034912,0.005775786426034912,0.0037387824075142406
2024-05-15,0.012333674969875896,0.012333674969875896,0.012333674969875896,0.012333674969875896,0.009660193337906787
2024-05-16,-0.00237500758219783,-0.00237500758219783,-0.00237500758219783,-0.00237500758219783,-0.0007253236401252195
2024-05-17,0.003581937389739165,0.003581937389739165,0.003581937389739165,0.003581937389739165,0.0017272171717208295
2024-05-20,-0.0003762960994792786,-0.0003762960994792786,-0.0003762960994792786,-0.0003762960994792786,0.0012855304154071768
2024-05-21,0.00137579913898479,0.00137579913898479,0.0014791156732076537,0.00137579913898479,0.0012459390958368456
2024-05-22,-0.005486313992352887,-0.005486313992352887,-0.005606415052686576,-0.005486313992352887,-0.0010885932481307092
2024-05-23,-0.011172389510420632,-0.011172389510420632,-0.010528998893037888,-0.011172389510420632,-0.004616508057429891
2024-05-24,0.0043508573090334955,0.0043508573090334955,0.004054506546370041,0.0043508573090334955,0.0036999115069557
2024-05-28,-0.0014587221280984886,-0.0014587221280984886,-2.5123356952849728e-05,-0.0014587221280984886,-0.0018048457129327677
2024-05-29,-0.010036730833903251,-0.010036730833903251,-0.008826555560645188,-0.010036730833903251,-0.00554996449207823
2024-05-30,-0.0018414981516908014,-0.0018414981516908014,-0.002807991835905932,-0.00216156763976586,-0.002476228124597313
2024-05-31,0.008812170290417943,0.008812170290417943,0.008133167257492002,0.008050020258846635,0.0026001252365081885
2024-06-03,-5.6312107531963916e-05,-5.6312107531963916e-05,-0.001673786866212823,-0.0011715739892084187,0.0026199248062096945
2024-06-04,-0.0012242805564324222,-0.0012242805564324222,-0.0023923858533899667,-0.0019328780056223848,-0.00034096808065853246
2024-06-05,0.00987233164062975,0.00987233164062975,0.009138533402017802,0.00987233164062975,0.007254839293804794
2024-06-06,0.000512008970699851,0.000512008970699851,0.000661970250524413,0.000512008970699851,0.0006799806034563427
2024-06-07,-0.006599137756146056,-0.006599137756146056,-0.0047645506278077955,-0.006599137756146056,-0.0002666788025660227
2024-06-10,0.002505719944543283,0.002505719944543283,0.0031723769288656057,0.002576212422217372,0.0020924004017283115
2024-06-11,0.001674952109181027,0.001674952109181027,0.0006407485278346892,0.0006407485278346892,0.0021733727398322135
2024-06-12,0.005441864270756791,0.005441864270756791,0.004690481915717126,0.004690481915717126,0.0024872703294644195
2024-06-13,3.483347113559798e-05,3.483347113559798e-05,-0.0014350970209109138,-0.000777452710612403,0.0005102887776968323
2024-06-14,0.00029598623720462626,0.00029598623720462626,-0.0005455300850978672,0.00029598623720462626,-0.0005283123791583356
2024-06-17,0.00445703430499933,0.00445703430499933,0.005449944273936236,0.004185811387255056,0.004232840143368388
2024-06-18,0.003231033560740548,0.003231033560740548,0.0023135210311776787,0.0023135210311776787,0.0010596434650025244
2024-06-20,0.001446868043228755,0.001446868043228755,0.0021128742255331124,0.0021128742255331124,0.004021053977582933
2024-06-21,-0.002545831209252336,-0.002545831209252336,-0.002545831209252336,-0.002545831209252336,-0.0027818084500601525
2024-06-24,0.002126155691996856,0.002126155691996856,0.0017217297794135389,0.0017217297794135389,0.000792074585690239
2024-06-25,0.0011290151707849861,0.0011290151707849861,0.0009594178847694979,0.0009594178847694979,0.002035106139863374
2024-06-26,-0.00431105829650551,-0.00431105829650551,-0.003071757217871884,-0.0028824644900721343,-0.002494130226421476
2024-06-27,0.0030375852907237877,0.0030375852907237877,0.0030375852907237877,0.001875348227792306,0.0010109416271034011
2024-06-28,-0.0018709482648259002,-0.0018709482648259002,-0.0018709482648259002,-0.00042120860874708124,-0.0025329567904561756
2024-07-01,-0.0009596053498125201,-0.0009596053498125201,-0.0009596053498125201,0.0016042182945548932,3.0601867517643375e-05
2024-07-02,0.004530027590513586,0.004530027590513586,0.004530027590513586,0.003408517812194234,0.00026036096834605173
2024-07-03,0.004292991969814775,0.004292991969814775,0.004292991969814775,0.0027468625012067593,-0.0001091592029128341
2024-07-05,0.003035698704830403,0.003035698704830403,0.003035698704830403,0.0022078370337617727,-6.49956288892084e-05
2024-07-08,-0.00033319852335628175,-0.00033319852335628175,-0.00033319852335628175,-0.0005492957514385277,0.0007607346408736171
2024-07-09,-0.00036150406456745274,-0.00036150406456745274,-0.00036150406456745274,8.051424831705401e-05,-0.0012411016354842651
2024-07-10,0.008245402480763154,0.008245402480763154,0.008245402480763154,0.007931373045519562,0.004654856296028331
2024-07-11,0.003405858443533283,0.003405858443533283,0.003405858443533283,0.0024343558001059694,0.0011313285814929074
2024-07-12,0.005531131825185465,0.005531131825185465,0.005531131825185465,0.005103501281124856,0.0030334708447766422
2024-07-15,0.004931946827856315,0.004931946827856315,0.004931946827856315,0.006081606113197602,0.0025987376872595334
2024-07-16,0.011941464521403222,0.011941464521403222,0.011941464521403222,0.010530757518347988,0.002777965877269295
2024-07-17,-0.006953230132003152,-0.006953230132003152,-0.006953230132003152,-0.00697447306812593,-0.002357627922455241
2024-07-18,-0.009133822577018069,-0.009133822577018069,-0.009133822577018069,-0.008643462737706654,-0.00748845735693181
2024-07-19,-0.008484719996186963,-0.008484719996186963,-0.008484719996186963,-0.008484719996186963,-0.007192565669466333
2024-07-22,0.007025551866088176,0.007025551866088176,0.007025551866088176,0.007025551866088176,0.004552772793995863
2024-07-23,-0.001262536750052523,-0.001262536750052523,-0.001262536750052523,-0.001262536750052523,-0.00047052564094280936
2024-07-24,-0.015286085175258757,-0.015286085175258757,-0.015286085175258757,-0.014179616558036534,-0.011038286721757296
2024-07-25,-0.0014057097191460532,-0.00038242068311796775,-0.00038242068311796775,-0.0012019137251452316,-0.0028836719610565663
2024-07-26,0.009345690723562106,0.010971561345476166,0.010971561345476166,0.010184263309602782,0.009605806620699741
2024-07-29,-0.0003915379514074946,-0.0019459407884217183,-0.0019459407884217183,-0.0019459407884217183,-0.0007426692223350906
2024-07-30,0.0027660121267909844,0.0006323382017810131,0.0006323382017810131,0.0006323382017810131,0.0006468330441735337
2024-07-31,0.007486956839630565,0.012301696768064852,0.012301696768064852,0.012301696768064852,0.008694283255761414
2024-08-01,-0.007652570038862894,-0.014634043502042038,-0.014634043502042038,-0.014634043502042038,-0.012658627530564393
2024-08-02,-0.007641477289896803,-0.014405271090329186,-0.014405271090329186,-0.014405271090329186,-0.012999674713840193
2024-08-05,-0.011907180339332246,-0.023558461240364658,-0.023558461240364658,-0.023558461240364658,-0.01922673080840014
2024-08-06,0.002985231560615309,0.004794454364162648,0.004794454364162648,0.00466296438434205,0.0034732208443655987
2024-08-07,0.003045436744514729,-0.006383099977134465,-0.006383099977134465,-0.0047628874853978265,-0.0030076673629676255
2024-08-08,0.012522082734310857,0.020208196238219168,0.020208196238219168,0.016473519849397,0.013249122462724939
2024-08-09,0.002632015261198195,0.0037425341302591898,0.0037425341302591898,0.0037512012757365044,0.002801450219821444
2024-08-12,0.001374608740530192,0.001506062547893472,0.001506062547893472,0.001506062547893472,0.0005369614232081044
2024-08-13,0.004278631160339008,0.011479699197240133,0.011479699197240133,0.011479699197240133,0.007148901736288493
2024-08-14,0.0028693177633209556,0.0028290387751987887,0.0028290387751987887,0.0028290387751987887,0.0016215966795798508
2024-08-15,0.005418729752945062,0.013414832823263301,0.013414832823263301,0.013414832823263301,0.004600409952651552
2024-08-16,0.0038366497944737564,0.004396725702247006,0.004396725702247006,0.004396725702247006,0.004206442986405823
2024-08-19,0.0036677900673385945,0.00785292822514332,0.00785292822514332,0.00785292822514332,0.006204325350780549
2024-08-20,-0.0016832419914681873,-0.0034104643646704737,-0.0034104643646704737,-0.0034104643646704737,-0.003059440503278832
2024-08-21,0.0005542500053449695,0.002911614897700843,0.002911614897700843,0.002911614897700843,0.0016579738566445457
2024-08-22,-0.0024497703458241315,-0.007217834021393044,-0.007217834021393044,-0.007217834021393044,-0.0048400619195885005
2024-08-23,0.006729003036413284,0.012626885120310072,0.012626885120310072,0.012626885120310072,0.010922010142717275
2024-08-26,0.001202389302246465,-0.0009913557839679843,-0.0009913557839679843,-0.0009913557839679843,0.0009993571799053135
2024-08-27,1.442095903472218e-05,0.00014341169452641855,0.00014341169452641855,0.00014341169452641855,0.0016688325810270688
2024-08-28,-0.002061850925335784,-0.005253057585679744,-0.005253057585679744,-0.005253057585679744,-0.004453976791190084
2024-08-29,0.00323035382018515,0.0028950347087876027,0.0028950347087876027,0.0028950347087876027,0.0035026017344460757
2024-08-30,0.0017459989708475399,0.004847429499667,0.004847429499667,0.004847429499667,0.004226301335230898
2024-09-03,-0.00570771109272904,-0.016394878787079216,-0.016394878787079216,-0.016394878787079216,-0.014633865417167569
2024-09-04,-0.0002572741970217063,-0.0009427568220041094,-0.0009427568220041094,-0.0009427568220041094,-0.00278640466425929
2024-09-05,-0.002048037553851756,-0.003126353703107465,-0.003126353703107465,-0.003126353703107465,-0.001987238138148939
2024-09-06,-0.009066709121773164,-0.013647009905049468,-0.013647009905049468,-0.013647009905049468,-0.010567198044046777
2024-09-09,0.00791379016288114,0.00921989671221859,0.00921989671221859,0.008303355098861664,0.006729508952459939
2024-09-10,0.001517449427142159,0.0014358880135199703,0.0014358880135199703,0.0024099725765777793,0.0002532311004347254
2024-09-11,0.0018031105804275026,0.005217046771665857,0.005217046771665857,0.006144946738712775,0.003087670802337217
2024-09-12,0.005260721792605716,0.007375722817381891,0.007375722817381891,0.006474710244317794,0.002213106515856622
2024-09-13,0.004017397026357306,0.0069857090783219,0.0069857090783219,0.006421745699490189,0.0021881940346993424
2024-09-16,0.004341488131197391,0.004320174263975418,0.004320174263975418,0.0031751724053054042,0.0012846879676364996
2024-09-17,-0.00011818289983239749,0.0005131797905262192,0.0005131797905262192,-0.0008383274997432744,-0.0014201075784897378
2024-09-18,-0.0032788020569302968,-0.004173117628718659,-0.004173117628718659,-0.004366877852584583,-0.002818624372167977
2024-09-19,0.00937313033225452,0.01440283964567316,0.01440283964567316,0.013208445073188958,0.007793804488280121
2024-09-20,-7.882636076347315e-05,-0.0016378076926960362,-0.0016378076926960362,-0.001412997936481908,-0.00030288205450303975
2024-09-23,0.0015430052719562215,0.001158963426856663,0.001158963426856663,-7.58000472213638e-05,0.0017572002438783873
2024-09-24,0.001103469801158874,0.0019554822048023944,0.0019554822048023944,0.002202350475856574,0.0002650397874721544
2024-09-25,-0.005340210161847048,-0.00627371920075227,-0.00627371920075227,-0.0043164764229546735,-0.00392131918948847
2024-09-26,0.0013739396053877196,0.0032312213387776013,0.0032312213387776013,0.005193146013059913,0.0027978177046737106
2024-09-27,0.0016140047951687998,0.001357260709300767,0.001357260709300767,-0.000679033270952456,-0.0013088584668540903
2024-09-30,0.00116495327303181,0.0017123193990906227,0.0017123193990906227,0.0010127060397617793,0.0012594535311768907
2024-10-01,0.0003216386805803495,-0.003472725641988428,-0.003472725641988428,-0.005750632662543087,-0.0025251340397751897
2024-10-02,0.0003914654062327716,0.0009938174894370878,0.0009938174894370878,-3.069052641041514e-05,0.0016595953491872373
2024-10-03,-0.0013969370623132527,-0.0016533043240095635,-0.0016533043240095635,-0.0034169603335117314,0.0004601272507872012
2024-10-04,0.004189362727123058,0.006699699448034424,0.006699699448034424,0.005768155529632358,0.004094501720424026
2024-10-07,-0.00527939588892159,-0.006752227550769041,-0.006752227550769041,-0.007106390963483589,-0.003987099856678944
2024-10-08,0.0006647741280111808,0.0026020135322326167,0.0026020135322326167,0.005211355639241344,0.0021504415020524026
2024-10-09,0.003927515495516454,0.005266924191064548,0.005266924191064548,0.004663008554961989,0.0026050755779835066
2024-10-10,-3.8614854970797643e-05,-0.0006195332562379918,-0.0006195332562379918,-0.001296248213922635,-0.0004210238292159163
2024-10-11,0.00568059352805621,0.007887862354739572,0.007887862354739572,0.007269913073326117,0.0026903567029398223
2024-10-14,0.0032053273158481497,0.0052461111269535236,0.0052461111269535236,0.005289206136642266,0.003668215072437542
2024-10-15,-0.005559242192561131,-0.007676747547448281,-0.007676747547448281,-0.004453733613010302,-0.00792661907147979
2024-10-16,0.004109154274088533,0.006064852270042076,0.006064852270042076,0.0055859256465461415,0.002472941485696811
2024-10-17,-0.0003360971383729483,-0.0003043974482632494,-0.0003043974482632494,-0.0007810682610267739,0.0012306976623810417
2024-10-18,0.002430576178067667,0.0025791161559585163,0.0025791161559585163,0.002910115921415002,0.0008620825418698463
2024-10-21,-0.004767205378148565,-0.005872712262078195,-0.005872712262078195,-0.005573865333040495,-0.00457097804937201
2024-10-22,0.0011154508709160793,0.000633774687418942,0.000633774687418942,0.0004006364745994473,0.001045944749136607
2024-10-23,-0.0059639687244494866,-0.008309504210401598,-0.008309504210401598,-0.007788909244726527,-0.006641112839311602
2024-10-24,0.0015282614767437087,0.002040521898860714,0.002040521898860714,0.002051653279577137,0.002342208956742797
2024-10-25,-0.0020887190705214387,-0.0019470601746975347,-0.0019470601746975347,-0.00191366231490534,-0.0010427519331039359
2024-10-28,0.0015106125154295325,0.003111177116468011,0.003111177116468011,0.0037461471544769642,0.00304633005432704
2024-10-29,-0.00042020060636289714,0.0006026942443564942,0.0006026942443564942,0.0021273419351653944,-0.0009798935679883436
2024-10-30,9.477517813094583e-05,-0.0016306234026565614,-0.0016306234026565614,-0.001858308495905736,-0.002033364104159474
2024-10-31,-0.008437383294094058,-0.01330903220626094,-0.01330903220626094,-0.01393373232570665,-0.009604497586870842
2024-11-01,0.0008972171364283965,0.0016164852226969618,0.0016164852226969618,0.002248600894181296,-0.0015083966525245573
2024-11-04,0.0008693525297869597,0.0013762498627271414,0.00025808852794159123,-0.0003731516435097837,0.0013506224108347452
2024-11-05,0.008000863883146137,0.009881912221143407,0.009212049750197137,0.009212049750197137,0.006603270928654181
2024-11-06,0.015776093288163484,0.02156926103875444,0.017809700689389106,0.017809700689389106,0.019514273666951264
2024-11-07,0.006980170277016839,0.005283428778782806,0.005743014635882282,0.005297487635659038,0.0019407551699849423
2024-11-08,0.0030387788343586132,0.004677430422330242,0.004011713817573726,0.004677430422330242,0.0020413210049679774
2024-11-11,-0.0027107826885284236,0.00021572168511228008,-0.0003496203382066021,0.00021572168511228008,0.001825343892732545
2024-11-12,-0.005467569769729719,-0.007522459862418451,-0.006992132648282768,-0.007522459862418451,-0.006023127728589183
2024-11-13,-0.001774919611429393,-0.0027042700939575947,-0.003482694772188255,-0.0027042700939575947,-0.001581488019303956
2024-11-14,-0.003031870089370303,-0.004641360837319708,-0.005355929121191172,-0.004424525808736035,-0.0034118255810817845
2024-11-15,-0.009258352709425122,-0.010286800940059437,-0.010286800940059437,-0.008642109738358383,-0.008859888078560451
2024-11-18,0.0048345713391483415,0.005332325881561684,0.005332325881561684,0.005261843644343467,0.005024059875870723
2024-11-19,0.0018179164977663476,0.0019007512060938425,0.0019007512060938425,0.0024150504357074443,0.001390974339378548
2024-11-20,0.0026573835349565146,0.002485594499195931,0.002485594499195931,0.0013029619331828557,0.00280532135519358
2024-11-21,0.005361983455693897,0.008153633400729143,0.008153633400729143,0.007348749723595049,0.00823107816642119
2024-11-22,0.003065507072877738,0.00602865138389781,0.00602865138389781,0.005770662601114651,0.005973311755475663
2024-11-25,8.188485043036931e-06,0.002178995563498487,0.002178995563498487,0.002178995563498487,0.0004301071845280391
2024-11-26,0.002060649777332646,0.001522158481710234,0.001522158481710234,0.001522158481710234,0.0013967165718345221
2024-11-27,-0.001355220823957215,-0.001022589240000149,-0.001022589240000149,-0.001022589240000149,-0.0011139662811266438
2024-11-29,0.0055918787711150665,0.006129744043438845,0.006129744043438845,0.006129744043438845,0.0028323695519572255
2024-12-02,4.908289777920683e-05,-0.000993884532372935,-0.000993884532372935,-0.000993884532372935,-0.0014960617104124551
2024-12-03,-0.0003725881164328815,-0.0018316769906438046,-0.0018316769906438046,-0.0018316769906438046,-0.0002572907094234633
2024-12-04,0.003277770174383898,0.003259455998901972,0.003259455998901972,0.003259455998901972,0.0038531175571754226
2024-12-05,-0.002716103488697874,-0.0035841531576514376,-0.0035841531576514376,-0.0035841531576514376,-0.0029865439777754022
2024-12-06,-0.0009418273003267364,-0.0006046440139169551,-0.0006046440139169551,4.135839157285437e-05,0.00014091950241839067
2024-12-09,-0.002211952642295678,-0.004083246065072277,-0.004083246065072277,-0.004374339685977257,-0.003967333874332579
2024-12-10,-0.0026025017951223583,-0.003055877841258425,-0.003055877841258425,-0.0026412445998839186,-0.0028486897543847146
2024-12-11,0.0025607980562530443,0.0032140453086188627,0.0032140453086188627,0.004574230065112328,0.001592371541153137
2024-12-12,-0.006510253049704306,-0.008251585011275275,-0.008251585011275275,-0.00745659765319624,-0.004016032777801404
2024-12-13,-0.001776589282508767,-0.002543314836869315,-0.002543314836869315,-0.0018653464656381736,-0.001355449283498311
2024-12-16,-0.00020813236837387007,0.00019800796225966089,0.00019800796225966089,0.0010900812101524936,0.0024135990217409977
2024-12-17,-0.003053063317903393,-0.004905687221354205,-0.005088459534483558,-0.005077198852553566,-0.004382008769828238
2024-12-18,-0.019901425360514126,-0.027322535111544376,-0.026072124369778404,-0.022085666355429558,-0.01564009104015355
2024-12-19,-0.005678707366963698,-0.0033801066754136746,-0.0018659644834238876,-0.0002400766136939181,-0.003461229096695939
2024-12-20,0.011084514128808043,0.011084514128808043,0.010090432633559554,0.00826884705804618,0.006870370924344127
2024-12-23,0.0029225154065404156,0.0029225154065404156,0.002841024287978644,0.0022537621420121723,0.0035875598158016777
2024-12-24,0.008292765879344244,0.008292765879344244,0.007459100193492674,0.006613138912567118,0.007154828706469829
2024-12-26,0.002175959945570327,0.002175959945570327,0.002031900540182552,0.002114623316475972,-0.0006537869165148868
2024-12-27,-0.008627655102373743,-0.008627655102373743,-0.007342201301477336,-0.0073303739781166,-0.00421169452903426
2024-12-30,-0.007217349953079178,-0.007217349953079178,-0.006790334715609525,-0.0067785155018468156,-0.004597490028923912
2024-12-31,-0.0002365109972954138,-0.0002365109972954138,5.830621266577074e-05,-0.0012545233534303369,-0.0015123504857862068
2025-01-02,0.0015858454947269007,0.0015858454947269007,0.0012819637374421934,0.00011455356497626079,0.00020639852040806871
2025-01-03,0.008394702719707848,0.008394702719707848,0.007733423082239654,0.006798737247183606,0.005370966813049205
2025-01-06,0.0017381490797947706,0.0017381490797947706,0.0021417405435065874,0.002599047317399372,0.0023158887452734865
2025-01-07,-0.005440180488483537,-0.005440180488483537,-0.004808742843555203,-0.005807953846954994,-0.005286983262177103
2025-01-08,0.0014723627541279316,0.0014723627541279316,0.0008289787521486791,0.0013970996917562206,0.0016424983844376072
2025-01-10,-0.01134554211631007,-0.01134554211631007,-0.010120419131065494,-0.009041109516154689,-0.007804569754026503
2025-01-13,0.003280918732629956,0.003280918732629956,0.002012617909485892,0.0010187272291733661,0.005141541014040052
2025-01-14,0.0036031929168297227,0.0036031929168297227,0.0047991695708528015,0.004663921083928347,0.004089973823394155
2025-01-15,0.01665106274939778,0.01665106274939778,0.01452041408454725,0.012531483342439077,0.013211745251886087
2025-01-16,0.0011829966244086497,0.0011829966244086497,0.0004618696836961589,0.0012324570273542501,-0.0013725531792235345
2025-01-17,0.006044005121237294,0.006044005121237294,0.0065448218332995745,0.004694397109393134,0.005892318013010989
2025-01-21,0.009916311350126671,0.009916311350126671,0.007366699862239323,0.007366699862239323,0.005014368790192236
2025-01-22,0.0011876344667598126,0.0011876344667598126,0.001935125170239238,0.001935125170239238,0.0020017790333233254
2025-01-23,0.003771958696807809,0.003771958696807809,0.003212637459266776,0.003212637459266776,0.004544423735772352
2025-01-24,-0.0018999321450293926,-0.0018999321450293926,-0.002508704504064818,-0.002508704504064818,-0.0013838017668627689
2025-01-27,-0.007063458358441954,-0.007063458358441954,-0.010489518855523006,-0.010489518855523006,-0.009989470900925845
2025-01-28,0.0023353033686859927,0.004376237515707171,0.005142278341682194,0.006342679209265867,0.002358073878344691
2025-01-29,-0.0021693056686273525,-0.002982517609128643,-0.002191487733300257,-0.0024149414328905492,-0.0025807552527378984
2025-01-30,0.006857534889014772,0.007043071960755309,0.00551477734263921,0.005001951911245017,0.004588718663936608
2025-01-31,-0.006491148003176161,-0.007076920328901637,-0.006101397657744168,-0.0033063736642521824,-0.0040609568663960375
2025-02-03,-0.0009392022913331744,-0.0022866300500260506,-0.003488922488929136,-0.004116500738730333,-0.0021106912179747472
2025-02-04,0.006450372748079658,0.007890868127984774,0.007855904097381239,0.0057581748443496835,0.005628544896620502
2025-02-05,0.007150290859366715,0.008540016525374772,0.0059300830128541145,0.005913347880365238,0.007276406699242122
2025-02-06,-0.001962493533303922,-0.0016892016601495086,-0.0007487929619953371,-0.0014936858559002509,-0.001444218086455562
2025-02-07,-0.005787343998290262,-0.006643280109881855,-0.005528765195968843,-0.005997791769226235,-0.005599500256855172
2025-02-10,0.005428829999995477,0.006889178712307253,0.005920134584923453,0.007191671719339698,0.004606223084010807
2025-02-11,-0.0005751796405469856,-0.0005286036205566225,-0.0005101440686968495,-4.0560373509457295e-05,-0.0009473469610823293
2025-02-12,-0.005897513621909922,-0.006113313185798797,-0.0022012623138593867,-0.004612475007187167,-0.006497452566165907
2025-02-13,0.008893365049120439,0.010309684634687977,0.007504074744731959,0.008256534074073585,0.005642077999571194
2025-02-14,-0.001437419314196975,-0.0010987333212653882,-0.0009439264295744265,-0.0005426100156560199,0.0013309792732228542
2025-02-18,0.003462968898734786,0.004375585284245287,0.004381142515487202,0.005746739923177579,0.0020391561405279533
2025-02-19,0.0023963031607880493,0.0024045690119416374,0.00019025230043734354,0.0009788454105227995,0.0008417710759939245
2025-02-20,-0.0023911836347093483,-0.0027091349114487296,-0.004556169938707178,-0.003643300900384494,-0.001276117566835311
2025-02-21,-0.011126839886343476,-0.01383591731915781,-0.012429399912780092,-0.014507813108808044,-0.005286452759135829
2025-02-24,-0.00016746198309770534,-0.001598045873788334,-0.0027229064141711,-0.002700906264555947,-0.004636317140660773
2025-02-25,-0.0019620132176219273,-0.003257856513826507,-0.004402540906377328,-0.005842871288673157,-0.003619257082692906
2025-02-26,-0.000753187682158063,0.00033649029393634233,0.0010334016245653666,0.00046445019138271484,-0.001501477958579156
2025-02-27,-0.007904495914967025,-0.011545202151100387,-0.010970965656146359,-0.008975563034177991,-0.009949445888307706
2025-02-28,0.012689661267975504,0.012283306213663248,0.00834399995973283,0.0069064585866582704,0.008676386470511655
2025-03-03,-0.013265797462084717,-0.013265797462084717,-0.010674441607825092,-0.011852088856272935,-0.002865238324220165
2025-03-04,-0.009978987795701767,-0.009978987795701767,-0.006850327536148959,-0.007238119953865629,-0.004014158407101054
2025-03-05,0.005463769332493951,0.005463769332493951,0.006716999886124064,0.005723875743047358,0.0029986436226848933
2025-03-06,-0.012356021956365726,-0.012356021956365726,-0.012054719721268781,-0.010524523188239765,-0.007158635012917069
2025-03-07,0.0029320170501899168,0.004546342644998392,0.0031503532165914503,0.0028239716116548407,0.0035994862162970877
2025-03-10,-0.013509073927153826,-0.017760007812664014,-0.018468124217295954,-0.01580967192035526,-0.01867103802237221
2025-03-11,-0.0046431783497548505,-0.004898788292696021,-0.00354784029102202,-0.0030846692364276617,-0.0031747927268662825
2025-03-12,0.0032434555017277766,0.002659039164637833,0.004255962206869701,0.004081613545763729,0.0018730668704200816
2025-03-13,-0.003180307374549296,-0.006878450213128051,-0.007225119329460183,-0.005733328578005093,-0.008940692503045888
2025-03-14,0.011647497872040813,0.017088716716337216,0.016853469968757674,0.012670511170538435,0.009777533670277916
2025-03-17,0.008037771753794965,0.009382595323125109,0.007613938054964353,0.005655727670080069,0.0063382123524348575
2025-03-18,-0.0012320416273733149,-0.0044593131447045135,-0.004606297050996267,-0.0022154414939728694,-0.002622032119782369
2025-03-19,0.00729406233446186,0.009933168674590931,0.00936052068942943,0.006504526210146832,0.005774745827658245
2025-03-20,-0.0004888612307533124,-0.0015397275931540056,-0.0016667316918603237,-0.0003200439482170081,-0.003529261394730676
2025-03-21,-0.0032505430609231388,-0.002649073425715276,-0.0017783891966214548,-0.0014308530873902714,-0.0012423873428363374
2025-03-24,0.007873254657732087,0.011961559532593313,0.012223404183732056,0.007841688088132914,0.00487207381627699
2025-03-25,-0.00011859133518001829,0.000782896192465965,0.002495703916683112,0.0022962104170490385,0.00037289998760280384
2025-03-26,-0.0033953420957454237,-0.00746577123366049,-0.0054277471701378085,-0.0031973783956387946,-0.00464319332930353
2025-03-27,-0.0010076718527783136,-0.00250027181774628,-0.0018909252425460155,-0.0009681218166085915,-0.0020270821064036436
2025-03-28,-0.006370309681502451,-0.011428515365461234,-0.010468382605715509,-0.004145170539591436,-0.006752960566221178
2025-03-31,0.008768552942723695,0.00703901633933357,0.005499590353341332,0.002886680156507182,0.006662344843717127
2025-04-01,0.0002628551868051554,0.001068970083802423,0.0008428164949923156,0.0005021449155916735,0.0014794274027397415
2025-04-02,0.005305407231052594,0.006035253424665843,0.003111794551434599,0.00035054254719305564,0.007786329789306201
2025-04-03,-0.035886003801547675,-0.04123936492819332,-0.027643505820006308,-0.014815355015973763,-0.030325387147109695
2025-04-04,-0.04916348364377161,-0.05179529705614844,-0.036351557613637286,-0.01585599645326021,-0.03446885356615311
2025-04-07,-0.00785604800607571,-0.00785604800607571,-0.0039342465690268115,-0.005273970353485824,-0.007106443795600303
2025-04-08,0.007852120457338374,-0.013998905220525881,-0.0063355056293065036,0.0005443793790763651,-0.002846508680704096
2025-04-09,0.0038097140287544516,0.07620847418846144,0.04934753586748149,0.0036991250814781607,0.05346018905620531
2025-04-10,-0.001128032841382276,-0.03248379217407622,-0.018080991332196074,0.0010605527676923244,-0.019221056390451453
2025-04-11,0.002452508300441347,0.016764010508528982,0.009182557035091743,0.0035640850819576688,0.004925711017858614
2025-04-14,-0.00013822376365895116,0.00735740351857338,0.002979215815903935,0.0004579121893975802,0.0026875545977791183
2025-04-15,0.00035423938076157847,0.00026454154369409677,0.00025748276991618415,0.0007777456808967908,0.0005162808552287678
2025-04-16,0.0005579541655908793,-0.009338180109026494,-0.0022533013411728865,0.0016885843583163362,0.0005490881568838257
2025-04-17,-0.0008832421503779053,-0.00030787357911059575,-0.0011691713469002662,-0.00018116177656808398,0.0004404850813173766
2025-04-21,-0.0017479531702061402,-0.017498098536128194,-0.0015388164767904168,0.0009499450927799913,-0.00472490285199878
2025-04-22,0.000558134487326778,0.019808599944215632,0.004574118704903507,4.116858867301287e-05,0.010133796226890323
2025-04-23,0.0009713094134183419,0.009303162241370056,0.0006321260034873987,-0.0023978630729734164,0.008007992887046612
2025-04-24,0.0010535881854074614,0.01837650227705274,0.0025662564193835945,0.002877027856991954,0.003545877535152764
2025-04-25,0.0007366235970702961,0.0028324828921415302,-0.001560849539685849,-0.001560849539685849,0.0004230751563325197
2025-04-28,0.0006299927125968052,0.0040463576200943764,0.0017365853428716437,0.0017365853428716437,0.00039841419263788593
2025-04-29,0.0008384578533919163,0.004181108632302133,6.409337797664838e-05,6.409337797664838e-05,0.0004906070731521383
2025-04-30,-0.00080931418837894,-0.0031189688351106804,-0.0005632986078487501,-0.0005632986078487501,0.0005287811225299311
2025-05-01,-0.000507029399254666,-0.000590276302314352,-0.002097725438025844,-0.002097725438025844,-0.0022219946560698813
2025-05-02,-0.00108242593095067,0.012276156520352188,0.00224659373644156,0.00224659373644156,0.0013182513132425021
2025-05-05,-0.0005585470317079011,-0.0029563359983219794,0.0023437020712633316,0.0023437020712633316,-0.0007685832182892871
2025-05-06,0.00033240910813212563,-0.0048273619673819155,0.002236063202570393,0.002236063202570393,-0.004572636070774483
2025-05-07,0.0004227270014200091,0.0031506656342552342,-0.0009094055205149054,-0.0009094055205149054,0.0015609264020714831
2025-05-08,-0.0011149152419298702,0.003436302085471232,-0.0011403080055732984,-0.0011403080055732984,-0.0007849897928438709
2025-05-09,0.0001495766080859662,-6.216410347764656e-05,0.0007254674259445481,0.0002187508599251209,5.947111815063355e-05
2025-05-12,-0.0009304916243192074,0.021756179417560917,-0.00079338189467556,0.0030524522893760177,0.012367768237063138
2025-05-13,-0.000405851146711933,0.0029012511784015983,0.0008387214873624371,0.002050958924619528,-0.0015622159369285793
2025-05-14,-0.0006636397003488171,-0.005736846451606647,-0.0023778635956314244,-0.0017785501090812673,-0.0051904038505168225
2025-05-15,0.0023772598504786745,0.006962191650810268,0.0022638418484288046,0.002373735864809823,0.0042429189198964325
2025-05-16,0.0004010978568919521,0.004411410051312847,-0.0006041898835680182,-0.00016894327696698186,0.0024544784785833886
2025-05-19,-0.0002897202980849167,0.0007102060046728864,0.0013462219017075672,0.002539274380892853,0.0014912758118705849
2025-05-20,-0.0007204750654819069,-0.0013216393291603623,0.0013197972443231842,0.0008489654028331683,-0.0006297040007774313
2025-05-21,-0.001709015809794745,-0.016861102578768182,-0.0013073087016594153,-0.005368804464360033,-0.014047643405260879
2025-05-22,0.0005240019153532671,-0.001389727725521339,-0.0010054655117110566,-0.0008506695695598921,0.00046222858760643917
2025-05-23,0.00016587535377818874,-0.0014659064538241396,0.0018322837494819221,-0.0014657086781435403,-0.0034461234363905467
2025-05-27,0.0013955922594766968,0.014873098365588422,6.33246711142621e-05,0.00392145252626318,0.01517242136034902
2025-05-28,-0.0004316026364599268,-0.006172928140460943,-0.0008941870194073221,-0.002617615402615836,-0.0038116439088851984
2025-05-29,0.0009255140268504825,0.00475189752839209,0.0011064165819081539,0.003622217978545739,0.0030234595757358653
2025-05-30,0.00015089469676927704,-0.0019638223105465148,-0.0004413748292755648,-0.0005990814970014191,-0.0015983700764424901
2025-06-02,-0.0009306377249671649,0.005891487070384127,0.0026973517258230386,0.003487189797770407,0.0020446943497271163
2025-06-03,-0.00017616157664893662,0.005565601487164218,-0.0006893991058884774,9.228764732684968e-05,0.004367641516385723
2025-06-04,0.0016233472201364397,-0.00018841279997472427,7.645479776334785e-05,0.00010389305205470434,0.0006125164321254539
2025-06-05,6.944269945088343e-05,-0.002647867127092307,-0.0007806259651869429,-0.0013358030262154651,-0.0018864111348943391
2025-06-06,-0.0012723913745816384,0.0070700119658342,-9.778454783156975e-05,0.0007451664723245766,0.00617086294625725
2025-06-09,0.00010544274417387812,0.0014644443890347246,-7.416261447746874e-05,0.0005638807360450415,0.00022728288476419055
2025-06-10,0.0005149464822127969,0.00620399688684885,0.00014699855362541037,0.0007417112537806192,0.0042845177229752455
2025-06-11,0.00030278063542024116,0.0009693822704811561,0.0004237198708777701,-0.0009408788868545237,-0.000412730637469938
2025-06-12,0.001195718668758916,0.004935584922068248,0.0012420200248043577,0.00213025641491883,0.0018484430814219466
2025-06-13,-0.0009636374543551818,-0.007833315060117262,-0.0007291661181466069,-0.003686786904171935,-0.009363965412124798
2025-06-16,-0.0010077405685453011,0.004063824760831725,-0.00028498909981024,0.0032433249237154736,0.005180913749437866
2025-06-17,0.001216913675153708,-0.004356953514122986,-0.0005225951405750772,-0.002205380498026599,-0.00558297721017662
2025-06-18,0.00017342332550724927,-0.0006797571764320498,-0.000578371806612532,-0.0015362011505899553,8.880961601849257e-05
2025-06-20,-0.0001846714586809961,-0.0006740433223944797,0.00023685687871057847,0.0004074906400678535,-0.0016821787105690933
2025-06-23,0.0003237566407013004,0.004823199949574419,0.0015655988998938054,-0.0008557412778403495,0.006106829675062331
2025-06-24,0.0007260574627775629,0.007468467286821978,0.00041155491104629684,-0.000303163854313504,0.00925460312939914
2025-06-25,0.00012586810164181284,-0.0004625026297893742,0.00022978262733899246,-2.4639382093161187e-05,-0.0007473718609227852
2025-06-26,0.000502793383669542,0.007778388965231397,0.0015634781163351042,0.005774529717226895,0.005845949548882068
2025-06-27,-0.0006367458393509607,-0.0012101762425281936,-0.001619462875328892,-0.0010265934907010888,0.0013468889541502383
2025-06-30,0.0009840759343490157,0.005933736892948504,0.003681093861394058,0.005147748169161537,0.004254257868522937
2025-07-01,0.00024797656046324776,0.004108138476915557,-0.0003217106860526231,0.0016549124737483601,0.0025620432281384777
2025-07-02,-0.0006353378311382829,0.004124618343275677,0.0026825715478329014,0.0037268668717443275,0.002522811563334315
2025-07-03,-0.000696527679984671,0.004699537695831635,0.003490049059251954,0.0036686197703320487,0.0046127378994162745
2025-07-07,-0.0009543320590786775,-0.008351670800460242,-0.0031763508235039596,-0.006888678051817909,-0.0044659339890721905
2025-07-08,-0.00012771055931961594,0.001947232769650431,-0.0013976972176550251,0.0011381153123754205,-0.0005978944636255256
2025-07-09,0.001046139635310439,0.005210931870774172,0.002719469521153761,0.00417592642013982,0.004593618555583512
2025-07-10,6.903230562074202e-05,0.003024823595185866,0.0006227052751749506,0.0024122127069098444,0.0016699397742949596
2025-07-11,-0.0013794718623544866,-0.004892409695529576,-0.0011721130494809606,-0.004063477093019385,-0.004340204185141383
2025-07-14,-0.00020981137125525295,0.00032567106582234164,0.001081283932614352,0.0004440406595465074,-0.00021174027155779207
2025-07-15,-0.000700863596104806,-0.008471495384733718,-0.0025723180167405825,-0.006671895026618757,-0.006565357515742642
2025-07-16,0.00014118287949520524,0.0039724444776785715,0.0024447856196301077,0.003403312792333113,0.0026934006013534795
2025-07-17,-2.350674999772595e-05,0.004484399129354544,0.0037201054220446063,0.005008692144072379,0.003387325024126098
2025-07-18,0.0001527306123139116,-0.0023450896720979887,-0.00031692821002528017,-0.0008742697259962351,-0.000445934158715422
2025-07-21,0.0008916135413205462,0.00101309264633912,0.0021305133145428255,0.003516091179995662,0.0007475471492333075
2025-07-22,0.0006046281562547939,0.004182260788721193,0.00041516839807898,0.0010197965543337739,0.0007992777385591565
2025-07-23,-0.0005547640385037966,0.0072080520287915225,0.0026157347890840787,0.002060970750580282,0.004404334256242181
2025-07-24,-0.00017433789537895094,-0.0019035360053671457,-0.0006883369374383385,-0.0013075508680187586,0.00015243065442389626
2025-07-25,0.0006287199960685053,0.002244947075545389,0.0010920299526639976,0.0017759253284152176,0.0021049774268149246
2025-07-28,-0.0006479263853376493,-0.0009051199117153796,-0.00040600863931378184,-0.0010539350246514313,-0.002263058975633181
2025-07-29,0.0016885838924213914,0.0003277102555743538,-0.0010634498328594311,0.0006251340595619604,-2.8754825549748286e-05
2025-07-30,-0.0005153286068099505,-0.004699589457519282,-0.0020705259501861304,-0.003449928321329776,-0.0012980457106186005
2025-07-31,5.753887969757176e-05,-0.006630768006349675,-0.0023708504165494302,-0.00257623660483407,-0.003162503484474488
2025-08-01,0.0014216611931179735,-0.008797034297854934,-0.006860320142260279,-0.004167518574349871,-0.0035186268750140638
2025-08-04,0.0016910294336374364,0.012090992327085414,0.008367949251647721,0.006590251768486178,0.010574368191560036
2025-08-05,0.0008163569209677535,-0.0019273387843039224,-0.0024076670086610186,-0.0023483523089823043,-0.0012962349224843073
2025-08-06,-0.0007087303676705514,0.00047580910870391734,0.003478989776726238,0.0027631037784468957,0.0021681460700150312
2025-08-07,-0.0004972438062871065,-0.0024719445150371945,-0.000762288050191584,0.000372553350098348,-0.0002821603796829608
2025-08-08,0.000454189411361694,0.005440028817442666,0.004342208863878793,0.003220110113953856,0.0025799464908256462
2025-08-11,0.00019176603224184684,-0.003687670220568473,-0.003101479764918902,-0.0026465762207392497,-0.0005720338911967771
2025-08-12,0.0031563512110083236,0.00969908365039388,0.00902516214343584,0.005628863946198848,0.003562693618497548
2025-08-13,0.004373127295702916,0.0079030413261439,0.004316696451300439,0.004131713231867229,0.004849759483329996
2025-08-14,-0.0015275423065940542,-0.002123213984803929,-0.00179106364343401,-0.0024007259431275242,-0.0018480173884157902
2025-08-15,0.0004807861467421515,-0.0017886173433361518,-0.0027557362263260555,-0.0034682324952743484,-0.00037719287264982305
2025-08-18,-0.00015883645965372172,-0.0007886215707768263,0.00033172368581361187,0.00039743077087673885,-0.0009922844607800573
2025-08-19,0.00045295154153347507,-0.0034608295442474677,-0.004716739080393983,-0.004716739080393983,-0.001746456602364843
2025-08-20,0.00040666033832638117,0.0012463054197983103,-0.0003485220211373319,-0.00010994942549367171,-0.000417023984429421
2025-08-21,-0.0005812347584565724,-0.002101699468673235,-0.0019597470918210624,-0.002454885448336175,-0.0017946610627132098
2025-08-22,0.005486082130154913,0.016619129890424023,0.013016407359930992,0.013452196191505861,0.007663999338707539
2025-08-25,-0.0027647788577905507,-0.005059229111685526,-0.003607230122947691,-0.003607230122947691,-0.0028810003115541383
2025-08-26,0.0013927762959907164,0.004322299210205938,0.003914255310894977,0.003914255310894977,0.0011164943983372976
2025-08-27,0.0005349241858742859,0.003324117554118833,0.002375667449543406,0.0035963175796198455,0.00034571292076078785
2025-08-28,0.000382217085312031,0.003953543677157256,0.0029278538273779684,0.0036900064784183063,0.0019811759280431883
2025-08-29,-0.0004223543307122268,-0.0020939958724044195,-0.0022111145695887903,-0.0021161488347815616,-0.00017282013082201564
2025-09-02,-0.00118961258012239,-0.0025549329057138357,-0.001905351553541368,-0.001905351553541368,0.0002630470937467377
2025-09-03,0.0005268921274027116,0.0007477073721490757,0.00012247912753604595,0.00012247912753604595,0.0024464294670996202
2025-09-04,0.0023918331815513394,0.006734123068545361,0.005591918200215773,0.005591918200215773,0.0030602399172793837
2025-09-05,0.0023654431051336466,-0.0005744764264546731,-0.002441167424543966,-0.002441167424543966,0.0024595993257696346
2025-09-08,0.0014980430978214997,0.004232206577424025,0.002936033986810316,0.0035249424836989564,0.003208822424395863
2025-09-09,-0.0006191116613731174,0.0011726404475159268,0.0012041450009509513,0.0006358297645740807,0.00159665443430711
2025-09-10,-0.0005149319450004075,0.0029342065334734936,0.0032718058928803417,0.0038433694118209295,0.0004970692978817137
2025-09-11,0.004257264911590774,0.008830914495246357,0.00642198368617195,0.007090573633289865,0.0030824001762703944
2025-09-12,-0.0026055968686879982,-0.003649809379468294,-0.002065809413110209,-0.0024974973210441175,-0.0020882813082638953
2025-09-15,-0.00019715726804097055,0.002733842583406565,0.0033547623566245522,0.003588231818384302,0.001097748340760929
2025-09-16,4.605216034455628e-05,0.0008490980700554762,0.0008768348335924769,-0.000435546715948687,0.0011065982645797278
2025-09-17,0.00019863812779763457,0.0005034639338723057,0.00030626768080597164,0.00039024363492594637,0.0015352828630392668
2025-09-18,0.001655512721466812,0.004430043281335516,0.004233257844820914,0.004233257844820914,5.2052681318259794e-05
2025-09-19,-0.001081237955688452,0.0014138637655008446,0.0015448152948426275,0.0027321809281782516,0.000840016610854466
2025-09-22,0.00019522058807163177,0.004371549022775511,0.0043971470575729366,0.004597142198948201,0.0026239293395797446
2025-09-23,0.0007008195889093183,0.00014303603102358008,-8.385128550759679e-05,-0.0021620154378459433,0.000502517402547653
2025-09-24,-0.0017009003079461293,-0.0032717706755830633,-0.0028701391807496647,-0.004170873613344439,-0.0018201205855402746
2025-09-25,-0.0026131299344560933,-0.0029744361259616213,-0.001317434995898592,-0.002214055033852891,0.0004081760683088187
2025-09-26,0.00178818020271434,0.005922829013562181,0.004901439492161841,0.003979884446362147,0.0028397168567568577
2025-09-29,0.0012323523421405192,0.0029890673717283267,0.0026938706977886807,0.003332181023737879,-5.7290216802474704e-05
2025-09-30,0.0022568231190820743,0.002914927324497818,0.000508751953834008,0.0006474571606828849,0.0006971988458779777
2025-10-01,0.0035670623494447494,0.00474537180593052,0.0016556155539379281,0.0016556155539379392,0.0020704566902347123
2025-10-02,0.0007269946744687727,0.0005468390111800003,0.0007419965353524738,0.0021118357421237356,0.0010069911280478738
2025-10-03,0.001690233646424799,0.0033088219000626086,0.002170473846038856,0.002638466477035939,0.0013101063481567587
2025-10-06,-0.0008790875394754649,0.003440996354705106,0.003924363457247004,0.002757191535627346,0.002926864273284047
2025-10-07,-0.00042219832472573104,-0.001370459094743226,-0.001446779261394604,-0.0019456369020013574,0.0008758711050252499
2025-10-08,0.001321121635221223,0.005423459831628475,0.00522931989124834,0.004904544516706988,0.00040811195561192283
2025-10-09,-0.0009443087314228271,-0.00563537401668337,-0.005413945047277091,-0.00563537401668337,-0.002583005263997107
2025-10-10,-0.0028221811286293754,-0.018987950776578257,-0.017545403846058814,-0.018987950776578257,-0.011190275782624538
2025-10-13,0.0031598091882693246,0.014735306260787007,0.01484790144104955,0.014735306260787007,0.008426351777328488
2025-10-14,0.002011314158678568,0.00219579246708016,0.0019210473759669554,0.00219579246708016,-0.0016169236971234403
2025-10-15,0.0008567934134843469,0.004730746640997241,0.00457617569743547,0.004730746640997241,0.002482109892569739
2025-10-16,-0.0027283563956878145,-0.004827720867930496,-0.004659361227972669,-0.004827720867930496,-0.005136626104789021
2025-10-17,0.001150995170674496,0.0015085444917620427,0.0008410229254207313,0.0015085444917620427,0.0025451175967229457
2025-10-20,0.00562354031630381,0.01381433064408517,0.01344753829950398,0.01381433064408517,0.006752545422717926
2025-10-21,-8.892538235344416e-05,-0.006020325137832927,-0.006020325137832927,-0.006020325137832927,0.0004839531258334029
2025-10-22,-0.000129198992929902,-0.003323438083453756,-0.003323438083453756,-0.003323438083453756,-0.004032016697570117
2025-10-23,0.002178573845797871,0.005597636958944485,0.005597636958944485,0.005597636958944485,0.005826921125492967
2025-10-24,0.001431167528166144,0.005487517816267296,0.005487517816267296,0.005487517816267296,0.005704410570918339
2025-10-27,0.0012244379451431752,0.004261092747844797,0.004261092747844797,0.004261092747844797,0.005273077065696852
2025-10-28,-0.002046747136991289,-0.0008954677260081479,-0.0008954677260081479,-0.0008954677260081479,0.0003231908260078242
2025-10-29,-0.0029756826173505503,-0.003152446781298468,-0.003152446781298468,-0.003152446781298468,-0.0019570763449136773
2025-10-30,-0.0006816716456610417,-0.00366755629175054,-0.00366755629175054,-0.00366755629175054,-0.003827193398079176
2025-10-31,0.0006667587912596474,0.0017332063330144254,0.0017332063330144254,0.0017332063330144254,0.0026417901325914593
2025-11-03,-0.0005202039420192262,-4.902862694824428e-05,-4.902862694824428e-05,-4.902862694824428e-05,-0.0017813629906201166
2025-11-04,0.00011278436794134316,-0.00976427984769197,-0.00976427984769197,-0.00976427984769197,-0.005822693660571321
2025-11-05,-0.00011377604444365864,0.004360587497437551,0.004360587497437551,0.004360587497437551,0.0029458314580100174
2025-11-06,0.0015825513867536278,-0.005941841201059761,-0.005941841201059761,-0.005941841201059761,-0.005513083438527755
2025-11-07,0.002682034143716305,0.0027669406615847604,0.0027669406615847604,0.0027669406615847604,0.0021550385145752138
2025-11-10,0.004756438328559198,0.012931313435766622,0.012931313435766622,0.012931313435766622,0.009127747409527154
2025-11-11,0.0049192845705829935,0.005294978627550096,0.005294978627550096,0.005294978627550096,0.002531267585822239
2025-11-12,0.002675207400670587,0.0034157146237838608,0.0034157146237838608,0.0034157146237838608,0.0012001476803111255
2025-11-13,-0.002712568088222045,-0.013380269604548268,-0.013380269604548268,-0.013380269604548268,-0.008843231795411632
2025-11-14,-0.0005461768171371006,-0.001993827873013909,-0.001993827873013909,-0.001993827873013909,0.0034370686387389603
2025-11-17,-0.006704303239846077,-0.011216686233055783,-0.011216686233055783,-0.011216686233055783,-0.008530868292135363
2025-11-18,0.0014082694434229604,-0.0025330650072243666,-0.0025330650072243666,-0.0025330650072243666,-0.0024366423753422795
2025-11-19,-3.864438274732151e-05,0.0006256691406201442,0.0006256691406201442,0.0006256691406201442,0.0002034277413635599
2025-11-20,-0.009597513245842071,-0.011914367619973776,-0.011914367619973776,-0.011914367619973776,-0.01481469733453784
2025-11-21,0.008507501155222297,0.010049222104460399,0.010049222104460399,0.010049222104460399,0.009827960585099249
2025-11-24,0.010958049449560203,0.011362328616610351,0.011362328616610351,0.011362328616610351,0.008756584525047439
2025-11-25,0.007114491583226934,0.008565678031284196,0.008565678031284196,0.008565678031284196,0.0038555901916157544
2025-11-26,0.006202051411030118,0.006874852518578689,0.006874852518578689,0.006874852518578689,0.005294465132769233
2025-11-28,0.005112844606342581,0.005709430973149998,0.005709430973149998,0.005709430973149998,0.005078415061131103
2025-12-01,-0.00412826398150723,-0.004937174168392478,-0.004937174168392478,-0.004937174168392478,-0.0024601470483329503
2025-12-02,-0.0007696685067780318,-0.00035978880356731804,-0.00035978880356731804,-0.00035978880356731804,0.0005572907591637532
2025-12-03,0.006521833305249802,0.0073950272301954055,0.0073950272301954055,0.0073950272301954055,0.006246441454266205
2025-12-04,0.000624701335029032,0.0005537850529382937,0.0005537850529382937,0.0005537850529382937,0.0007227843160310665
2025-12-05,-0.000519241954870009,-0.000318856156220404,-0.000318856156220404,-0.000318856156220404,-0.00048484167803559687
2025-12-08,-0.002998159417377533,-0.0033898078239508966,-0.0033898078239508966,-0.0033898078239508966,-0.0030133659851422135
2025-12-09,0.0003963828072440223,3.458178409825319e-05,3.458178409825319e-05,3.458178409825319e-05,-0.00015486616708895173
2025-12-10,0.007374240319451197,0.008409038256384015,0.008409038256384015,0.008409038256384015,0.008022535736700597
2025-12-11,0.0038014192525394285,0.005155936329586686,0.005155936329586686,0.005155936329586686,0.0047026394566519695
2025-12-12,-0.008336856453489083,-0.0088431422802554,-0.0088431422802554,-0.0088431422802554,-0.008040333279246059
2025-12-15,-0.0015231977705772782,-0.0015705819251096264,-0.0015705819251096264,-0.0015705819251096264,-0.0016392765101595264
2025-12-16,-0.0047842405157569766,-0.0054417261411451425,-0.0054417261411451425,-0.0054417261411451425,-0.005313561374235332
2025-12-17,-0.003460266158620584,-0.00391257369104947,-0.00391257369104947,-0.00391257369104947,0.0004949061477110828
2025-12-18,0.0031009444000496544,0.0032489252800744885,0.0032489252800744885,0.0032489252800744885,-0.0003404521973707886
2025-12-19,0.006167077090631213,0.006518298699536851,0.006518298699536851,0.006518298699536851,0.005603055995992934
2025-12-22,0.0077677369573046495,0.008247835117260715,0.008247835117260715,0.008247835117260715,0.005778123392534651
2025-12-23,0.0030187813393612872,0.003178053670479275,0.003178053670479275,0.003178053670479275,0.0032258451229920325
2025-12-24,0.0020980904994647555,0.0026722067025822917,0.0026722067025822917,0.0026722067025822917,0.0011817308517665492
2025-12-26,4.8351279883873664e-05,5.244992249198166e-05,5.244992249198166e-05,5.244992249198166e-05,0.0006313218027213741
2025-12-29,-0.005623042656362964,-0.006124038420998024,-0.006124038420998024,-0.006124038420998024,-0.004941996916544733
2025-12-30,-0.0011499602571780287,-0.0013563296381882916,-0.0013563296381882916,-0.0013563296381882916,0.0012996227306077412
2025-12-31,-0.006619541899446524,-0.007244032445038096,-0.007244032445038096,-0.007244032445038096,-0.00433344001884004
2026-01-02,0.004484296517899578,0.005121044270302499,0.005121044270302499,0.005121044270302499,0.0026366706339006505
2026-01-05,0.010993911795486467,0.012263470561650747,0.012263470561650747,0.012263470561650747,0.012024415138883016
2026-01-06,0.004196203137020538,0.005848706236594237,0.005848706236594237,0.005848706236594237,0.004424662386200473
2026-01-07,-0.0014828864335541757,-0.003379017073054913,-0.003379017073054913,-0.003379017073054913,-0.003511697185910878
2026-01-08,0.001152372095367793,0.0022291577749391613,0.0022291577749391613,0.0022291577749391613,-0.001418730564323767
2026-01-09,0.0038458750548802435,0.005075630105203721,0.005075630105203721,0.005075630105203721,0.004190538784166753
2026-01-12,-0.0005818812546771413,0.001468162891989755,0.001468162891989755,0.001468162891989755,0.0024344064778095698
2026-01-13,-0.001345217089866102,-0.0022858719181462982,-0.0022858719181462982,-0.0022858719181462982,-0.003015363217177247
2026-01-14,0.001332141783034113,0.00228118399782169,0.00228118399782169,0.00228118399782169,-0.001357837428394193
2026-01-15,0.0009082273451153755,0.0008933250777962253,0.0008933250777962253,0.0008933250777962253,0.0016176860905841473
2026-01-16,-0.0011892942434900355,-0.0016813778445669669,-0.0016813778445669669,-0.0016813778445669669,-0.0007569938119949216
2026-01-20,-0.011758604551817198,-0.009894488754322462,-0.009894488754322462,-0.009894488754322462,-0.006981092764944674
2026-01-21,0.008969790003954148,0.01406358360117006,0.01406358360117006,0.01406358360117006,0.008201069264861038
2026-01-22,0.0038490495012847513,0.006612362214250678,0.006612362214250678,0.006612362214250678,0.0058299464017316895
2026-01-23,-0.002962156797134308,-0.0015742227727947756,-0.0015742227727947756,-0.0015742227727947756,-0.002819943401730174
2026-01-26,0.0028287756193515756,0.004990223663781768,0.004990223663781768,0.004990223663781768,0.0025949800805488365
2026-01-27,-0.00012870124477090127,0.002429128727490959,0.002429128727490959,0.002429128727490959,0.0009587106846048465
2026-01-28,-0.0004020966791009717,0.004254572487424768,0.004254572487424768,0.004254572487424768,0.00032613430083074937
2026-01-29,-0.0015897355167462158,-0.0003833761916827383,-0.0003833761916827383,-0.0003833761916827383,-0.0016008204858349196
2026-01-30,-0.005114156976788076,-0.014560027530692498,-0.014560027530692498,-0.014560027530692498,-0.0038610550759693
2026-02-02,0.004549557199278164,-0.000391819106476432,-0.000391819106476432,-0.000391819106476432,0.004104478758540797
2026-02-03,-0.006046329816978358,0.0032009985753547743,0.0032009985753547743,0.0032009985753547743,-0.005989015329222547
2026-02-04,-0.004076323849803887,-0.0014061254346091402,-0.0014061254346091402,-0.0014061254346091402,-0.003830071033232285
2026-02-05,-0.007209606928024292,-0.012226740593100981,-0.012226740593100981,-0.012226740593100981,-0.0051586330601812724
2026-02-06,0.015421968391461571,0.022966138590869423,0.022966138590869423,0.022966138590869423,0.011960272811059292
2026-02-09,3.0726458940155685e-05,0.005339696187116949,0.005339696187116949,0.005339696187116949,0.0032477800408571957
2026-02-10,-0.001199748071237927,-0.0027253861162597646,-0.0027253861162597646,-0.0027253861162597646,-0.001312384826217039
2026-02-11,-0.0016607257518783335,0.0022643103126597786,0.0022643103126597786,0.0022643103126597786,-0.002558990055247423
2026-02-12,-0.0064429211534411165,-0.015692962820396526,-0.015692962820396526,-0.015692962820396526,-0.011124056760642797
2026-02-13,0.003143531768657104,0.006691535240329671,0.006691535240329671,0.006448205206169844,0.0035182324128718912
2026-02-17,0.0011305506775125319,-0.003032659943762117,-0.003032659943762117,-0.004097511795937936,0.0012559271092824954
2026-02-18,0.0021710453135751597,0.00759348402709018,0.00759348402709018,0.007254582845813873,0.0033193607749616326
2026-02-19,-0.0014117804664884992,-0.0014262064952072495,-0.0014262064952072495,-0.0014262064952072495,-0.0020802517908595332
2026-02-20,0.0017497252025913234,0.00412378653739911,0.00412378653739911,0.0032109950055393853,0.002096385758208463
2026-02-23,-0.005680805790514743,-0.00578919561350415,-0.00578919561350415,-0.0024361724828168008,-0.004753688247834187
2026-02-24,0.0031397645293597563,0.003737233453692568,0.003737233453692568,0.0032444292145896504,0.0033733745854406137
2026-02-25,0.004499382713304467,0.006364393260187751,0.006364393260187751,0.004618618293434962,0.006008688876934731
2026-02-26,0.0001262138112388622,-7.85822076315279e-05,-7.85822076315279e-05,-0.0012931635561297839,-0.0024129879542101216
2026-02-27,-0.002184962031282933,-0.001937865735548716,-0.001937865735548716,0.00010022385113325205,-0.00298755433539174
2026-03-02,-0.0011927379628763556,0.002566213166728337,0.002566213166728337,0.002818991908447599,0.002203337370009806
2026-03-03,-0.005189713422152509,-0.012772716328982681,-0.012772716328982681,-0.012597276808121938,-0.006480225515718896
2026-03-04,0.0036529182007937976,0.006009924518037691,0.006009924518037691,0.0054436300726741545,0.004955228920654797
2026-03-05,-0.005696453972064175,-0.007758718942492304,-0.007758718942492304,-0.007234451822160082,-0.00785219260596648
2026-03-06,-0.007547349873460296,-0.00882710677252655,-0.00882710677252655,-0.007538802435914649,-0.01000681998208065
2026-03-09,0.006152987334722226,0.0064249859267961895,0.0064249859267961895,0.006899572986269931,0.004958157866341517
2026-03-10,-0.002619949405312827,-0.002770392478547823,-0.002770392478547823,-0.0022339303299557024,-0.004037190214384867
2026-03-11,-0.003271163578707559,-0.000648759077077643,-0.000648759077077643,0.0001902333606516371,-0.00039895157350543496
2026-03-12,-0.01051678285741654,-0.013396377655656034,-0.013396377655656034,-0.011883348306204,-0.008731006420089716
2026-03-13,-0.002337044348363759,-0.004054834184937306,-0.004054834184937306,-0.003683274970282224,-0.002335159698885558
2026-03-16,0.006345644856556976,0.00805065967330384,0.00805065967330384,0.006437839092769282,0.00506841996412839
2026-03-17,0.0014066850981714674,0.0027559033626153974,0.0027559033626153974,0.0019533223770451746,0.002965133125575126
2026-03-18,-0.0095001213034964,-0.01393284795440427,-0.01393284795440427,-0.012182069247525639,-0.006928518413567941
2026-03-19,0.001351582960316422,-0.002226138699629965,-0.0027251916333554393,-0.0028764433304405146,0.00099698723981122
2026-03-20,-0.012016581251952475,-0.014369095337847703,-0.014552807259772493,-0.012655452743341589,-0.009703222919381038
2026-03-23,0.0050110854002348715,0.007560365423462323,0.006657218961735945,0.007181970623841005,-0.002046853767821777
2026-03-24,-0.0010385365245393686,0.0004064905280688702,0.000386194798312256,0.003896100679604375,0.0004851399344586116
2026-03-25,0.00817797463236376,0.008182224247094572,0.008060474578538502,0.005432588063521438,0.0066349775530162415
2026-03-26,-0.010636081385404016,-0.014028841942119018,-0.013441085211693649,-0.005312852931052348,-0.014211893000310939
2026-03-27,-0.013186118408446423,-0.008659946300022403,-0.0061319174405766955,1.9953577433184933e-05,-0.005574932196677052
2026-03-30,-0.001376077379983287,-0.0023641087911691282,-0.0035144940487790376,-0.0011505476102270263,-0.004659954899787011
2026-03-31,0.020415731295432383,0.023075348920967388,0.02098685180479498,0.005980313427380335,0.019928691122361574
2026-04-01,0.004881783945053886,0.0034437279654063848,0.0033019378334766423,-0.0015797557869806967,0.002579316812918786
2026-04-02,0.00028817815613266793,0.00033587891609861977,0.00015383765766113777,-0.001465837396861247,-0.0023128479264856285
2026-04-06,0.001626443556520718,0.0029490403921778817,0.0022423954571361925,0.0007483583234882629,0.0019825463299040003
2026-04-07,5.534088615060107e-05,0.002525543294173871,0.002525543294173882,0.0020025823961778767,0.0013100526762216624
2026-04-08,0.013455238412339842,0.016666794559382227,0.014020444156359968,0.005077342546311381,0.002965929357069186
2026-04-09,0.0015988279206692435,0.001976603882601391,0.0017226975974304003,0.0011166815318082834,0.002064785872684083
2026-04-10,-0.003157770937298088,-0.0038809851111971773,-0.002789999845369551,-0.0034201970419820427,-0.0030672020427545575
2026-04-13,0.004179454975282715,0.008547040542703565,0.006794035299517343,0.0043969199428402165,0.007665059972198474
2026-04-14,0.003043621516144768,0.008255739652743666,0.008023458438691367,0.006550651090370873,0.003520627790972841
2026-04-15,0.0012960928789302328,0.002100423512690719,0.0013472293502441058,0.0019249185021273595,0.00259121576884086
2026-04-16,0.0006989395019049716,0.0019649158395912414,0.0022332761422366398,0.002663418872249601,0.002378748629052707
2026-04-17,0.004750018427406655,0.00977166469749009,0.00900287046047874,0.008087242960358853,0.00410899906937201
2026-04-20,-0.0009732868290425412,-0.0011290493815684255,-0.0015105138234288496,-0.0014875325082295277,-0.000382137282832451
2026-04-21,-0.0023790315251713046,-0.006150899349216854,-0.005523877085262241,-0.005799927505039382,-0.0011594017658578038
2026-04-22,0.004916394423444015,0.009156544189673654,0.00932863060896425,0.008960169097796877,0.0060343451019763015
2026-04-23,-0.0016288193576659005,-0.004368811583410281,-0.003583522389992022,-0.0036633363808476482,-0.003195937156614803
2026-04-24,0.0003770029136076269,0.004110418093869672,0.004844009531859294,0.0046591532449754,0.0031783629516160873
2026-04-27,-0.00026483977765902057,-0.0006447807465478017,-0.0014032481047189127,-0.0008046032607899156,-0.0005019535772404548
2026-04-28,0.0005265695004455728,-0.0041891677067071535,-0.004266370606783842,-0.00463555572007418,-0.0024462158760035547
2026-04-29,0.0009876336057905166,5.116298884906278e-05,-8.383786171333174e-05,0.0013871229136475538,-0.00032948388861695486
2026-04-30,0.006682545174636345,0.011034583017505406,0.010630111687393685,0.008518180352273497,0.005088077963288107
2026-05-01,-0.0011596192311196575,0.000797545198922045,0.001200387148840676,0.0005893257448311596,9.311761893993076e-05
2026-05-04,-0.00445200698931868,-0.004842080256327719,-0.004187231073117114,-0.003864006846396595,-0.004160696405401387
2026-05-05,0.004720039707860835,0.008613401679139043,0.008594014890055313,0.00797141555639772,0.002374547943206817
2026-05-06,0.004929851298072674,0.009086922487848736,0.008602331811600628,0.007841475436868584,0.006143857534485431
2026-05-07,-0.004256749234489543,-0.006039679381599161,-0.005480260027616246,-0.005474693148553656,-0.0017142290349062227
2026-05-08,0.0023021706747886838,0.006414531159913017,0.006942283685555861,0.006715904017383212,0.000577751762885792
2026-05-11,0.0025221034371212814,0.004274876558555307,0.004996081974158695,0.005440804064670779,0.0015449086843028926
2026-05-12,0.001770412410476685,-0.0009329063690974082,-0.001048270636942794,-0.0030127611868472127,0.0030222418300043575
2026-05-13,0.00012603006857473398,0.001207439549475653,0.0025748391786333145,0.0028912291510983733,-0.0010873232965944557
2026-05-14,0.0021474875643320403,0.005039123685920843,0.004309276991419353,0.004309276991419353,0.0013777658078149902
2026-05-15,-0.00896108047874622,-0.010815049860767045,-0.008960859510776142,-0.00787881044808918,-0.0013357633663195535
2026-05-18,0.001663871047723664,0.0019166677352864924,0.0007837523649028788,0.0003564786496371597,-0.00046390646485280353
2026-05-19,-0.004333368484371036,-0.00487992511021248,-0.004213308952878414,-0.0040947190092605725,-0.004033074456611207
2026-05-20,0.007421281320766415,0.009757909644754393,0.00771893350252062,0.00771893350252062,0.0073772537555986785
2026-05-21,0.0020626940668940887,0.0027026546703930233,0.0015044675111137607,0.0019788854324817805,0.0002942541536895549
2026-05-22,0.0027819203408770863,0.00532399619385443,0.0031973750324489347,0.0036033170860272244,0.0014590081473896844
2026-05-26,0.0017130104114934542,0.0034798590235452067,0.004077809750057448,0.003904545363514411,0.0008291557324940135
2026-05-27,-0.0015450419431949137,-0.0034633345000110284,-0.00305756963506415,-0.0038868902105540946,-0.0005868477471532851
2026-05-28,0.004104845662578405,0.0059184966280039775,0.004289709673397979,0.003997995481583983,0.0015627577420453398
2026-05-29,0.0021004851121072974,0.0026254253827021736,0.002931970227810876,0.0029014638197635946,-0.0014923313640468837
2026-06-01,-0.0013076085569485919,0.002045621987527657,0.0033731125060089905,0.0033731125060089905,0.000882064081641365
2026-06-02,0.001721088084159861,0.0039000206468694843,0.004605116556198441,0.004605116556198441,0.0010577646792271356
2026-06-03,-0.002543769482245384,-0.004910747719505981,-0.004152786943798048,-0.004152786943798048,-0.0002688671412543253
2026-06-04,0.008344128680895823,0.00829341225021436,0.002405708542501728,0.002405708542501728,0.0012293284733994048
2026-06-05,-0.013920969001794615,-0.02413132033600467,-0.02443899039315043,-0.02443899039315043,-0.014369144210159602
2026-06-08,0.0016538815621658155,0.004679253586028054,0.006062784168094293,0.006062784168094293,0.002785759062905402
2026-06-09,-0.001799691301839934,-0.003330826973961365,-0.006122343739697866,-0.0054625010102157924,-0.0016925336381636512
2026-06-10,-0.009852550354451461,-0.013184783599132232,-0.01135163087628096,-0.012464394226823461,-0.009099017531517229
2026-06-11,0.010946504457696394,0.017635820913421606,0.014781938657122573,0.012243560584387348,0.00994171227498718
2026-06-12,0.0027780230977376696,0.005350276854353253,0.004407923618025689,0.004169262238871374,0.0037960888627027955
2026-06-15,-0.0009072032984036804,0.009422340077811443,0.009666325031663193,0.006478553616572913,0.0078409185486914
2026-06-16,0.0016964288391337345,-0.0035901338182859344,-0.005646112008696658,-0.005986004817542023,-0.0012048695659098053
2026-06-17,-0.005328527031066577,-0.009702998019361508,-0.00785537585684024,-0.009363465670561556,-0.005995560679940215
2026-06-18,-0.0017559392248303273,0.005375042838813293,0.006645835238776554,0.008463594544126974,-0.0007723783245063065
2026-06-22,0.001970075547678385,0.002432282833282251,0.0017145372646896417,0.0016072626787208444,0.0011183551734867292
2026-06-23,0.0010744743432679726,-0.009210488862745624,-0.011086226542621836,-0.009068127921816027,-1.4418619741396466e-05
2026-06-24,0.0005279948076738594,-0.0030729160563017555,-0.0049137025628890885,-0.0007472626000916583,-0.004246824021652817
2026-06-25,0.002285136845784785,0.005564427002872618,0.00461457075309033,0.004821453528989295,-4.88308864260878e-05
2026-06-26,0.0024964397679396177,-2.8275096166485714e-05,-0.0032906511705781518,-0.0013814666563629063,0.0013174638717729503
2026-06-29,0.0019666915131248074,0.005777339778028389,0.005144836795964891,0.00684894119450149,0.002076291408074071
2026-06-30,-0.0026932814822264173,0.002259287390954434,0.004935896594228373,0.0025183091395179712,-0.0013535533905190467
2026-07-01,0.00196557436903082,-0.0025074464901476134,-0.0044533695676045705,-0.005292508130568618,-0.0008694960126061413
2026-07-02,0.007880100387984545,0.002855567526675551,-0.0033305676820452267,-0.0009116111739728594,0.002778993311281064
2026-07-06,0.0019577751876049265,0.005485694040072697,0.004309770885943032,0.004032102774915003,0.002608222734286636
2026-07-07,0.0011609457307365512,-0.0039896533565914605,-0.0017221646006145952,-0.0024414722563873004,-0.001619186569344444
2026-07-08,-0.0038850967273606598,-0.00327772694328522,-0.002247695031588359,-0.002581411682658219,0.0013309855011939043
2026-07-09,0.0018223210479944353,0.006945237215235778,0.005795024399884297,0.004889919418303246,0.004927106998266717
2026-07-10,0.0003615368255287299,0.0004812975483516113,0.0008143322660522312,0.0005082487326184548,-0.00022076278267746385
2026-07-13,-0.00021291420454060405,-0.005381103950173549,-0.0021685555063847726,-0.00270406734630948,0.0007094326424085473
2026-07-14,0.0005286869685324214,0.0032874510322396743,0.001789085013149172,0.001789085013149172,-0.0009161375942072336
2026-07-15,0.0007667829769701595,-0.0001873384608108153,-0.00043137254398152304,-0.00043137254398152304,-0.001121954832355354
2026-07-16,0.0006986130872700169,-0.0032422146940467855,-0.001221901266037717,-0.001221901266037717,0.0010950863107729303
2026-07-17,-0.0005588368489320761,-0.003673370015720612,-0.004986802330573648,-0.004986802330573648,-0.0020202050712532227
2026-07-20,-0.004563384849983487,-0.003175261952876829,-0.002210023167007269,-0.002210023167007269,-0.002046991755680827
2026-07-21,0.009670122057101327,0.011117220350149604,0.009430011118318293,0.009430011118318293,0.00631014733417049
2026-07-22,0.000548225253598944,-0.0003791445369364932,-0.001266077050883141,-0.001266077050883141,-0.00030078586269081107
2026-07-23,-0.006297884584857316,-0.006876534515552835,-0.004548303831082045,-0.004548303831082045,-0.0017146421392487232
2026-07-24,0.00019089977695840865,-0.0001240608694593859,-0.00032253487213363964,-0.00032253487213363964,0.0004491023919820147
2026-07-27,4.0952589380127693e-05,0.0006385332425921985,-0.0006961396206463411,-0.0006961396206463411,0.004154970122407542
2026-07-28,-3.8596575205185336e-05,0.00011844810178044396,0.0009374226872869596,0.0009374226872869596,0.001145192647441773
2026-07-29,-0.009914672055986073,-0.011550824180295105,-0.010363719624091428,-0.010363719624091428,-0.007030441197018222
2026-07-30,0.012691765884704187,0.01408483974675615,0.012506720790145776,0.012506720790145776,0.01283311179244181
2026-07-31,0.0009902181536153298,-0.0006350644588073884,0.001519275869352721,0.001519275869352721,0.002355705998729063
2026-08-03,0.004177281051925885,0.007435246542430917,0.007059899689794291,0.007059899689794291,0.002731555858682522
2026-08-04,0.008684900338964152,0.015514662887257169,0.014089028380208835,0.014089028380208835,0.005853151930389533
2026-08-05,0.004287220756752386,0.0019282475343267546,-0.0024263625810900247,-0.0024263625810900247,0.0008240100059106803
2026-08-06,-0.0002492897091103674,-0.0014377505697597327,-0.0008671308638664721,-0.0008671308638664721,-0.0012422897110611953
2026-08-07,0.002676274997522121,0.006383161459684339,0.0038339974921023146,0.0038339974921023146,0.0013556911096170743
2026-08-10,0.006720408364992802,0.005019929112029642,0.004844347354220502,0.004844347354220502,0.0036777005090063764
2026-08-11,-0.0015090097149969227,-1.96643384476336e-05,0.0002144204159872931,0.0002144204159872931,-0.001007307338517005
2026-08-12,0.001580121293179304,0.004534965745789621,0.003644668485674274,0.003644668485674274,0.0005945098990560394
2026-08-13,0.0005033050383062454,0.0029813274100937816,0.003868650512972971,0.003868650512972971,0.0029962903565930567
2026-08-14,-0.0012101015296300255,0.0001708706007776839,0.0002051598031552082,0.0002051598031552082,-0.0020071994293478835
2026-08-17,-0.001989640559235617,-0.00124601522236506,-0.0014037654639780905,-0.0014037654639780905,-0.0016139369165048766
2026-08-18,-0.00018977602484774315,-0.0038546241087874635,-0.002524190764401024,-0.002524190764401024,-0.002576755205143488
2026-08-19,0.008849988850325985,0.007923241626063037,0.0024214041770997063,0.0024214041770997063,0.0037213615898356923
2026-08-20,-0.005375982254670286,-0.007464154048715488,-0.006988202817509071,-0.006988202817509071,-0.004330526961785985
2026-08-21,0.005208246517383408,0.006272760035080494,0.0046743717350871015,0.0046743717350871015,0.0022271065775536837
2026-08-24,0.0027162095869532445,-0.0015564151336803999,-0.0029645509162780858,-0.0029645509162780858,-0.0016751981615015011
2026-08-25,0.0025354872063458878,0.002856167097094975,0.0014305101111055985,0.0014305101111055985,0.0006670105059017773
2026-08-26,-0.003031107875697758,-0.001838454904118103,-5.7945716602969545e-05,-5.7945716602969545e-05,0.00022628042421294348
2026-08-27,-0.000841344007162903,0.0037537362338978418,0.0036540185843955244,0.0036540185843955244,0.0010588963089211978
2026-08-28,-0.0036664606483129635,-0.006591707608686159,-0.003046772545727483,-0.003046772545727483,-0.0021242074892093843
2026-08-31,-0.0027453061568187055,-0.0006250372627617295,-7.572681659415715e-05,-7.572681659415715e-05,-0.0015124126579243336
2026-09-01,-0.0020342909292006884,-0.007574262921900232,-0.004309399577997031,-0.004309399577997031,-0.004136985192458087
2026-09-02,0.0034318245520107427,0.0060525771805974736,0.0044350199116120256,0.0044350199116120256,0.0034386211450883166
2026-09-03,0.004523912757376003,0.008113186691955487,0.006119589750220533,0.006119589750220533,0.005398290154637109
2026-09-04,-0.002298016151366533,-0.00312147296977463,-0.002451043198709246,-0.002451043198709246,-0.0018058783866775952
2026-09-08,-0.00604348343321397,-0.006436739119133328,-0.004691409341633113,-0.004691409341633113,-0.003596826858901991
2026-09-09,-0.003902069508171424,-0.0024455793346791375,-0.0027819478679668164,-0.0027819478679668164,-0.0007321115690978264
2026-09-10,-0.004292133301293022,-0.009081290747564918,-0.006185929954395719,-0.006185929954395719,-0.004305938159327838
2026-09-11,0.001848775714913209,0.005960058519443834,0.005240605842644075,0.005240605842644075,0.0026885006359885664
2026-09-14,-0.0013844757422227017,-0.004924628139170428,-0.0035117473142535992,-0.0035117473142535992,-0.001423213384482147
2026-09-15,-0.002091311952377395,-0.000869083315567265,-0.0009307104251051301,-0.0009307104251051301,-0.0019920084538919357
2026-09-16,-0.0039753950774969685,-0.006728297977901154,-0.006327483081692442,-0.006327483081692442,-0.004503740122991906
2026-09-17,0.005606365626876009,0.010285781457875032,0.007483124734058599,0.007483124734058599,0.005967938863128863
2026-09-18,-0.0008116475365441023,0.00037545905954754487,0.00031813861024599933,0.00031813861024599933,-8.607134834828222e-05
2026-09-21,0.003986986677419901,0.0074585749000846465,0.007477115936518131,0.007477115936518131,0.007894351785769294
2026-09-22,-0.0005288817386065903,-0.0003090196217999552,-0.0003673966340136614,-0.0003673966340136614,-0.0011369775011653815
